target_id,enemy_id,free_preview_text,paid_unlock_text
Soldier76,D.Va,ソルジャー76視点で、D.Vaへの基本方針と対面カテゴリまでは無料で確認できる。,D.Vaへの有利・不利理由、敵スキル待ち、アルティメット判断、ランク別助言は有料価値として扱う。
Soldier76,Winston,ソルジャー76視点で、ウィンストンへの基本方針と対面カテゴリまでは無料で確認できる。,ウィンストンへの有利・不利理由、敵スキル待ち、アルティメット判断、ランク別助言は有料価値として扱う。
Soldier76,Doomfist,ソルジャー76視点で、ドゥームフィストへの基本方針と対面カテゴリまでは無料で確認できる。,ドゥームフィストへの有利・不利理由、敵スキル待ち、アルティメット判断、ランク別助言は有料価値として扱う。
Soldier76,Hazard,ソルジャー76視点で、ハザードへの基本方針と対面カテゴリまでは無料で確認できる。,ハザードへの有利・不利理由、敵スキル待ち、アルティメット判断、ランク別助言は有料価値として扱う。
Soldier76,Wrecking Ball,ソルジャー76視点で、レッキング・ボールへの基本方針と対面カテゴリまでは無料で確認できる。,レッキング・ボールへの有利・不利理由、敵スキル待ち、アルティメット判断、ランク別助言は有料価値として扱う。
Soldier76,Zarya,ソルジャー76視点で、ザリアへの基本方針と対面カテゴリまでは無料で確認できる。,ザリアへの有利・不利理由、敵スキル待ち、アルティメット判断、ランク別助言は有料価値として扱う。
Soldier76,Junker Queen,ソルジャー76視点で、ジャンカー・クイーンへの基本方針と対面カテゴリまでは無料で確認できる。,ジャンカー・クイーンへの有利・不利理由、敵スキル待ち、アルティメット判断、ランク別助言は有料価値として扱う。
Soldier76,Domina,ソルジャー76視点で、ドミナへの基本方針と対面カテゴリまでは無料で確認できる。,ドミナへの有利・不利理由、敵スキル待ち、アルティメット判断、ランク別助言は有料価値として扱う。
Soldier76,Mauga,ソルジャー76視点で、マウガへの基本方針と対面カテゴリまでは無料で確認できる。,マウガへの有利・不利理由、敵スキル待ち、アルティメット判断、ランク別助言は有料価値として扱う。
Soldier76,Ramattra,ソルジャー76視点で、ラマットラへの基本方針と対面カテゴリまでは無料で確認できる。,ラマットラへの有利・不利理由、敵スキル待ち、アルティメット判断、ランク別助言は有料価値として扱う。
Soldier76,Roadhog,ソルジャー76視点で、ロードホッグへの基本方針と対面カテゴリまでは無料で確認できる。,ロードホッグへの有利・不利理由、敵スキル待ち、アルティメット判断、ランク別助言は有料価値として扱う。
Soldier76,Orisa,ソルジャー76視点で、オリーサへの基本方針と対面カテゴリまでは無料で確認できる。,オリーサへの有利・不利理由、敵スキル待ち、アルティメット判断、ランク別助言は有料価値として扱う。
Soldier76,Sigma,ソルジャー76視点で、シグマへの基本方針と対面カテゴリまでは無料で確認できる。,シグマへの有利・不利理由、敵スキル待ち、アルティメット判断、ランク別助言は有料価値として扱う。
Soldier76,Reinhardt,ソルジャー76視点で、ラインハルトへの基本方針と対面カテゴリまでは無料で確認できる。,ラインハルトへの有利・不利理由、敵スキル待ち、アルティメット判断、ランク別助言は有料価値として扱う。
Soldier76,Ashe,ソルジャー76視点で、アッシュへの基本方針と対面カテゴリまでは無料で確認できる。,アッシュへの有利・不利理由、敵スキル待ち、アルティメット判断、ランク別助言は有料価値として扱う。
Soldier76,Widowmaker,ソルジャー76視点で、ウィドウメイカーへの基本方針と対面カテゴリまでは無料で確認できる。,ウィドウメイカーへの有利・不利理由、敵スキル待ち、アルティメット判断、ランク別助言は有料価値として扱う。
Soldier76,Emre,ソルジャー76視点で、エムレへの基本方針と対面カテゴリまでは無料で確認できる。,エムレへの有利・不利理由、敵スキル待ち、アルティメット判断、ランク別助言は有料価値として扱う。
Soldier76,Cassidy,ソルジャー76視点で、キャスディへの基本方針と対面カテゴリまでは無料で確認できる。,キャスディへの有利・不利理由、敵スキル待ち、アルティメット判断、ランク別助言は有料価値として扱う。
Soldier76,Sojourn,ソルジャー76視点で、ソジョーンへの基本方針と対面カテゴリまでは無料で確認できる。,ソジョーンへの有利・不利理由、敵スキル待ち、アルティメット判断、ランク別助言は有料価値として扱う。
Soldier76,Soldier: 76,ソルジャー76視点で、ソルジャー76への基本方針と対面カテゴリまでは無料で確認できる。,ソルジャー76への有利・不利理由、敵スキル待ち、アルティメット判断、ランク別助言は有料価値として扱う。
Soldier76,Hanzo,ソルジャー76視点で、ハンゾーへの基本方針と対面カテゴリまでは無料で確認できる。,ハンゾーへの有利・不利理由、敵スキル待ち、アルティメット判断、ランク別助言は有料価値として扱う。
Soldier76,Freja,ソルジャー76視点で、フレイヤへの基本方針と対面カテゴリまでは無料で確認できる。,フレイヤへの有利・不利理由、敵スキル待ち、アルティメット判断、ランク別助言は有料価値として扱う。
Soldier76,Anran,ソルジャー76視点で、アンランへの基本方針と対面カテゴリまでは無料で確認できる。,アンランへの有利・不利理由、敵スキル待ち、アルティメット判断、ランク別助言は有料価値として扱う。
Soldier76,Genji,ソルジャー76視点で、ゲンジへの基本方針と対面カテゴリまでは無料で確認できる。,ゲンジへの有利・不利理由、敵スキル待ち、アルティメット判断、ランク別助言は有料価値として扱う。
Soldier76,Shion,ソルジャー76視点で、シオンへの基本方針と対面カテゴリまでは無料で確認できる。,シオンへの有利・不利理由、敵スキル待ち、アルティメット判断、ランク別助言は有料価値として扱う。
Soldier76,Sombra,ソルジャー76視点で、ソンブラへの基本方針と対面カテゴリまでは無料で確認できる。,ソンブラへの有利・不利理由、敵スキル待ち、アルティメット判断、ランク別助言は有料価値として扱う。
Soldier76,Tracer,ソルジャー76視点で、トレーサーへの基本方針と対面カテゴリまでは無料で確認できる。,トレーサーへの有利・不利理由、敵スキル待ち、アルティメット判断、ランク別助言は有料価値として扱う。
Soldier76,Venture,ソルジャー76視点で、ベンチャーへの基本方針と対面カテゴリまでは無料で確認できる。,ベンチャーへの有利・不利理由、敵スキル待ち、アルティメット判断、ランク別助言は有料価値として扱う。
Soldier76,Reaper,ソルジャー76視点で、リーパーへの基本方針と対面カテゴリまでは無料で確認できる。,リーパーへの有利・不利理由、敵スキル待ち、アルティメット判断、ランク別助言は有料価値として扱う。
Soldier76,Vendetta,ソルジャー76視点で、ヴェンデッタへの基本方針と対面カテゴリまでは無料で確認できる。,ヴェンデッタへの有利・不利理由、敵スキル待ち、アルティメット判断、ランク別助言は有料価値として扱う。
Soldier76,Echo,ソルジャー76視点で、エコーへの基本方針と対面カテゴリまでは無料で確認できる。,エコーへの有利・不利理由、敵スキル待ち、アルティメット判断、ランク別助言は有料価値として扱う。
Soldier76,Pharah,ソルジャー76視点で、ファラへの基本方針と対面カテゴリまでは無料で確認できる。,ファラへの有利・不利理由、敵スキル待ち、アルティメット判断、ランク別助言は有料価値として扱う。
Soldier76,Symmetra,ソルジャー76視点で、シンメトラへの基本方針と対面カテゴリまでは無料で確認できる。,シンメトラへの有利・不利理由、敵スキル待ち、アルティメット判断、ランク別助言は有料価値として扱う。
Soldier76,Junkrat,ソルジャー76視点で、ジャンクラットへの基本方針と対面カテゴリまでは無料で確認できる。,ジャンクラットへの有利・不利理由、敵スキル待ち、アルティメット判断、ランク別助言は有料価値として扱う。
Soldier76,Torbjörn,ソルジャー76視点で、トールビョーンへの基本方針と対面カテゴリまでは無料で確認できる。,トールビョーンへの有利・不利理由、敵スキル待ち、アルティメット判断、ランク別助言は有料価値として扱う。
Soldier76,Bastion,ソルジャー76視点で、バスティオンへの基本方針と対面カテゴリまでは無料で確認できる。,バスティオンへの有利・不利理由、敵スキル待ち、アルティメット判断、ランク別助言は有料価値として扱う。
Soldier76,Mei,ソルジャー76視点で、メイへの基本方針と対面カテゴリまでは無料で確認できる。,メイへの有利・不利理由、敵スキル待ち、アルティメット判断、ランク別助言は有料価値として扱う。
Soldier76,Illari,ソルジャー76視点で、イラリーへの基本方針と対面カテゴリまでは無料で確認できる。,イラリーへの有利・不利理由、敵スキル待ち、アルティメット判断、ランク別助言は有料価値として扱う。
Soldier76,Jetpack Cat,ソルジャー76視点で、ジェットパック・キャットへの基本方針と対面カテゴリまでは無料で確認できる。,ジェットパック・キャットへの有利・不利理由、敵スキル待ち、アルティメット判断、ランク別助言は有料価値として扱う。
Soldier76,Juno,ソルジャー76視点で、ジュノへの基本方針と対面カテゴリまでは無料で確認できる。,ジュノへの有利・不利理由、敵スキル待ち、アルティメット判断、ランク別助言は有料価値として扱う。
Soldier76,Baptiste,ソルジャー76視点で、バティストへの基本方針と対面カテゴリまでは無料で確認できる。,バティストへの有利・不利理由、敵スキル待ち、アルティメット判断、ランク別助言は有料価値として扱う。
Soldier76,Mercy,ソルジャー76視点で、マーシーへの基本方針と対面カテゴリまでは無料で確認できる。,マーシーへの有利・不利理由、敵スキル待ち、アルティメット判断、ランク別助言は有料価値として扱う。
Soldier76,Lifeweaver,ソルジャー76視点で、ライフウィーバーへの基本方針と対面カテゴリまでは無料で確認できる。,ライフウィーバーへの有利・不利理由、敵スキル待ち、アルティメット判断、ランク別助言は有料価値として扱う。
Soldier76,Kiriko,ソルジャー76視点で、キリコへの基本方針と対面カテゴリまでは無料で確認できる。,キリコへの有利・不利理由、敵スキル待ち、アルティメット判断、ランク別助言は有料価値として扱う。
Soldier76,Brigitte,ソルジャー76視点で、ブリギッテへの基本方針と対面カテゴリまでは無料で確認できる。,ブリギッテへの有利・不利理由、敵スキル待ち、アルティメット判断、ランク別助言は有料価値として扱う。
Soldier76,Moira,ソルジャー76視点で、モイラへの基本方針と対面カテゴリまでは無料で確認できる。,モイラへの有利・不利理由、敵スキル待ち、アルティメット判断、ランク別助言は有料価値として扱う。
Soldier76,Lúcio,ソルジャー76視点で、ルシオへの基本方針と対面カテゴリまでは無料で確認できる。,ルシオへの有利・不利理由、敵スキル待ち、アルティメット判断、ランク別助言は有料価値として扱う。
Soldier76,Ana,ソルジャー76視点で、アナへの基本方針と対面カテゴリまでは無料で確認できる。,アナへの有利・不利理由、敵スキル待ち、アルティメット判断、ランク別助言は有料価値として扱う。
Soldier76,Wuyang,ソルジャー76視点で、ウーヤンへの基本方針と対面カテゴリまでは無料で確認できる。,ウーヤンへの有利・不利理由、敵スキル待ち、アルティメット判断、ランク別助言は有料価値として扱う。
Soldier76,Zenyatta,ソルジャー76視点で、ゼニヤッタへの基本方針と対面カテゴリまでは無料で確認できる。,ゼニヤッタへの有利・不利理由、敵スキル待ち、アルティメット判断、ランク別助言は有料価値として扱う。
Soldier76,Mizuki,ソルジャー76視点で、ミズキへの基本方針と対面カテゴリまでは無料で確認できる。,ミズキへの有利・不利理由、敵スキル待ち、アルティメット判断、ランク別助言は有料価値として扱う。
Sojourn,D.Va,ソジョーン視点で、D.Vaへの基本方針と対面カテゴリまでは無料で確認できる。,D.Vaへの有利・不利理由、敵スキル待ち、アルティメット判断、ランク別助言は有料価値として扱う。
Sojourn,Winston,ソジョーン視点で、ウィンストンへの基本方針と対面カテゴリまでは無料で確認できる。,ウィンストンへの有利・不利理由、敵スキル待ち、アルティメット判断、ランク別助言は有料価値として扱う。
Sojourn,Doomfist,ソジョーン視点で、ドゥームフィストへの基本方針と対面カテゴリまでは無料で確認できる。,ドゥームフィストへの有利・不利理由、敵スキル待ち、アルティメット判断、ランク別助言は有料価値として扱う。
Sojourn,Hazard,ソジョーン視点で、ハザードへの基本方針と対面カテゴリまでは無料で確認できる。,ハザードへの有利・不利理由、敵スキル待ち、アルティメット判断、ランク別助言は有料価値として扱う。
Sojourn,Wrecking Ball,ソジョーン視点で、レッキング・ボールへの基本方針と対面カテゴリまでは無料で確認できる。,レッキング・ボールへの有利・不利理由、敵スキル待ち、アルティメット判断、ランク別助言は有料価値として扱う。
Sojourn,Zarya,ソジョーン視点で、ザリアへの基本方針と対面カテゴリまでは無料で確認できる。,ザリアへの有利・不利理由、敵スキル待ち、アルティメット判断、ランク別助言は有料価値として扱う。
Sojourn,Junker Queen,ソジョーン視点で、ジャンカー・クイーンへの基本方針と対面カテゴリまでは無料で確認できる。,ジャンカー・クイーンへの有利・不利理由、敵スキル待ち、アルティメット判断、ランク別助言は有料価値として扱う。
Sojourn,Domina,ソジョーン視点で、ドミナへの基本方針と対面カテゴリまでは無料で確認できる。,ドミナへの有利・不利理由、敵スキル待ち、アルティメット判断、ランク別助言は有料価値として扱う。
Sojourn,Mauga,ソジョーン視点で、マウガへの基本方針と対面カテゴリまでは無料で確認できる。,マウガへの有利・不利理由、敵スキル待ち、アルティメット判断、ランク別助言は有料価値として扱う。
Sojourn,Ramattra,ソジョーン視点で、ラマットラへの基本方針と対面カテゴリまでは無料で確認できる。,ラマットラへの有利・不利理由、敵スキル待ち、アルティメット判断、ランク別助言は有料価値として扱う。
Sojourn,Roadhog,ソジョーン視点で、ロードホッグへの基本方針と対面カテゴリまでは無料で確認できる。,ロードホッグへの有利・不利理由、敵スキル待ち、アルティメット判断、ランク別助言は有料価値として扱う。
Sojourn,Orisa,ソジョーン視点で、オリーサへの基本方針と対面カテゴリまでは無料で確認できる。,オリーサへの有利・不利理由、敵スキル待ち、アルティメット判断、ランク別助言は有料価値として扱う。
Sojourn,Sigma,ソジョーン視点で、シグマへの基本方針と対面カテゴリまでは無料で確認できる。,シグマへの有利・不利理由、敵スキル待ち、アルティメット判断、ランク別助言は有料価値として扱う。
Sojourn,Reinhardt,ソジョーン視点で、ラインハルトへの基本方針と対面カテゴリまでは無料で確認できる。,ラインハルトへの有利・不利理由、敵スキル待ち、アルティメット判断、ランク別助言は有料価値として扱う。
Sojourn,Ashe,ソジョーン視点で、アッシュへの基本方針と対面カテゴリまでは無料で確認できる。,アッシュへの有利・不利理由、敵スキル待ち、アルティメット判断、ランク別助言は有料価値として扱う。
Sojourn,Widowmaker,ソジョーン視点で、ウィドウメイカーへの基本方針と対面カテゴリまでは無料で確認できる。,ウィドウメイカーへの有利・不利理由、敵スキル待ち、アルティメット判断、ランク別助言は有料価値として扱う。
Sojourn,Emre,ソジョーン視点で、エムレへの基本方針と対面カテゴリまでは無料で確認できる。,エムレへの有利・不利理由、敵スキル待ち、アルティメット判断、ランク別助言は有料価値として扱う。
Sojourn,Cassidy,ソジョーン視点で、キャスディへの基本方針と対面カテゴリまでは無料で確認できる。,キャスディへの有利・不利理由、敵スキル待ち、アルティメット判断、ランク別助言は有料価値として扱う。
Sojourn,Sojourn,ソジョーン視点で、ソジョーンへの基本方針と対面カテゴリまでは無料で確認できる。,ソジョーンへの有利・不利理由、敵スキル待ち、アルティメット判断、ランク別助言は有料価値として扱う。
Sojourn,Soldier: 76,ソジョーン視点で、ソルジャー76への基本方針と対面カテゴリまでは無料で確認できる。,ソルジャー76への有利・不利理由、敵スキル待ち、アルティメット判断、ランク別助言は有料価値として扱う。
Sojourn,Hanzo,ソジョーン視点で、ハンゾーへの基本方針と対面カテゴリまでは無料で確認できる。,ハンゾーへの有利・不利理由、敵スキル待ち、アルティメット判断、ランク別助言は有料価値として扱う。
Sojourn,Freja,ソジョーン視点で、フレイヤへの基本方針と対面カテゴリまでは無料で確認できる。,フレイヤへの有利・不利理由、敵スキル待ち、アルティメット判断、ランク別助言は有料価値として扱う。
Sojourn,Anran,ソジョーン視点で、アンランへの基本方針と対面カテゴリまでは無料で確認できる。,アンランへの有利・不利理由、敵スキル待ち、アルティメット判断、ランク別助言は有料価値として扱う。
Sojourn,Genji,ソジョーン視点で、ゲンジへの基本方針と対面カテゴリまでは無料で確認できる。,ゲンジへの有利・不利理由、敵スキル待ち、アルティメット判断、ランク別助言は有料価値として扱う。
Sojourn,Shion,ソジョーン視点で、シオンへの基本方針と対面カテゴリまでは無料で確認できる。,シオンへの有利・不利理由、敵スキル待ち、アルティメット判断、ランク別助言は有料価値として扱う。
Sojourn,Sombra,ソジョーン視点で、ソンブラへの基本方針と対面カテゴリまでは無料で確認できる。,ソンブラへの有利・不利理由、敵スキル待ち、アルティメット判断、ランク別助言は有料価値として扱う。
Sojourn,Tracer,ソジョーン視点で、トレーサーへの基本方針と対面カテゴリまでは無料で確認できる。,トレーサーへの有利・不利理由、敵スキル待ち、アルティメット判断、ランク別助言は有料価値として扱う。
Sojourn,Venture,ソジョーン視点で、ベンチャーへの基本方針と対面カテゴリまでは無料で確認できる。,ベンチャーへの有利・不利理由、敵スキル待ち、アルティメット判断、ランク別助言は有料価値として扱う。
Sojourn,Reaper,ソジョーン視点で、リーパーへの基本方針と対面カテゴリまでは無料で確認できる。,リーパーへの有利・不利理由、敵スキル待ち、アルティメット判断、ランク別助言は有料価値として扱う。
Sojourn,Vendetta,ソジョーン視点で、ヴェンデッタへの基本方針と対面カテゴリまでは無料で確認できる。,ヴェンデッタへの有利・不利理由、敵スキル待ち、アルティメット判断、ランク別助言は有料価値として扱う。
Sojourn,Echo,ソジョーン視点で、エコーへの基本方針と対面カテゴリまでは無料で確認できる。,エコーへの有利・不利理由、敵スキル待ち、アルティメット判断、ランク別助言は有料価値として扱う。
Sojourn,Pharah,ソジョーン視点で、ファラへの基本方針と対面カテゴリまでは無料で確認できる。,ファラへの有利・不利理由、敵スキル待ち、アルティメット判断、ランク別助言は有料価値として扱う。
Sojourn,Symmetra,ソジョーン視点で、シンメトラへの基本方針と対面カテゴリまでは無料で確認できる。,シンメトラへの有利・不利理由、敵スキル待ち、アルティメット判断、ランク別助言は有料価値として扱う。
Sojourn,Junkrat,ソジョーン視点で、ジャンクラットへの基本方針と対面カテゴリまでは無料で確認できる。,ジャンクラットへの有利・不利理由、敵スキル待ち、アルティメット判断、ランク別助言は有料価値として扱う。
Sojourn,Torbjörn,ソジョーン視点で、トールビョーンへの基本方針と対面カテゴリまでは無料で確認できる。,トールビョーンへの有利・不利理由、敵スキル待ち、アルティメット判断、ランク別助言は有料価値として扱う。
Sojourn,Bastion,ソジョーン視点で、バスティオンへの基本方針と対面カテゴリまでは無料で確認できる。,バスティオンへの有利・不利理由、敵スキル待ち、アルティメット判断、ランク別助言は有料価値として扱う。
Sojourn,Mei,ソジョーン視点で、メイへの基本方針と対面カテゴリまでは無料で確認できる。,メイへの有利・不利理由、敵スキル待ち、アルティメット判断、ランク別助言は有料価値として扱う。
Sojourn,Illari,ソジョーン視点で、イラリーへの基本方針と対面カテゴリまでは無料で確認できる。,イラリーへの有利・不利理由、敵スキル待ち、アルティメット判断、ランク別助言は有料価値として扱う。
Sojourn,Jetpack Cat,ソジョーン視点で、ジェットパック・キャットへの基本方針と対面カテゴリまでは無料で確認できる。,ジェットパック・キャットへの有利・不利理由、敵スキル待ち、アルティメット判断、ランク別助言は有料価値として扱う。
Sojourn,Juno,ソジョーン視点で、ジュノへの基本方針と対面カテゴリまでは無料で確認できる。,ジュノへの有利・不利理由、敵スキル待ち、アルティメット判断、ランク別助言は有料価値として扱う。
Sojourn,Baptiste,ソジョーン視点で、バティストへの基本方針と対面カテゴリまでは無料で確認できる。,バティストへの有利・不利理由、敵スキル待ち、アルティメット判断、ランク別助言は有料価値として扱う。
Sojourn,Mercy,ソジョーン視点で、マーシーへの基本方針と対面カテゴリまでは無料で確認できる。,マーシーへの有利・不利理由、敵スキル待ち、アルティメット判断、ランク別助言は有料価値として扱う。
Sojourn,Lifeweaver,ソジョーン視点で、ライフウィーバーへの基本方針と対面カテゴリまでは無料で確認できる。,ライフウィーバーへの有利・不利理由、敵スキル待ち、アルティメット判断、ランク別助言は有料価値として扱う。
Sojourn,Kiriko,ソジョーン視点で、キリコへの基本方針と対面カテゴリまでは無料で確認できる。,キリコへの有利・不利理由、敵スキル待ち、アルティメット判断、ランク別助言は有料価値として扱う。
Sojourn,Brigitte,ソジョーン視点で、ブリギッテへの基本方針と対面カテゴリまでは無料で確認できる。,ブリギッテへの有利・不利理由、敵スキル待ち、アルティメット判断、ランク別助言は有料価値として扱う。
Sojourn,Moira,ソジョーン視点で、モイラへの基本方針と対面カテゴリまでは無料で確認できる。,モイラへの有利・不利理由、敵スキル待ち、アルティメット判断、ランク別助言は有料価値として扱う。
Sojourn,Lúcio,ソジョーン視点で、ルシオへの基本方針と対面カテゴリまでは無料で確認できる。,ルシオへの有利・不利理由、敵スキル待ち、アルティメット判断、ランク別助言は有料価値として扱う。
Sojourn,Ana,ソジョーン視点で、アナへの基本方針と対面カテゴリまでは無料で確認できる。,アナへの有利・不利理由、敵スキル待ち、アルティメット判断、ランク別助言は有料価値として扱う。
Sojourn,Wuyang,ソジョーン視点で、ウーヤンへの基本方針と対面カテゴリまでは無料で確認できる。,ウーヤンへの有利・不利理由、敵スキル待ち、アルティメット判断、ランク別助言は有料価値として扱う。
Sojourn,Zenyatta,ソジョーン視点で、ゼニヤッタへの基本方針と対面カテゴリまでは無料で確認できる。,ゼニヤッタへの有利・不利理由、敵スキル待ち、アルティメット判断、ランク別助言は有料価値として扱う。
Sojourn,Mizuki,ソジョーン視点で、ミズキへの基本方針と対面カテゴリまでは無料で確認できる。,ミズキへの有利・不利理由、敵スキル待ち、アルティメット判断、ランク別助言は有料価値として扱う。
Cassidy,D.Va,キャスディ視点で、D.Vaへの基本方針と対面カテゴリまでは無料で確認できる。,D.Vaへの有利・不利理由、敵スキル待ち、アルティメット判断、ランク別助言は有料価値として扱う。
Cassidy,Winston,キャスディ視点で、ウィンストンへの基本方針と対面カテゴリまでは無料で確認できる。,ウィンストンへの有利・不利理由、敵スキル待ち、アルティメット判断、ランク別助言は有料価値として扱う。
Cassidy,Doomfist,キャスディ視点で、ドゥームフィストへの基本方針と対面カテゴリまでは無料で確認できる。,ドゥームフィストへの有利・不利理由、敵スキル待ち、アルティメット判断、ランク別助言は有料価値として扱う。
Cassidy,Hazard,キャスディ視点で、ハザードへの基本方針と対面カテゴリまでは無料で確認できる。,ハザードへの有利・不利理由、敵スキル待ち、アルティメット判断、ランク別助言は有料価値として扱う。
Cassidy,Wrecking Ball,キャスディ視点で、レッキング・ボールへの基本方針と対面カテゴリまでは無料で確認できる。,レッキング・ボールへの有利・不利理由、敵スキル待ち、アルティメット判断、ランク別助言は有料価値として扱う。
Cassidy,Zarya,キャスディ視点で、ザリアへの基本方針と対面カテゴリまでは無料で確認できる。,ザリアへの有利・不利理由、敵スキル待ち、アルティメット判断、ランク別助言は有料価値として扱う。
Cassidy,Junker Queen,キャスディ視点で、ジャンカー・クイーンへの基本方針と対面カテゴリまでは無料で確認できる。,ジャンカー・クイーンへの有利・不利理由、敵スキル待ち、アルティメット判断、ランク別助言は有料価値として扱う。
Cassidy,Domina,キャスディ視点で、ドミナへの基本方針と対面カテゴリまでは無料で確認できる。,ドミナへの有利・不利理由、敵スキル待ち、アルティメット判断、ランク別助言は有料価値として扱う。
Cassidy,Mauga,キャスディ視点で、マウガへの基本方針と対面カテゴリまでは無料で確認できる。,マウガへの有利・不利理由、敵スキル待ち、アルティメット判断、ランク別助言は有料価値として扱う。
Cassidy,Ramattra,キャスディ視点で、ラマットラへの基本方針と対面カテゴリまでは無料で確認できる。,ラマットラへの有利・不利理由、敵スキル待ち、アルティメット判断、ランク別助言は有料価値として扱う。
Cassidy,Roadhog,キャスディ視点で、ロードホッグへの基本方針と対面カテゴリまでは無料で確認できる。,ロードホッグへの有利・不利理由、敵スキル待ち、アルティメット判断、ランク別助言は有料価値として扱う。
Cassidy,Orisa,キャスディ視点で、オリーサへの基本方針と対面カテゴリまでは無料で確認できる。,オリーサへの有利・不利理由、敵スキル待ち、アルティメット判断、ランク別助言は有料価値として扱う。
Cassidy,Sigma,キャスディ視点で、シグマへの基本方針と対面カテゴリまでは無料で確認できる。,シグマへの有利・不利理由、敵スキル待ち、アルティメット判断、ランク別助言は有料価値として扱う。
Cassidy,Reinhardt,キャスディ視点で、ラインハルトへの基本方針と対面カテゴリまでは無料で確認できる。,ラインハルトへの有利・不利理由、敵スキル待ち、アルティメット判断、ランク別助言は有料価値として扱う。
Cassidy,Ashe,キャスディ視点で、アッシュへの基本方針と対面カテゴリまでは無料で確認できる。,アッシュへの有利・不利理由、敵スキル待ち、アルティメット判断、ランク別助言は有料価値として扱う。
Cassidy,Widowmaker,キャスディ視点で、ウィドウメイカーへの基本方針と対面カテゴリまでは無料で確認できる。,ウィドウメイカーへの有利・不利理由、敵スキル待ち、アルティメット判断、ランク別助言は有料価値として扱う。
Cassidy,Emre,キャスディ視点で、エムレへの基本方針と対面カテゴリまでは無料で確認できる。,エムレへの有利・不利理由、敵スキル待ち、アルティメット判断、ランク別助言は有料価値として扱う。
Cassidy,Cassidy,キャスディ視点で、キャスディへの基本方針と対面カテゴリまでは無料で確認できる。,キャスディへの有利・不利理由、敵スキル待ち、アルティメット判断、ランク別助言は有料価値として扱う。
Cassidy,Sojourn,キャスディ視点で、ソジョーンへの基本方針と対面カテゴリまでは無料で確認できる。,ソジョーンへの有利・不利理由、敵スキル待ち、アルティメット判断、ランク別助言は有料価値として扱う。
Cassidy,Soldier: 76,キャスディ視点で、ソルジャー76への基本方針と対面カテゴリまでは無料で確認できる。,ソルジャー76への有利・不利理由、敵スキル待ち、アルティメット判断、ランク別助言は有料価値として扱う。
Cassidy,Hanzo,キャスディ視点で、ハンゾーへの基本方針と対面カテゴリまでは無料で確認できる。,ハンゾーへの有利・不利理由、敵スキル待ち、アルティメット判断、ランク別助言は有料価値として扱う。
Cassidy,Freja,キャスディ視点で、フレイヤへの基本方針と対面カテゴリまでは無料で確認できる。,フレイヤへの有利・不利理由、敵スキル待ち、アルティメット判断、ランク別助言は有料価値として扱う。
Cassidy,Anran,キャスディ視点で、アンランへの基本方針と対面カテゴリまでは無料で確認できる。,アンランへの有利・不利理由、敵スキル待ち、アルティメット判断、ランク別助言は有料価値として扱う。
Cassidy,Genji,キャスディ視点で、ゲンジへの基本方針と対面カテゴリまでは無料で確認できる。,ゲンジへの有利・不利理由、敵スキル待ち、アルティメット判断、ランク別助言は有料価値として扱う。
Cassidy,Shion,キャスディ視点で、シオンへの基本方針と対面カテゴリまでは無料で確認できる。,シオンへの有利・不利理由、敵スキル待ち、アルティメット判断、ランク別助言は有料価値として扱う。
Cassidy,Sombra,キャスディ視点で、ソンブラへの基本方針と対面カテゴリまでは無料で確認できる。,ソンブラへの有利・不利理由、敵スキル待ち、アルティメット判断、ランク別助言は有料価値として扱う。
Cassidy,Tracer,キャスディ視点で、トレーサーへの基本方針と対面カテゴリまでは無料で確認できる。,トレーサーへの有利・不利理由、敵スキル待ち、アルティメット判断、ランク別助言は有料価値として扱う。
Cassidy,Venture,キャスディ視点で、ベンチャーへの基本方針と対面カテゴリまでは無料で確認できる。,ベンチャーへの有利・不利理由、敵スキル待ち、アルティメット判断、ランク別助言は有料価値として扱う。
Cassidy,Reaper,キャスディ視点で、リーパーへの基本方針と対面カテゴリまでは無料で確認できる。,リーパーへの有利・不利理由、敵スキル待ち、アルティメット判断、ランク別助言は有料価値として扱う。
Cassidy,Vendetta,キャスディ視点で、ヴェンデッタへの基本方針と対面カテゴリまでは無料で確認できる。,ヴェンデッタへの有利・不利理由、敵スキル待ち、アルティメット判断、ランク別助言は有料価値として扱う。
Cassidy,Echo,キャスディ視点で、エコーへの基本方針と対面カテゴリまでは無料で確認できる。,エコーへの有利・不利理由、敵スキル待ち、アルティメット判断、ランク別助言は有料価値として扱う。
Cassidy,Pharah,キャスディ視点で、ファラへの基本方針と対面カテゴリまでは無料で確認できる。,ファラへの有利・不利理由、敵スキル待ち、アルティメット判断、ランク別助言は有料価値として扱う。
Cassidy,Symmetra,キャスディ視点で、シンメトラへの基本方針と対面カテゴリまでは無料で確認できる。,シンメトラへの有利・不利理由、敵スキル待ち、アルティメット判断、ランク別助言は有料価値として扱う。
Cassidy,Junkrat,キャスディ視点で、ジャンクラットへの基本方針と対面カテゴリまでは無料で確認できる。,ジャンクラットへの有利・不利理由、敵スキル待ち、アルティメット判断、ランク別助言は有料価値として扱う。
Cassidy,Torbjörn,キャスディ視点で、トールビョーンへの基本方針と対面カテゴリまでは無料で確認できる。,トールビョーンへの有利・不利理由、敵スキル待ち、アルティメット判断、ランク別助言は有料価値として扱う。
Cassidy,Bastion,キャスディ視点で、バスティオンへの基本方針と対面カテゴリまでは無料で確認できる。,バスティオンへの有利・不利理由、敵スキル待ち、アルティメット判断、ランク別助言は有料価値として扱う。
Cassidy,Mei,キャスディ視点で、メイへの基本方針と対面カテゴリまでは無料で確認できる。,メイへの有利・不利理由、敵スキル待ち、アルティメット判断、ランク別助言は有料価値として扱う。
Cassidy,Illari,キャスディ視点で、イラリーへの基本方針と対面カテゴリまでは無料で確認できる。,イラリーへの有利・不利理由、敵スキル待ち、アルティメット判断、ランク別助言は有料価値として扱う。
Cassidy,Jetpack Cat,キャスディ視点で、ジェットパック・キャットへの基本方針と対面カテゴリまでは無料で確認できる。,ジェットパック・キャットへの有利・不利理由、敵スキル待ち、アルティメット判断、ランク別助言は有料価値として扱う。
Cassidy,Juno,キャスディ視点で、ジュノへの基本方針と対面カテゴリまでは無料で確認できる。,ジュノへの有利・不利理由、敵スキル待ち、アルティメット判断、ランク別助言は有料価値として扱う。
Cassidy,Baptiste,キャスディ視点で、バティストへの基本方針と対面カテゴリまでは無料で確認できる。,バティストへの有利・不利理由、敵スキル待ち、アルティメット判断、ランク別助言は有料価値として扱う。
Cassidy,Mercy,キャスディ視点で、マーシーへの基本方針と対面カテゴリまでは無料で確認できる。,マーシーへの有利・不利理由、敵スキル待ち、アルティメット判断、ランク別助言は有料価値として扱う。
Cassidy,Lifeweaver,キャスディ視点で、ライフウィーバーへの基本方針と対面カテゴリまでは無料で確認できる。,ライフウィーバーへの有利・不利理由、敵スキル待ち、アルティメット判断、ランク別助言は有料価値として扱う。
Cassidy,Kiriko,キャスディ視点で、キリコへの基本方針と対面カテゴリまでは無料で確認できる。,キリコへの有利・不利理由、敵スキル待ち、アルティメット判断、ランク別助言は有料価値として扱う。
Cassidy,Brigitte,キャスディ視点で、ブリギッテへの基本方針と対面カテゴリまでは無料で確認できる。,ブリギッテへの有利・不利理由、敵スキル待ち、アルティメット判断、ランク別助言は有料価値として扱う。
Cassidy,Moira,キャスディ視点で、モイラへの基本方針と対面カテゴリまでは無料で確認できる。,モイラへの有利・不利理由、敵スキル待ち、アルティメット判断、ランク別助言は有料価値として扱う。
Cassidy,Lúcio,キャスディ視点で、ルシオへの基本方針と対面カテゴリまでは無料で確認できる。,ルシオへの有利・不利理由、敵スキル待ち、アルティメット判断、ランク別助言は有料価値として扱う。
Cassidy,Ana,キャスディ視点で、アナへの基本方針と対面カテゴリまでは無料で確認できる。,アナへの有利・不利理由、敵スキル待ち、アルティメット判断、ランク別助言は有料価値として扱う。
Cassidy,Wuyang,キャスディ視点で、ウーヤンへの基本方針と対面カテゴリまでは無料で確認できる。,ウーヤンへの有利・不利理由、敵スキル待ち、アルティメット判断、ランク別助言は有料価値として扱う。
Cassidy,Zenyatta,キャスディ視点で、ゼニヤッタへの基本方針と対面カテゴリまでは無料で確認できる。,ゼニヤッタへの有利・不利理由、敵スキル待ち、アルティメット判断、ランク別助言は有料価値として扱う。
Cassidy,Mizuki,キャスディ視点で、ミズキへの基本方針と対面カテゴリまでは無料で確認できる。,ミズキへの有利・不利理由、敵スキル待ち、アルティメット判断、ランク別助言は有料価値として扱う。
Ashe,D.Va,アッシュ視点で、D.Vaへの基本方針と対面カテゴリまでは無料で確認できる。,D.Vaへの有利・不利理由、敵スキル待ち、アルティメット判断、ランク別助言は有料価値として扱う。
Ashe,Winston,アッシュ視点で、ウィンストンへの基本方針と対面カテゴリまでは無料で確認できる。,ウィンストンへの有利・不利理由、敵スキル待ち、アルティメット判断、ランク別助言は有料価値として扱う。
Ashe,Doomfist,アッシュ視点で、ドゥームフィストへの基本方針と対面カテゴリまでは無料で確認できる。,ドゥームフィストへの有利・不利理由、敵スキル待ち、アルティメット判断、ランク別助言は有料価値として扱う。
Ashe,Hazard,アッシュ視点で、ハザードへの基本方針と対面カテゴリまでは無料で確認できる。,ハザードへの有利・不利理由、敵スキル待ち、アルティメット判断、ランク別助言は有料価値として扱う。
Ashe,Wrecking Ball,アッシュ視点で、レッキング・ボールへの基本方針と対面カテゴリまでは無料で確認できる。,レッキング・ボールへの有利・不利理由、敵スキル待ち、アルティメット判断、ランク別助言は有料価値として扱う。
Ashe,Zarya,アッシュ視点で、ザリアへの基本方針と対面カテゴリまでは無料で確認できる。,ザリアへの有利・不利理由、敵スキル待ち、アルティメット判断、ランク別助言は有料価値として扱う。
Ashe,Junker Queen,アッシュ視点で、ジャンカー・クイーンへの基本方針と対面カテゴリまでは無料で確認できる。,ジャンカー・クイーンへの有利・不利理由、敵スキル待ち、アルティメット判断、ランク別助言は有料価値として扱う。
Ashe,Domina,アッシュ視点で、ドミナへの基本方針と対面カテゴリまでは無料で確認できる。,ドミナへの有利・不利理由、敵スキル待ち、アルティメット判断、ランク別助言は有料価値として扱う。
Ashe,Mauga,アッシュ視点で、マウガへの基本方針と対面カテゴリまでは無料で確認できる。,マウガへの有利・不利理由、敵スキル待ち、アルティメット判断、ランク別助言は有料価値として扱う。
Ashe,Ramattra,アッシュ視点で、ラマットラへの基本方針と対面カテゴリまでは無料で確認できる。,ラマットラへの有利・不利理由、敵スキル待ち、アルティメット判断、ランク別助言は有料価値として扱う。
Ashe,Roadhog,アッシュ視点で、ロードホッグへの基本方針と対面カテゴリまでは無料で確認できる。,ロードホッグへの有利・不利理由、敵スキル待ち、アルティメット判断、ランク別助言は有料価値として扱う。
Ashe,Orisa,アッシュ視点で、オリーサへの基本方針と対面カテゴリまでは無料で確認できる。,オリーサへの有利・不利理由、敵スキル待ち、アルティメット判断、ランク別助言は有料価値として扱う。
Ashe,Sigma,アッシュ視点で、シグマへの基本方針と対面カテゴリまでは無料で確認できる。,シグマへの有利・不利理由、敵スキル待ち、アルティメット判断、ランク別助言は有料価値として扱う。
Ashe,Reinhardt,アッシュ視点で、ラインハルトへの基本方針と対面カテゴリまでは無料で確認できる。,ラインハルトへの有利・不利理由、敵スキル待ち、アルティメット判断、ランク別助言は有料価値として扱う。
Ashe,Ashe,アッシュ視点で、アッシュへの基本方針と対面カテゴリまでは無料で確認できる。,アッシュへの有利・不利理由、敵スキル待ち、アルティメット判断、ランク別助言は有料価値として扱う。
Ashe,Widowmaker,アッシュ視点で、ウィドウメイカーへの基本方針と対面カテゴリまでは無料で確認できる。,ウィドウメイカーへの有利・不利理由、敵スキル待ち、アルティメット判断、ランク別助言は有料価値として扱う。
Ashe,Emre,アッシュ視点で、エムレへの基本方針と対面カテゴリまでは無料で確認できる。,エムレへの有利・不利理由、敵スキル待ち、アルティメット判断、ランク別助言は有料価値として扱う。
Ashe,Cassidy,アッシュ視点で、キャスディへの基本方針と対面カテゴリまでは無料で確認できる。,キャスディへの有利・不利理由、敵スキル待ち、アルティメット判断、ランク別助言は有料価値として扱う。
Ashe,Sojourn,アッシュ視点で、ソジョーンへの基本方針と対面カテゴリまでは無料で確認できる。,ソジョーンへの有利・不利理由、敵スキル待ち、アルティメット判断、ランク別助言は有料価値として扱う。
Ashe,Soldier: 76,アッシュ視点で、ソルジャー76への基本方針と対面カテゴリまでは無料で確認できる。,ソルジャー76への有利・不利理由、敵スキル待ち、アルティメット判断、ランク別助言は有料価値として扱う。
Ashe,Hanzo,アッシュ視点で、ハンゾーへの基本方針と対面カテゴリまでは無料で確認できる。,ハンゾーへの有利・不利理由、敵スキル待ち、アルティメット判断、ランク別助言は有料価値として扱う。
Ashe,Freja,アッシュ視点で、フレイヤへの基本方針と対面カテゴリまでは無料で確認できる。,フレイヤへの有利・不利理由、敵スキル待ち、アルティメット判断、ランク別助言は有料価値として扱う。
Ashe,Anran,アッシュ視点で、アンランへの基本方針と対面カテゴリまでは無料で確認できる。,アンランへの有利・不利理由、敵スキル待ち、アルティメット判断、ランク別助言は有料価値として扱う。
Ashe,Genji,アッシュ視点で、ゲンジへの基本方針と対面カテゴリまでは無料で確認できる。,ゲンジへの有利・不利理由、敵スキル待ち、アルティメット判断、ランク別助言は有料価値として扱う。
Ashe,Shion,アッシュ視点で、シオンへの基本方針と対面カテゴリまでは無料で確認できる。,シオンへの有利・不利理由、敵スキル待ち、アルティメット判断、ランク別助言は有料価値として扱う。
Ashe,Sombra,アッシュ視点で、ソンブラへの基本方針と対面カテゴリまでは無料で確認できる。,ソンブラへの有利・不利理由、敵スキル待ち、アルティメット判断、ランク別助言は有料価値として扱う。
Ashe,Tracer,アッシュ視点で、トレーサーへの基本方針と対面カテゴリまでは無料で確認できる。,トレーサーへの有利・不利理由、敵スキル待ち、アルティメット判断、ランク別助言は有料価値として扱う。
Ashe,Venture,アッシュ視点で、ベンチャーへの基本方針と対面カテゴリまでは無料で確認できる。,ベンチャーへの有利・不利理由、敵スキル待ち、アルティメット判断、ランク別助言は有料価値として扱う。
Ashe,Reaper,アッシュ視点で、リーパーへの基本方針と対面カテゴリまでは無料で確認できる。,リーパーへの有利・不利理由、敵スキル待ち、アルティメット判断、ランク別助言は有料価値として扱う。
Ashe,Vendetta,アッシュ視点で、ヴェンデッタへの基本方針と対面カテゴリまでは無料で確認できる。,ヴェンデッタへの有利・不利理由、敵スキル待ち、アルティメット判断、ランク別助言は有料価値として扱う。
Ashe,Echo,アッシュ視点で、エコーへの基本方針と対面カテゴリまでは無料で確認できる。,エコーへの有利・不利理由、敵スキル待ち、アルティメット判断、ランク別助言は有料価値として扱う。
Ashe,Pharah,アッシュ視点で、ファラへの基本方針と対面カテゴリまでは無料で確認できる。,ファラへの有利・不利理由、敵スキル待ち、アルティメット判断、ランク別助言は有料価値として扱う。
Ashe,Symmetra,アッシュ視点で、シンメトラへの基本方針と対面カテゴリまでは無料で確認できる。,シンメトラへの有利・不利理由、敵スキル待ち、アルティメット判断、ランク別助言は有料価値として扱う。
Ashe,Junkrat,アッシュ視点で、ジャンクラットへの基本方針と対面カテゴリまでは無料で確認できる。,ジャンクラットへの有利・不利理由、敵スキル待ち、アルティメット判断、ランク別助言は有料価値として扱う。
Ashe,Torbjörn,アッシュ視点で、トールビョーンへの基本方針と対面カテゴリまでは無料で確認できる。,トールビョーンへの有利・不利理由、敵スキル待ち、アルティメット判断、ランク別助言は有料価値として扱う。
Ashe,Bastion,アッシュ視点で、バスティオンへの基本方針と対面カテゴリまでは無料で確認できる。,バスティオンへの有利・不利理由、敵スキル待ち、アルティメット判断、ランク別助言は有料価値として扱う。
Ashe,Mei,アッシュ視点で、メイへの基本方針と対面カテゴリまでは無料で確認できる。,メイへの有利・不利理由、敵スキル待ち、アルティメット判断、ランク別助言は有料価値として扱う。
Ashe,Illari,アッシュ視点で、イラリーへの基本方針と対面カテゴリまでは無料で確認できる。,イラリーへの有利・不利理由、敵スキル待ち、アルティメット判断、ランク別助言は有料価値として扱う。
Ashe,Jetpack Cat,アッシュ視点で、ジェットパック・キャットへの基本方針と対面カテゴリまでは無料で確認できる。,ジェットパック・キャットへの有利・不利理由、敵スキル待ち、アルティメット判断、ランク別助言は有料価値として扱う。
Ashe,Juno,アッシュ視点で、ジュノへの基本方針と対面カテゴリまでは無料で確認できる。,ジュノへの有利・不利理由、敵スキル待ち、アルティメット判断、ランク別助言は有料価値として扱う。
Ashe,Baptiste,アッシュ視点で、バティストへの基本方針と対面カテゴリまでは無料で確認できる。,バティストへの有利・不利理由、敵スキル待ち、アルティメット判断、ランク別助言は有料価値として扱う。
Ashe,Mercy,アッシュ視点で、マーシーへの基本方針と対面カテゴリまでは無料で確認できる。,マーシーへの有利・不利理由、敵スキル待ち、アルティメット判断、ランク別助言は有料価値として扱う。
Ashe,Lifeweaver,アッシュ視点で、ライフウィーバーへの基本方針と対面カテゴリまでは無料で確認できる。,ライフウィーバーへの有利・不利理由、敵スキル待ち、アルティメット判断、ランク別助言は有料価値として扱う。
Ashe,Kiriko,アッシュ視点で、キリコへの基本方針と対面カテゴリまでは無料で確認できる。,キリコへの有利・不利理由、敵スキル待ち、アルティメット判断、ランク別助言は有料価値として扱う。
Ashe,Brigitte,アッシュ視点で、ブリギッテへの基本方針と対面カテゴリまでは無料で確認できる。,ブリギッテへの有利・不利理由、敵スキル待ち、アルティメット判断、ランク別助言は有料価値として扱う。
Ashe,Moira,アッシュ視点で、モイラへの基本方針と対面カテゴリまでは無料で確認できる。,モイラへの有利・不利理由、敵スキル待ち、アルティメット判断、ランク別助言は有料価値として扱う。
Ashe,Lúcio,アッシュ視点で、ルシオへの基本方針と対面カテゴリまでは無料で確認できる。,ルシオへの有利・不利理由、敵スキル待ち、アルティメット判断、ランク別助言は有料価値として扱う。
Ashe,Ana,アッシュ視点で、アナへの基本方針と対面カテゴリまでは無料で確認できる。,アナへの有利・不利理由、敵スキル待ち、アルティメット判断、ランク別助言は有料価値として扱う。
Ashe,Wuyang,アッシュ視点で、ウーヤンへの基本方針と対面カテゴリまでは無料で確認できる。,ウーヤンへの有利・不利理由、敵スキル待ち、アルティメット判断、ランク別助言は有料価値として扱う。
Ashe,Zenyatta,アッシュ視点で、ゼニヤッタへの基本方針と対面カテゴリまでは無料で確認できる。,ゼニヤッタへの有利・不利理由、敵スキル待ち、アルティメット判断、ランク別助言は有料価値として扱う。
Ashe,Mizuki,アッシュ視点で、ミズキへの基本方針と対面カテゴリまでは無料で確認できる。,ミズキへの有利・不利理由、敵スキル待ち、アルティメット判断、ランク別助言は有料価値として扱う。
Reaper,D.Va,リーパー視点で、D.Vaへの基本方針と対面カテゴリまでは無料で確認できる。,D.Vaへの有利・不利理由、敵スキル待ち、アルティメット判断、ランク別助言は有料価値として扱う。
Reaper,Winston,リーパー視点で、ウィンストンへの基本方針と対面カテゴリまでは無料で確認できる。,ウィンストンへの有利・不利理由、敵スキル待ち、アルティメット判断、ランク別助言は有料価値として扱う。
Reaper,Doomfist,リーパー視点で、ドゥームフィストへの基本方針と対面カテゴリまでは無料で確認できる。,ドゥームフィストへの有利・不利理由、敵スキル待ち、アルティメット判断、ランク別助言は有料価値として扱う。
Reaper,Hazard,リーパー視点で、ハザードへの基本方針と対面カテゴリまでは無料で確認できる。,ハザードへの有利・不利理由、敵スキル待ち、アルティメット判断、ランク別助言は有料価値として扱う。
Reaper,Wrecking Ball,リーパー視点で、レッキング・ボールへの基本方針と対面カテゴリまでは無料で確認できる。,レッキング・ボールへの有利・不利理由、敵スキル待ち、アルティメット判断、ランク別助言は有料価値として扱う。
Reaper,Zarya,リーパー視点で、ザリアへの基本方針と対面カテゴリまでは無料で確認できる。,ザリアへの有利・不利理由、敵スキル待ち、アルティメット判断、ランク別助言は有料価値として扱う。
Reaper,Junker Queen,リーパー視点で、ジャンカー・クイーンへの基本方針と対面カテゴリまでは無料で確認できる。,ジャンカー・クイーンへの有利・不利理由、敵スキル待ち、アルティメット判断、ランク別助言は有料価値として扱う。
Reaper,Domina,リーパー視点で、ドミナへの基本方針と対面カテゴリまでは無料で確認できる。,ドミナへの有利・不利理由、敵スキル待ち、アルティメット判断、ランク別助言は有料価値として扱う。
Reaper,Mauga,リーパー視点で、マウガへの基本方針と対面カテゴリまでは無料で確認できる。,マウガへの有利・不利理由、敵スキル待ち、アルティメット判断、ランク別助言は有料価値として扱う。
Reaper,Ramattra,リーパー視点で、ラマットラへの基本方針と対面カテゴリまでは無料で確認できる。,ラマットラへの有利・不利理由、敵スキル待ち、アルティメット判断、ランク別助言は有料価値として扱う。
Reaper,Roadhog,リーパー視点で、ロードホッグへの基本方針と対面カテゴリまでは無料で確認できる。,ロードホッグへの有利・不利理由、敵スキル待ち、アルティメット判断、ランク別助言は有料価値として扱う。
Reaper,Orisa,リーパー視点で、オリーサへの基本方針と対面カテゴリまでは無料で確認できる。,オリーサへの有利・不利理由、敵スキル待ち、アルティメット判断、ランク別助言は有料価値として扱う。
Reaper,Sigma,リーパー視点で、シグマへの基本方針と対面カテゴリまでは無料で確認できる。,シグマへの有利・不利理由、敵スキル待ち、アルティメット判断、ランク別助言は有料価値として扱う。
Reaper,Reinhardt,リーパー視点で、ラインハルトへの基本方針と対面カテゴリまでは無料で確認できる。,ラインハルトへの有利・不利理由、敵スキル待ち、アルティメット判断、ランク別助言は有料価値として扱う。
Reaper,Ashe,リーパー視点で、アッシュへの基本方針と対面カテゴリまでは無料で確認できる。,アッシュへの有利・不利理由、敵スキル待ち、アルティメット判断、ランク別助言は有料価値として扱う。
Reaper,Widowmaker,リーパー視点で、ウィドウメイカーへの基本方針と対面カテゴリまでは無料で確認できる。,ウィドウメイカーへの有利・不利理由、敵スキル待ち、アルティメット判断、ランク別助言は有料価値として扱う。
Reaper,Emre,リーパー視点で、エムレへの基本方針と対面カテゴリまでは無料で確認できる。,エムレへの有利・不利理由、敵スキル待ち、アルティメット判断、ランク別助言は有料価値として扱う。
Reaper,Cassidy,リーパー視点で、キャスディへの基本方針と対面カテゴリまでは無料で確認できる。,キャスディへの有利・不利理由、敵スキル待ち、アルティメット判断、ランク別助言は有料価値として扱う。
Reaper,Sojourn,リーパー視点で、ソジョーンへの基本方針と対面カテゴリまでは無料で確認できる。,ソジョーンへの有利・不利理由、敵スキル待ち、アルティメット判断、ランク別助言は有料価値として扱う。
Reaper,Soldier: 76,リーパー視点で、ソルジャー76への基本方針と対面カテゴリまでは無料で確認できる。,ソルジャー76への有利・不利理由、敵スキル待ち、アルティメット判断、ランク別助言は有料価値として扱う。
Reaper,Hanzo,リーパー視点で、ハンゾーへの基本方針と対面カテゴリまでは無料で確認できる。,ハンゾーへの有利・不利理由、敵スキル待ち、アルティメット判断、ランク別助言は有料価値として扱う。
Reaper,Freja,リーパー視点で、フレイヤへの基本方針と対面カテゴリまでは無料で確認できる。,フレイヤへの有利・不利理由、敵スキル待ち、アルティメット判断、ランク別助言は有料価値として扱う。
Reaper,Anran,リーパー視点で、アンランへの基本方針と対面カテゴリまでは無料で確認できる。,アンランへの有利・不利理由、敵スキル待ち、アルティメット判断、ランク別助言は有料価値として扱う。
Reaper,Genji,リーパー視点で、ゲンジへの基本方針と対面カテゴリまでは無料で確認できる。,ゲンジへの有利・不利理由、敵スキル待ち、アルティメット判断、ランク別助言は有料価値として扱う。
Reaper,Shion,リーパー視点で、シオンへの基本方針と対面カテゴリまでは無料で確認できる。,シオンへの有利・不利理由、敵スキル待ち、アルティメット判断、ランク別助言は有料価値として扱う。
Reaper,Sombra,リーパー視点で、ソンブラへの基本方針と対面カテゴリまでは無料で確認できる。,ソンブラへの有利・不利理由、敵スキル待ち、アルティメット判断、ランク別助言は有料価値として扱う。
Reaper,Tracer,リーパー視点で、トレーサーへの基本方針と対面カテゴリまでは無料で確認できる。,トレーサーへの有利・不利理由、敵スキル待ち、アルティメット判断、ランク別助言は有料価値として扱う。
Reaper,Venture,リーパー視点で、ベンチャーへの基本方針と対面カテゴリまでは無料で確認できる。,ベンチャーへの有利・不利理由、敵スキル待ち、アルティメット判断、ランク別助言は有料価値として扱う。
Reaper,Reaper,リーパー視点で、リーパーへの基本方針と対面カテゴリまでは無料で確認できる。,リーパーへの有利・不利理由、敵スキル待ち、アルティメット判断、ランク別助言は有料価値として扱う。
Reaper,Vendetta,リーパー視点で、ヴェンデッタへの基本方針と対面カテゴリまでは無料で確認できる。,ヴェンデッタへの有利・不利理由、敵スキル待ち、アルティメット判断、ランク別助言は有料価値として扱う。
Reaper,Echo,リーパー視点で、エコーへの基本方針と対面カテゴリまでは無料で確認できる。,エコーへの有利・不利理由、敵スキル待ち、アルティメット判断、ランク別助言は有料価値として扱う。
Reaper,Pharah,リーパー視点で、ファラへの基本方針と対面カテゴリまでは無料で確認できる。,ファラへの有利・不利理由、敵スキル待ち、アルティメット判断、ランク別助言は有料価値として扱う。
Reaper,Symmetra,リーパー視点で、シンメトラへの基本方針と対面カテゴリまでは無料で確認できる。,シンメトラへの有利・不利理由、敵スキル待ち、アルティメット判断、ランク別助言は有料価値として扱う。
Reaper,Junkrat,リーパー視点で、ジャンクラットへの基本方針と対面カテゴリまでは無料で確認できる。,ジャンクラットへの有利・不利理由、敵スキル待ち、アルティメット判断、ランク別助言は有料価値として扱う。
Reaper,Torbjörn,リーパー視点で、トールビョーンへの基本方針と対面カテゴリまでは無料で確認できる。,トールビョーンへの有利・不利理由、敵スキル待ち、アルティメット判断、ランク別助言は有料価値として扱う。
Reaper,Bastion,リーパー視点で、バスティオンへの基本方針と対面カテゴリまでは無料で確認できる。,バスティオンへの有利・不利理由、敵スキル待ち、アルティメット判断、ランク別助言は有料価値として扱う。
Reaper,Mei,リーパー視点で、メイへの基本方針と対面カテゴリまでは無料で確認できる。,メイへの有利・不利理由、敵スキル待ち、アルティメット判断、ランク別助言は有料価値として扱う。
Reaper,Illari,リーパー視点で、イラリーへの基本方針と対面カテゴリまでは無料で確認できる。,イラリーへの有利・不利理由、敵スキル待ち、アルティメット判断、ランク別助言は有料価値として扱う。
Reaper,Jetpack Cat,リーパー視点で、ジェットパック・キャットへの基本方針と対面カテゴリまでは無料で確認できる。,ジェットパック・キャットへの有利・不利理由、敵スキル待ち、アルティメット判断、ランク別助言は有料価値として扱う。
Reaper,Juno,リーパー視点で、ジュノへの基本方針と対面カテゴリまでは無料で確認できる。,ジュノへの有利・不利理由、敵スキル待ち、アルティメット判断、ランク別助言は有料価値として扱う。
Reaper,Baptiste,リーパー視点で、バティストへの基本方針と対面カテゴリまでは無料で確認できる。,バティストへの有利・不利理由、敵スキル待ち、アルティメット判断、ランク別助言は有料価値として扱う。
Reaper,Mercy,リーパー視点で、マーシーへの基本方針と対面カテゴリまでは無料で確認できる。,マーシーへの有利・不利理由、敵スキル待ち、アルティメット判断、ランク別助言は有料価値として扱う。
Reaper,Lifeweaver,リーパー視点で、ライフウィーバーへの基本方針と対面カテゴリまでは無料で確認できる。,ライフウィーバーへの有利・不利理由、敵スキル待ち、アルティメット判断、ランク別助言は有料価値として扱う。
Reaper,Kiriko,リーパー視点で、キリコへの基本方針と対面カテゴリまでは無料で確認できる。,キリコへの有利・不利理由、敵スキル待ち、アルティメット判断、ランク別助言は有料価値として扱う。
Reaper,Brigitte,リーパー視点で、ブリギッテへの基本方針と対面カテゴリまでは無料で確認できる。,ブリギッテへの有利・不利理由、敵スキル待ち、アルティメット判断、ランク別助言は有料価値として扱う。
Reaper,Moira,リーパー視点で、モイラへの基本方針と対面カテゴリまでは無料で確認できる。,モイラへの有利・不利理由、敵スキル待ち、アルティメット判断、ランク別助言は有料価値として扱う。
Reaper,Lúcio,リーパー視点で、ルシオへの基本方針と対面カテゴリまでは無料で確認できる。,ルシオへの有利・不利理由、敵スキル待ち、アルティメット判断、ランク別助言は有料価値として扱う。
Reaper,Ana,リーパー視点で、アナへの基本方針と対面カテゴリまでは無料で確認できる。,アナへの有利・不利理由、敵スキル待ち、アルティメット判断、ランク別助言は有料価値として扱う。
Reaper,Wuyang,リーパー視点で、ウーヤンへの基本方針と対面カテゴリまでは無料で確認できる。,ウーヤンへの有利・不利理由、敵スキル待ち、アルティメット判断、ランク別助言は有料価値として扱う。
Reaper,Zenyatta,リーパー視点で、ゼニヤッタへの基本方針と対面カテゴリまでは無料で確認できる。,ゼニヤッタへの有利・不利理由、敵スキル待ち、アルティメット判断、ランク別助言は有料価値として扱う。
Reaper,Mizuki,リーパー視点で、ミズキへの基本方針と対面カテゴリまでは無料で確認できる。,ミズキへの有利・不利理由、敵スキル待ち、アルティメット判断、ランク別助言は有料価値として扱う。
Symmetra,D.Va,シンメトラ視点で、D.Vaへの基本方針と対面カテゴリまでは無料で確認できる。,D.Vaへの有利・不利理由、敵スキル待ち、アルティメット判断、ランク別助言は有料価値として扱う。
Symmetra,Winston,シンメトラ視点で、ウィンストンへの基本方針と対面カテゴリまでは無料で確認できる。,ウィンストンへの有利・不利理由、敵スキル待ち、アルティメット判断、ランク別助言は有料価値として扱う。
Symmetra,Doomfist,シンメトラ視点で、ドゥームフィストへの基本方針と対面カテゴリまでは無料で確認できる。,ドゥームフィストへの有利・不利理由、敵スキル待ち、アルティメット判断、ランク別助言は有料価値として扱う。
Symmetra,Hazard,シンメトラ視点で、ハザードへの基本方針と対面カテゴリまでは無料で確認できる。,ハザードへの有利・不利理由、敵スキル待ち、アルティメット判断、ランク別助言は有料価値として扱う。
Symmetra,Wrecking Ball,シンメトラ視点で、レッキング・ボールへの基本方針と対面カテゴリまでは無料で確認できる。,レッキング・ボールへの有利・不利理由、敵スキル待ち、アルティメット判断、ランク別助言は有料価値として扱う。
Symmetra,Zarya,シンメトラ視点で、ザリアへの基本方針と対面カテゴリまでは無料で確認できる。,ザリアへの有利・不利理由、敵スキル待ち、アルティメット判断、ランク別助言は有料価値として扱う。
Symmetra,Junker Queen,シンメトラ視点で、ジャンカー・クイーンへの基本方針と対面カテゴリまでは無料で確認できる。,ジャンカー・クイーンへの有利・不利理由、敵スキル待ち、アルティメット判断、ランク別助言は有料価値として扱う。
Symmetra,Domina,シンメトラ視点で、ドミナへの基本方針と対面カテゴリまでは無料で確認できる。,ドミナへの有利・不利理由、敵スキル待ち、アルティメット判断、ランク別助言は有料価値として扱う。
Symmetra,Mauga,シンメトラ視点で、マウガへの基本方針と対面カテゴリまでは無料で確認できる。,マウガへの有利・不利理由、敵スキル待ち、アルティメット判断、ランク別助言は有料価値として扱う。
Symmetra,Ramattra,シンメトラ視点で、ラマットラへの基本方針と対面カテゴリまでは無料で確認できる。,ラマットラへの有利・不利理由、敵スキル待ち、アルティメット判断、ランク別助言は有料価値として扱う。
Symmetra,Roadhog,シンメトラ視点で、ロードホッグへの基本方針と対面カテゴリまでは無料で確認できる。,ロードホッグへの有利・不利理由、敵スキル待ち、アルティメット判断、ランク別助言は有料価値として扱う。
Symmetra,Orisa,シンメトラ視点で、オリーサへの基本方針と対面カテゴリまでは無料で確認できる。,オリーサへの有利・不利理由、敵スキル待ち、アルティメット判断、ランク別助言は有料価値として扱う。
Symmetra,Sigma,シンメトラ視点で、シグマへの基本方針と対面カテゴリまでは無料で確認できる。,シグマへの有利・不利理由、敵スキル待ち、アルティメット判断、ランク別助言は有料価値として扱う。
Symmetra,Reinhardt,シンメトラ視点で、ラインハルトへの基本方針と対面カテゴリまでは無料で確認できる。,ラインハルトへの有利・不利理由、敵スキル待ち、アルティメット判断、ランク別助言は有料価値として扱う。
Symmetra,Ashe,シンメトラ視点で、アッシュへの基本方針と対面カテゴリまでは無料で確認できる。,アッシュへの有利・不利理由、敵スキル待ち、アルティメット判断、ランク別助言は有料価値として扱う。
Symmetra,Widowmaker,シンメトラ視点で、ウィドウメイカーへの基本方針と対面カテゴリまでは無料で確認できる。,ウィドウメイカーへの有利・不利理由、敵スキル待ち、アルティメット判断、ランク別助言は有料価値として扱う。
Symmetra,Emre,シンメトラ視点で、エムレへの基本方針と対面カテゴリまでは無料で確認できる。,エムレへの有利・不利理由、敵スキル待ち、アルティメット判断、ランク別助言は有料価値として扱う。
Symmetra,Cassidy,シンメトラ視点で、キャスディへの基本方針と対面カテゴリまでは無料で確認できる。,キャスディへの有利・不利理由、敵スキル待ち、アルティメット判断、ランク別助言は有料価値として扱う。
Symmetra,Sojourn,シンメトラ視点で、ソジョーンへの基本方針と対面カテゴリまでは無料で確認できる。,ソジョーンへの有利・不利理由、敵スキル待ち、アルティメット判断、ランク別助言は有料価値として扱う。
Symmetra,Soldier: 76,シンメトラ視点で、ソルジャー76への基本方針と対面カテゴリまでは無料で確認できる。,ソルジャー76への有利・不利理由、敵スキル待ち、アルティメット判断、ランク別助言は有料価値として扱う。
Symmetra,Hanzo,シンメトラ視点で、ハンゾーへの基本方針と対面カテゴリまでは無料で確認できる。,ハンゾーへの有利・不利理由、敵スキル待ち、アルティメット判断、ランク別助言は有料価値として扱う。
Symmetra,Freja,シンメトラ視点で、フレイヤへの基本方針と対面カテゴリまでは無料で確認できる。,フレイヤへの有利・不利理由、敵スキル待ち、アルティメット判断、ランク別助言は有料価値として扱う。
Symmetra,Anran,シンメトラ視点で、アンランへの基本方針と対面カテゴリまでは無料で確認できる。,アンランへの有利・不利理由、敵スキル待ち、アルティメット判断、ランク別助言は有料価値として扱う。
Symmetra,Genji,シンメトラ視点で、ゲンジへの基本方針と対面カテゴリまでは無料で確認できる。,ゲンジへの有利・不利理由、敵スキル待ち、アルティメット判断、ランク別助言は有料価値として扱う。
Symmetra,Shion,シンメトラ視点で、シオンへの基本方針と対面カテゴリまでは無料で確認できる。,シオンへの有利・不利理由、敵スキル待ち、アルティメット判断、ランク別助言は有料価値として扱う。
Symmetra,Sombra,シンメトラ視点で、ソンブラへの基本方針と対面カテゴリまでは無料で確認できる。,ソンブラへの有利・不利理由、敵スキル待ち、アルティメット判断、ランク別助言は有料価値として扱う。
Symmetra,Tracer,シンメトラ視点で、トレーサーへの基本方針と対面カテゴリまでは無料で確認できる。,トレーサーへの有利・不利理由、敵スキル待ち、アルティメット判断、ランク別助言は有料価値として扱う。
Symmetra,Venture,シンメトラ視点で、ベンチャーへの基本方針と対面カテゴリまでは無料で確認できる。,ベンチャーへの有利・不利理由、敵スキル待ち、アルティメット判断、ランク別助言は有料価値として扱う。
Symmetra,Reaper,シンメトラ視点で、リーパーへの基本方針と対面カテゴリまでは無料で確認できる。,リーパーへの有利・不利理由、敵スキル待ち、アルティメット判断、ランク別助言は有料価値として扱う。
Symmetra,Vendetta,シンメトラ視点で、ヴェンデッタへの基本方針と対面カテゴリまでは無料で確認できる。,ヴェンデッタへの有利・不利理由、敵スキル待ち、アルティメット判断、ランク別助言は有料価値として扱う。
Symmetra,Echo,シンメトラ視点で、エコーへの基本方針と対面カテゴリまでは無料で確認できる。,エコーへの有利・不利理由、敵スキル待ち、アルティメット判断、ランク別助言は有料価値として扱う。
Symmetra,Pharah,シンメトラ視点で、ファラへの基本方針と対面カテゴリまでは無料で確認できる。,ファラへの有利・不利理由、敵スキル待ち、アルティメット判断、ランク別助言は有料価値として扱う。
Symmetra,Symmetra,シンメトラ視点で、シンメトラへの基本方針と対面カテゴリまでは無料で確認できる。,シンメトラへの有利・不利理由、敵スキル待ち、アルティメット判断、ランク別助言は有料価値として扱う。
Symmetra,Junkrat,シンメトラ視点で、ジャンクラットへの基本方針と対面カテゴリまでは無料で確認できる。,ジャンクラットへの有利・不利理由、敵スキル待ち、アルティメット判断、ランク別助言は有料価値として扱う。
Symmetra,Torbjörn,シンメトラ視点で、トールビョーンへの基本方針と対面カテゴリまでは無料で確認できる。,トールビョーンへの有利・不利理由、敵スキル待ち、アルティメット判断、ランク別助言は有料価値として扱う。
Symmetra,Bastion,シンメトラ視点で、バスティオンへの基本方針と対面カテゴリまでは無料で確認できる。,バスティオンへの有利・不利理由、敵スキル待ち、アルティメット判断、ランク別助言は有料価値として扱う。
Symmetra,Mei,シンメトラ視点で、メイへの基本方針と対面カテゴリまでは無料で確認できる。,メイへの有利・不利理由、敵スキル待ち、アルティメット判断、ランク別助言は有料価値として扱う。
Symmetra,Illari,シンメトラ視点で、イラリーへの基本方針と対面カテゴリまでは無料で確認できる。,イラリーへの有利・不利理由、敵スキル待ち、アルティメット判断、ランク別助言は有料価値として扱う。
Symmetra,Jetpack Cat,シンメトラ視点で、ジェットパック・キャットへの基本方針と対面カテゴリまでは無料で確認できる。,ジェットパック・キャットへの有利・不利理由、敵スキル待ち、アルティメット判断、ランク別助言は有料価値として扱う。
Symmetra,Juno,シンメトラ視点で、ジュノへの基本方針と対面カテゴリまでは無料で確認できる。,ジュノへの有利・不利理由、敵スキル待ち、アルティメット判断、ランク別助言は有料価値として扱う。
Symmetra,Baptiste,シンメトラ視点で、バティストへの基本方針と対面カテゴリまでは無料で確認できる。,バティストへの有利・不利理由、敵スキル待ち、アルティメット判断、ランク別助言は有料価値として扱う。
Symmetra,Mercy,シンメトラ視点で、マーシーへの基本方針と対面カテゴリまでは無料で確認できる。,マーシーへの有利・不利理由、敵スキル待ち、アルティメット判断、ランク別助言は有料価値として扱う。
Symmetra,Lifeweaver,シンメトラ視点で、ライフウィーバーへの基本方針と対面カテゴリまでは無料で確認できる。,ライフウィーバーへの有利・不利理由、敵スキル待ち、アルティメット判断、ランク別助言は有料価値として扱う。
Symmetra,Kiriko,シンメトラ視点で、キリコへの基本方針と対面カテゴリまでは無料で確認できる。,キリコへの有利・不利理由、敵スキル待ち、アルティメット判断、ランク別助言は有料価値として扱う。
Symmetra,Brigitte,シンメトラ視点で、ブリギッテへの基本方針と対面カテゴリまでは無料で確認できる。,ブリギッテへの有利・不利理由、敵スキル待ち、アルティメット判断、ランク別助言は有料価値として扱う。
Symmetra,Moira,シンメトラ視点で、モイラへの基本方針と対面カテゴリまでは無料で確認できる。,モイラへの有利・不利理由、敵スキル待ち、アルティメット判断、ランク別助言は有料価値として扱う。
Symmetra,Lúcio,シンメトラ視点で、ルシオへの基本方針と対面カテゴリまでは無料で確認できる。,ルシオへの有利・不利理由、敵スキル待ち、アルティメット判断、ランク別助言は有料価値として扱う。
Symmetra,Ana,シンメトラ視点で、アナへの基本方針と対面カテゴリまでは無料で確認できる。,アナへの有利・不利理由、敵スキル待ち、アルティメット判断、ランク別助言は有料価値として扱う。
Symmetra,Wuyang,シンメトラ視点で、ウーヤンへの基本方針と対面カテゴリまでは無料で確認できる。,ウーヤンへの有利・不利理由、敵スキル待ち、アルティメット判断、ランク別助言は有料価値として扱う。
Symmetra,Zenyatta,シンメトラ視点で、ゼニヤッタへの基本方針と対面カテゴリまでは無料で確認できる。,ゼニヤッタへの有利・不利理由、敵スキル待ち、アルティメット判断、ランク別助言は有料価値として扱う。
Symmetra,Mizuki,シンメトラ視点で、ミズキへの基本方針と対面カテゴリまでは無料で確認できる。,ミズキへの有利・不利理由、敵スキル待ち、アルティメット判断、ランク別助言は有料価値として扱う。
Hanzo,D.Va,ハンゾー視点で、D.Vaへの基本方針と対面カテゴリまでは無料で確認できる。,D.Vaへの有利・不利理由、敵スキル待ち、アルティメット判断、ランク別助言は有料価値として扱う。
Hanzo,Winston,ハンゾー視点で、ウィンストンへの基本方針と対面カテゴリまでは無料で確認できる。,ウィンストンへの有利・不利理由、敵スキル待ち、アルティメット判断、ランク別助言は有料価値として扱う。
Hanzo,Doomfist,ハンゾー視点で、ドゥームフィストへの基本方針と対面カテゴリまでは無料で確認できる。,ドゥームフィストへの有利・不利理由、敵スキル待ち、アルティメット判断、ランク別助言は有料価値として扱う。
Hanzo,Hazard,ハンゾー視点で、ハザードへの基本方針と対面カテゴリまでは無料で確認できる。,ハザードへの有利・不利理由、敵スキル待ち、アルティメット判断、ランク別助言は有料価値として扱う。
Hanzo,Wrecking Ball,ハンゾー視点で、レッキング・ボールへの基本方針と対面カテゴリまでは無料で確認できる。,レッキング・ボールへの有利・不利理由、敵スキル待ち、アルティメット判断、ランク別助言は有料価値として扱う。
Hanzo,Zarya,ハンゾー視点で、ザリアへの基本方針と対面カテゴリまでは無料で確認できる。,ザリアへの有利・不利理由、敵スキル待ち、アルティメット判断、ランク別助言は有料価値として扱う。
Hanzo,Junker Queen,ハンゾー視点で、ジャンカー・クイーンへの基本方針と対面カテゴリまでは無料で確認できる。,ジャンカー・クイーンへの有利・不利理由、敵スキル待ち、アルティメット判断、ランク別助言は有料価値として扱う。
Hanzo,Domina,ハンゾー視点で、ドミナへの基本方針と対面カテゴリまでは無料で確認できる。,ドミナへの有利・不利理由、敵スキル待ち、アルティメット判断、ランク別助言は有料価値として扱う。
Hanzo,Mauga,ハンゾー視点で、マウガへの基本方針と対面カテゴリまでは無料で確認できる。,マウガへの有利・不利理由、敵スキル待ち、アルティメット判断、ランク別助言は有料価値として扱う。
Hanzo,Ramattra,ハンゾー視点で、ラマットラへの基本方針と対面カテゴリまでは無料で確認できる。,ラマットラへの有利・不利理由、敵スキル待ち、アルティメット判断、ランク別助言は有料価値として扱う。
Hanzo,Roadhog,ハンゾー視点で、ロードホッグへの基本方針と対面カテゴリまでは無料で確認できる。,ロードホッグへの有利・不利理由、敵スキル待ち、アルティメット判断、ランク別助言は有料価値として扱う。
Hanzo,Orisa,ハンゾー視点で、オリーサへの基本方針と対面カテゴリまでは無料で確認できる。,オリーサへの有利・不利理由、敵スキル待ち、アルティメット判断、ランク別助言は有料価値として扱う。
Hanzo,Sigma,ハンゾー視点で、シグマへの基本方針と対面カテゴリまでは無料で確認できる。,シグマへの有利・不利理由、敵スキル待ち、アルティメット判断、ランク別助言は有料価値として扱う。
Hanzo,Reinhardt,ハンゾー視点で、ラインハルトへの基本方針と対面カテゴリまでは無料で確認できる。,ラインハルトへの有利・不利理由、敵スキル待ち、アルティメット判断、ランク別助言は有料価値として扱う。
Hanzo,Ashe,ハンゾー視点で、アッシュへの基本方針と対面カテゴリまでは無料で確認できる。,アッシュへの有利・不利理由、敵スキル待ち、アルティメット判断、ランク別助言は有料価値として扱う。
Hanzo,Widowmaker,ハンゾー視点で、ウィドウメイカーへの基本方針と対面カテゴリまでは無料で確認できる。,ウィドウメイカーへの有利・不利理由、敵スキル待ち、アルティメット判断、ランク別助言は有料価値として扱う。
Hanzo,Emre,ハンゾー視点で、エムレへの基本方針と対面カテゴリまでは無料で確認できる。,エムレへの有利・不利理由、敵スキル待ち、アルティメット判断、ランク別助言は有料価値として扱う。
Hanzo,Cassidy,ハンゾー視点で、キャスディへの基本方針と対面カテゴリまでは無料で確認できる。,キャスディへの有利・不利理由、敵スキル待ち、アルティメット判断、ランク別助言は有料価値として扱う。
Hanzo,Sojourn,ハンゾー視点で、ソジョーンへの基本方針と対面カテゴリまでは無料で確認できる。,ソジョーンへの有利・不利理由、敵スキル待ち、アルティメット判断、ランク別助言は有料価値として扱う。
Hanzo,Soldier: 76,ハンゾー視点で、ソルジャー76への基本方針と対面カテゴリまでは無料で確認できる。,ソルジャー76への有利・不利理由、敵スキル待ち、アルティメット判断、ランク別助言は有料価値として扱う。
Hanzo,Hanzo,ハンゾー視点で、ハンゾーへの基本方針と対面カテゴリまでは無料で確認できる。,ハンゾーへの有利・不利理由、敵スキル待ち、アルティメット判断、ランク別助言は有料価値として扱う。
Hanzo,Freja,ハンゾー視点で、フレイヤへの基本方針と対面カテゴリまでは無料で確認できる。,フレイヤへの有利・不利理由、敵スキル待ち、アルティメット判断、ランク別助言は有料価値として扱う。
Hanzo,Anran,ハンゾー視点で、アンランへの基本方針と対面カテゴリまでは無料で確認できる。,アンランへの有利・不利理由、敵スキル待ち、アルティメット判断、ランク別助言は有料価値として扱う。
Hanzo,Genji,ハンゾー視点で、ゲンジへの基本方針と対面カテゴリまでは無料で確認できる。,ゲンジへの有利・不利理由、敵スキル待ち、アルティメット判断、ランク別助言は有料価値として扱う。
Hanzo,Shion,ハンゾー視点で、シオンへの基本方針と対面カテゴリまでは無料で確認できる。,シオンへの有利・不利理由、敵スキル待ち、アルティメット判断、ランク別助言は有料価値として扱う。
Hanzo,Sombra,ハンゾー視点で、ソンブラへの基本方針と対面カテゴリまでは無料で確認できる。,ソンブラへの有利・不利理由、敵スキル待ち、アルティメット判断、ランク別助言は有料価値として扱う。
Hanzo,Tracer,ハンゾー視点で、トレーサーへの基本方針と対面カテゴリまでは無料で確認できる。,トレーサーへの有利・不利理由、敵スキル待ち、アルティメット判断、ランク別助言は有料価値として扱う。
Hanzo,Venture,ハンゾー視点で、ベンチャーへの基本方針と対面カテゴリまでは無料で確認できる。,ベンチャーへの有利・不利理由、敵スキル待ち、アルティメット判断、ランク別助言は有料価値として扱う。
Hanzo,Reaper,ハンゾー視点で、リーパーへの基本方針と対面カテゴリまでは無料で確認できる。,リーパーへの有利・不利理由、敵スキル待ち、アルティメット判断、ランク別助言は有料価値として扱う。
Hanzo,Vendetta,ハンゾー視点で、ヴェンデッタへの基本方針と対面カテゴリまでは無料で確認できる。,ヴェンデッタへの有利・不利理由、敵スキル待ち、アルティメット判断、ランク別助言は有料価値として扱う。
Hanzo,Echo,ハンゾー視点で、エコーへの基本方針と対面カテゴリまでは無料で確認できる。,エコーへの有利・不利理由、敵スキル待ち、アルティメット判断、ランク別助言は有料価値として扱う。
Hanzo,Pharah,ハンゾー視点で、ファラへの基本方針と対面カテゴリまでは無料で確認できる。,ファラへの有利・不利理由、敵スキル待ち、アルティメット判断、ランク別助言は有料価値として扱う。
Hanzo,Symmetra,ハンゾー視点で、シンメトラへの基本方針と対面カテゴリまでは無料で確認できる。,シンメトラへの有利・不利理由、敵スキル待ち、アルティメット判断、ランク別助言は有料価値として扱う。
Hanzo,Junkrat,ハンゾー視点で、ジャンクラットへの基本方針と対面カテゴリまでは無料で確認できる。,ジャンクラットへの有利・不利理由、敵スキル待ち、アルティメット判断、ランク別助言は有料価値として扱う。
Hanzo,Torbjörn,ハンゾー視点で、トールビョーンへの基本方針と対面カテゴリまでは無料で確認できる。,トールビョーンへの有利・不利理由、敵スキル待ち、アルティメット判断、ランク別助言は有料価値として扱う。
Hanzo,Bastion,ハンゾー視点で、バスティオンへの基本方針と対面カテゴリまでは無料で確認できる。,バスティオンへの有利・不利理由、敵スキル待ち、アルティメット判断、ランク別助言は有料価値として扱う。
Hanzo,Mei,ハンゾー視点で、メイへの基本方針と対面カテゴリまでは無料で確認できる。,メイへの有利・不利理由、敵スキル待ち、アルティメット判断、ランク別助言は有料価値として扱う。
Hanzo,Illari,ハンゾー視点で、イラリーへの基本方針と対面カテゴリまでは無料で確認できる。,イラリーへの有利・不利理由、敵スキル待ち、アルティメット判断、ランク別助言は有料価値として扱う。
Hanzo,Jetpack Cat,ハンゾー視点で、ジェットパック・キャットへの基本方針と対面カテゴリまでは無料で確認できる。,ジェットパック・キャットへの有利・不利理由、敵スキル待ち、アルティメット判断、ランク別助言は有料価値として扱う。
Hanzo,Juno,ハンゾー視点で、ジュノへの基本方針と対面カテゴリまでは無料で確認できる。,ジュノへの有利・不利理由、敵スキル待ち、アルティメット判断、ランク別助言は有料価値として扱う。
Hanzo,Baptiste,ハンゾー視点で、バティストへの基本方針と対面カテゴリまでは無料で確認できる。,バティストへの有利・不利理由、敵スキル待ち、アルティメット判断、ランク別助言は有料価値として扱う。
Hanzo,Mercy,ハンゾー視点で、マーシーへの基本方針と対面カテゴリまでは無料で確認できる。,マーシーへの有利・不利理由、敵スキル待ち、アルティメット判断、ランク別助言は有料価値として扱う。
Hanzo,Lifeweaver,ハンゾー視点で、ライフウィーバーへの基本方針と対面カテゴリまでは無料で確認できる。,ライフウィーバーへの有利・不利理由、敵スキル待ち、アルティメット判断、ランク別助言は有料価値として扱う。
Hanzo,Kiriko,ハンゾー視点で、キリコへの基本方針と対面カテゴリまでは無料で確認できる。,キリコへの有利・不利理由、敵スキル待ち、アルティメット判断、ランク別助言は有料価値として扱う。
Hanzo,Brigitte,ハンゾー視点で、ブリギッテへの基本方針と対面カテゴリまでは無料で確認できる。,ブリギッテへの有利・不利理由、敵スキル待ち、アルティメット判断、ランク別助言は有料価値として扱う。
Hanzo,Moira,ハンゾー視点で、モイラへの基本方針と対面カテゴリまでは無料で確認できる。,モイラへの有利・不利理由、敵スキル待ち、アルティメット判断、ランク別助言は有料価値として扱う。
Hanzo,Lúcio,ハンゾー視点で、ルシオへの基本方針と対面カテゴリまでは無料で確認できる。,ルシオへの有利・不利理由、敵スキル待ち、アルティメット判断、ランク別助言は有料価値として扱う。
Hanzo,Ana,ハンゾー視点で、アナへの基本方針と対面カテゴリまでは無料で確認できる。,アナへの有利・不利理由、敵スキル待ち、アルティメット判断、ランク別助言は有料価値として扱う。
Hanzo,Wuyang,ハンゾー視点で、ウーヤンへの基本方針と対面カテゴリまでは無料で確認できる。,ウーヤンへの有利・不利理由、敵スキル待ち、アルティメット判断、ランク別助言は有料価値として扱う。
Hanzo,Zenyatta,ハンゾー視点で、ゼニヤッタへの基本方針と対面カテゴリまでは無料で確認できる。,ゼニヤッタへの有利・不利理由、敵スキル待ち、アルティメット判断、ランク別助言は有料価値として扱う。
Hanzo,Mizuki,ハンゾー視点で、ミズキへの基本方針と対面カテゴリまでは無料で確認できる。,ミズキへの有利・不利理由、敵スキル待ち、アルティメット判断、ランク別助言は有料価値として扱う。
Torbjorn,D.Va,トールビョーン視点で、D.Vaへの基本方針と対面カテゴリまでは無料で確認できる。,D.Vaへの有利・不利理由、敵スキル待ち、アルティメット判断、ランク別助言は有料価値として扱う。
Torbjorn,Winston,トールビョーン視点で、ウィンストンへの基本方針と対面カテゴリまでは無料で確認できる。,ウィンストンへの有利・不利理由、敵スキル待ち、アルティメット判断、ランク別助言は有料価値として扱う。
Torbjorn,Doomfist,トールビョーン視点で、ドゥームフィストへの基本方針と対面カテゴリまでは無料で確認できる。,ドゥームフィストへの有利・不利理由、敵スキル待ち、アルティメット判断、ランク別助言は有料価値として扱う。
Torbjorn,Hazard,トールビョーン視点で、ハザードへの基本方針と対面カテゴリまでは無料で確認できる。,ハザードへの有利・不利理由、敵スキル待ち、アルティメット判断、ランク別助言は有料価値として扱う。
Torbjorn,Wrecking Ball,トールビョーン視点で、レッキング・ボールへの基本方針と対面カテゴリまでは無料で確認できる。,レッキング・ボールへの有利・不利理由、敵スキル待ち、アルティメット判断、ランク別助言は有料価値として扱う。
Torbjorn,Zarya,トールビョーン視点で、ザリアへの基本方針と対面カテゴリまでは無料で確認できる。,ザリアへの有利・不利理由、敵スキル待ち、アルティメット判断、ランク別助言は有料価値として扱う。
Torbjorn,Junker Queen,トールビョーン視点で、ジャンカー・クイーンへの基本方針と対面カテゴリまでは無料で確認できる。,ジャンカー・クイーンへの有利・不利理由、敵スキル待ち、アルティメット判断、ランク別助言は有料価値として扱う。
Torbjorn,Domina,トールビョーン視点で、ドミナへの基本方針と対面カテゴリまでは無料で確認できる。,ドミナへの有利・不利理由、敵スキル待ち、アルティメット判断、ランク別助言は有料価値として扱う。
Torbjorn,Mauga,トールビョーン視点で、マウガへの基本方針と対面カテゴリまでは無料で確認できる。,マウガへの有利・不利理由、敵スキル待ち、アルティメット判断、ランク別助言は有料価値として扱う。
Torbjorn,Ramattra,トールビョーン視点で、ラマットラへの基本方針と対面カテゴリまでは無料で確認できる。,ラマットラへの有利・不利理由、敵スキル待ち、アルティメット判断、ランク別助言は有料価値として扱う。
Torbjorn,Roadhog,トールビョーン視点で、ロードホッグへの基本方針と対面カテゴリまでは無料で確認できる。,ロードホッグへの有利・不利理由、敵スキル待ち、アルティメット判断、ランク別助言は有料価値として扱う。
Torbjorn,Orisa,トールビョーン視点で、オリーサへの基本方針と対面カテゴリまでは無料で確認できる。,オリーサへの有利・不利理由、敵スキル待ち、アルティメット判断、ランク別助言は有料価値として扱う。
Torbjorn,Sigma,トールビョーン視点で、シグマへの基本方針と対面カテゴリまでは無料で確認できる。,シグマへの有利・不利理由、敵スキル待ち、アルティメット判断、ランク別助言は有料価値として扱う。
Torbjorn,Reinhardt,トールビョーン視点で、ラインハルトへの基本方針と対面カテゴリまでは無料で確認できる。,ラインハルトへの有利・不利理由、敵スキル待ち、アルティメット判断、ランク別助言は有料価値として扱う。
Torbjorn,Ashe,トールビョーン視点で、アッシュへの基本方針と対面カテゴリまでは無料で確認できる。,アッシュへの有利・不利理由、敵スキル待ち、アルティメット判断、ランク別助言は有料価値として扱う。
Torbjorn,Widowmaker,トールビョーン視点で、ウィドウメイカーへの基本方針と対面カテゴリまでは無料で確認できる。,ウィドウメイカーへの有利・不利理由、敵スキル待ち、アルティメット判断、ランク別助言は有料価値として扱う。
Torbjorn,Emre,トールビョーン視点で、エムレへの基本方針と対面カテゴリまでは無料で確認できる。,エムレへの有利・不利理由、敵スキル待ち、アルティメット判断、ランク別助言は有料価値として扱う。
Torbjorn,Cassidy,トールビョーン視点で、キャスディへの基本方針と対面カテゴリまでは無料で確認できる。,キャスディへの有利・不利理由、敵スキル待ち、アルティメット判断、ランク別助言は有料価値として扱う。
Torbjorn,Sojourn,トールビョーン視点で、ソジョーンへの基本方針と対面カテゴリまでは無料で確認できる。,ソジョーンへの有利・不利理由、敵スキル待ち、アルティメット判断、ランク別助言は有料価値として扱う。
Torbjorn,Soldier: 76,トールビョーン視点で、ソルジャー76への基本方針と対面カテゴリまでは無料で確認できる。,ソルジャー76への有利・不利理由、敵スキル待ち、アルティメット判断、ランク別助言は有料価値として扱う。
Torbjorn,Hanzo,トールビョーン視点で、ハンゾーへの基本方針と対面カテゴリまでは無料で確認できる。,ハンゾーへの有利・不利理由、敵スキル待ち、アルティメット判断、ランク別助言は有料価値として扱う。
Torbjorn,Freja,トールビョーン視点で、フレイヤへの基本方針と対面カテゴリまでは無料で確認できる。,フレイヤへの有利・不利理由、敵スキル待ち、アルティメット判断、ランク別助言は有料価値として扱う。
Torbjorn,Anran,トールビョーン視点で、アンランへの基本方針と対面カテゴリまでは無料で確認できる。,アンランへの有利・不利理由、敵スキル待ち、アルティメット判断、ランク別助言は有料価値として扱う。
Torbjorn,Genji,トールビョーン視点で、ゲンジへの基本方針と対面カテゴリまでは無料で確認できる。,ゲンジへの有利・不利理由、敵スキル待ち、アルティメット判断、ランク別助言は有料価値として扱う。
Torbjorn,Shion,トールビョーン視点で、シオンへの基本方針と対面カテゴリまでは無料で確認できる。,シオンへの有利・不利理由、敵スキル待ち、アルティメット判断、ランク別助言は有料価値として扱う。
Torbjorn,Sombra,トールビョーン視点で、ソンブラへの基本方針と対面カテゴリまでは無料で確認できる。,ソンブラへの有利・不利理由、敵スキル待ち、アルティメット判断、ランク別助言は有料価値として扱う。
Torbjorn,Tracer,トールビョーン視点で、トレーサーへの基本方針と対面カテゴリまでは無料で確認できる。,トレーサーへの有利・不利理由、敵スキル待ち、アルティメット判断、ランク別助言は有料価値として扱う。
Torbjorn,Venture,トールビョーン視点で、ベンチャーへの基本方針と対面カテゴリまでは無料で確認できる。,ベンチャーへの有利・不利理由、敵スキル待ち、アルティメット判断、ランク別助言は有料価値として扱う。
Torbjorn,Reaper,トールビョーン視点で、リーパーへの基本方針と対面カテゴリまでは無料で確認できる。,リーパーへの有利・不利理由、敵スキル待ち、アルティメット判断、ランク別助言は有料価値として扱う。
Torbjorn,Vendetta,トールビョーン視点で、ヴェンデッタへの基本方針と対面カテゴリまでは無料で確認できる。,ヴェンデッタへの有利・不利理由、敵スキル待ち、アルティメット判断、ランク別助言は有料価値として扱う。
Torbjorn,Echo,トールビョーン視点で、エコーへの基本方針と対面カテゴリまでは無料で確認できる。,エコーへの有利・不利理由、敵スキル待ち、アルティメット判断、ランク別助言は有料価値として扱う。
Torbjorn,Pharah,トールビョーン視点で、ファラへの基本方針と対面カテゴリまでは無料で確認できる。,ファラへの有利・不利理由、敵スキル待ち、アルティメット判断、ランク別助言は有料価値として扱う。
Torbjorn,Symmetra,トールビョーン視点で、シンメトラへの基本方針と対面カテゴリまでは無料で確認できる。,シンメトラへの有利・不利理由、敵スキル待ち、アルティメット判断、ランク別助言は有料価値として扱う。
Torbjorn,Junkrat,トールビョーン視点で、ジャンクラットへの基本方針と対面カテゴリまでは無料で確認できる。,ジャンクラットへの有利・不利理由、敵スキル待ち、アルティメット判断、ランク別助言は有料価値として扱う。
Torbjorn,Torbjörn,トールビョーン視点で、トールビョーンへの基本方針と対面カテゴリまでは無料で確認できる。,トールビョーンへの有利・不利理由、敵スキル待ち、アルティメット判断、ランク別助言は有料価値として扱う。
Torbjorn,Bastion,トールビョーン視点で、バスティオンへの基本方針と対面カテゴリまでは無料で確認できる。,バスティオンへの有利・不利理由、敵スキル待ち、アルティメット判断、ランク別助言は有料価値として扱う。
Torbjorn,Mei,トールビョーン視点で、メイへの基本方針と対面カテゴリまでは無料で確認できる。,メイへの有利・不利理由、敵スキル待ち、アルティメット判断、ランク別助言は有料価値として扱う。
Torbjorn,Illari,トールビョーン視点で、イラリーへの基本方針と対面カテゴリまでは無料で確認できる。,イラリーへの有利・不利理由、敵スキル待ち、アルティメット判断、ランク別助言は有料価値として扱う。
Torbjorn,Jetpack Cat,トールビョーン視点で、ジェットパック・キャットへの基本方針と対面カテゴリまでは無料で確認できる。,ジェットパック・キャットへの有利・不利理由、敵スキル待ち、アルティメット判断、ランク別助言は有料価値として扱う。
Torbjorn,Juno,トールビョーン視点で、ジュノへの基本方針と対面カテゴリまでは無料で確認できる。,ジュノへの有利・不利理由、敵スキル待ち、アルティメット判断、ランク別助言は有料価値として扱う。
Torbjorn,Baptiste,トールビョーン視点で、バティストへの基本方針と対面カテゴリまでは無料で確認できる。,バティストへの有利・不利理由、敵スキル待ち、アルティメット判断、ランク別助言は有料価値として扱う。
Torbjorn,Mercy,トールビョーン視点で、マーシーへの基本方針と対面カテゴリまでは無料で確認できる。,マーシーへの有利・不利理由、敵スキル待ち、アルティメット判断、ランク別助言は有料価値として扱う。
Torbjorn,Lifeweaver,トールビョーン視点で、ライフウィーバーへの基本方針と対面カテゴリまでは無料で確認できる。,ライフウィーバーへの有利・不利理由、敵スキル待ち、アルティメット判断、ランク別助言は有料価値として扱う。
Torbjorn,Kiriko,トールビョーン視点で、キリコへの基本方針と対面カテゴリまでは無料で確認できる。,キリコへの有利・不利理由、敵スキル待ち、アルティメット判断、ランク別助言は有料価値として扱う。
Torbjorn,Brigitte,トールビョーン視点で、ブリギッテへの基本方針と対面カテゴリまでは無料で確認できる。,ブリギッテへの有利・不利理由、敵スキル待ち、アルティメット判断、ランク別助言は有料価値として扱う。
Torbjorn,Moira,トールビョーン視点で、モイラへの基本方針と対面カテゴリまでは無料で確認できる。,モイラへの有利・不利理由、敵スキル待ち、アルティメット判断、ランク別助言は有料価値として扱う。
Torbjorn,Lúcio,トールビョーン視点で、ルシオへの基本方針と対面カテゴリまでは無料で確認できる。,ルシオへの有利・不利理由、敵スキル待ち、アルティメット判断、ランク別助言は有料価値として扱う。
Torbjorn,Ana,トールビョーン視点で、アナへの基本方針と対面カテゴリまでは無料で確認できる。,アナへの有利・不利理由、敵スキル待ち、アルティメット判断、ランク別助言は有料価値として扱う。
Torbjorn,Wuyang,トールビョーン視点で、ウーヤンへの基本方針と対面カテゴリまでは無料で確認できる。,ウーヤンへの有利・不利理由、敵スキル待ち、アルティメット判断、ランク別助言は有料価値として扱う。
Torbjorn,Zenyatta,トールビョーン視点で、ゼニヤッタへの基本方針と対面カテゴリまでは無料で確認できる。,ゼニヤッタへの有利・不利理由、敵スキル待ち、アルティメット判断、ランク別助言は有料価値として扱う。
Torbjorn,Mizuki,トールビョーン視点で、ミズキへの基本方針と対面カテゴリまでは無料で確認できる。,ミズキへの有利・不利理由、敵スキル待ち、アルティメット判断、ランク別助言は有料価値として扱う。
Bastion,D.Va,バスティオン視点で、D.Vaへの基本方針と対面カテゴリまでは無料で確認できる。,D.Vaへの有利・不利理由、敵スキル待ち、アルティメット判断、ランク別助言は有料価値として扱う。
Bastion,Winston,バスティオン視点で、ウィンストンへの基本方針と対面カテゴリまでは無料で確認できる。,ウィンストンへの有利・不利理由、敵スキル待ち、アルティメット判断、ランク別助言は有料価値として扱う。
Bastion,Doomfist,バスティオン視点で、ドゥームフィストへの基本方針と対面カテゴリまでは無料で確認できる。,ドゥームフィストへの有利・不利理由、敵スキル待ち、アルティメット判断、ランク別助言は有料価値として扱う。
Bastion,Hazard,バスティオン視点で、ハザードへの基本方針と対面カテゴリまでは無料で確認できる。,ハザードへの有利・不利理由、敵スキル待ち、アルティメット判断、ランク別助言は有料価値として扱う。
Bastion,Wrecking Ball,バスティオン視点で、レッキング・ボールへの基本方針と対面カテゴリまでは無料で確認できる。,レッキング・ボールへの有利・不利理由、敵スキル待ち、アルティメット判断、ランク別助言は有料価値として扱う。
Bastion,Zarya,バスティオン視点で、ザリアへの基本方針と対面カテゴリまでは無料で確認できる。,ザリアへの有利・不利理由、敵スキル待ち、アルティメット判断、ランク別助言は有料価値として扱う。
Bastion,Junker Queen,バスティオン視点で、ジャンカー・クイーンへの基本方針と対面カテゴリまでは無料で確認できる。,ジャンカー・クイーンへの有利・不利理由、敵スキル待ち、アルティメット判断、ランク別助言は有料価値として扱う。
Bastion,Domina,バスティオン視点で、ドミナへの基本方針と対面カテゴリまでは無料で確認できる。,ドミナへの有利・不利理由、敵スキル待ち、アルティメット判断、ランク別助言は有料価値として扱う。
Bastion,Mauga,バスティオン視点で、マウガへの基本方針と対面カテゴリまでは無料で確認できる。,マウガへの有利・不利理由、敵スキル待ち、アルティメット判断、ランク別助言は有料価値として扱う。
Bastion,Ramattra,バスティオン視点で、ラマットラへの基本方針と対面カテゴリまでは無料で確認できる。,ラマットラへの有利・不利理由、敵スキル待ち、アルティメット判断、ランク別助言は有料価値として扱う。
Bastion,Roadhog,バスティオン視点で、ロードホッグへの基本方針と対面カテゴリまでは無料で確認できる。,ロードホッグへの有利・不利理由、敵スキル待ち、アルティメット判断、ランク別助言は有料価値として扱う。
Bastion,Orisa,バスティオン視点で、オリーサへの基本方針と対面カテゴリまでは無料で確認できる。,オリーサへの有利・不利理由、敵スキル待ち、アルティメット判断、ランク別助言は有料価値として扱う。
Bastion,Sigma,バスティオン視点で、シグマへの基本方針と対面カテゴリまでは無料で確認できる。,シグマへの有利・不利理由、敵スキル待ち、アルティメット判断、ランク別助言は有料価値として扱う。
Bastion,Reinhardt,バスティオン視点で、ラインハルトへの基本方針と対面カテゴリまでは無料で確認できる。,ラインハルトへの有利・不利理由、敵スキル待ち、アルティメット判断、ランク別助言は有料価値として扱う。
Bastion,Ashe,バスティオン視点で、アッシュへの基本方針と対面カテゴリまでは無料で確認できる。,アッシュへの有利・不利理由、敵スキル待ち、アルティメット判断、ランク別助言は有料価値として扱う。
Bastion,Widowmaker,バスティオン視点で、ウィドウメイカーへの基本方針と対面カテゴリまでは無料で確認できる。,ウィドウメイカーへの有利・不利理由、敵スキル待ち、アルティメット判断、ランク別助言は有料価値として扱う。
Bastion,Emre,バスティオン視点で、エムレへの基本方針と対面カテゴリまでは無料で確認できる。,エムレへの有利・不利理由、敵スキル待ち、アルティメット判断、ランク別助言は有料価値として扱う。
Bastion,Cassidy,バスティオン視点で、キャスディへの基本方針と対面カテゴリまでは無料で確認できる。,キャスディへの有利・不利理由、敵スキル待ち、アルティメット判断、ランク別助言は有料価値として扱う。
Bastion,Sojourn,バスティオン視点で、ソジョーンへの基本方針と対面カテゴリまでは無料で確認できる。,ソジョーンへの有利・不利理由、敵スキル待ち、アルティメット判断、ランク別助言は有料価値として扱う。
Bastion,Soldier: 76,バスティオン視点で、ソルジャー76への基本方針と対面カテゴリまでは無料で確認できる。,ソルジャー76への有利・不利理由、敵スキル待ち、アルティメット判断、ランク別助言は有料価値として扱う。
Bastion,Hanzo,バスティオン視点で、ハンゾーへの基本方針と対面カテゴリまでは無料で確認できる。,ハンゾーへの有利・不利理由、敵スキル待ち、アルティメット判断、ランク別助言は有料価値として扱う。
Bastion,Freja,バスティオン視点で、フレイヤへの基本方針と対面カテゴリまでは無料で確認できる。,フレイヤへの有利・不利理由、敵スキル待ち、アルティメット判断、ランク別助言は有料価値として扱う。
Bastion,Anran,バスティオン視点で、アンランへの基本方針と対面カテゴリまでは無料で確認できる。,アンランへの有利・不利理由、敵スキル待ち、アルティメット判断、ランク別助言は有料価値として扱う。
Bastion,Genji,バスティオン視点で、ゲンジへの基本方針と対面カテゴリまでは無料で確認できる。,ゲンジへの有利・不利理由、敵スキル待ち、アルティメット判断、ランク別助言は有料価値として扱う。
Bastion,Shion,バスティオン視点で、シオンへの基本方針と対面カテゴリまでは無料で確認できる。,シオンへの有利・不利理由、敵スキル待ち、アルティメット判断、ランク別助言は有料価値として扱う。
Bastion,Sombra,バスティオン視点で、ソンブラへの基本方針と対面カテゴリまでは無料で確認できる。,ソンブラへの有利・不利理由、敵スキル待ち、アルティメット判断、ランク別助言は有料価値として扱う。
Bastion,Tracer,バスティオン視点で、トレーサーへの基本方針と対面カテゴリまでは無料で確認できる。,トレーサーへの有利・不利理由、敵スキル待ち、アルティメット判断、ランク別助言は有料価値として扱う。
Bastion,Venture,バスティオン視点で、ベンチャーへの基本方針と対面カテゴリまでは無料で確認できる。,ベンチャーへの有利・不利理由、敵スキル待ち、アルティメット判断、ランク別助言は有料価値として扱う。
Bastion,Reaper,バスティオン視点で、リーパーへの基本方針と対面カテゴリまでは無料で確認できる。,リーパーへの有利・不利理由、敵スキル待ち、アルティメット判断、ランク別助言は有料価値として扱う。
Bastion,Vendetta,バスティオン視点で、ヴェンデッタへの基本方針と対面カテゴリまでは無料で確認できる。,ヴェンデッタへの有利・不利理由、敵スキル待ち、アルティメット判断、ランク別助言は有料価値として扱う。
Bastion,Echo,バスティオン視点で、エコーへの基本方針と対面カテゴリまでは無料で確認できる。,エコーへの有利・不利理由、敵スキル待ち、アルティメット判断、ランク別助言は有料価値として扱う。
Bastion,Pharah,バスティオン視点で、ファラへの基本方針と対面カテゴリまでは無料で確認できる。,ファラへの有利・不利理由、敵スキル待ち、アルティメット判断、ランク別助言は有料価値として扱う。
Bastion,Symmetra,バスティオン視点で、シンメトラへの基本方針と対面カテゴリまでは無料で確認できる。,シンメトラへの有利・不利理由、敵スキル待ち、アルティメット判断、ランク別助言は有料価値として扱う。
Bastion,Junkrat,バスティオン視点で、ジャンクラットへの基本方針と対面カテゴリまでは無料で確認できる。,ジャンクラットへの有利・不利理由、敵スキル待ち、アルティメット判断、ランク別助言は有料価値として扱う。
Bastion,Torbjörn,バスティオン視点で、トールビョーンへの基本方針と対面カテゴリまでは無料で確認できる。,トールビョーンへの有利・不利理由、敵スキル待ち、アルティメット判断、ランク別助言は有料価値として扱う。
Bastion,Bastion,バスティオン視点で、バスティオンへの基本方針と対面カテゴリまでは無料で確認できる。,バスティオンへの有利・不利理由、敵スキル待ち、アルティメット判断、ランク別助言は有料価値として扱う。
Bastion,Mei,バスティオン視点で、メイへの基本方針と対面カテゴリまでは無料で確認できる。,メイへの有利・不利理由、敵スキル待ち、アルティメット判断、ランク別助言は有料価値として扱う。
Bastion,Illari,バスティオン視点で、イラリーへの基本方針と対面カテゴリまでは無料で確認できる。,イラリーへの有利・不利理由、敵スキル待ち、アルティメット判断、ランク別助言は有料価値として扱う。
Bastion,Jetpack Cat,バスティオン視点で、ジェットパック・キャットへの基本方針と対面カテゴリまでは無料で確認できる。,ジェットパック・キャットへの有利・不利理由、敵スキル待ち、アルティメット判断、ランク別助言は有料価値として扱う。
Bastion,Juno,バスティオン視点で、ジュノへの基本方針と対面カテゴリまでは無料で確認できる。,ジュノへの有利・不利理由、敵スキル待ち、アルティメット判断、ランク別助言は有料価値として扱う。
Bastion,Baptiste,バスティオン視点で、バティストへの基本方針と対面カテゴリまでは無料で確認できる。,バティストへの有利・不利理由、敵スキル待ち、アルティメット判断、ランク別助言は有料価値として扱う。
Bastion,Mercy,バスティオン視点で、マーシーへの基本方針と対面カテゴリまでは無料で確認できる。,マーシーへの有利・不利理由、敵スキル待ち、アルティメット判断、ランク別助言は有料価値として扱う。
Bastion,Lifeweaver,バスティオン視点で、ライフウィーバーへの基本方針と対面カテゴリまでは無料で確認できる。,ライフウィーバーへの有利・不利理由、敵スキル待ち、アルティメット判断、ランク別助言は有料価値として扱う。
Bastion,Kiriko,バスティオン視点で、キリコへの基本方針と対面カテゴリまでは無料で確認できる。,キリコへの有利・不利理由、敵スキル待ち、アルティメット判断、ランク別助言は有料価値として扱う。
Bastion,Brigitte,バスティオン視点で、ブリギッテへの基本方針と対面カテゴリまでは無料で確認できる。,ブリギッテへの有利・不利理由、敵スキル待ち、アルティメット判断、ランク別助言は有料価値として扱う。
Bastion,Moira,バスティオン視点で、モイラへの基本方針と対面カテゴリまでは無料で確認できる。,モイラへの有利・不利理由、敵スキル待ち、アルティメット判断、ランク別助言は有料価値として扱う。
Bastion,Lúcio,バスティオン視点で、ルシオへの基本方針と対面カテゴリまでは無料で確認できる。,ルシオへの有利・不利理由、敵スキル待ち、アルティメット判断、ランク別助言は有料価値として扱う。
Bastion,Ana,バスティオン視点で、アナへの基本方針と対面カテゴリまでは無料で確認できる。,アナへの有利・不利理由、敵スキル待ち、アルティメット判断、ランク別助言は有料価値として扱う。
Bastion,Wuyang,バスティオン視点で、ウーヤンへの基本方針と対面カテゴリまでは無料で確認できる。,ウーヤンへの有利・不利理由、敵スキル待ち、アルティメット判断、ランク別助言は有料価値として扱う。
Bastion,Zenyatta,バスティオン視点で、ゼニヤッタへの基本方針と対面カテゴリまでは無料で確認できる。,ゼニヤッタへの有利・不利理由、敵スキル待ち、アルティメット判断、ランク別助言は有料価値として扱う。
Bastion,Mizuki,バスティオン視点で、ミズキへの基本方針と対面カテゴリまでは無料で確認できる。,ミズキへの有利・不利理由、敵スキル待ち、アルティメット判断、ランク別助言は有料価値として扱う。
Mei,D.Va,メイ視点で、D.Vaへの基本方針と対面カテゴリまでは無料で確認できる。,D.Vaへの有利・不利理由、敵スキル待ち、アルティメット判断、ランク別助言は有料価値として扱う。
Mei,Winston,メイ視点で、ウィンストンへの基本方針と対面カテゴリまでは無料で確認できる。,ウィンストンへの有利・不利理由、敵スキル待ち、アルティメット判断、ランク別助言は有料価値として扱う。
Mei,Doomfist,メイ視点で、ドゥームフィストへの基本方針と対面カテゴリまでは無料で確認できる。,ドゥームフィストへの有利・不利理由、敵スキル待ち、アルティメット判断、ランク別助言は有料価値として扱う。
Mei,Hazard,メイ視点で、ハザードへの基本方針と対面カテゴリまでは無料で確認できる。,ハザードへの有利・不利理由、敵スキル待ち、アルティメット判断、ランク別助言は有料価値として扱う。
Mei,Wrecking Ball,メイ視点で、レッキング・ボールへの基本方針と対面カテゴリまでは無料で確認できる。,レッキング・ボールへの有利・不利理由、敵スキル待ち、アルティメット判断、ランク別助言は有料価値として扱う。
Mei,Zarya,メイ視点で、ザリアへの基本方針と対面カテゴリまでは無料で確認できる。,ザリアへの有利・不利理由、敵スキル待ち、アルティメット判断、ランク別助言は有料価値として扱う。
Mei,Junker Queen,メイ視点で、ジャンカー・クイーンへの基本方針と対面カテゴリまでは無料で確認できる。,ジャンカー・クイーンへの有利・不利理由、敵スキル待ち、アルティメット判断、ランク別助言は有料価値として扱う。
Mei,Domina,メイ視点で、ドミナへの基本方針と対面カテゴリまでは無料で確認できる。,ドミナへの有利・不利理由、敵スキル待ち、アルティメット判断、ランク別助言は有料価値として扱う。
Mei,Mauga,メイ視点で、マウガへの基本方針と対面カテゴリまでは無料で確認できる。,マウガへの有利・不利理由、敵スキル待ち、アルティメット判断、ランク別助言は有料価値として扱う。
Mei,Ramattra,メイ視点で、ラマットラへの基本方針と対面カテゴリまでは無料で確認できる。,ラマットラへの有利・不利理由、敵スキル待ち、アルティメット判断、ランク別助言は有料価値として扱う。
Mei,Roadhog,メイ視点で、ロードホッグへの基本方針と対面カテゴリまでは無料で確認できる。,ロードホッグへの有利・不利理由、敵スキル待ち、アルティメット判断、ランク別助言は有料価値として扱う。
Mei,Orisa,メイ視点で、オリーサへの基本方針と対面カテゴリまでは無料で確認できる。,オリーサへの有利・不利理由、敵スキル待ち、アルティメット判断、ランク別助言は有料価値として扱う。
Mei,Sigma,メイ視点で、シグマへの基本方針と対面カテゴリまでは無料で確認できる。,シグマへの有利・不利理由、敵スキル待ち、アルティメット判断、ランク別助言は有料価値として扱う。
Mei,Reinhardt,メイ視点で、ラインハルトへの基本方針と対面カテゴリまでは無料で確認できる。,ラインハルトへの有利・不利理由、敵スキル待ち、アルティメット判断、ランク別助言は有料価値として扱う。
Mei,Ashe,メイ視点で、アッシュへの基本方針と対面カテゴリまでは無料で確認できる。,アッシュへの有利・不利理由、敵スキル待ち、アルティメット判断、ランク別助言は有料価値として扱う。
Mei,Widowmaker,メイ視点で、ウィドウメイカーへの基本方針と対面カテゴリまでは無料で確認できる。,ウィドウメイカーへの有利・不利理由、敵スキル待ち、アルティメット判断、ランク別助言は有料価値として扱う。
Mei,Emre,メイ視点で、エムレへの基本方針と対面カテゴリまでは無料で確認できる。,エムレへの有利・不利理由、敵スキル待ち、アルティメット判断、ランク別助言は有料価値として扱う。
Mei,Cassidy,メイ視点で、キャスディへの基本方針と対面カテゴリまでは無料で確認できる。,キャスディへの有利・不利理由、敵スキル待ち、アルティメット判断、ランク別助言は有料価値として扱う。
Mei,Sojourn,メイ視点で、ソジョーンへの基本方針と対面カテゴリまでは無料で確認できる。,ソジョーンへの有利・不利理由、敵スキル待ち、アルティメット判断、ランク別助言は有料価値として扱う。
Mei,Soldier: 76,メイ視点で、ソルジャー76への基本方針と対面カテゴリまでは無料で確認できる。,ソルジャー76への有利・不利理由、敵スキル待ち、アルティメット判断、ランク別助言は有料価値として扱う。
Mei,Hanzo,メイ視点で、ハンゾーへの基本方針と対面カテゴリまでは無料で確認できる。,ハンゾーへの有利・不利理由、敵スキル待ち、アルティメット判断、ランク別助言は有料価値として扱う。
Mei,Freja,メイ視点で、フレイヤへの基本方針と対面カテゴリまでは無料で確認できる。,フレイヤへの有利・不利理由、敵スキル待ち、アルティメット判断、ランク別助言は有料価値として扱う。
Mei,Anran,メイ視点で、アンランへの基本方針と対面カテゴリまでは無料で確認できる。,アンランへの有利・不利理由、敵スキル待ち、アルティメット判断、ランク別助言は有料価値として扱う。
Mei,Genji,メイ視点で、ゲンジへの基本方針と対面カテゴリまでは無料で確認できる。,ゲンジへの有利・不利理由、敵スキル待ち、アルティメット判断、ランク別助言は有料価値として扱う。
Mei,Shion,メイ視点で、シオンへの基本方針と対面カテゴリまでは無料で確認できる。,シオンへの有利・不利理由、敵スキル待ち、アルティメット判断、ランク別助言は有料価値として扱う。
Mei,Sombra,メイ視点で、ソンブラへの基本方針と対面カテゴリまでは無料で確認できる。,ソンブラへの有利・不利理由、敵スキル待ち、アルティメット判断、ランク別助言は有料価値として扱う。
Mei,Tracer,メイ視点で、トレーサーへの基本方針と対面カテゴリまでは無料で確認できる。,トレーサーへの有利・不利理由、敵スキル待ち、アルティメット判断、ランク別助言は有料価値として扱う。
Mei,Venture,メイ視点で、ベンチャーへの基本方針と対面カテゴリまでは無料で確認できる。,ベンチャーへの有利・不利理由、敵スキル待ち、アルティメット判断、ランク別助言は有料価値として扱う。
Mei,Reaper,メイ視点で、リーパーへの基本方針と対面カテゴリまでは無料で確認できる。,リーパーへの有利・不利理由、敵スキル待ち、アルティメット判断、ランク別助言は有料価値として扱う。
Mei,Vendetta,メイ視点で、ヴェンデッタへの基本方針と対面カテゴリまでは無料で確認できる。,ヴェンデッタへの有利・不利理由、敵スキル待ち、アルティメット判断、ランク別助言は有料価値として扱う。
Mei,Echo,メイ視点で、エコーへの基本方針と対面カテゴリまでは無料で確認できる。,エコーへの有利・不利理由、敵スキル待ち、アルティメット判断、ランク別助言は有料価値として扱う。
Mei,Pharah,メイ視点で、ファラへの基本方針と対面カテゴリまでは無料で確認できる。,ファラへの有利・不利理由、敵スキル待ち、アルティメット判断、ランク別助言は有料価値として扱う。
Mei,Symmetra,メイ視点で、シンメトラへの基本方針と対面カテゴリまでは無料で確認できる。,シンメトラへの有利・不利理由、敵スキル待ち、アルティメット判断、ランク別助言は有料価値として扱う。
Mei,Junkrat,メイ視点で、ジャンクラットへの基本方針と対面カテゴリまでは無料で確認できる。,ジャンクラットへの有利・不利理由、敵スキル待ち、アルティメット判断、ランク別助言は有料価値として扱う。
Mei,Torbjörn,メイ視点で、トールビョーンへの基本方針と対面カテゴリまでは無料で確認できる。,トールビョーンへの有利・不利理由、敵スキル待ち、アルティメット判断、ランク別助言は有料価値として扱う。
Mei,Bastion,メイ視点で、バスティオンへの基本方針と対面カテゴリまでは無料で確認できる。,バスティオンへの有利・不利理由、敵スキル待ち、アルティメット判断、ランク別助言は有料価値として扱う。
Mei,Mei,メイ視点で、メイへの基本方針と対面カテゴリまでは無料で確認できる。,メイへの有利・不利理由、敵スキル待ち、アルティメット判断、ランク別助言は有料価値として扱う。
Mei,Illari,メイ視点で、イラリーへの基本方針と対面カテゴリまでは無料で確認できる。,イラリーへの有利・不利理由、敵スキル待ち、アルティメット判断、ランク別助言は有料価値として扱う。
Mei,Jetpack Cat,メイ視点で、ジェットパック・キャットへの基本方針と対面カテゴリまでは無料で確認できる。,ジェットパック・キャットへの有利・不利理由、敵スキル待ち、アルティメット判断、ランク別助言は有料価値として扱う。
Mei,Juno,メイ視点で、ジュノへの基本方針と対面カテゴリまでは無料で確認できる。,ジュノへの有利・不利理由、敵スキル待ち、アルティメット判断、ランク別助言は有料価値として扱う。
Mei,Baptiste,メイ視点で、バティストへの基本方針と対面カテゴリまでは無料で確認できる。,バティストへの有利・不利理由、敵スキル待ち、アルティメット判断、ランク別助言は有料価値として扱う。
Mei,Mercy,メイ視点で、マーシーへの基本方針と対面カテゴリまでは無料で確認できる。,マーシーへの有利・不利理由、敵スキル待ち、アルティメット判断、ランク別助言は有料価値として扱う。
Mei,Lifeweaver,メイ視点で、ライフウィーバーへの基本方針と対面カテゴリまでは無料で確認できる。,ライフウィーバーへの有利・不利理由、敵スキル待ち、アルティメット判断、ランク別助言は有料価値として扱う。
Mei,Kiriko,メイ視点で、キリコへの基本方針と対面カテゴリまでは無料で確認できる。,キリコへの有利・不利理由、敵スキル待ち、アルティメット判断、ランク別助言は有料価値として扱う。
Mei,Brigitte,メイ視点で、ブリギッテへの基本方針と対面カテゴリまでは無料で確認できる。,ブリギッテへの有利・不利理由、敵スキル待ち、アルティメット判断、ランク別助言は有料価値として扱う。
Mei,Moira,メイ視点で、モイラへの基本方針と対面カテゴリまでは無料で確認できる。,モイラへの有利・不利理由、敵スキル待ち、アルティメット判断、ランク別助言は有料価値として扱う。
Mei,Lúcio,メイ視点で、ルシオへの基本方針と対面カテゴリまでは無料で確認できる。,ルシオへの有利・不利理由、敵スキル待ち、アルティメット判断、ランク別助言は有料価値として扱う。
Mei,Ana,メイ視点で、アナへの基本方針と対面カテゴリまでは無料で確認できる。,アナへの有利・不利理由、敵スキル待ち、アルティメット判断、ランク別助言は有料価値として扱う。
Mei,Wuyang,メイ視点で、ウーヤンへの基本方針と対面カテゴリまでは無料で確認できる。,ウーヤンへの有利・不利理由、敵スキル待ち、アルティメット判断、ランク別助言は有料価値として扱う。
Mei,Zenyatta,メイ視点で、ゼニヤッタへの基本方針と対面カテゴリまでは無料で確認できる。,ゼニヤッタへの有利・不利理由、敵スキル待ち、アルティメット判断、ランク別助言は有料価値として扱う。
Mei,Mizuki,メイ視点で、ミズキへの基本方針と対面カテゴリまでは無料で確認できる。,ミズキへの有利・不利理由、敵スキル待ち、アルティメット判断、ランク別助言は有料価値として扱う。
Sombra,D.Va,ソンブラ視点で、D.Vaへの基本方針と対面カテゴリまでは無料で確認できる。,D.Vaへの有利・不利理由、敵スキル待ち、アルティメット判断、ランク別助言は有料価値として扱う。
Sombra,Winston,ソンブラ視点で、ウィンストンへの基本方針と対面カテゴリまでは無料で確認できる。,ウィンストンへの有利・不利理由、敵スキル待ち、アルティメット判断、ランク別助言は有料価値として扱う。
Sombra,Doomfist,ソンブラ視点で、ドゥームフィストへの基本方針と対面カテゴリまでは無料で確認できる。,ドゥームフィストへの有利・不利理由、敵スキル待ち、アルティメット判断、ランク別助言は有料価値として扱う。
Sombra,Hazard,ソンブラ視点で、ハザードへの基本方針と対面カテゴリまでは無料で確認できる。,ハザードへの有利・不利理由、敵スキル待ち、アルティメット判断、ランク別助言は有料価値として扱う。
Sombra,Wrecking Ball,ソンブラ視点で、レッキング・ボールへの基本方針と対面カテゴリまでは無料で確認できる。,レッキング・ボールへの有利・不利理由、敵スキル待ち、アルティメット判断、ランク別助言は有料価値として扱う。
Sombra,Zarya,ソンブラ視点で、ザリアへの基本方針と対面カテゴリまでは無料で確認できる。,ザリアへの有利・不利理由、敵スキル待ち、アルティメット判断、ランク別助言は有料価値として扱う。
Sombra,Junker Queen,ソンブラ視点で、ジャンカー・クイーンへの基本方針と対面カテゴリまでは無料で確認できる。,ジャンカー・クイーンへの有利・不利理由、敵スキル待ち、アルティメット判断、ランク別助言は有料価値として扱う。
Sombra,Domina,ソンブラ視点で、ドミナへの基本方針と対面カテゴリまでは無料で確認できる。,ドミナへの有利・不利理由、敵スキル待ち、アルティメット判断、ランク別助言は有料価値として扱う。
Sombra,Mauga,ソンブラ視点で、マウガへの基本方針と対面カテゴリまでは無料で確認できる。,マウガへの有利・不利理由、敵スキル待ち、アルティメット判断、ランク別助言は有料価値として扱う。
Sombra,Ramattra,ソンブラ視点で、ラマットラへの基本方針と対面カテゴリまでは無料で確認できる。,ラマットラへの有利・不利理由、敵スキル待ち、アルティメット判断、ランク別助言は有料価値として扱う。
Sombra,Roadhog,ソンブラ視点で、ロードホッグへの基本方針と対面カテゴリまでは無料で確認できる。,ロードホッグへの有利・不利理由、敵スキル待ち、アルティメット判断、ランク別助言は有料価値として扱う。
Sombra,Orisa,ソンブラ視点で、オリーサへの基本方針と対面カテゴリまでは無料で確認できる。,オリーサへの有利・不利理由、敵スキル待ち、アルティメット判断、ランク別助言は有料価値として扱う。
Sombra,Sigma,ソンブラ視点で、シグマへの基本方針と対面カテゴリまでは無料で確認できる。,シグマへの有利・不利理由、敵スキル待ち、アルティメット判断、ランク別助言は有料価値として扱う。
Sombra,Reinhardt,ソンブラ視点で、ラインハルトへの基本方針と対面カテゴリまでは無料で確認できる。,ラインハルトへの有利・不利理由、敵スキル待ち、アルティメット判断、ランク別助言は有料価値として扱う。
Sombra,Ashe,ソンブラ視点で、アッシュへの基本方針と対面カテゴリまでは無料で確認できる。,アッシュへの有利・不利理由、敵スキル待ち、アルティメット判断、ランク別助言は有料価値として扱う。
Sombra,Widowmaker,ソンブラ視点で、ウィドウメイカーへの基本方針と対面カテゴリまでは無料で確認できる。,ウィドウメイカーへの有利・不利理由、敵スキル待ち、アルティメット判断、ランク別助言は有料価値として扱う。
Sombra,Emre,ソンブラ視点で、エムレへの基本方針と対面カテゴリまでは無料で確認できる。,エムレへの有利・不利理由、敵スキル待ち、アルティメット判断、ランク別助言は有料価値として扱う。
Sombra,Cassidy,ソンブラ視点で、キャスディへの基本方針と対面カテゴリまでは無料で確認できる。,キャスディへの有利・不利理由、敵スキル待ち、アルティメット判断、ランク別助言は有料価値として扱う。
Sombra,Sojourn,ソンブラ視点で、ソジョーンへの基本方針と対面カテゴリまでは無料で確認できる。,ソジョーンへの有利・不利理由、敵スキル待ち、アルティメット判断、ランク別助言は有料価値として扱う。
Sombra,Soldier: 76,ソンブラ視点で、ソルジャー76への基本方針と対面カテゴリまでは無料で確認できる。,ソルジャー76への有利・不利理由、敵スキル待ち、アルティメット判断、ランク別助言は有料価値として扱う。
Sombra,Hanzo,ソンブラ視点で、ハンゾーへの基本方針と対面カテゴリまでは無料で確認できる。,ハンゾーへの有利・不利理由、敵スキル待ち、アルティメット判断、ランク別助言は有料価値として扱う。
Sombra,Freja,ソンブラ視点で、フレイヤへの基本方針と対面カテゴリまでは無料で確認できる。,フレイヤへの有利・不利理由、敵スキル待ち、アルティメット判断、ランク別助言は有料価値として扱う。
Sombra,Anran,ソンブラ視点で、アンランへの基本方針と対面カテゴリまでは無料で確認できる。,アンランへの有利・不利理由、敵スキル待ち、アルティメット判断、ランク別助言は有料価値として扱う。
Sombra,Genji,ソンブラ視点で、ゲンジへの基本方針と対面カテゴリまでは無料で確認できる。,ゲンジへの有利・不利理由、敵スキル待ち、アルティメット判断、ランク別助言は有料価値として扱う。
Sombra,Shion,ソンブラ視点で、シオンへの基本方針と対面カテゴリまでは無料で確認できる。,シオンへの有利・不利理由、敵スキル待ち、アルティメット判断、ランク別助言は有料価値として扱う。
Sombra,Sombra,ソンブラ視点で、ソンブラへの基本方針と対面カテゴリまでは無料で確認できる。,ソンブラへの有利・不利理由、敵スキル待ち、アルティメット判断、ランク別助言は有料価値として扱う。
Sombra,Tracer,ソンブラ視点で、トレーサーへの基本方針と対面カテゴリまでは無料で確認できる。,トレーサーへの有利・不利理由、敵スキル待ち、アルティメット判断、ランク別助言は有料価値として扱う。
Sombra,Venture,ソンブラ視点で、ベンチャーへの基本方針と対面カテゴリまでは無料で確認できる。,ベンチャーへの有利・不利理由、敵スキル待ち、アルティメット判断、ランク別助言は有料価値として扱う。
Sombra,Reaper,ソンブラ視点で、リーパーへの基本方針と対面カテゴリまでは無料で確認できる。,リーパーへの有利・不利理由、敵スキル待ち、アルティメット判断、ランク別助言は有料価値として扱う。
Sombra,Vendetta,ソンブラ視点で、ヴェンデッタへの基本方針と対面カテゴリまでは無料で確認できる。,ヴェンデッタへの有利・不利理由、敵スキル待ち、アルティメット判断、ランク別助言は有料価値として扱う。
Sombra,Echo,ソンブラ視点で、エコーへの基本方針と対面カテゴリまでは無料で確認できる。,エコーへの有利・不利理由、敵スキル待ち、アルティメット判断、ランク別助言は有料価値として扱う。
Sombra,Pharah,ソンブラ視点で、ファラへの基本方針と対面カテゴリまでは無料で確認できる。,ファラへの有利・不利理由、敵スキル待ち、アルティメット判断、ランク別助言は有料価値として扱う。
Sombra,Symmetra,ソンブラ視点で、シンメトラへの基本方針と対面カテゴリまでは無料で確認できる。,シンメトラへの有利・不利理由、敵スキル待ち、アルティメット判断、ランク別助言は有料価値として扱う。
Sombra,Junkrat,ソンブラ視点で、ジャンクラットへの基本方針と対面カテゴリまでは無料で確認できる。,ジャンクラットへの有利・不利理由、敵スキル待ち、アルティメット判断、ランク別助言は有料価値として扱う。
Sombra,Torbjörn,ソンブラ視点で、トールビョーンへの基本方針と対面カテゴリまでは無料で確認できる。,トールビョーンへの有利・不利理由、敵スキル待ち、アルティメット判断、ランク別助言は有料価値として扱う。
Sombra,Bastion,ソンブラ視点で、バスティオンへの基本方針と対面カテゴリまでは無料で確認できる。,バスティオンへの有利・不利理由、敵スキル待ち、アルティメット判断、ランク別助言は有料価値として扱う。
Sombra,Mei,ソンブラ視点で、メイへの基本方針と対面カテゴリまでは無料で確認できる。,メイへの有利・不利理由、敵スキル待ち、アルティメット判断、ランク別助言は有料価値として扱う。
Sombra,Illari,ソンブラ視点で、イラリーへの基本方針と対面カテゴリまでは無料で確認できる。,イラリーへの有利・不利理由、敵スキル待ち、アルティメット判断、ランク別助言は有料価値として扱う。
Sombra,Jetpack Cat,ソンブラ視点で、ジェットパック・キャットへの基本方針と対面カテゴリまでは無料で確認できる。,ジェットパック・キャットへの有利・不利理由、敵スキル待ち、アルティメット判断、ランク別助言は有料価値として扱う。
Sombra,Juno,ソンブラ視点で、ジュノへの基本方針と対面カテゴリまでは無料で確認できる。,ジュノへの有利・不利理由、敵スキル待ち、アルティメット判断、ランク別助言は有料価値として扱う。
Sombra,Baptiste,ソンブラ視点で、バティストへの基本方針と対面カテゴリまでは無料で確認できる。,バティストへの有利・不利理由、敵スキル待ち、アルティメット判断、ランク別助言は有料価値として扱う。
Sombra,Mercy,ソンブラ視点で、マーシーへの基本方針と対面カテゴリまでは無料で確認できる。,マーシーへの有利・不利理由、敵スキル待ち、アルティメット判断、ランク別助言は有料価値として扱う。
Sombra,Lifeweaver,ソンブラ視点で、ライフウィーバーへの基本方針と対面カテゴリまでは無料で確認できる。,ライフウィーバーへの有利・不利理由、敵スキル待ち、アルティメット判断、ランク別助言は有料価値として扱う。
Sombra,Kiriko,ソンブラ視点で、キリコへの基本方針と対面カテゴリまでは無料で確認できる。,キリコへの有利・不利理由、敵スキル待ち、アルティメット判断、ランク別助言は有料価値として扱う。
Sombra,Brigitte,ソンブラ視点で、ブリギッテへの基本方針と対面カテゴリまでは無料で確認できる。,ブリギッテへの有利・不利理由、敵スキル待ち、アルティメット判断、ランク別助言は有料価値として扱う。
Sombra,Moira,ソンブラ視点で、モイラへの基本方針と対面カテゴリまでは無料で確認できる。,モイラへの有利・不利理由、敵スキル待ち、アルティメット判断、ランク別助言は有料価値として扱う。
Sombra,Lúcio,ソンブラ視点で、ルシオへの基本方針と対面カテゴリまでは無料で確認できる。,ルシオへの有利・不利理由、敵スキル待ち、アルティメット判断、ランク別助言は有料価値として扱う。
Sombra,Ana,ソンブラ視点で、アナへの基本方針と対面カテゴリまでは無料で確認できる。,アナへの有利・不利理由、敵スキル待ち、アルティメット判断、ランク別助言は有料価値として扱う。
Sombra,Wuyang,ソンブラ視点で、ウーヤンへの基本方針と対面カテゴリまでは無料で確認できる。,ウーヤンへの有利・不利理由、敵スキル待ち、アルティメット判断、ランク別助言は有料価値として扱う。
Sombra,Zenyatta,ソンブラ視点で、ゼニヤッタへの基本方針と対面カテゴリまでは無料で確認できる。,ゼニヤッタへの有利・不利理由、敵スキル待ち、アルティメット判断、ランク別助言は有料価値として扱う。
Sombra,Mizuki,ソンブラ視点で、ミズキへの基本方針と対面カテゴリまでは無料で確認できる。,ミズキへの有利・不利理由、敵スキル待ち、アルティメット判断、ランク別助言は有料価値として扱う。
Tracer,D.Va,トレーサー視点で、D.Vaへの基本方針と対面カテゴリまでは無料で確認できる。,D.Vaへの有利・不利理由、敵スキル待ち、アルティメット判断、ランク別助言は有料価値として扱う。
Tracer,Winston,トレーサー視点で、ウィンストンへの基本方針と対面カテゴリまでは無料で確認できる。,ウィンストンへの有利・不利理由、敵スキル待ち、アルティメット判断、ランク別助言は有料価値として扱う。
Tracer,Doomfist,トレーサー視点で、ドゥームフィストへの基本方針と対面カテゴリまでは無料で確認できる。,ドゥームフィストへの有利・不利理由、敵スキル待ち、アルティメット判断、ランク別助言は有料価値として扱う。
Tracer,Hazard,トレーサー視点で、ハザードへの基本方針と対面カテゴリまでは無料で確認できる。,ハザードへの有利・不利理由、敵スキル待ち、アルティメット判断、ランク別助言は有料価値として扱う。
Tracer,Wrecking Ball,トレーサー視点で、レッキング・ボールへの基本方針と対面カテゴリまでは無料で確認できる。,レッキング・ボールへの有利・不利理由、敵スキル待ち、アルティメット判断、ランク別助言は有料価値として扱う。
Tracer,Zarya,トレーサー視点で、ザリアへの基本方針と対面カテゴリまでは無料で確認できる。,ザリアへの有利・不利理由、敵スキル待ち、アルティメット判断、ランク別助言は有料価値として扱う。
Tracer,Junker Queen,トレーサー視点で、ジャンカー・クイーンへの基本方針と対面カテゴリまでは無料で確認できる。,ジャンカー・クイーンへの有利・不利理由、敵スキル待ち、アルティメット判断、ランク別助言は有料価値として扱う。
Tracer,Domina,トレーサー視点で、ドミナへの基本方針と対面カテゴリまでは無料で確認できる。,ドミナへの有利・不利理由、敵スキル待ち、アルティメット判断、ランク別助言は有料価値として扱う。
Tracer,Mauga,トレーサー視点で、マウガへの基本方針と対面カテゴリまでは無料で確認できる。,マウガへの有利・不利理由、敵スキル待ち、アルティメット判断、ランク別助言は有料価値として扱う。
Tracer,Ramattra,トレーサー視点で、ラマットラへの基本方針と対面カテゴリまでは無料で確認できる。,ラマットラへの有利・不利理由、敵スキル待ち、アルティメット判断、ランク別助言は有料価値として扱う。
Tracer,Roadhog,トレーサー視点で、ロードホッグへの基本方針と対面カテゴリまでは無料で確認できる。,ロードホッグへの有利・不利理由、敵スキル待ち、アルティメット判断、ランク別助言は有料価値として扱う。
Tracer,Orisa,トレーサー視点で、オリーサへの基本方針と対面カテゴリまでは無料で確認できる。,オリーサへの有利・不利理由、敵スキル待ち、アルティメット判断、ランク別助言は有料価値として扱う。
Tracer,Sigma,トレーサー視点で、シグマへの基本方針と対面カテゴリまでは無料で確認できる。,シグマへの有利・不利理由、敵スキル待ち、アルティメット判断、ランク別助言は有料価値として扱う。
Tracer,Reinhardt,トレーサー視点で、ラインハルトへの基本方針と対面カテゴリまでは無料で確認できる。,ラインハルトへの有利・不利理由、敵スキル待ち、アルティメット判断、ランク別助言は有料価値として扱う。
Tracer,Ashe,トレーサー視点で、アッシュへの基本方針と対面カテゴリまでは無料で確認できる。,アッシュへの有利・不利理由、敵スキル待ち、アルティメット判断、ランク別助言は有料価値として扱う。
Tracer,Widowmaker,トレーサー視点で、ウィドウメイカーへの基本方針と対面カテゴリまでは無料で確認できる。,ウィドウメイカーへの有利・不利理由、敵スキル待ち、アルティメット判断、ランク別助言は有料価値として扱う。
Tracer,Emre,トレーサー視点で、エムレへの基本方針と対面カテゴリまでは無料で確認できる。,エムレへの有利・不利理由、敵スキル待ち、アルティメット判断、ランク別助言は有料価値として扱う。
Tracer,Cassidy,トレーサー視点で、キャスディへの基本方針と対面カテゴリまでは無料で確認できる。,キャスディへの有利・不利理由、敵スキル待ち、アルティメット判断、ランク別助言は有料価値として扱う。
Tracer,Sojourn,トレーサー視点で、ソジョーンへの基本方針と対面カテゴリまでは無料で確認できる。,ソジョーンへの有利・不利理由、敵スキル待ち、アルティメット判断、ランク別助言は有料価値として扱う。
Tracer,Soldier: 76,トレーサー視点で、ソルジャー76への基本方針と対面カテゴリまでは無料で確認できる。,ソルジャー76への有利・不利理由、敵スキル待ち、アルティメット判断、ランク別助言は有料価値として扱う。
Tracer,Hanzo,トレーサー視点で、ハンゾーへの基本方針と対面カテゴリまでは無料で確認できる。,ハンゾーへの有利・不利理由、敵スキル待ち、アルティメット判断、ランク別助言は有料価値として扱う。
Tracer,Freja,トレーサー視点で、フレイヤへの基本方針と対面カテゴリまでは無料で確認できる。,フレイヤへの有利・不利理由、敵スキル待ち、アルティメット判断、ランク別助言は有料価値として扱う。
Tracer,Anran,トレーサー視点で、アンランへの基本方針と対面カテゴリまでは無料で確認できる。,アンランへの有利・不利理由、敵スキル待ち、アルティメット判断、ランク別助言は有料価値として扱う。
Tracer,Genji,トレーサー視点で、ゲンジへの基本方針と対面カテゴリまでは無料で確認できる。,ゲンジへの有利・不利理由、敵スキル待ち、アルティメット判断、ランク別助言は有料価値として扱う。
Tracer,Shion,トレーサー視点で、シオンへの基本方針と対面カテゴリまでは無料で確認できる。,シオンへの有利・不利理由、敵スキル待ち、アルティメット判断、ランク別助言は有料価値として扱う。
Tracer,Sombra,トレーサー視点で、ソンブラへの基本方針と対面カテゴリまでは無料で確認できる。,ソンブラへの有利・不利理由、敵スキル待ち、アルティメット判断、ランク別助言は有料価値として扱う。
Tracer,Tracer,トレーサー視点で、トレーサーへの基本方針と対面カテゴリまでは無料で確認できる。,トレーサーへの有利・不利理由、敵スキル待ち、アルティメット判断、ランク別助言は有料価値として扱う。
Tracer,Venture,トレーサー視点で、ベンチャーへの基本方針と対面カテゴリまでは無料で確認できる。,ベンチャーへの有利・不利理由、敵スキル待ち、アルティメット判断、ランク別助言は有料価値として扱う。
Tracer,Reaper,トレーサー視点で、リーパーへの基本方針と対面カテゴリまでは無料で確認できる。,リーパーへの有利・不利理由、敵スキル待ち、アルティメット判断、ランク別助言は有料価値として扱う。
Tracer,Vendetta,トレーサー視点で、ヴェンデッタへの基本方針と対面カテゴリまでは無料で確認できる。,ヴェンデッタへの有利・不利理由、敵スキル待ち、アルティメット判断、ランク別助言は有料価値として扱う。
Tracer,Echo,トレーサー視点で、エコーへの基本方針と対面カテゴリまでは無料で確認できる。,エコーへの有利・不利理由、敵スキル待ち、アルティメット判断、ランク別助言は有料価値として扱う。
Tracer,Pharah,トレーサー視点で、ファラへの基本方針と対面カテゴリまでは無料で確認できる。,ファラへの有利・不利理由、敵スキル待ち、アルティメット判断、ランク別助言は有料価値として扱う。
Tracer,Symmetra,トレーサー視点で、シンメトラへの基本方針と対面カテゴリまでは無料で確認できる。,シンメトラへの有利・不利理由、敵スキル待ち、アルティメット判断、ランク別助言は有料価値として扱う。
Tracer,Junkrat,トレーサー視点で、ジャンクラットへの基本方針と対面カテゴリまでは無料で確認できる。,ジャンクラットへの有利・不利理由、敵スキル待ち、アルティメット判断、ランク別助言は有料価値として扱う。
Tracer,Torbjörn,トレーサー視点で、トールビョーンへの基本方針と対面カテゴリまでは無料で確認できる。,トールビョーンへの有利・不利理由、敵スキル待ち、アルティメット判断、ランク別助言は有料価値として扱う。
Tracer,Bastion,トレーサー視点で、バスティオンへの基本方針と対面カテゴリまでは無料で確認できる。,バスティオンへの有利・不利理由、敵スキル待ち、アルティメット判断、ランク別助言は有料価値として扱う。
Tracer,Mei,トレーサー視点で、メイへの基本方針と対面カテゴリまでは無料で確認できる。,メイへの有利・不利理由、敵スキル待ち、アルティメット判断、ランク別助言は有料価値として扱う。
Tracer,Illari,トレーサー視点で、イラリーへの基本方針と対面カテゴリまでは無料で確認できる。,イラリーへの有利・不利理由、敵スキル待ち、アルティメット判断、ランク別助言は有料価値として扱う。
Tracer,Jetpack Cat,トレーサー視点で、ジェットパック・キャットへの基本方針と対面カテゴリまでは無料で確認できる。,ジェットパック・キャットへの有利・不利理由、敵スキル待ち、アルティメット判断、ランク別助言は有料価値として扱う。
Tracer,Juno,トレーサー視点で、ジュノへの基本方針と対面カテゴリまでは無料で確認できる。,ジュノへの有利・不利理由、敵スキル待ち、アルティメット判断、ランク別助言は有料価値として扱う。
Tracer,Baptiste,トレーサー視点で、バティストへの基本方針と対面カテゴリまでは無料で確認できる。,バティストへの有利・不利理由、敵スキル待ち、アルティメット判断、ランク別助言は有料価値として扱う。
Tracer,Mercy,トレーサー視点で、マーシーへの基本方針と対面カテゴリまでは無料で確認できる。,マーシーへの有利・不利理由、敵スキル待ち、アルティメット判断、ランク別助言は有料価値として扱う。
Tracer,Lifeweaver,トレーサー視点で、ライフウィーバーへの基本方針と対面カテゴリまでは無料で確認できる。,ライフウィーバーへの有利・不利理由、敵スキル待ち、アルティメット判断、ランク別助言は有料価値として扱う。
Tracer,Kiriko,トレーサー視点で、キリコへの基本方針と対面カテゴリまでは無料で確認できる。,キリコへの有利・不利理由、敵スキル待ち、アルティメット判断、ランク別助言は有料価値として扱う。
Tracer,Brigitte,トレーサー視点で、ブリギッテへの基本方針と対面カテゴリまでは無料で確認できる。,ブリギッテへの有利・不利理由、敵スキル待ち、アルティメット判断、ランク別助言は有料価値として扱う。
Tracer,Moira,トレーサー視点で、モイラへの基本方針と対面カテゴリまでは無料で確認できる。,モイラへの有利・不利理由、敵スキル待ち、アルティメット判断、ランク別助言は有料価値として扱う。
Tracer,Lúcio,トレーサー視点で、ルシオへの基本方針と対面カテゴリまでは無料で確認できる。,ルシオへの有利・不利理由、敵スキル待ち、アルティメット判断、ランク別助言は有料価値として扱う。
Tracer,Ana,トレーサー視点で、アナへの基本方針と対面カテゴリまでは無料で確認できる。,アナへの有利・不利理由、敵スキル待ち、アルティメット判断、ランク別助言は有料価値として扱う。
Tracer,Wuyang,トレーサー視点で、ウーヤンへの基本方針と対面カテゴリまでは無料で確認できる。,ウーヤンへの有利・不利理由、敵スキル待ち、アルティメット判断、ランク別助言は有料価値として扱う。
Tracer,Zenyatta,トレーサー視点で、ゼニヤッタへの基本方針と対面カテゴリまでは無料で確認できる。,ゼニヤッタへの有利・不利理由、敵スキル待ち、アルティメット判断、ランク別助言は有料価値として扱う。
Tracer,Mizuki,トレーサー視点で、ミズキへの基本方針と対面カテゴリまでは無料で確認できる。,ミズキへの有利・不利理由、敵スキル待ち、アルティメット判断、ランク別助言は有料価値として扱う。
Genji,D.Va,ゲンジ視点で、D.Vaへの基本方針と対面カテゴリまでは無料で確認できる。,D.Vaへの有利・不利理由、敵スキル待ち、アルティメット判断、ランク別助言は有料価値として扱う。
Genji,Winston,ゲンジ視点で、ウィンストンへの基本方針と対面カテゴリまでは無料で確認できる。,ウィンストンへの有利・不利理由、敵スキル待ち、アルティメット判断、ランク別助言は有料価値として扱う。
Genji,Doomfist,ゲンジ視点で、ドゥームフィストへの基本方針と対面カテゴリまでは無料で確認できる。,ドゥームフィストへの有利・不利理由、敵スキル待ち、アルティメット判断、ランク別助言は有料価値として扱う。
Genji,Hazard,ゲンジ視点で、ハザードへの基本方針と対面カテゴリまでは無料で確認できる。,ハザードへの有利・不利理由、敵スキル待ち、アルティメット判断、ランク別助言は有料価値として扱う。
Genji,Wrecking Ball,ゲンジ視点で、レッキング・ボールへの基本方針と対面カテゴリまでは無料で確認できる。,レッキング・ボールへの有利・不利理由、敵スキル待ち、アルティメット判断、ランク別助言は有料価値として扱う。
Genji,Zarya,ゲンジ視点で、ザリアへの基本方針と対面カテゴリまでは無料で確認できる。,ザリアへの有利・不利理由、敵スキル待ち、アルティメット判断、ランク別助言は有料価値として扱う。
Genji,Junker Queen,ゲンジ視点で、ジャンカー・クイーンへの基本方針と対面カテゴリまでは無料で確認できる。,ジャンカー・クイーンへの有利・不利理由、敵スキル待ち、アルティメット判断、ランク別助言は有料価値として扱う。
Genji,Domina,ゲンジ視点で、ドミナへの基本方針と対面カテゴリまでは無料で確認できる。,ドミナへの有利・不利理由、敵スキル待ち、アルティメット判断、ランク別助言は有料価値として扱う。
Genji,Mauga,ゲンジ視点で、マウガへの基本方針と対面カテゴリまでは無料で確認できる。,マウガへの有利・不利理由、敵スキル待ち、アルティメット判断、ランク別助言は有料価値として扱う。
Genji,Ramattra,ゲンジ視点で、ラマットラへの基本方針と対面カテゴリまでは無料で確認できる。,ラマットラへの有利・不利理由、敵スキル待ち、アルティメット判断、ランク別助言は有料価値として扱う。
Genji,Roadhog,ゲンジ視点で、ロードホッグへの基本方針と対面カテゴリまでは無料で確認できる。,ロードホッグへの有利・不利理由、敵スキル待ち、アルティメット判断、ランク別助言は有料価値として扱う。
Genji,Orisa,ゲンジ視点で、オリーサへの基本方針と対面カテゴリまでは無料で確認できる。,オリーサへの有利・不利理由、敵スキル待ち、アルティメット判断、ランク別助言は有料価値として扱う。
Genji,Sigma,ゲンジ視点で、シグマへの基本方針と対面カテゴリまでは無料で確認できる。,シグマへの有利・不利理由、敵スキル待ち、アルティメット判断、ランク別助言は有料価値として扱う。
Genji,Reinhardt,ゲンジ視点で、ラインハルトへの基本方針と対面カテゴリまでは無料で確認できる。,ラインハルトへの有利・不利理由、敵スキル待ち、アルティメット判断、ランク別助言は有料価値として扱う。
Genji,Ashe,ゲンジ視点で、アッシュへの基本方針と対面カテゴリまでは無料で確認できる。,アッシュへの有利・不利理由、敵スキル待ち、アルティメット判断、ランク別助言は有料価値として扱う。
Genji,Widowmaker,ゲンジ視点で、ウィドウメイカーへの基本方針と対面カテゴリまでは無料で確認できる。,ウィドウメイカーへの有利・不利理由、敵スキル待ち、アルティメット判断、ランク別助言は有料価値として扱う。
Genji,Emre,ゲンジ視点で、エムレへの基本方針と対面カテゴリまでは無料で確認できる。,エムレへの有利・不利理由、敵スキル待ち、アルティメット判断、ランク別助言は有料価値として扱う。
Genji,Cassidy,ゲンジ視点で、キャスディへの基本方針と対面カテゴリまでは無料で確認できる。,キャスディへの有利・不利理由、敵スキル待ち、アルティメット判断、ランク別助言は有料価値として扱う。
Genji,Sojourn,ゲンジ視点で、ソジョーンへの基本方針と対面カテゴリまでは無料で確認できる。,ソジョーンへの有利・不利理由、敵スキル待ち、アルティメット判断、ランク別助言は有料価値として扱う。
Genji,Soldier: 76,ゲンジ視点で、ソルジャー76への基本方針と対面カテゴリまでは無料で確認できる。,ソルジャー76への有利・不利理由、敵スキル待ち、アルティメット判断、ランク別助言は有料価値として扱う。
Genji,Hanzo,ゲンジ視点で、ハンゾーへの基本方針と対面カテゴリまでは無料で確認できる。,ハンゾーへの有利・不利理由、敵スキル待ち、アルティメット判断、ランク別助言は有料価値として扱う。
Genji,Freja,ゲンジ視点で、フレイヤへの基本方針と対面カテゴリまでは無料で確認できる。,フレイヤへの有利・不利理由、敵スキル待ち、アルティメット判断、ランク別助言は有料価値として扱う。
Genji,Anran,ゲンジ視点で、アンランへの基本方針と対面カテゴリまでは無料で確認できる。,アンランへの有利・不利理由、敵スキル待ち、アルティメット判断、ランク別助言は有料価値として扱う。
Genji,Genji,ゲンジ視点で、ゲンジへの基本方針と対面カテゴリまでは無料で確認できる。,ゲンジへの有利・不利理由、敵スキル待ち、アルティメット判断、ランク別助言は有料価値として扱う。
Genji,Shion,ゲンジ視点で、シオンへの基本方針と対面カテゴリまでは無料で確認できる。,シオンへの有利・不利理由、敵スキル待ち、アルティメット判断、ランク別助言は有料価値として扱う。
Genji,Sombra,ゲンジ視点で、ソンブラへの基本方針と対面カテゴリまでは無料で確認できる。,ソンブラへの有利・不利理由、敵スキル待ち、アルティメット判断、ランク別助言は有料価値として扱う。
Genji,Tracer,ゲンジ視点で、トレーサーへの基本方針と対面カテゴリまでは無料で確認できる。,トレーサーへの有利・不利理由、敵スキル待ち、アルティメット判断、ランク別助言は有料価値として扱う。
Genji,Venture,ゲンジ視点で、ベンチャーへの基本方針と対面カテゴリまでは無料で確認できる。,ベンチャーへの有利・不利理由、敵スキル待ち、アルティメット判断、ランク別助言は有料価値として扱う。
Genji,Reaper,ゲンジ視点で、リーパーへの基本方針と対面カテゴリまでは無料で確認できる。,リーパーへの有利・不利理由、敵スキル待ち、アルティメット判断、ランク別助言は有料価値として扱う。
Genji,Vendetta,ゲンジ視点で、ヴェンデッタへの基本方針と対面カテゴリまでは無料で確認できる。,ヴェンデッタへの有利・不利理由、敵スキル待ち、アルティメット判断、ランク別助言は有料価値として扱う。
Genji,Echo,ゲンジ視点で、エコーへの基本方針と対面カテゴリまでは無料で確認できる。,エコーへの有利・不利理由、敵スキル待ち、アルティメット判断、ランク別助言は有料価値として扱う。
Genji,Pharah,ゲンジ視点で、ファラへの基本方針と対面カテゴリまでは無料で確認できる。,ファラへの有利・不利理由、敵スキル待ち、アルティメット判断、ランク別助言は有料価値として扱う。
Genji,Symmetra,ゲンジ視点で、シンメトラへの基本方針と対面カテゴリまでは無料で確認できる。,シンメトラへの有利・不利理由、敵スキル待ち、アルティメット判断、ランク別助言は有料価値として扱う。
Genji,Junkrat,ゲンジ視点で、ジャンクラットへの基本方針と対面カテゴリまでは無料で確認できる。,ジャンクラットへの有利・不利理由、敵スキル待ち、アルティメット判断、ランク別助言は有料価値として扱う。
Genji,Torbjörn,ゲンジ視点で、トールビョーンへの基本方針と対面カテゴリまでは無料で確認できる。,トールビョーンへの有利・不利理由、敵スキル待ち、アルティメット判断、ランク別助言は有料価値として扱う。
Genji,Bastion,ゲンジ視点で、バスティオンへの基本方針と対面カテゴリまでは無料で確認できる。,バスティオンへの有利・不利理由、敵スキル待ち、アルティメット判断、ランク別助言は有料価値として扱う。
Genji,Mei,ゲンジ視点で、メイへの基本方針と対面カテゴリまでは無料で確認できる。,メイへの有利・不利理由、敵スキル待ち、アルティメット判断、ランク別助言は有料価値として扱う。
Genji,Illari,ゲンジ視点で、イラリーへの基本方針と対面カテゴリまでは無料で確認できる。,イラリーへの有利・不利理由、敵スキル待ち、アルティメット判断、ランク別助言は有料価値として扱う。
Genji,Jetpack Cat,ゲンジ視点で、ジェットパック・キャットへの基本方針と対面カテゴリまでは無料で確認できる。,ジェットパック・キャットへの有利・不利理由、敵スキル待ち、アルティメット判断、ランク別助言は有料価値として扱う。
Genji,Juno,ゲンジ視点で、ジュノへの基本方針と対面カテゴリまでは無料で確認できる。,ジュノへの有利・不利理由、敵スキル待ち、アルティメット判断、ランク別助言は有料価値として扱う。
Genji,Baptiste,ゲンジ視点で、バティストへの基本方針と対面カテゴリまでは無料で確認できる。,バティストへの有利・不利理由、敵スキル待ち、アルティメット判断、ランク別助言は有料価値として扱う。
Genji,Mercy,ゲンジ視点で、マーシーへの基本方針と対面カテゴリまでは無料で確認できる。,マーシーへの有利・不利理由、敵スキル待ち、アルティメット判断、ランク別助言は有料価値として扱う。
Genji,Lifeweaver,ゲンジ視点で、ライフウィーバーへの基本方針と対面カテゴリまでは無料で確認できる。,ライフウィーバーへの有利・不利理由、敵スキル待ち、アルティメット判断、ランク別助言は有料価値として扱う。
Genji,Kiriko,ゲンジ視点で、キリコへの基本方針と対面カテゴリまでは無料で確認できる。,キリコへの有利・不利理由、敵スキル待ち、アルティメット判断、ランク別助言は有料価値として扱う。
Genji,Brigitte,ゲンジ視点で、ブリギッテへの基本方針と対面カテゴリまでは無料で確認できる。,ブリギッテへの有利・不利理由、敵スキル待ち、アルティメット判断、ランク別助言は有料価値として扱う。
Genji,Moira,ゲンジ視点で、モイラへの基本方針と対面カテゴリまでは無料で確認できる。,モイラへの有利・不利理由、敵スキル待ち、アルティメット判断、ランク別助言は有料価値として扱う。
Genji,Lúcio,ゲンジ視点で、ルシオへの基本方針と対面カテゴリまでは無料で確認できる。,ルシオへの有利・不利理由、敵スキル待ち、アルティメット判断、ランク別助言は有料価値として扱う。
Genji,Ana,ゲンジ視点で、アナへの基本方針と対面カテゴリまでは無料で確認できる。,アナへの有利・不利理由、敵スキル待ち、アルティメット判断、ランク別助言は有料価値として扱う。
Genji,Wuyang,ゲンジ視点で、ウーヤンへの基本方針と対面カテゴリまでは無料で確認できる。,ウーヤンへの有利・不利理由、敵スキル待ち、アルティメット判断、ランク別助言は有料価値として扱う。
Genji,Zenyatta,ゲンジ視点で、ゼニヤッタへの基本方針と対面カテゴリまでは無料で確認できる。,ゼニヤッタへの有利・不利理由、敵スキル待ち、アルティメット判断、ランク別助言は有料価値として扱う。
Genji,Mizuki,ゲンジ視点で、ミズキへの基本方針と対面カテゴリまでは無料で確認できる。,ミズキへの有利・不利理由、敵スキル待ち、アルティメット判断、ランク別助言は有料価値として扱う。
Junkrat,D.Va,ジャンクラット視点で、D.Vaへの基本方針と対面カテゴリまでは無料で確認できる。,D.Vaへの有利・不利理由、敵スキル待ち、アルティメット判断、ランク別助言は有料価値として扱う。
Junkrat,Winston,ジャンクラット視点で、ウィンストンへの基本方針と対面カテゴリまでは無料で確認できる。,ウィンストンへの有利・不利理由、敵スキル待ち、アルティメット判断、ランク別助言は有料価値として扱う。
Junkrat,Doomfist,ジャンクラット視点で、ドゥームフィストへの基本方針と対面カテゴリまでは無料で確認できる。,ドゥームフィストへの有利・不利理由、敵スキル待ち、アルティメット判断、ランク別助言は有料価値として扱う。
Junkrat,Hazard,ジャンクラット視点で、ハザードへの基本方針と対面カテゴリまでは無料で確認できる。,ハザードへの有利・不利理由、敵スキル待ち、アルティメット判断、ランク別助言は有料価値として扱う。
Junkrat,Wrecking Ball,ジャンクラット視点で、レッキング・ボールへの基本方針と対面カテゴリまでは無料で確認できる。,レッキング・ボールへの有利・不利理由、敵スキル待ち、アルティメット判断、ランク別助言は有料価値として扱う。
Junkrat,Zarya,ジャンクラット視点で、ザリアへの基本方針と対面カテゴリまでは無料で確認できる。,ザリアへの有利・不利理由、敵スキル待ち、アルティメット判断、ランク別助言は有料価値として扱う。
Junkrat,Junker Queen,ジャンクラット視点で、ジャンカー・クイーンへの基本方針と対面カテゴリまでは無料で確認できる。,ジャンカー・クイーンへの有利・不利理由、敵スキル待ち、アルティメット判断、ランク別助言は有料価値として扱う。
Junkrat,Domina,ジャンクラット視点で、ドミナへの基本方針と対面カテゴリまでは無料で確認できる。,ドミナへの有利・不利理由、敵スキル待ち、アルティメット判断、ランク別助言は有料価値として扱う。
Junkrat,Mauga,ジャンクラット視点で、マウガへの基本方針と対面カテゴリまでは無料で確認できる。,マウガへの有利・不利理由、敵スキル待ち、アルティメット判断、ランク別助言は有料価値として扱う。
Junkrat,Ramattra,ジャンクラット視点で、ラマットラへの基本方針と対面カテゴリまでは無料で確認できる。,ラマットラへの有利・不利理由、敵スキル待ち、アルティメット判断、ランク別助言は有料価値として扱う。
Junkrat,Roadhog,ジャンクラット視点で、ロードホッグへの基本方針と対面カテゴリまでは無料で確認できる。,ロードホッグへの有利・不利理由、敵スキル待ち、アルティメット判断、ランク別助言は有料価値として扱う。
Junkrat,Orisa,ジャンクラット視点で、オリーサへの基本方針と対面カテゴリまでは無料で確認できる。,オリーサへの有利・不利理由、敵スキル待ち、アルティメット判断、ランク別助言は有料価値として扱う。
Junkrat,Sigma,ジャンクラット視点で、シグマへの基本方針と対面カテゴリまでは無料で確認できる。,シグマへの有利・不利理由、敵スキル待ち、アルティメット判断、ランク別助言は有料価値として扱う。
Junkrat,Reinhardt,ジャンクラット視点で、ラインハルトへの基本方針と対面カテゴリまでは無料で確認できる。,ラインハルトへの有利・不利理由、敵スキル待ち、アルティメット判断、ランク別助言は有料価値として扱う。
Junkrat,Ashe,ジャンクラット視点で、アッシュへの基本方針と対面カテゴリまでは無料で確認できる。,アッシュへの有利・不利理由、敵スキル待ち、アルティメット判断、ランク別助言は有料価値として扱う。
Junkrat,Widowmaker,ジャンクラット視点で、ウィドウメイカーへの基本方針と対面カテゴリまでは無料で確認できる。,ウィドウメイカーへの有利・不利理由、敵スキル待ち、アルティメット判断、ランク別助言は有料価値として扱う。
Junkrat,Emre,ジャンクラット視点で、エムレへの基本方針と対面カテゴリまでは無料で確認できる。,エムレへの有利・不利理由、敵スキル待ち、アルティメット判断、ランク別助言は有料価値として扱う。
Junkrat,Cassidy,ジャンクラット視点で、キャスディへの基本方針と対面カテゴリまでは無料で確認できる。,キャスディへの有利・不利理由、敵スキル待ち、アルティメット判断、ランク別助言は有料価値として扱う。
Junkrat,Sojourn,ジャンクラット視点で、ソジョーンへの基本方針と対面カテゴリまでは無料で確認できる。,ソジョーンへの有利・不利理由、敵スキル待ち、アルティメット判断、ランク別助言は有料価値として扱う。
Junkrat,Soldier: 76,ジャンクラット視点で、ソルジャー76への基本方針と対面カテゴリまでは無料で確認できる。,ソルジャー76への有利・不利理由、敵スキル待ち、アルティメット判断、ランク別助言は有料価値として扱う。
Junkrat,Hanzo,ジャンクラット視点で、ハンゾーへの基本方針と対面カテゴリまでは無料で確認できる。,ハンゾーへの有利・不利理由、敵スキル待ち、アルティメット判断、ランク別助言は有料価値として扱う。
Junkrat,Freja,ジャンクラット視点で、フレイヤへの基本方針と対面カテゴリまでは無料で確認できる。,フレイヤへの有利・不利理由、敵スキル待ち、アルティメット判断、ランク別助言は有料価値として扱う。
Junkrat,Anran,ジャンクラット視点で、アンランへの基本方針と対面カテゴリまでは無料で確認できる。,アンランへの有利・不利理由、敵スキル待ち、アルティメット判断、ランク別助言は有料価値として扱う。
Junkrat,Genji,ジャンクラット視点で、ゲンジへの基本方針と対面カテゴリまでは無料で確認できる。,ゲンジへの有利・不利理由、敵スキル待ち、アルティメット判断、ランク別助言は有料価値として扱う。
Junkrat,Shion,ジャンクラット視点で、シオンへの基本方針と対面カテゴリまでは無料で確認できる。,シオンへの有利・不利理由、敵スキル待ち、アルティメット判断、ランク別助言は有料価値として扱う。
Junkrat,Sombra,ジャンクラット視点で、ソンブラへの基本方針と対面カテゴリまでは無料で確認できる。,ソンブラへの有利・不利理由、敵スキル待ち、アルティメット判断、ランク別助言は有料価値として扱う。
Junkrat,Tracer,ジャンクラット視点で、トレーサーへの基本方針と対面カテゴリまでは無料で確認できる。,トレーサーへの有利・不利理由、敵スキル待ち、アルティメット判断、ランク別助言は有料価値として扱う。
Junkrat,Venture,ジャンクラット視点で、ベンチャーへの基本方針と対面カテゴリまでは無料で確認できる。,ベンチャーへの有利・不利理由、敵スキル待ち、アルティメット判断、ランク別助言は有料価値として扱う。
Junkrat,Reaper,ジャンクラット視点で、リーパーへの基本方針と対面カテゴリまでは無料で確認できる。,リーパーへの有利・不利理由、敵スキル待ち、アルティメット判断、ランク別助言は有料価値として扱う。
Junkrat,Vendetta,ジャンクラット視点で、ヴェンデッタへの基本方針と対面カテゴリまでは無料で確認できる。,ヴェンデッタへの有利・不利理由、敵スキル待ち、アルティメット判断、ランク別助言は有料価値として扱う。
Junkrat,Echo,ジャンクラット視点で、エコーへの基本方針と対面カテゴリまでは無料で確認できる。,エコーへの有利・不利理由、敵スキル待ち、アルティメット判断、ランク別助言は有料価値として扱う。
Junkrat,Pharah,ジャンクラット視点で、ファラへの基本方針と対面カテゴリまでは無料で確認できる。,ファラへの有利・不利理由、敵スキル待ち、アルティメット判断、ランク別助言は有料価値として扱う。
Junkrat,Symmetra,ジャンクラット視点で、シンメトラへの基本方針と対面カテゴリまでは無料で確認できる。,シンメトラへの有利・不利理由、敵スキル待ち、アルティメット判断、ランク別助言は有料価値として扱う。
Junkrat,Junkrat,ジャンクラット視点で、ジャンクラットへの基本方針と対面カテゴリまでは無料で確認できる。,ジャンクラットへの有利・不利理由、敵スキル待ち、アルティメット判断、ランク別助言は有料価値として扱う。
Junkrat,Torbjörn,ジャンクラット視点で、トールビョーンへの基本方針と対面カテゴリまでは無料で確認できる。,トールビョーンへの有利・不利理由、敵スキル待ち、アルティメット判断、ランク別助言は有料価値として扱う。
Junkrat,Bastion,ジャンクラット視点で、バスティオンへの基本方針と対面カテゴリまでは無料で確認できる。,バスティオンへの有利・不利理由、敵スキル待ち、アルティメット判断、ランク別助言は有料価値として扱う。
Junkrat,Mei,ジャンクラット視点で、メイへの基本方針と対面カテゴリまでは無料で確認できる。,メイへの有利・不利理由、敵スキル待ち、アルティメット判断、ランク別助言は有料価値として扱う。
Junkrat,Illari,ジャンクラット視点で、イラリーへの基本方針と対面カテゴリまでは無料で確認できる。,イラリーへの有利・不利理由、敵スキル待ち、アルティメット判断、ランク別助言は有料価値として扱う。
Junkrat,Jetpack Cat,ジャンクラット視点で、ジェットパック・キャットへの基本方針と対面カテゴリまでは無料で確認できる。,ジェットパック・キャットへの有利・不利理由、敵スキル待ち、アルティメット判断、ランク別助言は有料価値として扱う。
Junkrat,Juno,ジャンクラット視点で、ジュノへの基本方針と対面カテゴリまでは無料で確認できる。,ジュノへの有利・不利理由、敵スキル待ち、アルティメット判断、ランク別助言は有料価値として扱う。
Junkrat,Baptiste,ジャンクラット視点で、バティストへの基本方針と対面カテゴリまでは無料で確認できる。,バティストへの有利・不利理由、敵スキル待ち、アルティメット判断、ランク別助言は有料価値として扱う。
Junkrat,Mercy,ジャンクラット視点で、マーシーへの基本方針と対面カテゴリまでは無料で確認できる。,マーシーへの有利・不利理由、敵スキル待ち、アルティメット判断、ランク別助言は有料価値として扱う。
Junkrat,Lifeweaver,ジャンクラット視点で、ライフウィーバーへの基本方針と対面カテゴリまでは無料で確認できる。,ライフウィーバーへの有利・不利理由、敵スキル待ち、アルティメット判断、ランク別助言は有料価値として扱う。
Junkrat,Kiriko,ジャンクラット視点で、キリコへの基本方針と対面カテゴリまでは無料で確認できる。,キリコへの有利・不利理由、敵スキル待ち、アルティメット判断、ランク別助言は有料価値として扱う。
Junkrat,Brigitte,ジャンクラット視点で、ブリギッテへの基本方針と対面カテゴリまでは無料で確認できる。,ブリギッテへの有利・不利理由、敵スキル待ち、アルティメット判断、ランク別助言は有料価値として扱う。
Junkrat,Moira,ジャンクラット視点で、モイラへの基本方針と対面カテゴリまでは無料で確認できる。,モイラへの有利・不利理由、敵スキル待ち、アルティメット判断、ランク別助言は有料価値として扱う。
Junkrat,Lúcio,ジャンクラット視点で、ルシオへの基本方針と対面カテゴリまでは無料で確認できる。,ルシオへの有利・不利理由、敵スキル待ち、アルティメット判断、ランク別助言は有料価値として扱う。
Junkrat,Ana,ジャンクラット視点で、アナへの基本方針と対面カテゴリまでは無料で確認できる。,アナへの有利・不利理由、敵スキル待ち、アルティメット判断、ランク別助言は有料価値として扱う。
Junkrat,Wuyang,ジャンクラット視点で、ウーヤンへの基本方針と対面カテゴリまでは無料で確認できる。,ウーヤンへの有利・不利理由、敵スキル待ち、アルティメット判断、ランク別助言は有料価値として扱う。
Junkrat,Zenyatta,ジャンクラット視点で、ゼニヤッタへの基本方針と対面カテゴリまでは無料で確認できる。,ゼニヤッタへの有利・不利理由、敵スキル待ち、アルティメット判断、ランク別助言は有料価値として扱う。
Junkrat,Mizuki,ジャンクラット視点で、ミズキへの基本方針と対面カテゴリまでは無料で確認できる。,ミズキへの有利・不利理由、敵スキル待ち、アルティメット判断、ランク別助言は有料価値として扱う。
Pharah,D.Va,ファラ視点で、D.Vaへの基本方針と対面カテゴリまでは無料で確認できる。,D.Vaへの有利・不利理由、敵スキル待ち、アルティメット判断、ランク別助言は有料価値として扱う。
Pharah,Winston,ファラ視点で、ウィンストンへの基本方針と対面カテゴリまでは無料で確認できる。,ウィンストンへの有利・不利理由、敵スキル待ち、アルティメット判断、ランク別助言は有料価値として扱う。
Pharah,Doomfist,ファラ視点で、ドゥームフィストへの基本方針と対面カテゴリまでは無料で確認できる。,ドゥームフィストへの有利・不利理由、敵スキル待ち、アルティメット判断、ランク別助言は有料価値として扱う。
Pharah,Hazard,ファラ視点で、ハザードへの基本方針と対面カテゴリまでは無料で確認できる。,ハザードへの有利・不利理由、敵スキル待ち、アルティメット判断、ランク別助言は有料価値として扱う。
Pharah,Wrecking Ball,ファラ視点で、レッキング・ボールへの基本方針と対面カテゴリまでは無料で確認できる。,レッキング・ボールへの有利・不利理由、敵スキル待ち、アルティメット判断、ランク別助言は有料価値として扱う。
Pharah,Zarya,ファラ視点で、ザリアへの基本方針と対面カテゴリまでは無料で確認できる。,ザリアへの有利・不利理由、敵スキル待ち、アルティメット判断、ランク別助言は有料価値として扱う。
Pharah,Junker Queen,ファラ視点で、ジャンカー・クイーンへの基本方針と対面カテゴリまでは無料で確認できる。,ジャンカー・クイーンへの有利・不利理由、敵スキル待ち、アルティメット判断、ランク別助言は有料価値として扱う。
Pharah,Domina,ファラ視点で、ドミナへの基本方針と対面カテゴリまでは無料で確認できる。,ドミナへの有利・不利理由、敵スキル待ち、アルティメット判断、ランク別助言は有料価値として扱う。
Pharah,Mauga,ファラ視点で、マウガへの基本方針と対面カテゴリまでは無料で確認できる。,マウガへの有利・不利理由、敵スキル待ち、アルティメット判断、ランク別助言は有料価値として扱う。
Pharah,Ramattra,ファラ視点で、ラマットラへの基本方針と対面カテゴリまでは無料で確認できる。,ラマットラへの有利・不利理由、敵スキル待ち、アルティメット判断、ランク別助言は有料価値として扱う。
Pharah,Roadhog,ファラ視点で、ロードホッグへの基本方針と対面カテゴリまでは無料で確認できる。,ロードホッグへの有利・不利理由、敵スキル待ち、アルティメット判断、ランク別助言は有料価値として扱う。
Pharah,Orisa,ファラ視点で、オリーサへの基本方針と対面カテゴリまでは無料で確認できる。,オリーサへの有利・不利理由、敵スキル待ち、アルティメット判断、ランク別助言は有料価値として扱う。
Pharah,Sigma,ファラ視点で、シグマへの基本方針と対面カテゴリまでは無料で確認できる。,シグマへの有利・不利理由、敵スキル待ち、アルティメット判断、ランク別助言は有料価値として扱う。
Pharah,Reinhardt,ファラ視点で、ラインハルトへの基本方針と対面カテゴリまでは無料で確認できる。,ラインハルトへの有利・不利理由、敵スキル待ち、アルティメット判断、ランク別助言は有料価値として扱う。
Pharah,Ashe,ファラ視点で、アッシュへの基本方針と対面カテゴリまでは無料で確認できる。,アッシュへの有利・不利理由、敵スキル待ち、アルティメット判断、ランク別助言は有料価値として扱う。
Pharah,Widowmaker,ファラ視点で、ウィドウメイカーへの基本方針と対面カテゴリまでは無料で確認できる。,ウィドウメイカーへの有利・不利理由、敵スキル待ち、アルティメット判断、ランク別助言は有料価値として扱う。
Pharah,Emre,ファラ視点で、エムレへの基本方針と対面カテゴリまでは無料で確認できる。,エムレへの有利・不利理由、敵スキル待ち、アルティメット判断、ランク別助言は有料価値として扱う。
Pharah,Cassidy,ファラ視点で、キャスディへの基本方針と対面カテゴリまでは無料で確認できる。,キャスディへの有利・不利理由、敵スキル待ち、アルティメット判断、ランク別助言は有料価値として扱う。
Pharah,Sojourn,ファラ視点で、ソジョーンへの基本方針と対面カテゴリまでは無料で確認できる。,ソジョーンへの有利・不利理由、敵スキル待ち、アルティメット判断、ランク別助言は有料価値として扱う。
Pharah,Soldier: 76,ファラ視点で、ソルジャー76への基本方針と対面カテゴリまでは無料で確認できる。,ソルジャー76への有利・不利理由、敵スキル待ち、アルティメット判断、ランク別助言は有料価値として扱う。
Pharah,Hanzo,ファラ視点で、ハンゾーへの基本方針と対面カテゴリまでは無料で確認できる。,ハンゾーへの有利・不利理由、敵スキル待ち、アルティメット判断、ランク別助言は有料価値として扱う。
Pharah,Freja,ファラ視点で、フレイヤへの基本方針と対面カテゴリまでは無料で確認できる。,フレイヤへの有利・不利理由、敵スキル待ち、アルティメット判断、ランク別助言は有料価値として扱う。
Pharah,Anran,ファラ視点で、アンランへの基本方針と対面カテゴリまでは無料で確認できる。,アンランへの有利・不利理由、敵スキル待ち、アルティメット判断、ランク別助言は有料価値として扱う。
Pharah,Genji,ファラ視点で、ゲンジへの基本方針と対面カテゴリまでは無料で確認できる。,ゲンジへの有利・不利理由、敵スキル待ち、アルティメット判断、ランク別助言は有料価値として扱う。
Pharah,Shion,ファラ視点で、シオンへの基本方針と対面カテゴリまでは無料で確認できる。,シオンへの有利・不利理由、敵スキル待ち、アルティメット判断、ランク別助言は有料価値として扱う。
Pharah,Sombra,ファラ視点で、ソンブラへの基本方針と対面カテゴリまでは無料で確認できる。,ソンブラへの有利・不利理由、敵スキル待ち、アルティメット判断、ランク別助言は有料価値として扱う。
Pharah,Tracer,ファラ視点で、トレーサーへの基本方針と対面カテゴリまでは無料で確認できる。,トレーサーへの有利・不利理由、敵スキル待ち、アルティメット判断、ランク別助言は有料価値として扱う。
Pharah,Venture,ファラ視点で、ベンチャーへの基本方針と対面カテゴリまでは無料で確認できる。,ベンチャーへの有利・不利理由、敵スキル待ち、アルティメット判断、ランク別助言は有料価値として扱う。
Pharah,Reaper,ファラ視点で、リーパーへの基本方針と対面カテゴリまでは無料で確認できる。,リーパーへの有利・不利理由、敵スキル待ち、アルティメット判断、ランク別助言は有料価値として扱う。
Pharah,Vendetta,ファラ視点で、ヴェンデッタへの基本方針と対面カテゴリまでは無料で確認できる。,ヴェンデッタへの有利・不利理由、敵スキル待ち、アルティメット判断、ランク別助言は有料価値として扱う。
Pharah,Echo,ファラ視点で、エコーへの基本方針と対面カテゴリまでは無料で確認できる。,エコーへの有利・不利理由、敵スキル待ち、アルティメット判断、ランク別助言は有料価値として扱う。
Pharah,Pharah,ファラ視点で、ファラへの基本方針と対面カテゴリまでは無料で確認できる。,ファラへの有利・不利理由、敵スキル待ち、アルティメット判断、ランク別助言は有料価値として扱う。
Pharah,Symmetra,ファラ視点で、シンメトラへの基本方針と対面カテゴリまでは無料で確認できる。,シンメトラへの有利・不利理由、敵スキル待ち、アルティメット判断、ランク別助言は有料価値として扱う。
Pharah,Junkrat,ファラ視点で、ジャンクラットへの基本方針と対面カテゴリまでは無料で確認できる。,ジャンクラットへの有利・不利理由、敵スキル待ち、アルティメット判断、ランク別助言は有料価値として扱う。
Pharah,Torbjörn,ファラ視点で、トールビョーンへの基本方針と対面カテゴリまでは無料で確認できる。,トールビョーンへの有利・不利理由、敵スキル待ち、アルティメット判断、ランク別助言は有料価値として扱う。
Pharah,Bastion,ファラ視点で、バスティオンへの基本方針と対面カテゴリまでは無料で確認できる。,バスティオンへの有利・不利理由、敵スキル待ち、アルティメット判断、ランク別助言は有料価値として扱う。
Pharah,Mei,ファラ視点で、メイへの基本方針と対面カテゴリまでは無料で確認できる。,メイへの有利・不利理由、敵スキル待ち、アルティメット判断、ランク別助言は有料価値として扱う。
Pharah,Illari,ファラ視点で、イラリーへの基本方針と対面カテゴリまでは無料で確認できる。,イラリーへの有利・不利理由、敵スキル待ち、アルティメット判断、ランク別助言は有料価値として扱う。
Pharah,Jetpack Cat,ファラ視点で、ジェットパック・キャットへの基本方針と対面カテゴリまでは無料で確認できる。,ジェットパック・キャットへの有利・不利理由、敵スキル待ち、アルティメット判断、ランク別助言は有料価値として扱う。
Pharah,Juno,ファラ視点で、ジュノへの基本方針と対面カテゴリまでは無料で確認できる。,ジュノへの有利・不利理由、敵スキル待ち、アルティメット判断、ランク別助言は有料価値として扱う。
Pharah,Baptiste,ファラ視点で、バティストへの基本方針と対面カテゴリまでは無料で確認できる。,バティストへの有利・不利理由、敵スキル待ち、アルティメット判断、ランク別助言は有料価値として扱う。
Pharah,Mercy,ファラ視点で、マーシーへの基本方針と対面カテゴリまでは無料で確認できる。,マーシーへの有利・不利理由、敵スキル待ち、アルティメット判断、ランク別助言は有料価値として扱う。
Pharah,Lifeweaver,ファラ視点で、ライフウィーバーへの基本方針と対面カテゴリまでは無料で確認できる。,ライフウィーバーへの有利・不利理由、敵スキル待ち、アルティメット判断、ランク別助言は有料価値として扱う。
Pharah,Kiriko,ファラ視点で、キリコへの基本方針と対面カテゴリまでは無料で確認できる。,キリコへの有利・不利理由、敵スキル待ち、アルティメット判断、ランク別助言は有料価値として扱う。
Pharah,Brigitte,ファラ視点で、ブリギッテへの基本方針と対面カテゴリまでは無料で確認できる。,ブリギッテへの有利・不利理由、敵スキル待ち、アルティメット判断、ランク別助言は有料価値として扱う。
Pharah,Moira,ファラ視点で、モイラへの基本方針と対面カテゴリまでは無料で確認できる。,モイラへの有利・不利理由、敵スキル待ち、アルティメット判断、ランク別助言は有料価値として扱う。
Pharah,Lúcio,ファラ視点で、ルシオへの基本方針と対面カテゴリまでは無料で確認できる。,ルシオへの有利・不利理由、敵スキル待ち、アルティメット判断、ランク別助言は有料価値として扱う。
Pharah,Ana,ファラ視点で、アナへの基本方針と対面カテゴリまでは無料で確認できる。,アナへの有利・不利理由、敵スキル待ち、アルティメット判断、ランク別助言は有料価値として扱う。
Pharah,Wuyang,ファラ視点で、ウーヤンへの基本方針と対面カテゴリまでは無料で確認できる。,ウーヤンへの有利・不利理由、敵スキル待ち、アルティメット判断、ランク別助言は有料価値として扱う。
Pharah,Zenyatta,ファラ視点で、ゼニヤッタへの基本方針と対面カテゴリまでは無料で確認できる。,ゼニヤッタへの有利・不利理由、敵スキル待ち、アルティメット判断、ランク別助言は有料価値として扱う。
Pharah,Mizuki,ファラ視点で、ミズキへの基本方針と対面カテゴリまでは無料で確認できる。,ミズキへの有利・不利理由、敵スキル待ち、アルティメット判断、ランク別助言は有料価値として扱う。
Echo,D.Va,エコー視点で、D.Vaへの基本方針と対面カテゴリまでは無料で確認できる。,D.Vaへの有利・不利理由、敵スキル待ち、アルティメット判断、ランク別助言は有料価値として扱う。
Echo,Winston,エコー視点で、ウィンストンへの基本方針と対面カテゴリまでは無料で確認できる。,ウィンストンへの有利・不利理由、敵スキル待ち、アルティメット判断、ランク別助言は有料価値として扱う。
Echo,Doomfist,エコー視点で、ドゥームフィストへの基本方針と対面カテゴリまでは無料で確認できる。,ドゥームフィストへの有利・不利理由、敵スキル待ち、アルティメット判断、ランク別助言は有料価値として扱う。
Echo,Hazard,エコー視点で、ハザードへの基本方針と対面カテゴリまでは無料で確認できる。,ハザードへの有利・不利理由、敵スキル待ち、アルティメット判断、ランク別助言は有料価値として扱う。
Echo,Wrecking Ball,エコー視点で、レッキング・ボールへの基本方針と対面カテゴリまでは無料で確認できる。,レッキング・ボールへの有利・不利理由、敵スキル待ち、アルティメット判断、ランク別助言は有料価値として扱う。
Echo,Zarya,エコー視点で、ザリアへの基本方針と対面カテゴリまでは無料で確認できる。,ザリアへの有利・不利理由、敵スキル待ち、アルティメット判断、ランク別助言は有料価値として扱う。
Echo,Junker Queen,エコー視点で、ジャンカー・クイーンへの基本方針と対面カテゴリまでは無料で確認できる。,ジャンカー・クイーンへの有利・不利理由、敵スキル待ち、アルティメット判断、ランク別助言は有料価値として扱う。
Echo,Domina,エコー視点で、ドミナへの基本方針と対面カテゴリまでは無料で確認できる。,ドミナへの有利・不利理由、敵スキル待ち、アルティメット判断、ランク別助言は有料価値として扱う。
Echo,Mauga,エコー視点で、マウガへの基本方針と対面カテゴリまでは無料で確認できる。,マウガへの有利・不利理由、敵スキル待ち、アルティメット判断、ランク別助言は有料価値として扱う。
Echo,Ramattra,エコー視点で、ラマットラへの基本方針と対面カテゴリまでは無料で確認できる。,ラマットラへの有利・不利理由、敵スキル待ち、アルティメット判断、ランク別助言は有料価値として扱う。
Echo,Roadhog,エコー視点で、ロードホッグへの基本方針と対面カテゴリまでは無料で確認できる。,ロードホッグへの有利・不利理由、敵スキル待ち、アルティメット判断、ランク別助言は有料価値として扱う。
Echo,Orisa,エコー視点で、オリーサへの基本方針と対面カテゴリまでは無料で確認できる。,オリーサへの有利・不利理由、敵スキル待ち、アルティメット判断、ランク別助言は有料価値として扱う。
Echo,Sigma,エコー視点で、シグマへの基本方針と対面カテゴリまでは無料で確認できる。,シグマへの有利・不利理由、敵スキル待ち、アルティメット判断、ランク別助言は有料価値として扱う。
Echo,Reinhardt,エコー視点で、ラインハルトへの基本方針と対面カテゴリまでは無料で確認できる。,ラインハルトへの有利・不利理由、敵スキル待ち、アルティメット判断、ランク別助言は有料価値として扱う。
Echo,Ashe,エコー視点で、アッシュへの基本方針と対面カテゴリまでは無料で確認できる。,アッシュへの有利・不利理由、敵スキル待ち、アルティメット判断、ランク別助言は有料価値として扱う。
Echo,Widowmaker,エコー視点で、ウィドウメイカーへの基本方針と対面カテゴリまでは無料で確認できる。,ウィドウメイカーへの有利・不利理由、敵スキル待ち、アルティメット判断、ランク別助言は有料価値として扱う。
Echo,Emre,エコー視点で、エムレへの基本方針と対面カテゴリまでは無料で確認できる。,エムレへの有利・不利理由、敵スキル待ち、アルティメット判断、ランク別助言は有料価値として扱う。
Echo,Cassidy,エコー視点で、キャスディへの基本方針と対面カテゴリまでは無料で確認できる。,キャスディへの有利・不利理由、敵スキル待ち、アルティメット判断、ランク別助言は有料価値として扱う。
Echo,Sojourn,エコー視点で、ソジョーンへの基本方針と対面カテゴリまでは無料で確認できる。,ソジョーンへの有利・不利理由、敵スキル待ち、アルティメット判断、ランク別助言は有料価値として扱う。
Echo,Soldier: 76,エコー視点で、ソルジャー76への基本方針と対面カテゴリまでは無料で確認できる。,ソルジャー76への有利・不利理由、敵スキル待ち、アルティメット判断、ランク別助言は有料価値として扱う。
Echo,Hanzo,エコー視点で、ハンゾーへの基本方針と対面カテゴリまでは無料で確認できる。,ハンゾーへの有利・不利理由、敵スキル待ち、アルティメット判断、ランク別助言は有料価値として扱う。
Echo,Freja,エコー視点で、フレイヤへの基本方針と対面カテゴリまでは無料で確認できる。,フレイヤへの有利・不利理由、敵スキル待ち、アルティメット判断、ランク別助言は有料価値として扱う。
Echo,Anran,エコー視点で、アンランへの基本方針と対面カテゴリまでは無料で確認できる。,アンランへの有利・不利理由、敵スキル待ち、アルティメット判断、ランク別助言は有料価値として扱う。
Echo,Genji,エコー視点で、ゲンジへの基本方針と対面カテゴリまでは無料で確認できる。,ゲンジへの有利・不利理由、敵スキル待ち、アルティメット判断、ランク別助言は有料価値として扱う。
Echo,Shion,エコー視点で、シオンへの基本方針と対面カテゴリまでは無料で確認できる。,シオンへの有利・不利理由、敵スキル待ち、アルティメット判断、ランク別助言は有料価値として扱う。
Echo,Sombra,エコー視点で、ソンブラへの基本方針と対面カテゴリまでは無料で確認できる。,ソンブラへの有利・不利理由、敵スキル待ち、アルティメット判断、ランク別助言は有料価値として扱う。
Echo,Tracer,エコー視点で、トレーサーへの基本方針と対面カテゴリまでは無料で確認できる。,トレーサーへの有利・不利理由、敵スキル待ち、アルティメット判断、ランク別助言は有料価値として扱う。
Echo,Venture,エコー視点で、ベンチャーへの基本方針と対面カテゴリまでは無料で確認できる。,ベンチャーへの有利・不利理由、敵スキル待ち、アルティメット判断、ランク別助言は有料価値として扱う。
Echo,Reaper,エコー視点で、リーパーへの基本方針と対面カテゴリまでは無料で確認できる。,リーパーへの有利・不利理由、敵スキル待ち、アルティメット判断、ランク別助言は有料価値として扱う。
Echo,Vendetta,エコー視点で、ヴェンデッタへの基本方針と対面カテゴリまでは無料で確認できる。,ヴェンデッタへの有利・不利理由、敵スキル待ち、アルティメット判断、ランク別助言は有料価値として扱う。
Echo,Echo,エコー視点で、エコーへの基本方針と対面カテゴリまでは無料で確認できる。,エコーへの有利・不利理由、敵スキル待ち、アルティメット判断、ランク別助言は有料価値として扱う。
Echo,Pharah,エコー視点で、ファラへの基本方針と対面カテゴリまでは無料で確認できる。,ファラへの有利・不利理由、敵スキル待ち、アルティメット判断、ランク別助言は有料価値として扱う。
Echo,Symmetra,エコー視点で、シンメトラへの基本方針と対面カテゴリまでは無料で確認できる。,シンメトラへの有利・不利理由、敵スキル待ち、アルティメット判断、ランク別助言は有料価値として扱う。
Echo,Junkrat,エコー視点で、ジャンクラットへの基本方針と対面カテゴリまでは無料で確認できる。,ジャンクラットへの有利・不利理由、敵スキル待ち、アルティメット判断、ランク別助言は有料価値として扱う。
Echo,Torbjörn,エコー視点で、トールビョーンへの基本方針と対面カテゴリまでは無料で確認できる。,トールビョーンへの有利・不利理由、敵スキル待ち、アルティメット判断、ランク別助言は有料価値として扱う。
Echo,Bastion,エコー視点で、バスティオンへの基本方針と対面カテゴリまでは無料で確認できる。,バスティオンへの有利・不利理由、敵スキル待ち、アルティメット判断、ランク別助言は有料価値として扱う。
Echo,Mei,エコー視点で、メイへの基本方針と対面カテゴリまでは無料で確認できる。,メイへの有利・不利理由、敵スキル待ち、アルティメット判断、ランク別助言は有料価値として扱う。
Echo,Illari,エコー視点で、イラリーへの基本方針と対面カテゴリまでは無料で確認できる。,イラリーへの有利・不利理由、敵スキル待ち、アルティメット判断、ランク別助言は有料価値として扱う。
Echo,Jetpack Cat,エコー視点で、ジェットパック・キャットへの基本方針と対面カテゴリまでは無料で確認できる。,ジェットパック・キャットへの有利・不利理由、敵スキル待ち、アルティメット判断、ランク別助言は有料価値として扱う。
Echo,Juno,エコー視点で、ジュノへの基本方針と対面カテゴリまでは無料で確認できる。,ジュノへの有利・不利理由、敵スキル待ち、アルティメット判断、ランク別助言は有料価値として扱う。
Echo,Baptiste,エコー視点で、バティストへの基本方針と対面カテゴリまでは無料で確認できる。,バティストへの有利・不利理由、敵スキル待ち、アルティメット判断、ランク別助言は有料価値として扱う。
Echo,Mercy,エコー視点で、マーシーへの基本方針と対面カテゴリまでは無料で確認できる。,マーシーへの有利・不利理由、敵スキル待ち、アルティメット判断、ランク別助言は有料価値として扱う。
Echo,Lifeweaver,エコー視点で、ライフウィーバーへの基本方針と対面カテゴリまでは無料で確認できる。,ライフウィーバーへの有利・不利理由、敵スキル待ち、アルティメット判断、ランク別助言は有料価値として扱う。
Echo,Kiriko,エコー視点で、キリコへの基本方針と対面カテゴリまでは無料で確認できる。,キリコへの有利・不利理由、敵スキル待ち、アルティメット判断、ランク別助言は有料価値として扱う。
Echo,Brigitte,エコー視点で、ブリギッテへの基本方針と対面カテゴリまでは無料で確認できる。,ブリギッテへの有利・不利理由、敵スキル待ち、アルティメット判断、ランク別助言は有料価値として扱う。
Echo,Moira,エコー視点で、モイラへの基本方針と対面カテゴリまでは無料で確認できる。,モイラへの有利・不利理由、敵スキル待ち、アルティメット判断、ランク別助言は有料価値として扱う。
Echo,Lúcio,エコー視点で、ルシオへの基本方針と対面カテゴリまでは無料で確認できる。,ルシオへの有利・不利理由、敵スキル待ち、アルティメット判断、ランク別助言は有料価値として扱う。
Echo,Ana,エコー視点で、アナへの基本方針と対面カテゴリまでは無料で確認できる。,アナへの有利・不利理由、敵スキル待ち、アルティメット判断、ランク別助言は有料価値として扱う。
Echo,Wuyang,エコー視点で、ウーヤンへの基本方針と対面カテゴリまでは無料で確認できる。,ウーヤンへの有利・不利理由、敵スキル待ち、アルティメット判断、ランク別助言は有料価値として扱う。
Echo,Zenyatta,エコー視点で、ゼニヤッタへの基本方針と対面カテゴリまでは無料で確認できる。,ゼニヤッタへの有利・不利理由、敵スキル待ち、アルティメット判断、ランク別助言は有料価値として扱う。
Echo,Mizuki,エコー視点で、ミズキへの基本方針と対面カテゴリまでは無料で確認できる。,ミズキへの有利・不利理由、敵スキル待ち、アルティメット判断、ランク別助言は有料価値として扱う。
Emre,D.Va,エムレ視点で、D.Vaへの基本方針と対面カテゴリまでは無料で確認できる。,D.Vaへの有利・不利理由、敵スキル待ち、アルティメット判断、ランク別助言は有料価値として扱う。
Emre,Winston,エムレ視点で、ウィンストンへの基本方針と対面カテゴリまでは無料で確認できる。,ウィンストンへの有利・不利理由、敵スキル待ち、アルティメット判断、ランク別助言は有料価値として扱う。
Emre,Doomfist,エムレ視点で、ドゥームフィストへの基本方針と対面カテゴリまでは無料で確認できる。,ドゥームフィストへの有利・不利理由、敵スキル待ち、アルティメット判断、ランク別助言は有料価値として扱う。
Emre,Hazard,エムレ視点で、ハザードへの基本方針と対面カテゴリまでは無料で確認できる。,ハザードへの有利・不利理由、敵スキル待ち、アルティメット判断、ランク別助言は有料価値として扱う。
Emre,Wrecking Ball,エムレ視点で、レッキング・ボールへの基本方針と対面カテゴリまでは無料で確認できる。,レッキング・ボールへの有利・不利理由、敵スキル待ち、アルティメット判断、ランク別助言は有料価値として扱う。
Emre,Zarya,エムレ視点で、ザリアへの基本方針と対面カテゴリまでは無料で確認できる。,ザリアへの有利・不利理由、敵スキル待ち、アルティメット判断、ランク別助言は有料価値として扱う。
Emre,Junker Queen,エムレ視点で、ジャンカー・クイーンへの基本方針と対面カテゴリまでは無料で確認できる。,ジャンカー・クイーンへの有利・不利理由、敵スキル待ち、アルティメット判断、ランク別助言は有料価値として扱う。
Emre,Domina,エムレ視点で、ドミナへの基本方針と対面カテゴリまでは無料で確認できる。,ドミナへの有利・不利理由、敵スキル待ち、アルティメット判断、ランク別助言は有料価値として扱う。
Emre,Mauga,エムレ視点で、マウガへの基本方針と対面カテゴリまでは無料で確認できる。,マウガへの有利・不利理由、敵スキル待ち、アルティメット判断、ランク別助言は有料価値として扱う。
Emre,Ramattra,エムレ視点で、ラマットラへの基本方針と対面カテゴリまでは無料で確認できる。,ラマットラへの有利・不利理由、敵スキル待ち、アルティメット判断、ランク別助言は有料価値として扱う。
Emre,Roadhog,エムレ視点で、ロードホッグへの基本方針と対面カテゴリまでは無料で確認できる。,ロードホッグへの有利・不利理由、敵スキル待ち、アルティメット判断、ランク別助言は有料価値として扱う。
Emre,Orisa,エムレ視点で、オリーサへの基本方針と対面カテゴリまでは無料で確認できる。,オリーサへの有利・不利理由、敵スキル待ち、アルティメット判断、ランク別助言は有料価値として扱う。
Emre,Sigma,エムレ視点で、シグマへの基本方針と対面カテゴリまでは無料で確認できる。,シグマへの有利・不利理由、敵スキル待ち、アルティメット判断、ランク別助言は有料価値として扱う。
Emre,Reinhardt,エムレ視点で、ラインハルトへの基本方針と対面カテゴリまでは無料で確認できる。,ラインハルトへの有利・不利理由、敵スキル待ち、アルティメット判断、ランク別助言は有料価値として扱う。
Emre,Ashe,エムレ視点で、アッシュへの基本方針と対面カテゴリまでは無料で確認できる。,アッシュへの有利・不利理由、敵スキル待ち、アルティメット判断、ランク別助言は有料価値として扱う。
Emre,Widowmaker,エムレ視点で、ウィドウメイカーへの基本方針と対面カテゴリまでは無料で確認できる。,ウィドウメイカーへの有利・不利理由、敵スキル待ち、アルティメット判断、ランク別助言は有料価値として扱う。
Emre,Emre,エムレ視点で、エムレへの基本方針と対面カテゴリまでは無料で確認できる。,エムレへの有利・不利理由、敵スキル待ち、アルティメット判断、ランク別助言は有料価値として扱う。
Emre,Cassidy,エムレ視点で、キャスディへの基本方針と対面カテゴリまでは無料で確認できる。,キャスディへの有利・不利理由、敵スキル待ち、アルティメット判断、ランク別助言は有料価値として扱う。
Emre,Sojourn,エムレ視点で、ソジョーンへの基本方針と対面カテゴリまでは無料で確認できる。,ソジョーンへの有利・不利理由、敵スキル待ち、アルティメット判断、ランク別助言は有料価値として扱う。
Emre,Soldier: 76,エムレ視点で、ソルジャー76への基本方針と対面カテゴリまでは無料で確認できる。,ソルジャー76への有利・不利理由、敵スキル待ち、アルティメット判断、ランク別助言は有料価値として扱う。
Emre,Hanzo,エムレ視点で、ハンゾーへの基本方針と対面カテゴリまでは無料で確認できる。,ハンゾーへの有利・不利理由、敵スキル待ち、アルティメット判断、ランク別助言は有料価値として扱う。
Emre,Freja,エムレ視点で、フレイヤへの基本方針と対面カテゴリまでは無料で確認できる。,フレイヤへの有利・不利理由、敵スキル待ち、アルティメット判断、ランク別助言は有料価値として扱う。
Emre,Anran,エムレ視点で、アンランへの基本方針と対面カテゴリまでは無料で確認できる。,アンランへの有利・不利理由、敵スキル待ち、アルティメット判断、ランク別助言は有料価値として扱う。
Emre,Genji,エムレ視点で、ゲンジへの基本方針と対面カテゴリまでは無料で確認できる。,ゲンジへの有利・不利理由、敵スキル待ち、アルティメット判断、ランク別助言は有料価値として扱う。
Emre,Shion,エムレ視点で、シオンへの基本方針と対面カテゴリまでは無料で確認できる。,シオンへの有利・不利理由、敵スキル待ち、アルティメット判断、ランク別助言は有料価値として扱う。
Emre,Sombra,エムレ視点で、ソンブラへの基本方針と対面カテゴリまでは無料で確認できる。,ソンブラへの有利・不利理由、敵スキル待ち、アルティメット判断、ランク別助言は有料価値として扱う。
Emre,Tracer,エムレ視点で、トレーサーへの基本方針と対面カテゴリまでは無料で確認できる。,トレーサーへの有利・不利理由、敵スキル待ち、アルティメット判断、ランク別助言は有料価値として扱う。
Emre,Venture,エムレ視点で、ベンチャーへの基本方針と対面カテゴリまでは無料で確認できる。,ベンチャーへの有利・不利理由、敵スキル待ち、アルティメット判断、ランク別助言は有料価値として扱う。
Emre,Reaper,エムレ視点で、リーパーへの基本方針と対面カテゴリまでは無料で確認できる。,リーパーへの有利・不利理由、敵スキル待ち、アルティメット判断、ランク別助言は有料価値として扱う。
Emre,Vendetta,エムレ視点で、ヴェンデッタへの基本方針と対面カテゴリまでは無料で確認できる。,ヴェンデッタへの有利・不利理由、敵スキル待ち、アルティメット判断、ランク別助言は有料価値として扱う。
Emre,Echo,エムレ視点で、エコーへの基本方針と対面カテゴリまでは無料で確認できる。,エコーへの有利・不利理由、敵スキル待ち、アルティメット判断、ランク別助言は有料価値として扱う。
Emre,Pharah,エムレ視点で、ファラへの基本方針と対面カテゴリまでは無料で確認できる。,ファラへの有利・不利理由、敵スキル待ち、アルティメット判断、ランク別助言は有料価値として扱う。
Emre,Symmetra,エムレ視点で、シンメトラへの基本方針と対面カテゴリまでは無料で確認できる。,シンメトラへの有利・不利理由、敵スキル待ち、アルティメット判断、ランク別助言は有料価値として扱う。
Emre,Junkrat,エムレ視点で、ジャンクラットへの基本方針と対面カテゴリまでは無料で確認できる。,ジャンクラットへの有利・不利理由、敵スキル待ち、アルティメット判断、ランク別助言は有料価値として扱う。
Emre,Torbjörn,エムレ視点で、トールビョーンへの基本方針と対面カテゴリまでは無料で確認できる。,トールビョーンへの有利・不利理由、敵スキル待ち、アルティメット判断、ランク別助言は有料価値として扱う。
Emre,Bastion,エムレ視点で、バスティオンへの基本方針と対面カテゴリまでは無料で確認できる。,バスティオンへの有利・不利理由、敵スキル待ち、アルティメット判断、ランク別助言は有料価値として扱う。
Emre,Mei,エムレ視点で、メイへの基本方針と対面カテゴリまでは無料で確認できる。,メイへの有利・不利理由、敵スキル待ち、アルティメット判断、ランク別助言は有料価値として扱う。
Emre,Illari,エムレ視点で、イラリーへの基本方針と対面カテゴリまでは無料で確認できる。,イラリーへの有利・不利理由、敵スキル待ち、アルティメット判断、ランク別助言は有料価値として扱う。
Emre,Jetpack Cat,エムレ視点で、ジェットパック・キャットへの基本方針と対面カテゴリまでは無料で確認できる。,ジェットパック・キャットへの有利・不利理由、敵スキル待ち、アルティメット判断、ランク別助言は有料価値として扱う。
Emre,Juno,エムレ視点で、ジュノへの基本方針と対面カテゴリまでは無料で確認できる。,ジュノへの有利・不利理由、敵スキル待ち、アルティメット判断、ランク別助言は有料価値として扱う。
Emre,Baptiste,エムレ視点で、バティストへの基本方針と対面カテゴリまでは無料で確認できる。,バティストへの有利・不利理由、敵スキル待ち、アルティメット判断、ランク別助言は有料価値として扱う。
Emre,Mercy,エムレ視点で、マーシーへの基本方針と対面カテゴリまでは無料で確認できる。,マーシーへの有利・不利理由、敵スキル待ち、アルティメット判断、ランク別助言は有料価値として扱う。
Emre,Lifeweaver,エムレ視点で、ライフウィーバーへの基本方針と対面カテゴリまでは無料で確認できる。,ライフウィーバーへの有利・不利理由、敵スキル待ち、アルティメット判断、ランク別助言は有料価値として扱う。
Emre,Kiriko,エムレ視点で、キリコへの基本方針と対面カテゴリまでは無料で確認できる。,キリコへの有利・不利理由、敵スキル待ち、アルティメット判断、ランク別助言は有料価値として扱う。
Emre,Brigitte,エムレ視点で、ブリギッテへの基本方針と対面カテゴリまでは無料で確認できる。,ブリギッテへの有利・不利理由、敵スキル待ち、アルティメット判断、ランク別助言は有料価値として扱う。
Emre,Moira,エムレ視点で、モイラへの基本方針と対面カテゴリまでは無料で確認できる。,モイラへの有利・不利理由、敵スキル待ち、アルティメット判断、ランク別助言は有料価値として扱う。
Emre,Lúcio,エムレ視点で、ルシオへの基本方針と対面カテゴリまでは無料で確認できる。,ルシオへの有利・不利理由、敵スキル待ち、アルティメット判断、ランク別助言は有料価値として扱う。
Emre,Ana,エムレ視点で、アナへの基本方針と対面カテゴリまでは無料で確認できる。,アナへの有利・不利理由、敵スキル待ち、アルティメット判断、ランク別助言は有料価値として扱う。
Emre,Wuyang,エムレ視点で、ウーヤンへの基本方針と対面カテゴリまでは無料で確認できる。,ウーヤンへの有利・不利理由、敵スキル待ち、アルティメット判断、ランク別助言は有料価値として扱う。
Emre,Zenyatta,エムレ視点で、ゼニヤッタへの基本方針と対面カテゴリまでは無料で確認できる。,ゼニヤッタへの有利・不利理由、敵スキル待ち、アルティメット判断、ランク別助言は有料価値として扱う。
Emre,Mizuki,エムレ視点で、ミズキへの基本方針と対面カテゴリまでは無料で確認できる。,ミズキへの有利・不利理由、敵スキル待ち、アルティメット判断、ランク別助言は有料価値として扱う。
