hero_id,matchup_rating,matchup_type,gameplan,storm_arrows,positioning,key_enemy_skills.respect,key_enemy_skills.punish_after,key_enemy_skills.dragonstrike_check,source_comp_stats.threat_hanzo,source_comp_stats.sonic_arrow_value,source_comp_stats.storm_arrows_value,source_comp_stats.lunge_wall_climb_value,source_comp_stats.dragonstrike_denial,source_comp_stats.sightline_value,source_comp_stats.priority_score,cross_target_recalibration.version,cross_target_recalibration.enemy_threat,cross_target_recalibration.target_matchup_rating,cross_target_recalibration.matchup_type,cross_target_recalibration.reason,key_enemy_skills.ultimate_check,source_status,provisional_note,key_enemy_skills.hack_cast_start,key_enemy_skills.hack_confirmed_unavailable,key_enemy_skills.hack_confirmed_available,cross_target_recalibration,torbjorn_reassessment_note,source_comp_stats.mirror_matchup_v41,cross_target_recalibration.diff_points,mirror_matchup_advice.version,mirror_matchup_advice.summary,main,move,sustain,ultimate,cue,practice,targets,forbidden,rank.bronze,rank.silver,rank.gold,rank.platinum,rank.diamond_plus,depth_archetype,depth_first_check,depth_commit_window,depth_reset_rule,depth_practice_question,depth_summary,duplication_guardrail,review_pattern,wave_goal,review_question,success_signal,mistake_signal,next_adjustment,vod_marker,micro_drill
D.Va,2,索敵・接近迎撃,D.Vaが入ってくるダイブ経路へ鳴響矢水を置き、着地や移動スキル使用後に電光石火を合わせる。深追いせず、壁登りと体術で次の高台へずらす。,電光石火はD.Vaへの雑な先撃ちではなく、接近後・移動スキル使用後・防御・救助・移動スキル後の短い確定時間に使う。遠距離では嵐ノ弓を優先する。,正面中央に長く立たず、嵐ノ弓を撃てる遮蔽と、体術・壁登りで戻れる高台をセットで使う。外した後は位置を変える。,"[""ブースター"", ""ディフェンス・マトリックス"", ""自爆""]","[""ブースター後"", ""ディフェンス・マトリックス後""]","[""自爆"", ""ブースター""]",10,9,8,9,6,6,6,,,,,,,,,,,,,,,,,,嵐ノ弓は長く顔を出して撃つのではなく、溜めて1発だけ覗き、遮蔽へ戻る。D.Vaが近い時は無理にフルチャージを狙わない。,体術と壁登りは追撃よりも射線変更と高台再確保に使う。外した後は射線か位置を変える。,鳴響矢水はD.Vaを倒すためだけでなく、再ピーク、側面ルート、味方後衛への接近を事前に見せるために使う。,龍撃波はD.Va単体を倒すより、入ってきた後ろの味方や退路へ流して分断する。,ブースター後、味方後衛へ仕掛けた瞬間,D.Vaに対しては「鳴響矢水で味方に知らせる位置」「電光石火を残す相手」「龍撃波で分断する線」を毎回確認する。,"[""味方後衛へ仕掛けるD.Va"", ""移動スキル使用後の敵"", ""自分の逃げ道を塞ぐ敵""]","[""D.Vaを一人で追い続けること"", ""鳴響矢水なしで側面ルートを確認せずに歩くこと"", ""体術を攻めで先に使い切ること""]",D.Vaを倒し切ることより、まず同じ位置に立ち続けない。嵐ノ弓を1発撃ったら遮蔽へ戻る。,電光石火を最初の牽制で使い切らない。D.Vaが近づいた後、または移動スキル使用後に使う。,味方タンクが前に出る直前に鳴響矢水を置き、見えた対象へ嵐ノ弓を合わせる。,同じ射線で粘らず、壁登りと体術で高台や横の射線位置を再確保する。D.Vaの視線をずらしてから撃つ。,D.Vaの重要スキルを誘い、龍撃波は撃破目的だけでなく、回復線と退路を分断するために使う。,接近時のダイブ経路と帰り道を管理するタンク,D.Vaのダイブ経路を撃つ前に、着地点・帰り道・味方サポートへの距離を先に確認する。,D.Vaが防御スキルを見せた直後に倒し切ろうとせず、戻る向きが決まった瞬間へ嵐ノ弓と鳴響矢水を合わせる。,削った後は体術と壁登りで同じ場所から離れ、敵サポートか孤立ダメージへ視線を切り替える。,試合後に「D.Vaの何を見てから撃ったか」「外した時にどこへ戻ったか」を1回だけ確認する。,ハンゾー対D.Vaは、接近時のダイブ経路と帰り道を管理するタンクとして読む。最初に見る情報、撃つ瞬間、失敗時の戻り先を分けると、数値評価以上に安定する。,D.Vaへの説明は「撃つ」「追う」だけで終わらせない。ダイブ確認、倒し切りを狙う条件、撤退先、次の狙いを必ず1文ずつ分け、ハンゾーの嵐ノ弓と鳴響矢水と体術と壁登りの使い道を混同しない。,接近管理,D.Vaのダイブ経路を止めるより、帰り道と味方サポートへの距離を見て被害を小さくする。,この試合で「D.Vaのダイブ経路を撃つ前に、着地点・帰り道・味方サポートへの距離を先に確認する。」を守れたか。守れなかった場合、次は撃つ前に何を1つだけ見るか。,D.Vaが防御スキルを見せた直後に倒し切ろうとせず、戻る向きが決まった瞬間へ嵐ノ弓と鳴響矢水を合わせる。 次に削った後は体術と壁登りで同じ場所から離れ、敵サポートか孤立ダメージへ視線を切り替える。できていれば成功。,D.Vaを正面で追い続け、敵サポートの回復線まで自分から入ってしまう。,次の試合ではダイブ後の着地を1秒だけ撃ち、戻る向きが決まった瞬間へ鳴響矢水を残す。,D.Vaが入った瞬間、味方サポートの体力、体術と壁登りを使った位置を停止して確認する。,次の試合ではD.Vaを倒すことより、確認、攻撃、退避の順番を崩さない。
Winston,3,索敵・接近迎撃,ウィンストンが入ってくるダイブ経路へ鳴響矢水を置き、着地や移動スキル使用後に電光石火を合わせる。深追いせず、壁登りと体術で次の高台へずらす。,電光石火はウィンストンへの雑な先撃ちではなく、接近後・移動スキル使用後・防御・救助・移動スキル後の短い確定時間に使う。遠距離では嵐ノ弓を優先する。,正面中央に長く立たず、嵐ノ弓を撃てる遮蔽と、体術・壁登りで戻れる高台をセットで使う。外した後は位置を変える。,"[""ジャンプ・パック"", ""バリア・プロジェクター"", ""テスラ・キャノン""]","[""ジャンプ・パック後"", ""バリア・プロジェクター後""]","[""ジャンプ・パック""]",9,8,8,9,6,5,6,,,,,,,,,,,,,,,,,,嵐ノ弓は長く顔を出して撃つのではなく、溜めて1発だけ覗き、遮蔽へ戻る。ウィンストンが近い時は無理にフルチャージを狙わない。,体術と壁登りは追撃よりも射線変更と高台再確保に使う。外した後は射線か位置を変える。,鳴響矢水はウィンストンを倒すためだけでなく、再ピーク、側面ルート、味方後衛への接近を事前に見せるために使う。,龍撃波はウィンストン単体を倒すより、入ってきた後ろの味方や退路へ流して分断する。,ジャンプ・パック後、味方後衛へ仕掛けた瞬間,ウィンストンに対しては「鳴響矢水で味方に知らせる位置」「電光石火を残す相手」「龍撃波で分断する線」を毎回確認する。,"[""味方後衛へ仕掛けるウィンストン"", ""移動スキル使用後の敵"", ""自分の逃げ道を塞ぐ敵""]","[""ウィンストンを一人で追い続けること"", ""鳴響矢水なしで側面ルートを確認せずに歩くこと"", ""体術を攻めで先に使い切ること""]",ウィンストンを倒し切ることより、まず同じ位置に立ち続けない。嵐ノ弓を1発撃ったら遮蔽へ戻る。,電光石火を最初の牽制で使い切らない。ウィンストンが近づいた後、または移動スキル使用後に使う。,味方タンクが前に出る直前に鳴響矢水を置き、見えた対象へ嵐ノ弓を合わせる。,同じ射線で粘らず、壁登りと体術で高台や横の射線位置を再確保する。ウィンストンの視線をずらしてから撃つ。,ウィンストンの重要スキルを誘い、龍撃波は撃破目的だけでなく、回復線と退路を分断するために使う。,接近時のダイブ経路と帰り道を管理するタンク,ウィンストンのダイブ経路を撃つ前に、着地点・帰り道・味方サポートへの距離を先に確認する。,ウィンストンが防御スキルを見せた直後に倒し切ろうとせず、戻る向きが決まった瞬間へ嵐ノ弓と鳴響矢水を合わせる。,削った後は体術と壁登りで同じ場所から離れ、敵サポートか孤立ダメージへ視線を切り替える。,試合後に「ウィンストンの何を見てから撃ったか」「外した時にどこへ戻ったか」を1回だけ確認する。,ハンゾー対ウィンストンは、接近時のダイブ経路と帰り道を管理するタンクとして読む。最初に見る情報、撃つ瞬間、失敗時の戻り先を分けると、数値評価以上に安定する。,ウィンストンへの説明は「撃つ」「追う」だけで終わらせない。ダイブ確認、倒し切りを狙う条件、撤退先、次の狙いを必ず1文ずつ分け、ハンゾーの嵐ノ弓と鳴響矢水と体術と壁登りの使い道を混同しない。,接近管理,ウィンストンのダイブ経路を止めるより、帰り道と味方サポートへの距離を見て被害を小さくする。,この試合で「ウィンストンのダイブ経路を撃つ前に、着地点・帰り道・味方サポートへの距離を先に確認する。」を守れたか。守れなかった場合、次は撃つ前に何を1つだけ見るか。,ウィンストンが防御スキルを見せた直後に倒し切ろうとせず、戻る向きが決まった瞬間へ嵐ノ弓と鳴響矢水を合わせる。 次に削った後は体術と壁登りで同じ場所から離れ、敵サポートか孤立ダメージへ視線を切り替える。できていれば成功。,ウィンストンを正面で追い続け、敵サポートの回復線まで自分から入ってしまう。,次の試合ではダイブ後の着地を1秒だけ撃ち、戻る向きが決まった瞬間へ鳴響矢水を残す。,ウィンストンが入った瞬間、味方サポートの体力、体術と壁登りを使った位置を停止して確認する。,次の試合ではウィンストンを倒すことより、確認、攻撃、退避の順番を崩さない。
Orisa,6,前線削り・分断,オリーサが正面のスペースを占拠される前に嵐ノ弓と電光石火で前線を削る。近づかれたらその場で粘らず、体術と壁登りで横の射線位置へ移る。,電光石火はオリーサへの雑な先撃ちではなく、接近後・移動スキル使用後・防御・救助・移動スキル後の短い確定時間に使う。遠距離では嵐ノ弓を優先する。,正面中央に長く立たず、嵐ノ弓を撃てる遮蔽と、体術・壁登りで戻れる高台をセットで使う。外した後は位置を変える。,"[""フォーティファイ"", ""ジャベリン・スピン"", ""エネルギー・ジャベリン""]","[""エネルギー・ジャベリン"", ""フォーティファイ"", ""ジャベリン・スピン""]","[""フォーティファイ"", ""ジャベリン・スピン"", ""エネルギー・ジャベリン""]",5,6,7,5,8,8,5,,,,,,,,,,,,,,,,,,嵐ノ弓は長く顔を出して撃つのではなく、溜めて1発だけ覗き、遮蔽へ戻る。オリーサが近い時は無理にフルチャージを狙わない。,体術と壁登りは追撃よりも射線変更と高台再確保に使う。外した後は射線か位置を変える。,鳴響矢水はオリーサを倒すためだけでなく、再ピーク、側面ルート、味方後衛への接近を事前に見せるために使う。,龍撃波はオリーサの正面へ雑に撃つより、後ろの回復役と前線を分断する軌道で使う。,正面のスペースへ入る直前、防御・救助・移動スキル使用後,オリーサに対しては「鳴響矢水で味方に知らせる位置」「電光石火を残す相手」「龍撃波で分断する線」を毎回確認する。,"[""射線に出たオリーサ"", ""防御・救助・移動スキル使用後の敵"", ""後衛から離れた敵""]","[""オリーサ相手に同じ遮蔽から何度も顔を出すこと"", ""電光石火を遠距離牽制で使い切ること"", ""龍撃波を敵全員が見ている正面へ流すこと""]",オリーサを倒し切ることより、まず同じ位置に立ち続けない。嵐ノ弓を1発撃ったら遮蔽へ戻る。,電光石火を最初の牽制で使い切らない。オリーサが近づいた後、または移動スキル使用後に使う。,味方タンクが前に出る直前に鳴響矢水を置き、見えた対象へ嵐ノ弓を合わせる。,同じ射線で粘らず、壁登りと体術で高台や横の射線位置を再確保する。オリーサの視線をずらしてから撃つ。,オリーサの重要スキルを誘い、龍撃波は撃破目的だけでなく、回復線と退路を分断するために使う。,高耐久の前線スキルを削って後衛へ切り替えるタンク,オリーサだけを倒す設計にせず、回復線・防御スキル・後衛の露出を同時に見る。,オリーサが前へ出た瞬間は削り、防御・救助・移動スキルを使った直後に後ろのサポートか横のダメージへ嵐ノ弓と鳴響矢水を移す。,正面で長く撃ち続けず、体術と壁登りで射線を変えて敵の回復と防御を分散させる。,試合後に「オリーサの何を見てから撃ったか」「外した時にどこへ戻ったか」を1回だけ確認する。,ハンゾー対オリーサは、高耐久の前線スキルを削って後衛へ切り替えるタンクとして読む。最初に見る情報、撃つ瞬間、失敗時の戻り先を分けると、数値評価以上に安定する。,オリーサへの説明は「撃つ」「追う」だけで終わらせない。ダイブ確認、倒し切りを狙う条件、撤退先、次の狙いを必ず1文ずつ分け、ハンゾーの嵐ノ弓と鳴響矢水と体術と壁登りの使い道を混同しない。,資源削り,オリーサを倒し切るより、防御スキルを吐かせて後衛へ切り替える準備を作る。,この試合で「オリーサだけを倒す設計にせず、回復線・防御スキル・後衛の露出を同時に見る。」を守れたか。守れなかった場合、次は撃つ前に何を1つだけ見るか。,オリーサが前へ出た瞬間は削り、防御・救助・移動スキルを使った直後に後ろのサポートか横のダメージへ嵐ノ弓と鳴響矢水を移す。 次に正面で長く撃ち続けず、体術と壁登りで射線を変えて敵の回復と防御を分散させる。できていれば成功。,オリーサだけに射撃時間を使い、後衛や横のダメージを見られなくなる。,次の試合ではオリーサを削った後、防御・救助・移動スキルを使わせた時点で別の敵へ照準を移す。,オリーサへ撃った時間と、後衛へ切り替えた瞬間を確認する。,次の試合ではオリーサを倒すことより、確認、攻撃、退避の順番を崩さない。
Zarya,6,前線削り・分断,ザリアが正面のスペースを占拠される前に嵐ノ弓と電光石火で前線を削る。近づかれたらその場で粘らず、体術と壁登りで横の射線位置へ移る。,電光石火はザリアへの雑な先撃ちではなく、接近後・移動スキル使用後・防御・救助・移動スキル後の短い確定時間に使う。遠距離では嵐ノ弓を優先する。,正面中央に長く立たず、嵐ノ弓を撃てる遮蔽と、体術・壁登りで戻れる高台をセットで使う。外した後は位置を変える。,"[""パーティクル・バリア"", ""バリア・ショット"", ""グラビトン・サージ""]","[""パーティクル・バリア"", ""バリア・ショット""]","[""グラビトン・サージ""]",5,5,7,5,7,6,5,,,,,,,,,,,,,,,,,,嵐ノ弓は長く顔を出して撃つのではなく、溜めて1発だけ覗き、遮蔽へ戻る。ザリアが近い時は無理にフルチャージを狙わない。,体術と壁登りは追撃よりも射線変更と高台再確保に使う。外した後は射線か位置を変える。,鳴響矢水はザリアを倒すためだけでなく、再ピーク、側面ルート、味方後衛への接近を事前に見せるために使う。,龍撃波はザリアの正面へ雑に撃つより、後ろの回復役と前線を分断する軌道で使う。,正面のスペースへ入る直前、防御・救助・移動スキル使用後,ザリアに対しては「鳴響矢水で味方に知らせる位置」「電光石火を残す相手」「龍撃波で分断する線」を毎回確認する。,"[""射線に出たザリア"", ""防御・救助・移動スキル使用後の敵"", ""後衛から離れた敵""]","[""ザリア相手に同じ遮蔽から何度も顔を出すこと"", ""電光石火を遠距離牽制で使い切ること"", ""龍撃波を敵全員が見ている正面へ流すこと""]",ザリアを倒し切ることより、まず同じ位置に立ち続けない。嵐ノ弓を1発撃ったら遮蔽へ戻る。,電光石火を最初の牽制で使い切らない。ザリアが近づいた後、または移動スキル使用後に使う。,味方タンクが前に出る直前に鳴響矢水を置き、見えた対象へ嵐ノ弓を合わせる。,同じ射線で粘らず、壁登りと体術で高台や横の射線位置を再確保する。ザリアの視線をずらしてから撃つ。,ザリアの重要スキルを誘い、龍撃波は撃破目的だけでなく、回復線と退路を分断するために使う。,高耐久の前線スキルを削って後衛へ切り替えるタンク,ザリアだけを倒す設計にせず、回復線・防御スキル・後衛の露出を同時に見る。,ザリアが前へ出た瞬間は削り、防御・救助・移動スキルを使った直後に後ろのサポートか横のダメージへ嵐ノ弓と鳴響矢水を移す。,正面で長く撃ち続けず、体術と壁登りで射線を変えて敵の回復と防御を分散させる。,試合後に「ザリアの何を見てから撃ったか」「外した時にどこへ戻ったか」を1回だけ確認する。,ハンゾー対ザリアは、高耐久の前線スキルを削って後衛へ切り替えるタンクとして読む。最初に見る情報、撃つ瞬間、失敗時の戻り先を分けると、数値評価以上に安定する。,ザリアへの説明は「撃つ」「追う」だけで終わらせない。ダイブ確認、倒し切りを狙う条件、撤退先、次の狙いを必ず1文ずつ分け、ハンゾーの嵐ノ弓と鳴響矢水と体術と壁登りの使い道を混同しない。,資源削り,ザリアを倒し切るより、防御スキルを吐かせて後衛へ切り替える準備を作る。,この試合で「ザリアだけを倒す設計にせず、回復線・防御スキル・後衛の露出を同時に見る。」を守れたか。守れなかった場合、次は撃つ前に何を1つだけ見るか。,ザリアが前へ出た瞬間は削り、防御・救助・移動スキルを使った直後に後ろのサポートか横のダメージへ嵐ノ弓と鳴響矢水を移す。 次に正面で長く撃ち続けず、体術と壁登りで射線を変えて敵の回復と防御を分散させる。できていれば成功。,ザリアだけに射撃時間を使い、後衛や横のダメージを見られなくなる。,次の試合ではザリアを削った後、防御・救助・移動スキルを使わせた時点で別の敵へ照準を移す。,ザリアへ撃った時間と、後衛へ切り替えた瞬間を確認する。,次の試合ではザリアを倒すことより、確認、攻撃、退避の順番を崩さない。
Sigma,5,前線削り・分断,シグマを撃ち続けるだけで試合を進めない。鳴響矢水で後ろのサポート位置を味方に知らせて、前線を削りながら横に出た敵へ嵐ノ弓を通す。,電光石火はシグマへの雑な先撃ちではなく、接近後・移動スキル使用後・防御・救助・移動スキル後の短い確定時間に使う。遠距離では嵐ノ弓を優先する。,正面中央に長く立たず、嵐ノ弓を撃てる遮蔽と、体術・壁登りで戻れる高台をセットで使う。外した後は位置を変える。,"[""エクスペリメンタル・バリア"", ""キネティック・グラスプ"", ""アクリーション""]","[""アクリーション"", ""エクスペリメンタル・バリア"", ""キネティック・グラスプ""]","[""キネティック・グラスプ"", ""アクリーション""]",5,6,6,5,8,7,4,,,,,,,,,,,,,,,,,,嵐ノ弓は長く顔を出して撃つのではなく、溜めて1発だけ覗き、遮蔽へ戻る。シグマが近い時は無理にフルチャージを狙わない。,体術と壁登りは追撃よりも射線変更と高台再確保に使う。外した後は射線か位置を変える。,鳴響矢水はシグマを倒すためだけでなく、再ピーク、側面ルート、味方後衛への接近を事前に見せるために使う。,龍撃波はシグマを削るだけでなく、前線と回復役を分けるように撃つ。,前線スキル使用後、後ろのサポートが顔を出した瞬間,シグマに対しては「鳴響矢水で味方に知らせる位置」「電光石火を残す相手」「龍撃波で分断する線」を毎回確認する。,"[""射線に出たシグマ"", ""防御・救助・移動スキル使用後の敵"", ""後衛から離れた敵""]","[""シグマ相手に同じ遮蔽から何度も顔を出すこと"", ""電光石火を遠距離牽制で使い切ること"", ""龍撃波を敵全員が見ている正面へ流すこと""]",シグマを倒し切ることより、まず同じ位置に立ち続けない。嵐ノ弓を1発撃ったら遮蔽へ戻る。,電光石火を最初の牽制で使い切らない。シグマが近づいた後、または移動スキル使用後に使う。,味方タンクが前に出る直前に鳴響矢水を置き、見えた対象へ嵐ノ弓を合わせる。,同じ射線で粘らず、壁登りと体術で高台や横の射線位置を再確保する。シグマの視線をずらしてから撃つ。,シグマの重要スキルを誘い、龍撃波は撃破目的だけでなく、回復線と退路を分断するために使う。,高耐久の前線スキルを削って後衛へ切り替えるタンク,シグマだけを倒す設計にせず、回復線・防御スキル・後衛の露出を同時に見る。,シグマが前へ出た瞬間は削り、防御・救助・移動スキルを使った直後に後ろのサポートか横のダメージへ嵐ノ弓と鳴響矢水を移す。,正面で長く撃ち続けず、体術と壁登りで射線を変えて敵の回復と防御を分散させる。,試合後に「シグマの何を見てから撃ったか」「外した時にどこへ戻ったか」を1回だけ確認する。,ハンゾー対シグマは、高耐久の前線スキルを削って後衛へ切り替えるタンクとして読む。最初に見る情報、撃つ瞬間、失敗時の戻り先を分けると、数値評価以上に安定する。,シグマへの説明は「撃つ」「追う」だけで終わらせない。ダイブ確認、倒し切りを狙う条件、撤退先、次の狙いを必ず1文ずつ分け、ハンゾーの嵐ノ弓と鳴響矢水と体術と壁登りの使い道を混同しない。,資源削り,シグマを倒し切るより、防御スキルを吐かせて後衛へ切り替える準備を作る。,この試合で「シグマだけを倒す設計にせず、回復線・防御スキル・後衛の露出を同時に見る。」を守れたか。守れなかった場合、次は撃つ前に何を1つだけ見るか。,シグマが前へ出た瞬間は削り、防御・救助・移動スキルを使った直後に後ろのサポートか横のダメージへ嵐ノ弓と鳴響矢水を移す。 次に正面で長く撃ち続けず、体術と壁登りで射線を変えて敵の回復と防御を分散させる。できていれば成功。,シグマだけに射撃時間を使い、後衛や横のダメージを見られなくなる。,次の試合ではシグマを削った後、防御・救助・移動スキルを使わせた時点で別の敵へ照準を移す。,シグマへ撃った時間と、後衛へ切り替えた瞬間を確認する。,次の試合ではシグマを倒すことより、確認、攻撃、退避の順番を崩さない。
Junker Queen,6,前線削り・分断,ジャンカー・クイーンが正面のスペースを占拠される前に嵐ノ弓と電光石火で前線を削る。近づかれたらその場で粘らず、体術と壁登りで横の射線位置へ移る。,電光石火はジャンカー・クイーンへの雑な先撃ちではなく、接近後・移動スキル使用後・防御・救助・移動スキル後の短い確定時間に使う。遠距離では嵐ノ弓を優先する。,正面中央に長く立たず、嵐ノ弓を撃てる遮蔽と、体術・壁登りで戻れる高台をセットで使う。外した後は位置を変える。,"[""ランペイジ""]","[""ギザギザブレード"", ""カーネイジ""]","[""ランペイジ""]",5,5,7,5,7,6,5,,,,,,,,,,,,,,,,,,嵐ノ弓は長く顔を出して撃つのではなく、溜めて1発だけ覗き、遮蔽へ戻る。ジャンカー・クイーンが近い時は無理にフルチャージを狙わない。,体術と壁登りは追撃よりも射線変更と高台再確保に使う。外した後は射線か位置を変える。,鳴響矢水はジャンカー・クイーンを倒すためだけでなく、再ピーク、側面ルート、味方後衛への接近を事前に見せるために使う。,龍撃波はジャンカー・クイーンの正面へ雑に撃つより、後ろの回復役と前線を分断する軌道で使う。,正面のスペースへ入る直前、防御・救助・移動スキル使用後,ジャンカー・クイーンに対しては「鳴響矢水で味方に知らせる位置」「電光石火を残す相手」「龍撃波で分断する線」を毎回確認する。,"[""射線に出たジャンカー・クイーン"", ""防御・救助・移動スキル使用後の敵"", ""後衛から離れた敵""]","[""ジャンカー・クイーン相手に同じ遮蔽から何度も顔を出すこと"", ""電光石火を遠距離牽制で使い切ること"", ""龍撃波を敵全員が見ている正面へ流すこと""]",ジャンカー・クイーンを倒し切ることより、まず同じ位置に立ち続けない。嵐ノ弓を1発撃ったら遮蔽へ戻る。,電光石火を最初の牽制で使い切らない。ジャンカー・クイーンが近づいた後、または移動スキル使用後に使う。,味方タンクが前に出る直前に鳴響矢水を置き、見えた対象へ嵐ノ弓を合わせる。,同じ射線で粘らず、壁登りと体術で高台や横の射線位置を再確保する。ジャンカー・クイーンの視線をずらしてから撃つ。,ジャンカー・クイーンの重要スキルを誘い、龍撃波は撃破目的だけでなく、回復線と退路を分断するために使う。,高耐久の前線スキルを削って後衛へ切り替えるタンク,ジャンカー・クイーンだけを倒す設計にせず、回復線・防御スキル・後衛の露出を同時に見る。,ジャンカー・クイーンが前へ出た瞬間は削り、防御・救助・移動スキルを使った直後に後ろのサポートか横のダメージへ嵐ノ弓と鳴響矢水を移す。,正面で長く撃ち続けず、体術と壁登りで射線を変えて敵の回復と防御を分散させる。,試合後に「ジャンカー・クイーンの何を見てから撃ったか」「外した時にどこへ戻ったか」を1回だけ確認する。,ハンゾー対ジャンカー・クイーンは、高耐久の前線スキルを削って後衛へ切り替えるタンクとして読む。最初に見る情報、撃つ瞬間、失敗時の戻り先を分けると、数値評価以上に安定する。,ジャンカー・クイーンへの説明は「撃つ」「追う」だけで終わらせない。ダイブ確認、倒し切りを狙う条件、撤退先、次の狙いを必ず1文ずつ分け、ハンゾーの嵐ノ弓と鳴響矢水と体術と壁登りの使い道を混同しない。,資源削り,ジャンカー・クイーンを倒し切るより、防御スキルを吐かせて後衛へ切り替える準備を作る。,この試合で「ジャンカー・クイーンだけを倒す設計にせず、回復線・防御スキル・後衛の露出を同時に見る。」を守れたか。守れなかった場合、次は撃つ前に何を1つだけ見るか。,ジャンカー・クイーンが前へ出た瞬間は削り、防御・救助・移動スキルを使った直後に後ろのサポートか横のダメージへ嵐ノ弓と鳴響矢水を移す。 次に正面で長く撃ち続けず、体術と壁登りで射線を変えて敵の回復と防御を分散させる。できていれば成功。,ジャンカー・クイーンだけに射撃時間を使い、後衛や横のダメージを見られなくなる。,次の試合ではジャンカー・クイーンを削った後、防御・救助・移動スキルを使わせた時点で別の敵へ照準を移す。,ジャンカー・クイーンへ撃った時間と、後衛へ切り替えた瞬間を確認する。,次の試合ではジャンカー・クイーンを倒すことより、確認、攻撃、退避の順番を崩さない。
Doomfist,3,索敵・接近迎撃,ドゥームフィストが入ってくるダイブ経路へ鳴響矢水を置き、着地や移動スキル使用後に電光石火を合わせる。深追いせず、壁登りと体術で次の高台へずらす。,電光石火はドゥームフィストへの雑な先撃ちではなく、接近後・移動スキル使用後・防御・救助・移動スキル後の短い確定時間に使う。遠距離では嵐ノ弓を優先する。,正面中央に長く立たず、嵐ノ弓を撃てる遮蔽と、体術・壁登りで戻れる高台をセットで使う。外した後は位置を変える。,"[""パワー・ブロック"", ""サイズミック・スラム"", ""ロケット・パンチ""]","[""ロケット・パンチ"", ""サイズミック・スラム"", ""パワー・ブロック""]","[""パワー・ブロック"", ""ロケット・パンチ"", ""サイズミック・スラム""]",10,10,10,10,6,5,8,,,,,,,,,,,,,,,,,,嵐ノ弓は長く顔を出して撃つのではなく、溜めて1発だけ覗き、遮蔽へ戻る。ドゥームフィストが近い時は無理にフルチャージを狙わない。,体術と壁登りは追撃よりも射線変更と高台再確保に使う。外した後は射線か位置を変える。,鳴響矢水はドゥームフィストを倒すためだけでなく、再ピーク、側面ルート、味方後衛への接近を事前に見せるために使う。,龍撃波はドゥームフィスト単体を倒すより、入ってきた後ろの味方や退路へ流して分断する。,ロケット・パンチ、味方後衛へ仕掛けた瞬間,ドゥームフィストに対しては「鳴響矢水で味方に知らせる位置」「電光石火を残す相手」「龍撃波で分断する線」を毎回確認する。,"[""味方後衛へ仕掛けるドゥームフィスト"", ""移動スキル使用後の敵"", ""自分の逃げ道を塞ぐ敵""]","[""ドゥームフィストを一人で追い続けること"", ""鳴響矢水なしで側面ルートを確認せずに歩くこと"", ""体術を攻めで先に使い切ること""]",ドゥームフィストを倒し切ることより、まず同じ位置に立ち続けない。嵐ノ弓を1発撃ったら遮蔽へ戻る。,電光石火を最初の牽制で使い切らない。ドゥームフィストが近づいた後、または移動スキル使用後に使う。,味方タンクが前に出る直前に鳴響矢水を置き、見えた対象へ嵐ノ弓を合わせる。,同じ射線で粘らず、壁登りと体術で高台や横の射線位置を再確保する。ドゥームフィストの視線をずらしてから撃つ。,ドゥームフィストの重要スキルを誘い、龍撃波は撃破目的だけでなく、回復線と退路を分断するために使う。,接近時のダイブ経路と帰り道を管理するタンク,ドゥームフィストのダイブ経路を撃つ前に、着地点・帰り道・味方サポートへの距離を先に確認する。,ドゥームフィストが防御スキルを見せた直後に倒し切ろうとせず、戻る向きが決まった瞬間へ嵐ノ弓と鳴響矢水を合わせる。,削った後は体術と壁登りで同じ場所から離れ、敵サポートか孤立ダメージへ視線を切り替える。,試合後に「ドゥームフィストの何を見てから撃ったか」「外した時にどこへ戻ったか」を1回だけ確認する。,ハンゾー対ドゥームフィストは、接近時のダイブ経路と帰り道を管理するタンクとして読む。最初に見る情報、撃つ瞬間、失敗時の戻り先を分けると、数値評価以上に安定する。,ドゥームフィストへの説明は「撃つ」「追う」だけで終わらせない。ダイブ確認、倒し切りを狙う条件、撤退先、次の狙いを必ず1文ずつ分け、ハンゾーの嵐ノ弓と鳴響矢水と体術と壁登りの使い道を混同しない。,接近管理,ドゥームフィストのダイブ経路を止めるより、帰り道と味方サポートへの距離を見て被害を小さくする。,この試合で「ドゥームフィストのダイブ経路を撃つ前に、着地点・帰り道・味方サポートへの距離を先に確認する。」を守れたか。守れなかった場合、次は撃つ前に何を1つだけ見るか。,ドゥームフィストが防御スキルを見せた直後に倒し切ろうとせず、戻る向きが決まった瞬間へ嵐ノ弓と鳴響矢水を合わせる。 次に削った後は体術と壁登りで同じ場所から離れ、敵サポートか孤立ダメージへ視線を切り替える。できていれば成功。,ドゥームフィストを正面で追い続け、敵サポートの回復線まで自分から入ってしまう。,次の試合ではダイブ後の着地を1秒だけ撃ち、戻る向きが決まった瞬間へ鳴響矢水を残す。,ドゥームフィストが入った瞬間、味方サポートの体力、体術と壁登りを使った位置を停止して確認する。,次の試合ではドゥームフィストを倒すことより、確認、攻撃、退避の順番を崩さない。
Domina,6,前線削り・分断,ドミナが正面のスペースを占拠される前に嵐ノ弓と電光石火で前線を削る。近づかれたらその場で粘らず、体術と壁登りで横の射線位置へ移る。,電光石火はドミナへの雑な先撃ちではなく、接近後・移動スキル使用後・防御・救助・移動スキル後の短い確定時間に使う。遠距離では嵐ノ弓を優先する。,正面中央に長く立たず、嵐ノ弓を撃てる遮蔽と、体術・壁登りで戻れる高台をセットで使う。外した後は位置を変える。,"[""バリア・アレイ"", ""パノプティコン""]","[""クリスタル・チャージ"", ""ソニック・リパルサー"", ""バリア・アレイ""]","[""パノプティコン""]",5,5,7,5,7,6,5,,,,,,,,,,,,,,,,,,嵐ノ弓は長く顔を出して撃つのではなく、溜めて1発だけ覗き、遮蔽へ戻る。ドミナが近い時は無理にフルチャージを狙わない。,体術と壁登りは追撃よりも射線変更と高台再確保に使う。外した後は射線か位置を変える。,鳴響矢水はドミナを倒すためだけでなく、再ピーク、側面ルート、味方後衛への接近を事前に見せるために使う。,龍撃波はドミナの正面へ雑に撃つより、後ろの回復役と前線を分断する軌道で使う。,正面のスペースへ入る直前、防御・救助・移動スキル使用後,ドミナに対しては「鳴響矢水で味方に知らせる位置」「電光石火を残す相手」「龍撃波で分断する線」を毎回確認する。,"[""射線に出たドミナ"", ""防御・救助・移動スキル使用後の敵"", ""後衛から離れた敵""]","[""ドミナ相手に同じ遮蔽から何度も顔を出すこと"", ""電光石火を遠距離牽制で使い切ること"", ""龍撃波を敵全員が見ている正面へ流すこと""]",ドミナを倒し切ることより、まず同じ位置に立ち続けない。嵐ノ弓を1発撃ったら遮蔽へ戻る。,電光石火を最初の牽制で使い切らない。ドミナが近づいた後、または移動スキル使用後に使う。,味方タンクが前に出る直前に鳴響矢水を置き、見えた対象へ嵐ノ弓を合わせる。,同じ射線で粘らず、壁登りと体術で高台や横の射線位置を再確保する。ドミナの視線をずらしてから撃つ。,ドミナの重要スキルを誘い、龍撃波は撃破目的だけでなく、回復線と退路を分断するために使う。,高耐久の前線スキルを削って後衛へ切り替えるタンク,ドミナだけを倒す設計にせず、回復線・防御スキル・後衛の露出を同時に見る。,ドミナが前へ出た瞬間は削り、防御・救助・移動スキルを使った直後に後ろのサポートか横のダメージへ嵐ノ弓と鳴響矢水を移す。,正面で長く撃ち続けず、体術と壁登りで射線を変えて敵の回復と防御を分散させる。,試合後に「ドミナの何を見てから撃ったか」「外した時にどこへ戻ったか」を1回だけ確認する。,ハンゾー対ドミナは、高耐久の前線スキルを削って後衛へ切り替えるタンクとして読む。最初に見る情報、撃つ瞬間、失敗時の戻り先を分けると、数値評価以上に安定する。,ドミナへの説明は「撃つ」「追う」だけで終わらせない。ダイブ確認、倒し切りを狙う条件、撤退先、次の狙いを必ず1文ずつ分け、ハンゾーの嵐ノ弓と鳴響矢水と体術と壁登りの使い道を混同しない。,資源削り,ドミナを倒し切るより、防御スキルを吐かせて後衛へ切り替える準備を作る。,この試合で「ドミナだけを倒す設計にせず、回復線・防御スキル・後衛の露出を同時に見る。」を守れたか。守れなかった場合、次は撃つ前に何を1つだけ見るか。,ドミナが前へ出た瞬間は削り、防御・救助・移動スキルを使った直後に後ろのサポートか横のダメージへ嵐ノ弓と鳴響矢水を移す。 次に正面で長く撃ち続けず、体術と壁登りで射線を変えて敵の回復と防御を分散させる。できていれば成功。,ドミナだけに射撃時間を使い、後衛や横のダメージを見られなくなる。,次の試合ではドミナを削った後、防御・救助・移動スキルを使わせた時点で別の敵へ照準を移す。,ドミナへ撃った時間と、後衛へ切り替えた瞬間を確認する。,次の試合ではドミナを倒すことより、確認、攻撃、退避の順番を崩さない。
Hazard,3,索敵・接近迎撃,ハザードが入ってくるダイブ経路へ鳴響矢水を置き、着地や移動スキル使用後に電光石火を合わせる。深追いせず、壁登りと体術で次の高台へずらす。,電光石火はハザードへの雑な先撃ちではなく、接近後・移動スキル使用後・防御・救助・移動スキル後の短い確定時間に使う。遠距離では嵐ノ弓を優先する。,正面中央に長く立たず、嵐ノ弓を撃てる遮蔽と、体術・壁登りで戻れる高台をセットで使う。外した後は位置を変える。,"[""スパイク・ガード"", ""ヴァイオレント・リープ"", ""ジャギー・ウォール""]","[""ヴァイオレント・リープ"", ""ジャギー・ウォール"", ""スパイク・ガード""]","[""スパイク・ガード"", ""ジャギー・ウォール"", ""ヴァイオレント・リープ""]",9,8,8,9,6,5,6,,,,,,,,,,,,,,,,,,嵐ノ弓は長く顔を出して撃つのではなく、溜めて1発だけ覗き、遮蔽へ戻る。ハザードが近い時は無理にフルチャージを狙わない。,体術と壁登りは追撃よりも射線変更と高台再確保に使う。外した後は射線か位置を変える。,鳴響矢水はハザードを倒すためだけでなく、再ピーク、側面ルート、味方後衛への接近を事前に見せるために使う。,龍撃波はハザード単体を倒すより、入ってきた後ろの味方や退路へ流して分断する。,ヴァイオレント・リープ、味方後衛へ仕掛けた瞬間,ハザードに対しては「鳴響矢水で味方に知らせる位置」「電光石火を残す相手」「龍撃波で分断する線」を毎回確認する。,"[""味方後衛へ仕掛けるハザード"", ""移動スキル使用後の敵"", ""自分の逃げ道を塞ぐ敵""]","[""ハザードを一人で追い続けること"", ""鳴響矢水なしで側面ルートを確認せずに歩くこと"", ""体術を攻めで先に使い切ること""]",ハザードを倒し切ることより、まず同じ位置に立ち続けない。嵐ノ弓を1発撃ったら遮蔽へ戻る。,電光石火を最初の牽制で使い切らない。ハザードが近づいた後、または移動スキル使用後に使う。,味方タンクが前に出る直前に鳴響矢水を置き、見えた対象へ嵐ノ弓を合わせる。,同じ射線で粘らず、壁登りと体術で高台や横の射線位置を再確保する。ハザードの視線をずらしてから撃つ。,ハザードの重要スキルを誘い、龍撃波は撃破目的だけでなく、回復線と退路を分断するために使う。,接近時のダイブ経路と帰り道を管理するタンク,ハザードのダイブ経路を撃つ前に、着地点・帰り道・味方サポートへの距離を先に確認する。,ハザードが防御スキルを見せた直後に倒し切ろうとせず、戻る向きが決まった瞬間へ嵐ノ弓と鳴響矢水を合わせる。,削った後は体術と壁登りで同じ場所から離れ、敵サポートか孤立ダメージへ視線を切り替える。,試合後に「ハザードの何を見てから撃ったか」「外した時にどこへ戻ったか」を1回だけ確認する。,ハンゾー対ハザードは、接近時のダイブ経路と帰り道を管理するタンクとして読む。最初に見る情報、撃つ瞬間、失敗時の戻り先を分けると、数値評価以上に安定する。,ハザードへの説明は「撃つ」「追う」だけで終わらせない。ダイブ確認、倒し切りを狙う条件、撤退先、次の狙いを必ず1文ずつ分け、ハンゾーの嵐ノ弓と鳴響矢水と体術と壁登りの使い道を混同しない。,接近管理,ハザードのダイブ経路を止めるより、帰り道と味方サポートへの距離を見て被害を小さくする。,この試合で「ハザードのダイブ経路を撃つ前に、着地点・帰り道・味方サポートへの距離を先に確認する。」を守れたか。守れなかった場合、次は撃つ前に何を1つだけ見るか。,ハザードが防御スキルを見せた直後に倒し切ろうとせず、戻る向きが決まった瞬間へ嵐ノ弓と鳴響矢水を合わせる。 次に削った後は体術と壁登りで同じ場所から離れ、敵サポートか孤立ダメージへ視線を切り替える。できていれば成功。,ハザードを正面で追い続け、敵サポートの回復線まで自分から入ってしまう。,次の試合ではダイブ後の着地を1秒だけ撃ち、戻る向きが決まった瞬間へ鳴響矢水を残す。,ハザードが入った瞬間、味方サポートの体力、体術と壁登りを使った位置を停止して確認する。,次の試合ではハザードを倒すことより、確認、攻撃、退避の順番を崩さない。
Mauga,6,前線削り・分断,マウガが正面のスペースを占拠される前に嵐ノ弓と電光石火で前線を削る。近づかれたらその場で粘らず、体術と壁登りで横の射線位置へ移る。,電光石火はマウガへの雑な先撃ちではなく、接近後・移動スキル使用後・防御・救助・移動スキル後の短い確定時間に使う。遠距離では嵐ノ弓を優先する。,正面中央に長く立たず、嵐ノ弓を撃てる遮蔽と、体術・壁登りで戻れる高台をセットで使う。外した後は位置を変える。,"[""カーディアック・オーバードライブ"", ""ケージ・ファイト""]","[""オーバーラン"", ""カーディアック・オーバードライブ""]","[""カーディアック・オーバードライブ"", ""ケージ・ファイト""]",5,5,7,5,7,6,5,,,,,,,,,,,,,,,,,,嵐ノ弓は長く顔を出して撃つのではなく、溜めて1発だけ覗き、遮蔽へ戻る。マウガが近い時は無理にフルチャージを狙わない。,体術と壁登りは追撃よりも射線変更と高台再確保に使う。外した後は射線か位置を変える。,鳴響矢水はマウガを倒すためだけでなく、再ピーク、側面ルート、味方後衛への接近を事前に見せるために使う。,龍撃波はマウガの正面へ雑に撃つより、後ろの回復役と前線を分断する軌道で使う。,正面のスペースへ入る直前、防御・救助・移動スキル使用後,マウガに対しては「鳴響矢水で味方に知らせる位置」「電光石火を残す相手」「龍撃波で分断する線」を毎回確認する。,"[""射線に出たマウガ"", ""防御・救助・移動スキル使用後の敵"", ""後衛から離れた敵""]","[""マウガ相手に同じ遮蔽から何度も顔を出すこと"", ""電光石火を遠距離牽制で使い切ること"", ""龍撃波を敵全員が見ている正面へ流すこと""]",マウガを倒し切ることより、まず同じ位置に立ち続けない。嵐ノ弓を1発撃ったら遮蔽へ戻る。,電光石火を最初の牽制で使い切らない。マウガが近づいた後、または移動スキル使用後に使う。,味方タンクが前に出る直前に鳴響矢水を置き、見えた対象へ嵐ノ弓を合わせる。,同じ射線で粘らず、壁登りと体術で高台や横の射線位置を再確保する。マウガの視線をずらしてから撃つ。,マウガの重要スキルを誘い、龍撃波は撃破目的だけでなく、回復線と退路を分断するために使う。,高耐久の前線スキルを削って後衛へ切り替えるタンク,マウガだけを倒す設計にせず、回復線・防御スキル・後衛の露出を同時に見る。,マウガが前へ出た瞬間は削り、防御・救助・移動スキルを使った直後に後ろのサポートか横のダメージへ嵐ノ弓と鳴響矢水を移す。,正面で長く撃ち続けず、体術と壁登りで射線を変えて敵の回復と防御を分散させる。,試合後に「マウガの何を見てから撃ったか」「外した時にどこへ戻ったか」を1回だけ確認する。,ハンゾー対マウガは、高耐久の前線スキルを削って後衛へ切り替えるタンクとして読む。最初に見る情報、撃つ瞬間、失敗時の戻り先を分けると、数値評価以上に安定する。,マウガへの説明は「撃つ」「追う」だけで終わらせない。ダイブ確認、倒し切りを狙う条件、撤退先、次の狙いを必ず1文ずつ分け、ハンゾーの嵐ノ弓と鳴響矢水と体術と壁登りの使い道を混同しない。,資源削り,マウガを倒し切るより、防御スキルを吐かせて後衛へ切り替える準備を作る。,この試合で「マウガだけを倒す設計にせず、回復線・防御スキル・後衛の露出を同時に見る。」を守れたか。守れなかった場合、次は撃つ前に何を1つだけ見るか。,マウガが前へ出た瞬間は削り、防御・救助・移動スキルを使った直後に後ろのサポートか横のダメージへ嵐ノ弓と鳴響矢水を移す。 次に正面で長く撃ち続けず、体術と壁登りで射線を変えて敵の回復と防御を分散させる。できていれば成功。,マウガだけに射撃時間を使い、後衛や横のダメージを見られなくなる。,次の試合ではマウガを削った後、防御・救助・移動スキルを使わせた時点で別の敵へ照準を移す。,マウガへ撃った時間と、後衛へ切り替えた瞬間を確認する。,次の試合ではマウガを倒すことより、確認、攻撃、退避の順番を崩さない。
Reinhardt,6,前線削り・分断,ラインハルトが正面のスペースを占拠される前に嵐ノ弓と電光石火で前線を削る。近づかれたらその場で粘らず、体術と壁登りで横の射線位置へ移る。,電光石火はラインハルトへの雑な先撃ちではなく、接近後・移動スキル使用後・防御・救助・移動スキル後の短い確定時間に使う。遠距離では嵐ノ弓を優先する。,正面中央に長く立たず、嵐ノ弓を撃てる遮蔽と、体術・壁登りで戻れる高台をセットで使う。外した後は位置を変える。,"[""バリア・フィールド"", ""チャージ"", ""アース・シャター""]","[""チャージ後"", ""バリア・フィールド消耗後""]","[""アース・シャター""]",5,5,8,5,9,6,5,,,,,,,,,,,,,,,,,,嵐ノ弓は長く顔を出して撃つのではなく、溜めて1発だけ覗き、遮蔽へ戻る。ラインハルトが近い時は無理にフルチャージを狙わない。,体術と壁登りは追撃よりも射線変更と高台再確保に使う。外した後は射線か位置を変える。,鳴響矢水はラインハルトを倒すためだけでなく、再ピーク、側面ルート、味方後衛への接近を事前に見せるために使う。,龍撃波はラインハルトの正面へ雑に撃つより、後ろの回復役と前線を分断する軌道で使う。,正面のスペースへ入る直前、防御・救助・移動スキル使用後,ラインハルトに対しては「鳴響矢水で味方に知らせる位置」「電光石火を残す相手」「龍撃波で分断する線」を毎回確認する。,"[""射線に出たラインハルト"", ""防御・救助・移動スキル使用後の敵"", ""後衛から離れた敵""]","[""ラインハルト相手に同じ遮蔽から何度も顔を出すこと"", ""電光石火を遠距離牽制で使い切ること"", ""龍撃波を敵全員が見ている正面へ流すこと""]",ラインハルトを倒し切ることより、まず同じ位置に立ち続けない。嵐ノ弓を1発撃ったら遮蔽へ戻る。,電光石火を最初の牽制で使い切らない。ラインハルトが近づいた後、または移動スキル使用後に使う。,味方タンクが前に出る直前に鳴響矢水を置き、見えた対象へ嵐ノ弓を合わせる。,同じ射線で粘らず、壁登りと体術で高台や横の射線位置を再確保する。ラインハルトの視線をずらしてから撃つ。,ラインハルトの重要スキルを誘い、龍撃波は撃破目的だけでなく、回復線と退路を分断するために使う。,高耐久の前線スキルを削って後衛へ切り替えるタンク,ラインハルトだけを倒す設計にせず、回復線・防御スキル・後衛の露出を同時に見る。,ラインハルトが前へ出た瞬間は削り、防御・救助・移動スキルを使った直後に後ろのサポートか横のダメージへ嵐ノ弓と鳴響矢水を移す。,正面で長く撃ち続けず、体術と壁登りで射線を変えて敵の回復と防御を分散させる。,試合後に「ラインハルトの何を見てから撃ったか」「外した時にどこへ戻ったか」を1回だけ確認する。,ハンゾー対ラインハルトは、高耐久の前線スキルを削って後衛へ切り替えるタンクとして読む。最初に見る情報、撃つ瞬間、失敗時の戻り先を分けると、数値評価以上に安定する。,ラインハルトへの説明は「撃つ」「追う」だけで終わらせない。ダイブ確認、倒し切りを狙う条件、撤退先、次の狙いを必ず1文ずつ分け、ハンゾーの嵐ノ弓と鳴響矢水と体術と壁登りの使い道を混同しない。,資源削り,ラインハルトを倒し切るより、防御スキルを吐かせて後衛へ切り替える準備を作る。,この試合で「ラインハルトだけを倒す設計にせず、回復線・防御スキル・後衛の露出を同時に見る。」を守れたか。守れなかった場合、次は撃つ前に何を1つだけ見るか。,ラインハルトが前へ出た瞬間は削り、防御・救助・移動スキルを使った直後に後ろのサポートか横のダメージへ嵐ノ弓と鳴響矢水を移す。 次に正面で長く撃ち続けず、体術と壁登りで射線を変えて敵の回復と防御を分散させる。できていれば成功。,ラインハルトだけに射撃時間を使い、後衛や横のダメージを見られなくなる。,次の試合ではラインハルトを削った後、防御・救助・移動スキルを使わせた時点で別の敵へ照準を移す。,ラインハルトへ撃った時間と、後衛へ切り替えた瞬間を確認する。,次の試合ではラインハルトを倒すことより、確認、攻撃、退避の順番を崩さない。
Ramattra,6,前線削り・分断,ラマットラが正面のスペースを占拠される前に嵐ノ弓と電光石火で前線を削る。近づかれたらその場で粘らず、体術と壁登りで横の射線位置へ移る。,電光石火はラマットラへの雑な先撃ちではなく、接近後・移動スキル使用後・防御・救助・移動スキル後の短い確定時間に使う。遠距離では嵐ノ弓を優先する。,正面中央に長く立たず、嵐ノ弓を撃てる遮蔽と、体術・壁登りで戻れる高台をセットで使う。外した後は位置を変える。,"[""ヴォイド・バリア"", ""ブロック"", ""アナイアレーション""]","[""ネメシス・フォーム"", ""貪欲な渦"", ""ヴォイド・バリア""]","[""ブロック"", ""アナイアレーション""]",5,6,7,5,8,8,5,,,,,,,,,,,,,,,,,,嵐ノ弓は長く顔を出して撃つのではなく、溜めて1発だけ覗き、遮蔽へ戻る。ラマットラが近い時は無理にフルチャージを狙わない。,体術と壁登りは追撃よりも射線変更と高台再確保に使う。外した後は射線か位置を変える。,鳴響矢水はラマットラを倒すためだけでなく、再ピーク、側面ルート、味方後衛への接近を事前に見せるために使う。,龍撃波はラマットラの正面へ雑に撃つより、後ろの回復役と前線を分断する軌道で使う。,正面のスペースへ入る直前、防御・救助・移動スキル使用後,ラマットラに対しては「鳴響矢水で味方に知らせる位置」「電光石火を残す相手」「龍撃波で分断する線」を毎回確認する。,"[""射線に出たラマットラ"", ""防御・救助・移動スキル使用後の敵"", ""後衛から離れた敵""]","[""ラマットラ相手に同じ遮蔽から何度も顔を出すこと"", ""電光石火を遠距離牽制で使い切ること"", ""龍撃波を敵全員が見ている正面へ流すこと""]",ラマットラを倒し切ることより、まず同じ位置に立ち続けない。嵐ノ弓を1発撃ったら遮蔽へ戻る。,電光石火を最初の牽制で使い切らない。ラマットラが近づいた後、または移動スキル使用後に使う。,味方タンクが前に出る直前に鳴響矢水を置き、見えた対象へ嵐ノ弓を合わせる。,同じ射線で粘らず、壁登りと体術で高台や横の射線位置を再確保する。ラマットラの視線をずらしてから撃つ。,ラマットラの重要スキルを誘い、龍撃波は撃破目的だけでなく、回復線と退路を分断するために使う。,高耐久の前線スキルを削って後衛へ切り替えるタンク,ラマットラだけを倒す設計にせず、回復線・防御スキル・後衛の露出を同時に見る。,ラマットラが前へ出た瞬間は削り、防御・救助・移動スキルを使った直後に後ろのサポートか横のダメージへ嵐ノ弓と鳴響矢水を移す。,正面で長く撃ち続けず、体術と壁登りで射線を変えて敵の回復と防御を分散させる。,試合後に「ラマットラの何を見てから撃ったか」「外した時にどこへ戻ったか」を1回だけ確認する。,ハンゾー対ラマットラは、高耐久の前線スキルを削って後衛へ切り替えるタンクとして読む。最初に見る情報、撃つ瞬間、失敗時の戻り先を分けると、数値評価以上に安定する。,ラマットラへの説明は「撃つ」「追う」だけで終わらせない。ダイブ確認、倒し切りを狙う条件、撤退先、次の狙いを必ず1文ずつ分け、ハンゾーの嵐ノ弓と鳴響矢水と体術と壁登りの使い道を混同しない。,資源削り,ラマットラを倒し切るより、防御スキルを吐かせて後衛へ切り替える準備を作る。,この試合で「ラマットラだけを倒す設計にせず、回復線・防御スキル・後衛の露出を同時に見る。」を守れたか。守れなかった場合、次は撃つ前に何を1つだけ見るか。,ラマットラが前へ出た瞬間は削り、防御・救助・移動スキルを使った直後に後ろのサポートか横のダメージへ嵐ノ弓と鳴響矢水を移す。 次に正面で長く撃ち続けず、体術と壁登りで射線を変えて敵の回復と防御を分散させる。できていれば成功。,ラマットラだけに射撃時間を使い、後衛や横のダメージを見られなくなる。,次の試合ではラマットラを削った後、防御・救助・移動スキルを使わせた時点で別の敵へ照準を移す。,ラマットラへ撃った時間と、後衛へ切り替えた瞬間を確認する。,次の試合ではラマットラを倒すことより、確認、攻撃、退避の順番を崩さない。
Wrecking Ball,3,索敵・接近迎撃,レッキング・ボールが入ってくるダイブ経路へ鳴響矢水を置き、着地や移動スキル使用後に電光石火を合わせる。深追いせず、壁登りと体術で次の高台へずらす。,電光石火はレッキング・ボールへの雑な先撃ちではなく、接近後・移動スキル使用後・防御・救助・移動スキル後の短い確定時間に使う。遠距離では嵐ノ弓を優先する。,正面中央に長く立たず、嵐ノ弓を撃てる遮蔽と、体術・壁登りで戻れる高台をセットで使う。外した後は位置を変える。,"[""アダプティブ・シールド"", ""グラップリング・クロー"", ""ロール""]","[""グラップリング・クロー"", ""パイルドライバー"", ""ロール""]","[""アダプティブ・シールド"", ""パイルドライバー"", ""グラップリング・クロー""]",10,10,10,10,6,5,8,,,,,,,,,,,,,,,,,,嵐ノ弓は長く顔を出して撃つのではなく、溜めて1発だけ覗き、遮蔽へ戻る。レッキング・ボールが近い時は無理にフルチャージを狙わない。,体術と壁登りは追撃よりも射線変更と高台再確保に使う。外した後は射線か位置を変える。,鳴響矢水はレッキング・ボールを倒すためだけでなく、再ピーク、側面ルート、味方後衛への接近を事前に見せるために使う。,龍撃波はレッキング・ボール単体を倒すより、入ってきた後ろの味方や退路へ流して分断する。,グラップリング・クロー、味方後衛へ仕掛けた瞬間,レッキング・ボールに対しては「鳴響矢水で味方に知らせる位置」「電光石火を残す相手」「龍撃波で分断する線」を毎回確認する。,"[""味方後衛へ仕掛けるレッキング・ボール"", ""移動スキル使用後の敵"", ""自分の逃げ道を塞ぐ敵""]","[""レッキング・ボールを一人で追い続けること"", ""鳴響矢水なしで側面ルートを確認せずに歩くこと"", ""体術を攻めで先に使い切ること""]",レッキング・ボールを倒し切ることより、まず同じ位置に立ち続けない。嵐ノ弓を1発撃ったら遮蔽へ戻る。,電光石火を最初の牽制で使い切らない。レッキング・ボールが近づいた後、または移動スキル使用後に使う。,味方タンクが前に出る直前に鳴響矢水を置き、見えた対象へ嵐ノ弓を合わせる。,同じ射線で粘らず、壁登りと体術で高台や横の射線位置を再確保する。レッキング・ボールの視線をずらしてから撃つ。,レッキング・ボールの重要スキルを誘い、龍撃波は撃破目的だけでなく、回復線と退路を分断するために使う。,接近時のダイブ経路と帰り道を管理するタンク,レッキング・ボールのダイブ経路を撃つ前に、着地点・帰り道・味方サポートへの距離を先に確認する。,レッキング・ボールが防御スキルを見せた直後に倒し切ろうとせず、戻る向きが決まった瞬間へ嵐ノ弓と鳴響矢水を合わせる。,削った後は体術と壁登りで同じ場所から離れ、敵サポートか孤立ダメージへ視線を切り替える。,試合後に「レッキング・ボールの何を見てから撃ったか」「外した時にどこへ戻ったか」を1回だけ確認する。,ハンゾー対レッキング・ボールは、接近時のダイブ経路と帰り道を管理するタンクとして読む。最初に見る情報、撃つ瞬間、失敗時の戻り先を分けると、数値評価以上に安定する。,レッキング・ボールへの説明は「撃つ」「追う」だけで終わらせない。ダイブ確認、倒し切りを狙う条件、撤退先、次の狙いを必ず1文ずつ分け、ハンゾーの嵐ノ弓と鳴響矢水と体術と壁登りの使い道を混同しない。,接近管理,レッキング・ボールのダイブ経路を止めるより、帰り道と味方サポートへの距離を見て被害を小さくする。,この試合で「レッキング・ボールのダイブ経路を撃つ前に、着地点・帰り道・味方サポートへの距離を先に確認する。」を守れたか。守れなかった場合、次は撃つ前に何を1つだけ見るか。,レッキング・ボールが防御スキルを見せた直後に倒し切ろうとせず、戻る向きが決まった瞬間へ嵐ノ弓と鳴響矢水を合わせる。 次に削った後は体術と壁登りで同じ場所から離れ、敵サポートか孤立ダメージへ視線を切り替える。できていれば成功。,レッキング・ボールを正面で追い続け、敵サポートの回復線まで自分から入ってしまう。,次の試合ではダイブ後の着地を1秒だけ撃ち、戻る向きが決まった瞬間へ鳴響矢水を残す。,レッキング・ボールが入った瞬間、味方サポートの体力、体術と壁登りを使った位置を停止して確認する。,次の試合ではレッキング・ボールを倒すことより、確認、攻撃、退避の順番を崩さない。
Roadhog,6,前線削り・分断,ロードホッグが正面のスペースを占拠される前に嵐ノ弓と電光石火で前線を削る。近づかれたらその場で粘らず、体術と壁登りで横の射線位置へ移る。,電光石火はロードホッグへの雑な先撃ちではなく、接近後・移動スキル使用後・防御・救助・移動スキル後の短い確定時間に使う。遠距離では嵐ノ弓を優先する。,正面中央に長く立たず、嵐ノ弓を撃てる遮蔽と、体術・壁登りで戻れる高台をセットで使う。外した後は位置を変える。,"[""チェイン・フック""]","[""チェイン・フック"", ""ピッグペン""]","[""チェイン・フック""]",5,5,7,5,7,6,5,,,,,,,,,,,,,,,,,,嵐ノ弓は長く顔を出して撃つのではなく、溜めて1発だけ覗き、遮蔽へ戻る。ロードホッグが近い時は無理にフルチャージを狙わない。,体術と壁登りは追撃よりも射線変更と高台再確保に使う。外した後は射線か位置を変える。,鳴響矢水はロードホッグを倒すためだけでなく、再ピーク、側面ルート、味方後衛への接近を事前に見せるために使う。,龍撃波はロードホッグの正面へ雑に撃つより、後ろの回復役と前線を分断する軌道で使う。,正面のスペースへ入る直前、防御・救助・移動スキル使用後,ロードホッグに対しては「鳴響矢水で味方に知らせる位置」「電光石火を残す相手」「龍撃波で分断する線」を毎回確認する。,"[""射線に出たロードホッグ"", ""防御・救助・移動スキル使用後の敵"", ""後衛から離れた敵""]","[""ロードホッグ相手に同じ遮蔽から何度も顔を出すこと"", ""電光石火を遠距離牽制で使い切ること"", ""龍撃波を敵全員が見ている正面へ流すこと""]",ロードホッグを倒し切ることより、まず同じ位置に立ち続けない。嵐ノ弓を1発撃ったら遮蔽へ戻る。,電光石火を最初の牽制で使い切らない。ロードホッグが近づいた後、または移動スキル使用後に使う。,味方タンクが前に出る直前に鳴響矢水を置き、見えた対象へ嵐ノ弓を合わせる。,同じ射線で粘らず、壁登りと体術で高台や横の射線位置を再確保する。ロードホッグの視線をずらしてから撃つ。,ロードホッグの重要スキルを誘い、龍撃波は撃破目的だけでなく、回復線と退路を分断するために使う。,高耐久の前線スキルを削って後衛へ切り替えるタンク,ロードホッグだけを倒す設計にせず、回復線・防御スキル・後衛の露出を同時に見る。,ロードホッグが前へ出た瞬間は削り、防御・救助・移動スキルを使った直後に後ろのサポートか横のダメージへ嵐ノ弓と鳴響矢水を移す。,正面で長く撃ち続けず、体術と壁登りで射線を変えて敵の回復と防御を分散させる。,試合後に「ロードホッグの何を見てから撃ったか」「外した時にどこへ戻ったか」を1回だけ確認する。,ハンゾー対ロードホッグは、高耐久の前線スキルを削って後衛へ切り替えるタンクとして読む。最初に見る情報、撃つ瞬間、失敗時の戻り先を分けると、数値評価以上に安定する。,ロードホッグへの説明は「撃つ」「追う」だけで終わらせない。ダイブ確認、倒し切りを狙う条件、撤退先、次の狙いを必ず1文ずつ分け、ハンゾーの嵐ノ弓と鳴響矢水と体術と壁登りの使い道を混同しない。,資源削り,ロードホッグを倒し切るより、防御スキルを吐かせて後衛へ切り替える準備を作る。,この試合で「ロードホッグだけを倒す設計にせず、回復線・防御スキル・後衛の露出を同時に見る。」を守れたか。守れなかった場合、次は撃つ前に何を1つだけ見るか。,ロードホッグが前へ出た瞬間は削り、防御・救助・移動スキルを使った直後に後ろのサポートか横のダメージへ嵐ノ弓と鳴響矢水を移す。 次に正面で長く撃ち続けず、体術と壁登りで射線を変えて敵の回復と防御を分散させる。できていれば成功。,ロードホッグだけに射撃時間を使い、後衛や横のダメージを見られなくなる。,次の試合ではロードホッグを削った後、防御・救助・移動スキルを使わせた時点で別の敵へ照準を移す。,ロードホッグへ撃った時間と、後衛へ切り替えた瞬間を確認する。,次の試合ではロードホッグを倒すことより、確認、攻撃、退避の順番を崩さない。
Ashe,5,遠距離ポーク勝負,アッシュとは長い射線の勝負になる。ハンゾーはダイナマイトを避け、鳴響矢水で相手が出直す位置を味方に知らせてから撃つ。,電光石火はアッシュへの雑な先撃ちではなく、接近後・移動スキル使用後・防御・救助・移動スキル後の短い確定時間に使う。遠距離では嵐ノ弓を優先する。,正面中央に長く立たず、嵐ノ弓を撃てる遮蔽と、体術・壁登りで戻れる高台をセットで使う。外した後は位置を変える。,"[""コーチ・ガン"", ""B.O.B""]","[""ダイナマイト"", ""コーチ・ガン""]","[""B.O.B"", ""コーチ・ガン""]",6,6,5,5,5,8,6,v41,6,5,遠距離ポーク勝負,アッシュとは長い射線の勝負になる。ハンゾーはダイナマイトを避け、鳴響矢水で相手が出直す位置を味方に知らせてから撃つ。,,,,,,,,,,,,,嵐ノ弓は長く顔を出して撃つのではなく、溜めて1発だけ覗き、遮蔽へ戻る。アッシュが近い時は無理にフルチャージを狙わない。,体術と壁登りは追撃よりも射線変更と高台再確保に使う。外した後は射線か位置を変える。,鳴響矢水はアッシュを倒すためだけでなく、再ピーク、側面ルート、味方後衛への接近を事前に見せるために使う。,龍撃波はアッシュの射線を無理に突破するより、遮蔽から出る必要がある退路やサポート位置へ流す。,同じ遮蔽から再ピークした瞬間、射線変更直後,アッシュに対しては「鳴響矢水で味方に知らせる位置」「電光石火を残す相手」「龍撃波で分断する線」を毎回確認する。,"[""射線に出たアッシュ"", ""防御・救助・移動スキル使用後の敵"", ""後衛から離れた敵""]","[""アッシュ相手に同じ遮蔽から何度も顔を出すこと"", ""電光石火を遠距離牽制で使い切ること"", ""龍撃波を敵全員が見ている正面へ流すこと""]",アッシュを倒し切ることより、まず同じ位置に立ち続けない。嵐ノ弓を1発撃ったら遮蔽へ戻る。,電光石火を最初の牽制で使い切らない。アッシュが近づいた後、または移動スキル使用後に使う。,味方タンクが前に出る直前に鳴響矢水を置き、見えた対象へ嵐ノ弓を合わせる。,同じ射線で粘らず、壁登りと体術で高台や横の射線位置を再確保する。アッシュの視線をずらしてから撃つ。,アッシュの重要スキルを誘い、龍撃波は撃破目的だけでなく、回復線と退路を分断するために使う。,長射線で先に体力差を作る敵,アッシュの正面射線へ体を置かず、味方が視線を引いた一拍だけ別射線を使う。,アッシュが照準を別方向へ向けた瞬間、または遮蔽移動中に嵐ノ弓と鳴響矢水を差し込む。,一度撃った位置は読まれるため、体術と壁登りで次の遮蔽へ移り、同じ場所から再ピークしない。,試合後に「アッシュの何を見てから撃ったか」「外した時にどこへ戻ったか」を1回だけ確認する。,ハンゾー対アッシュは、長射線で先に体力差を作る敵として読む。最初に見る情報、撃つ瞬間、失敗時の戻り先を分けると、数値評価以上に安定する。,アッシュへの説明は「撃つ」「追う」だけで終わらせない。ダイブ確認、倒し切りを狙う条件、撤退先、次の狙いを必ず1文ずつ分け、ハンゾーの嵐ノ弓と鳴響矢水と体術と壁登りの使い道を混同しない。,射線管理,アッシュの正面射線を避け、短い別射線で一度だけ体力差を作る。,この試合で「アッシュの正面射線へ体を置かず、味方が視線を引いた一拍だけ別射線を使う。」を守れたか。守れなかった場合、次は撃つ前に何を1つだけ見るか。,アッシュが照準を別方向へ向けた瞬間、または遮蔽移動中に嵐ノ弓と鳴響矢水を差し込む。 次に一度撃った位置は読まれるため、体術と壁登りで次の遮蔽へ移り、同じ場所から再ピークしない。できていれば成功。,同じ場所から再ピークして、アッシュに照準を置かれたまま勝負する。,次の試合では1回撃ったら体術と壁登りで射線を変え、同じ位置を使わない。,アッシュに見られていた時間、再ピークした場所、射線変更できたかを確認する。,次の試合ではアッシュを倒すことより、確認、攻撃、退避の順番を崩さない。
Anran,4,索敵・接近迎撃,アンランを正面で探し続けず、鳴響矢水で側面ルートを先に確認する。接近後は嵐ノ弓を欲張らず、電光石火で移動スキル使用直後の硬直を狙いて体術で距離を戻す。,電光石火はアンランへの雑な先撃ちではなく、接近後・移動スキル使用後・防御・救助・移動スキル後の短い確定時間に使う。遠距離では嵐ノ弓を優先する。,正面中央に長く立たず、嵐ノ弓を撃てる遮蔽と、体術・壁登りで戻れる高台をセットで使う。外した後は位置を変える。,"[""熠閃舞"", ""朱魂返"", ""焚身焔""]","[""怒炎衝"", ""朱羽焚"", ""熠閃舞""]","[""焚身焔"", ""熠閃舞"", ""朱魂返""]",9,9,8,9,5,5,9,,,,,,,,,,,,,,,,,,嵐ノ弓は長く顔を出して撃つのではなく、溜めて1発だけ覗き、遮蔽へ戻る。アンランが近い時は無理にフルチャージを狙わない。,体術と壁登りは追撃よりも射線変更と高台再確保に使う。外した後は射線か位置を変える。,鳴響矢水はアンランを倒すためだけでなく、再ピーク、側面ルート、味方後衛への接近を事前に見せるために使う。,龍撃波はアンランを直接狙うより、逃げ道やサポートの射線を切るために使う。,怒炎衝、味方後衛へ仕掛けた瞬間,アンランに対しては「鳴響矢水で味方に知らせる位置」「電光石火を残す相手」「龍撃波で分断する線」を毎回確認する。,"[""味方後衛へ仕掛けるアンラン"", ""移動スキル使用後の敵"", ""自分の逃げ道を塞ぐ敵""]","[""アンランを一人で追い続けること"", ""鳴響矢水なしで側面ルートを確認せずに歩くこと"", ""体術を攻めで先に使い切ること""]",アンランを倒し切ることより、まず同じ位置に立ち続けない。嵐ノ弓を1発撃ったら遮蔽へ戻る。,電光石火を最初の牽制で使い切らない。アンランが近づいた後、または移動スキル使用後に使う。,味方タンクが前に出る直前に鳴響矢水を置き、見えた対象へ嵐ノ弓を合わせる。,同じ射線で粘らず、壁登りと体術で高台や横の射線位置を再確保する。アンランの視線をずらしてから撃つ。,アンランの重要スキルを誘い、龍撃波は撃破目的だけでなく、回復線と退路を分断するために使う。,ダイブ経路・帰り道・再突入を分けるフランカー,アンランの初回接近だけを見ず、帰り道・再突入のダイブ経路・味方サポートへの距離を先に置き照準で管理する。,アンランが移動スキルを切った直後に嵐ノ弓と鳴響矢水を硬直に合わせ、倒し切れない時は追わない。,追撃で味方から離れず、体術と壁登りで元の遮蔽へ戻る。倒し切れない時は次の再突入を待ち、同じ通路を追わない。,試合後に「アンランの何を見てから撃ったか」「外した時にどこへ戻ったか」を1回だけ確認する。,ハンゾー対アンランは、ダイブ経路・帰り道・再突入を分けるフランカーとして読む。最初に見る情報、撃つ瞬間、失敗時の戻り先を分けると、数値評価以上に安定する。,アンランへの説明は「撃つ」「追う」だけで終わらせない。ダイブ確認、倒し切りを狙う条件、撤退先、次の狙いを必ず1文ずつ分け、ハンゾーの嵐ノ弓と鳴響矢水と体術と壁登りの使い道を混同しない。,再突入確認,アンランの初回接近ではなく、帰り道と再突入のダイブ経路を見て2回目を止める。,この試合で「アンランの初回接近だけを見ず、帰り道・再突入のダイブ経路・味方サポートへの距離を先に置き照準で管理する。」を守れたか。守れなかった場合、次は撃つ前に何を1つだけ見るか。,アンランが移動スキルを切った直後に嵐ノ弓と鳴響矢水を硬直に合わせ、倒し切れない時は追わない。 次に追撃で味方から離れず、体術と壁登りで元の遮蔽へ戻る。倒し切れない時は次の再突入を待ち、同じ通路を追わない。できていれば成功。,アンランを深追いして味方から離れ、次の接近を味方サポートに通してしまう。,次の試合では初回接近を移動スキル使用直後の硬直を狙い、逃げ道へ鳴響矢水を残す。,アンランを追った距離、味方サポートとの距離、再突入時に照準が置けていたかを確認する。,次の試合ではアンランを倒すことより、確認、攻撃、退避の順番を崩さない。
Widowmaker,3,遠距離ポーク・遮蔽管理,ウィドウメイカーとは同じ射線で長く撃ち合わず、嵐ノ弓を溜めて1発だけ出し、すぐ遮蔽へ戻る。鳴響矢水で相手が出直す位置を味方に知らせてから次の射線位置を使う。,電光石火はウィドウメイカーへの雑な先撃ちではなく、接近後・移動スキル使用後・防御・救助・移動スキル後の短い確定時間に使う。遠距離では嵐ノ弓を優先する。,正面中央に長く立たず、嵐ノ弓を撃てる遮蔽と、体術・壁登りで戻れる高台をセットで使う。外した後は位置を変える。,"[""グラップリング・フック"", ""ウィドウズ・キス""]","[""ヴェノム・マイン"", ""グラップリング・フック""]","[""ウィドウズ・キス"", ""グラップリング・フック""]",10,6,5,5,5,10,8,,,,,,,,,,,,,,,,,,嵐ノ弓は長く顔を出して撃つのではなく、溜めて1発だけ覗き、遮蔽へ戻る。ウィドウメイカーが近い時は無理にフルチャージを狙わない。,体術と壁登りは追撃よりも射線変更と高台再確保に使う。外した後は射線か位置を変える。,鳴響矢水はウィドウメイカーを倒すためだけでなく、再ピーク、側面ルート、味方後衛への接近を事前に見せるために使う。,龍撃波はウィドウメイカーの射線を無理に突破するより、遮蔽から出る必要がある退路やサポート位置へ流す。,同じ遮蔽から再ピークした瞬間、射線変更直後,ウィドウメイカーに対しては「鳴響矢水で味方に知らせる位置」「電光石火を残す相手」「龍撃波で分断する線」を毎回確認する。,"[""射線に出たウィドウメイカー"", ""防御・救助・移動スキル使用後の敵"", ""後衛から離れた敵""]","[""ウィドウメイカー相手に同じ遮蔽から何度も顔を出すこと"", ""電光石火を遠距離牽制で使い切ること"", ""龍撃波を敵全員が見ている正面へ流すこと""]",ウィドウメイカーを倒し切ることより、まず同じ位置に立ち続けない。嵐ノ弓を1発撃ったら遮蔽へ戻る。,電光石火を最初の牽制で使い切らない。ウィドウメイカーが近づいた後、または移動スキル使用後に使う。,味方タンクが前に出る直前に鳴響矢水を置き、見えた対象へ嵐ノ弓を合わせる。,同じ射線で粘らず、壁登りと体術で高台や横の射線位置を再確保する。ウィドウメイカーの視線をずらしてから撃つ。,ウィドウメイカーの重要スキルを誘い、龍撃波は撃破目的だけでなく、回復線と退路を分断するために使う。,長射線で先に体力差を作る敵,ウィドウメイカーの正面射線へ体を置かず、味方が視線を引いた一拍だけ別射線を使う。,ウィドウメイカーが照準を別方向へ向けた瞬間、または遮蔽移動中に嵐ノ弓と鳴響矢水を差し込む。,一度撃った位置は読まれるため、体術と壁登りで次の遮蔽へ移り、同じ場所から再ピークしない。,試合後に「ウィドウメイカーの何を見てから撃ったか」「外した時にどこへ戻ったか」を1回だけ確認する。,ハンゾー対ウィドウメイカーは、長射線で先に体力差を作る敵として読む。最初に見る情報、撃つ瞬間、失敗時の戻り先を分けると、数値評価以上に安定する。,ウィドウメイカーへの説明は「撃つ」「追う」だけで終わらせない。ダイブ確認、倒し切りを狙う条件、撤退先、次の狙いを必ず1文ずつ分け、ハンゾーの嵐ノ弓と鳴響矢水と体術と壁登りの使い道を混同しない。,射線管理,ウィドウメイカーの正面射線を避け、短い別射線で一度だけ体力差を作る。,この試合で「ウィドウメイカーの正面射線へ体を置かず、味方が視線を引いた一拍だけ別射線を使う。」を守れたか。守れなかった場合、次は撃つ前に何を1つだけ見るか。,ウィドウメイカーが照準を別方向へ向けた瞬間、または遮蔽移動中に嵐ノ弓と鳴響矢水を差し込む。 次に一度撃った位置は読まれるため、体術と壁登りで次の遮蔽へ移り、同じ場所から再ピークしない。できていれば成功。,同じ場所から再ピークして、ウィドウメイカーに照準を置かれたまま勝負する。,次の試合では1回撃ったら体術と壁登りで射線を変え、同じ位置を使わない。,ウィドウメイカーに見られていた時間、再ピークした場所、射線変更できたかを確認する。,次の試合ではウィドウメイカーを倒すことより、確認、攻撃、退避の順番を崩さない。
Echo,2,索敵・接近迎撃,エコーを空中で追い続けず、低空・着地・直線移動に嵐ノ弓を合わせる。鳴響矢水で敵の位置を味方に知らせ、空中だけを追わず地上で前に出た敵にも切り替える。,電光石火はエコーへの雑な先撃ちではなく、接近後・移動スキル使用後・防御・救助・移動スキル後の短い確定時間に使う。遠距離では嵐ノ弓を優先する。,正面中央に長く立たず、嵐ノ弓を撃てる遮蔽と、体術・壁登りで戻れる高台をセットで使う。外した後は位置を変える。,"[""フライト"", ""フォーカス・ビーム"", ""コピー""]","[""フライト後"", ""低空移動中""]","[""コピー"", ""フライト""]",10,8,6,7,5,8,9,,,,,,,,,,,,,,,,,,嵐ノ弓は長く顔を出して撃つのではなく、溜めて1発だけ覗き、遮蔽へ戻る。エコーが近い時は無理にフルチャージを狙わない。,体術と壁登りは追撃よりも射線変更と高台再確保に使う。外した後は射線か位置を変える。,鳴響矢水はエコーを倒すためだけでなく、再ピーク、側面ルート、味方後衛への接近を事前に見せるために使う。,龍撃波は空中のエコーへ直接ではなく、地上の退路や回復位置へ流して動きを制限する。,低空、着地、サポートの射線が切れた瞬間,エコーに対しては「鳴響矢水で味方に知らせる位置」「電光石火を残す相手」「龍撃波で分断する線」を毎回確認する。,"[""射線に出たエコー"", ""防御・救助・移動スキル使用後の敵"", ""後衛から離れた敵""]","[""エコー相手に同じ遮蔽から何度も顔を出すこと"", ""電光石火を遠距離牽制で使い切ること"", ""龍撃波を敵全員が見ている正面へ流すこと""]",エコーを倒し切ることより、まず同じ位置に立ち続けない。嵐ノ弓を1発撃ったら遮蔽へ戻る。,電光石火を最初の牽制で使い切らない。エコーが近づいた後、または移動スキル使用後に使う。,味方タンクが前に出る直前に鳴響矢水を置き、見えた対象へ嵐ノ弓を合わせる。,同じ射線で粘らず、壁登りと体術で高台や横の射線位置を再確保する。エコーの視線をずらしてから撃つ。,エコーの重要スキルを誘い、龍撃波は撃破目的だけでなく、回復線と退路を分断するために使う。,高度・着地・支援線を分ける空中敵,エコーを空中で長く追い続けず、高度が落ちる地点・着地先・支援線を先に決める。,エコーがブーストや高度維持を使った直後、着地先が限定された瞬間へ嵐ノ弓と鳴響矢水を集中する。,見上げ続けて地上の圧を失わず、体術と壁登りで遮蔽へ戻って次の着地だけを見る。,試合後に「エコーの何を見てから撃ったか」「外した時にどこへ戻ったか」を1回だけ確認する。,ハンゾー対エコーは、高度・着地・支援線を分ける空中敵として読む。最初に見る情報、撃つ瞬間、失敗時の戻り先を分けると、数値評価以上に安定する。,エコーへの説明は「撃つ」「追う」だけで終わらせない。ダイブ確認、倒し切りを狙う条件、撤退先、次の狙いを必ず1文ずつ分け、ハンゾーの嵐ノ弓と鳴響矢水と体術と壁登りの使い道を混同しない。,空中圧確認,エコーを空中で追い続けず、着地・高度低下・支援線の切れ目だけを撃つ。,この試合で「エコーを空中で長く追い続けず、高度が落ちる地点・着地先・支援線を先に決める。」を守れたか。守れなかった場合、次は撃つ前に何を1つだけ見るか。,エコーがブーストや高度維持を使った直後、着地先が限定された瞬間へ嵐ノ弓と鳴響矢水を集中する。 次に見上げ続けて地上の圧を失わず、体術と壁登りで遮蔽へ戻って次の着地だけを見る。できていれば成功。,見上げ続けて地上のダイブ経路や味方後衛への圧を見落とす。,次の試合ではエコーの着地先を先に決め、落ちる瞬間だけ鳴響矢水を合わせる。,エコーを撃った時の高度、着地先、自分が地上を見失った秒数を確認する。,次の試合ではエコーを倒すことより、確認、攻撃、退避の順番を崩さない。
Emre,5,遠距離ポーク・遮蔽管理,エムレとは同じ射線で長く撃ち合わず、嵐ノ弓を溜めて1発だけ出し、すぐ遮蔽へ戻る。鳴響矢水で相手が出直す位置を味方に知らせてから次の射線位置を使う。,電光石火はエムレへの雑な先撃ちではなく、接近後・移動スキル使用後・防御・救助・移動スキル後の短い確定時間に使う。遠距離では嵐ノ弓を優先する。,正面中央に長く立たず、嵐ノ弓を撃てる遮蔽と、体術・壁登りで戻れる高台をセットで使う。外した後は位置を変える。,"[""オルタード・バイタル"", ""シンセティック・バースト・ライフル"", ""オーバーライド・プロトコル""]","[""サイバー・フラグ"", ""オルタード・バイタル""]","[""シンセティック・バースト・ライフル"", ""オーバーライド・プロトコル"", ""オルタード・バイタル""]",7,6,5,5,5,8,5,,,,,,,,,,,,,,,,,,嵐ノ弓は長く顔を出して撃つのではなく、溜めて1発だけ覗き、遮蔽へ戻る。エムレが近い時は無理にフルチャージを狙わない。,体術と壁登りは追撃よりも射線変更と高台再確保に使う。外した後は射線か位置を変える。,鳴響矢水はエムレを倒すためだけでなく、再ピーク、側面ルート、味方後衛への接近を事前に見せるために使う。,龍撃波はエムレの射線を無理に突破するより、遮蔽から出る必要がある退路やサポート位置へ流す。,同じ遮蔽から再ピークした瞬間、射線変更直後,エムレに対しては「鳴響矢水で味方に知らせる位置」「電光石火を残す相手」「龍撃波で分断する線」を毎回確認する。,"[""射線に出たエムレ"", ""防御・救助・移動スキル使用後の敵"", ""後衛から離れた敵""]","[""エムレ相手に同じ遮蔽から何度も顔を出すこと"", ""電光石火を遠距離牽制で使い切ること"", ""龍撃波を敵全員が見ている正面へ流すこと""]",エムレを倒し切ることより、まず同じ位置に立ち続けない。嵐ノ弓を1発撃ったら遮蔽へ戻る。,電光石火を最初の牽制で使い切らない。エムレが近づいた後、または移動スキル使用後に使う。,味方タンクが前に出る直前に鳴響矢水を置き、見えた対象へ嵐ノ弓を合わせる。,同じ射線で粘らず、壁登りと体術で高台や横の射線位置を再確保する。エムレの視線をずらしてから撃つ。,エムレの重要スキルを誘い、龍撃波は撃破目的だけでなく、回復線と退路を分断するために使う。,長射線で先に体力差を作る敵,エムレの正面射線へ体を置かず、味方が視線を引いた一拍だけ別射線を使う。,エムレが照準を別方向へ向けた瞬間、または遮蔽移動中に嵐ノ弓と鳴響矢水を差し込む。,一度撃った位置は読まれるため、体術と壁登りで次の遮蔽へ移り、同じ場所から再ピークしない。,試合後に「エムレの何を見てから撃ったか」「外した時にどこへ戻ったか」を1回だけ確認する。,ハンゾー対エムレは、長射線で先に体力差を作る敵として読む。最初に見る情報、撃つ瞬間、失敗時の戻り先を分けると、数値評価以上に安定する。,エムレへの説明は「撃つ」「追う」だけで終わらせない。ダイブ確認、倒し切りを狙う条件、撤退先、次の狙いを必ず1文ずつ分け、ハンゾーの嵐ノ弓と鳴響矢水と体術と壁登りの使い道を混同しない。,射線管理,エムレの正面射線を避け、短い別射線で一度だけ体力差を作る。,この試合で「エムレの正面射線へ体を置かず、味方が視線を引いた一拍だけ別射線を使う。」を守れたか。守れなかった場合、次は撃つ前に何を1つだけ見るか。,エムレが照準を別方向へ向けた瞬間、または遮蔽移動中に嵐ノ弓と鳴響矢水を差し込む。 次に一度撃った位置は読まれるため、体術と壁登りで次の遮蔽へ移り、同じ場所から再ピークしない。できていれば成功。,同じ場所から再ピークして、エムレに照準を置かれたまま勝負する。,次の試合では1回撃ったら体術と壁登りで射線を変え、同じ位置を使わない。,エムレに見られていた時間、再ピークした場所、射線変更できたかを確認する。,次の試合ではエムレを倒すことより、確認、攻撃、退避の順番を崩さない。
Cassidy,5,中距離圏外管理,キャスディの中距離に入りすぎない。ハンゾーはフラッシュバン圏外から嵐ノ弓を撃ち、近づかれたら体術で戻る。,電光石火はキャスディへの雑な先撃ちではなく、接近後・移動スキル使用後・防御・救助・移動スキル後の短い確定時間に使う。遠距離では嵐ノ弓を優先する。,正面中央に長く立たず、嵐ノ弓を撃てる遮蔽と、体術・壁登りで戻れる高台をセットで使う。外した後は位置を変える。,"[""コンバット・ロール"", ""デッド・アイ""]","[""フラッシュバン"", ""コンバット・ロール""]","[""デッド・アイ"", ""コンバット・ロール""]",6,6,5,5,5,8,6,v41,6,5,中距離圏外管理,キャスディの中距離に入りすぎない。ハンゾーはフラッシュバン圏外から嵐ノ弓を撃ち、近づかれたら体術で戻る。,,,,,,,,,,,,,嵐ノ弓は長く顔を出して撃つのではなく、溜めて1発だけ覗き、遮蔽へ戻る。キャスディが近い時は無理にフルチャージを狙わない。,体術と壁登りは追撃よりも射線変更と高台再確保に使う。外した後は射線か位置を変える。,鳴響矢水はキャスディを倒すためだけでなく、再ピーク、側面ルート、味方後衛への接近を事前に見せるために使う。,龍撃波はキャスディの射線を無理に突破するより、遮蔽から出る必要がある退路やサポート位置へ流す。,同じ遮蔽から再ピークした瞬間、射線変更直後,キャスディに対しては「鳴響矢水で味方に知らせる位置」「電光石火を残す相手」「龍撃波で分断する線」を毎回確認する。,"[""射線に出たキャスディ"", ""防御・救助・移動スキル使用後の敵"", ""後衛から離れた敵""]","[""キャスディ相手に同じ遮蔽から何度も顔を出すこと"", ""電光石火を遠距離牽制で使い切ること"", ""龍撃波を敵全員が見ている正面へ流すこと""]",キャスディを倒し切ることより、まず同じ位置に立ち続けない。嵐ノ弓を1発撃ったら遮蔽へ戻る。,電光石火を最初の牽制で使い切らない。キャスディが近づいた後、または移動スキル使用後に使う。,味方タンクが前に出る直前に鳴響矢水を置き、見えた対象へ嵐ノ弓を合わせる。,同じ射線で粘らず、壁登りと体術で高台や横の射線位置を再確保する。キャスディの視線をずらしてから撃つ。,キャスディの重要スキルを誘い、龍撃波は撃破目的だけでなく、回復線と退路を分断するために使う。,長射線で先に体力差を作る敵,キャスディの正面射線へ体を置かず、味方が視線を引いた一拍だけ別射線を使う。,キャスディが照準を別方向へ向けた瞬間、または遮蔽移動中に嵐ノ弓と鳴響矢水を差し込む。,一度撃った位置は読まれるため、体術と壁登りで次の遮蔽へ移り、同じ場所から再ピークしない。,試合後に「キャスディの何を見てから撃ったか」「外した時にどこへ戻ったか」を1回だけ確認する。,ハンゾー対キャスディは、長射線で先に体力差を作る敵として読む。最初に見る情報、撃つ瞬間、失敗時の戻り先を分けると、数値評価以上に安定する。,キャスディへの説明は「撃つ」「追う」だけで終わらせない。ダイブ確認、倒し切りを狙う条件、撤退先、次の狙いを必ず1文ずつ分け、ハンゾーの嵐ノ弓と鳴響矢水と体術と壁登りの使い道を混同しない。,射線管理,キャスディの正面射線を避け、短い別射線で一度だけ体力差を作る。,この試合で「キャスディの正面射線へ体を置かず、味方が視線を引いた一拍だけ別射線を使う。」を守れたか。守れなかった場合、次は撃つ前に何を1つだけ見るか。,キャスディが照準を別方向へ向けた瞬間、または遮蔽移動中に嵐ノ弓と鳴響矢水を差し込む。 次に一度撃った位置は読まれるため、体術と壁登りで次の遮蔽へ移り、同じ場所から再ピークしない。できていれば成功。,同じ場所から再ピークして、キャスディに照準を置かれたまま勝負する。,次の試合では1回撃ったら体術と壁登りで射線を変え、同じ位置を使わない。,キャスディに見られていた時間、再ピークした場所、射線変更できたかを確認する。,次の試合ではキャスディを倒すことより、確認、攻撃、退避の順番を崩さない。
Genji,4,索敵・接近迎撃,ゲンジを正面で探し続けず、鳴響矢水で側面ルートを先に確認する。接近後は電光石火で短く返し、体術で距離を戻す。,電光石火はゲンジへの雑な先撃ちではなく、接近後・移動スキル使用後・防御・救助・移動スキル後の短い確定時間に使う。遠距離では嵐ノ弓を優先する。,正面中央に長く立たず、嵐ノ弓を撃てる遮蔽と、体術・壁登りで戻れる高台をセットで使う。外した後は位置を変える。,"[""風斬り"", ""木の葉返し"", ""龍撃剣""]","[""木の葉返し後"", ""風斬り後""]",,9,9,8,9,5,5,9,,,,,,"[""木の葉返し"", ""風斬り"", ""龍撃剣""]",,,,,,,,,,,,嵐ノ弓は長く顔を出して撃つのではなく、溜めて1発だけ覗き、遮蔽へ戻る。ゲンジが近い時は無理にフルチャージを狙わない。,体術と壁登りは追撃よりも射線変更と高台再確保に使う。外した後は射線か位置を変える。,鳴響矢水はゲンジを倒すためだけでなく、再ピーク、側面ルート、味方後衛への接近を事前に見せるために使う。,龍撃波はゲンジを直接狙うより、逃げ道やサポートの射線を切るために使う。,木の葉返し後、風斬り後,ゲンジに対しては、木の葉返しの有無、風斬りの使用先、龍撃剣の有無を毎回確認する。追い続けるより、接近を止めて帰らせることを優先する。,"[""味方後衛へ仕掛けるゲンジ"", ""移動スキル使用後の敵"", ""自分の逃げ道を塞ぐ敵""]","[""ゲンジを一人で追い続けること"", ""鳴響矢水なしで側面ルートを確認せずに歩くこと"", ""体術を攻めで先に使い切ること""]",ゲンジを倒し切ることより、まず同じ位置に立ち続けない。嵐ノ弓を1発撃ったら遮蔽へ戻る。,木の葉返し中は撃たない。風斬り後、または木の葉返し後だけ撃つ。,ゲンジが味方サポートへ入るダイブ経路を先に見る。撃破よりも帰らせることを優先する。,同じ射線で粘らず、壁登りと体術で高台や横の射線位置を再確保する。ゲンジの視線をずらしてから撃つ。,ゲンジの重要スキルを誘い、龍撃波は撃破目的だけでなく、回復線と退路を分断するために使う。,ダイブ経路・帰り道・再突入を分けるフランカー,ゲンジの初回接近だけを見ず、帰り道・再突入のダイブ経路・味方サポートへの距離を先に置き照準で管理する。,ゲンジが移動スキルを切った直後に嵐ノ弓と鳴響矢水を硬直に合わせ、倒し切れない時は追わない。,追撃で味方から離れず、体術と壁登りで元の遮蔽へ戻る。倒し切れない時は次の再突入を待ち、同じ通路を追わない。,試合後に「ゲンジの何を見てから撃ったか」「外した時にどこへ戻ったか」を1回だけ確認する。,ハンゾー対ゲンジは、ダイブ経路・帰り道・再突入を分けるフランカーとして読む。最初に見る情報、撃つ瞬間、失敗時の戻り先を分けると、数値評価以上に安定する。,ゲンジへの説明は「撃つ」「追う」だけで終わらせない。ダイブ確認、倒し切りを狙う条件、撤退先、次の狙いを必ず1文ずつ分け、ハンゾーの嵐ノ弓と鳴響矢水と体術と壁登りの使い道を混同しない。,再突入確認,ゲンジの初回接近ではなく、帰り道と再突入のダイブ経路を見て2回目を止める。,この試合で「ゲンジの初回接近だけを見ず、帰り道・再突入のダイブ経路・味方サポートへの距離を先に置き照準で管理する。」を守れたか。守れなかった場合、次は撃つ前に何を1つだけ見るか。,ゲンジが移動スキルを切った直後に嵐ノ弓と鳴響矢水を硬直に合わせ、倒し切れない時は追わない。 次に追撃で味方から離れず、体術と壁登りで元の遮蔽へ戻る。倒し切れない時は次の再突入を待ち、同じ通路を追わない。できていれば成功。,ゲンジを深追いして味方から離れ、次の接近を味方サポートに通してしまう。,次の試合では初回接近を移動スキル使用直後の硬直を狙い、逃げ道へ鳴響矢水を残す。,ゲンジを追った距離、味方サポートとの距離、再突入時に照準が置けていたかを確認する。,次の試合ではゲンジを倒すことより、確認、攻撃、退避の順番を崩さない。
Shion,4,索敵・接近迎撃,シオンを正面で探し続けず、鳴響矢水で側面ルートを先に確認する。接近後は嵐ノ弓を欲張らず、電光石火で移動スキル使用直後の硬直を狙いて体術で距離を戻す。 シオンは実装直後で情報が薄いため、対面評価は暫定です。,電光石火はシオンへの雑な先撃ちではなく、接近後・移動スキル使用後・防御・救助・移動スキル後の短い確定時間に使う。遠距離では嵐ノ弓を優先する。,正面中央に長く立たず、嵐ノ弓を撃てる遮蔽と、体術・壁登りで戻れる高台をセットで使う。外した後は位置を変える。,"[""回避"", ""凶走"", ""罰""]","[""凶走"", ""回避""]","[""罰"", ""殺戮"", ""回避""]",9,9,8,9,5,5,9,,,,,,,provisional,シオンは実装直後で情報が薄いため、対面評価は暫定です。,,,,,,,,,,嵐ノ弓は長く顔を出して撃つのではなく、溜めて1発だけ覗き、遮蔽へ戻る。シオンが近い時は無理にフルチャージを狙わない。,体術と壁登りは追撃よりも射線変更と高台再確保に使う。外した後は射線か位置を変える。,鳴響矢水はシオンを倒すためだけでなく、再ピーク、側面ルート、味方後衛への接近を事前に見せるために使う。,龍撃波はシオンを直接狙うより、逃げ道やサポートの射線を切るために使う。,凶走、味方後衛へ仕掛けた瞬間,シオンに対しては「鳴響矢水で味方に知らせる位置」「電光石火を残す相手」「龍撃波で分断する線」を毎回確認する。,"[""味方後衛へ仕掛けるシオン"", ""移動スキル使用後の敵"", ""自分の逃げ道を塞ぐ敵""]","[""シオンを一人で追い続けること"", ""鳴響矢水なしで側面ルートを確認せずに歩くこと"", ""体術を攻めで先に使い切ること""]",シオンを倒し切ることより、まず同じ位置に立ち続けない。嵐ノ弓を1発撃ったら遮蔽へ戻る。,電光石火を最初の牽制で使い切らない。シオンが近づいた後、または移動スキル使用後に使う。,味方タンクが前に出る直前に鳴響矢水を置き、見えた対象へ嵐ノ弓を合わせる。,同じ射線で粘らず、壁登りと体術で高台や横の射線位置を再確保する。シオンの視線をずらしてから撃つ。,シオンの重要スキルを誘い、龍撃波は撃破目的だけでなく、回復線と退路を分断するために使う。,ダイブ経路・帰り道・再突入を分けるフランカー,シオンの初回接近だけを見ず、帰り道・再突入のダイブ経路・味方サポートへの距離を先に置き照準で管理する。,シオンが移動スキルを切った直後に嵐ノ弓と鳴響矢水を硬直に合わせ、倒し切れない時は追わない。,追撃で味方から離れず、体術と壁登りで元の遮蔽へ戻る。倒し切れない時は次の再突入を待ち、同じ通路を追わない。,試合後に「シオンの何を見てから撃ったか」「外した時にどこへ戻ったか」を1回だけ確認する。,ハンゾー対シオンは、ダイブ経路・帰り道・再突入を分けるフランカーとして読む。最初に見る情報、撃つ瞬間、失敗時の戻り先を分けると、数値評価以上に安定する。,シオンへの説明は「撃つ」「追う」だけで終わらせない。ダイブ確認、倒し切りを狙う条件、撤退先、次の狙いを必ず1文ずつ分け、ハンゾーの嵐ノ弓と鳴響矢水と体術と壁登りの使い道を混同しない。,再突入確認,シオンの初回接近ではなく、帰り道と再突入のダイブ経路を見て2回目を止める。,この試合で「シオンの初回接近だけを見ず、帰り道・再突入のダイブ経路・味方サポートへの距離を先に置き照準で管理する。」を守れたか。守れなかった場合、次は撃つ前に何を1つだけ見るか。,シオンが移動スキルを切った直後に嵐ノ弓と鳴響矢水を硬直に合わせ、倒し切れない時は追わない。 次に追撃で味方から離れず、体術と壁登りで元の遮蔽へ戻る。倒し切れない時は次の再突入を待ち、同じ通路を追わない。できていれば成功。,シオンを深追いして味方から離れ、次の接近を味方サポートに通してしまう。,次の試合では初回接近を移動スキル使用直後の硬直を狙い、逃げ道へ鳴響矢水を残す。,シオンを追った距離、味方サポートとの距離、再突入時に照準が置けていたかを確認する。,次の試合ではシオンを倒すことより、確認、攻撃、退避の順番を崩さない。
Symmetra,6,設置物処理・距離維持,シンメトラには近づかれなければ戦いやすい。鳴響矢水でセントリー・タレットやテレポーターの位置を味方に知らせ、壊してからビーム距離を避けて戦う。,電光石火はシンメトラへの雑な先撃ちではなく、接近後・移動スキル使用後・防御・救助・移動スキル後の短い確定時間に使う。遠距離では嵐ノ弓を優先する。,正面中央に長く立たず、嵐ノ弓を撃てる遮蔽と、体術・壁登りで戻れる高台をセットで使う。外した後は位置を変える。,"[""フォトン・バリア"", ""テレポーター""]","[""セントリー・タレット"", ""テレポーター"", ""フォトン・バリア""]","[""テレポーター""]",5,5,5,5,5,5,4,v41,5,6,設置物処理・距離維持,シンメトラには近づかれなければ戦いやすい。鳴響矢水でセントリー・タレットやテレポーターの位置を味方に知らせ、壊してからビーム距離を避けて戦う。,,,,,,,,,,,,,嵐ノ弓は長く顔を出して撃つのではなく、溜めて1発だけ覗き、遮蔽へ戻る。シンメトラが近い時は無理にフルチャージを狙わない。,体術と壁登りは追撃よりも射線変更と高台再確保に使う。外した後は射線か位置を変える。,鳴響矢水は、セントリー・タレットやテレポーターの位置を味方に知らせるためにも使う。設置物を壊してから、側面ルートや味方後衛への接近を警戒する。,龍撃波はシンメトラが動く先、または回復を受ける位置へ流して退路を狭める。,再ピークした瞬間、移動スキル使用後,シンメトラに対しては「鳴響矢水で味方に知らせる位置」「電光石火を残す相手」「龍撃波で分断する線」を毎回確認する。,"[""射線に出たシンメトラ"", ""防御・救助・移動スキル使用後の敵"", ""後衛から離れた敵""]","[""シンメトラ相手に同じ遮蔽から何度も顔を出すこと"", ""電光石火を遠距離牽制で使い切ること"", ""龍撃波を敵全員が見ている正面へ流すこと""]",シンメトラを倒し切ることより、まず同じ位置に立ち続けない。嵐ノ弓を1発撃ったら遮蔽へ戻る。,電光石火を最初の牽制で使い切らない。シンメトラが近づいた後、または移動スキル使用後に使う。,味方タンクが前に出る直前に鳴響矢水を置き、見えた対象へ嵐ノ弓を合わせる。,同じ射線で粘らず、壁登りと体術で高台や横の射線位置を再確保する。シンメトラの視線をずらしてから撃つ。,シンメトラの重要スキルを誘い、龍撃波は撃破目的だけでなく、回復線と退路を分断するために使う。,通路と設置物で退路を制限する敵,シンメトラの得意な通路を通る前に、設置物・範囲圧・逃げ道・味方が見ている射線を順番に処理する。,設置物や範囲圧を無視して本体へ行かず、通路が空いた瞬間だけ嵐ノ弓と鳴響矢水を使う。,範囲内で粘らず、体術と壁登りで通路を変えてから次の射線を作る。戻る場所を決めてから本体を撃つ。,試合後に「シンメトラの何を見てから撃ったか」「外した時にどこへ戻ったか」を1回だけ確認する。,ハンゾー対シンメトラは、通路と設置物で退路を制限する敵として読む。最初に見る情報、撃つ瞬間、失敗時の戻り先を分けると、数値評価以上に安定する。,シンメトラへの説明は「撃つ」「追う」だけで終わらせない。ダイブ確認、倒し切りを狙う条件、撤退先、次の狙いを必ず1文ずつ分け、ハンゾーの嵐ノ弓と鳴響矢水と体術と壁登りの使い道を混同しない。,通路整理,シンメトラの範囲圧や設置物を整理してから、通路ではなく安全な撃ち場所を作る。,この試合で「シンメトラの得意な通路を通る前に、設置物・範囲圧・逃げ道・味方が見ている射線を順番に処理する。」を守れたか。守れなかった場合、次は撃つ前に何を1つだけ見るか。,設置物や範囲圧を無視して本体へ行かず、通路が空いた瞬間だけ嵐ノ弓と鳴響矢水を使う。 次に範囲内で粘らず、体術と壁登りで通路を変えてから次の射線を作る。戻る場所を決めてから本体を撃つ。できていれば成功。,設置物・範囲圧を無視して本体だけを追い、退路を狭められる。,次の試合では通路の危険物を先に処理し、空いた瞬間だけ鳴響矢水を使う。,シンメトラの設置物や範囲圧を処理した順番、踏み込んだ通路、戻れた遮蔽を確認する。,次の試合ではシンメトラを倒すことより、確認、攻撃、退避の順番を崩さない。
Junkrat,5,中距離射線管理,ジャンクラットには嵐ノ弓で遮蔽から1発だけ狙い、先に体力を削り、鳴響矢水で相手が出直す位置を味方に知らせる。近づかれた時だけ電光石火を使い、先撃ちしすぎない。,電光石火はジャンクラットへの雑な先撃ちではなく、接近後・移動スキル使用後・防御・救助・移動スキル後の短い確定時間に使う。遠距離では嵐ノ弓を優先する。,正面中央に長く立たず、嵐ノ弓を撃てる遮蔽と、体術・壁登りで戻れる高台をセットで使う。外した後は位置を変える。,"[""コンカッション・マイン"", ""RIPタイヤ""]","[""スティール・トラップ"", ""コンカッション・マイン""]","[""RIPタイヤ"", ""コンカッション・マイン""]",5,5,5,5,5,5,5,,,,,,,,,,,,,,,,,,嵐ノ弓は長く顔を出して撃つのではなく、溜めて1発だけ覗き、遮蔽へ戻る。ジャンクラットが近い時は無理にフルチャージを狙わない。,体術と壁登りは追撃よりも射線変更と高台再確保に使う。外した後は射線か位置を変える。,鳴響矢水は、スティール・トラップやコンカッション・マインの位置を味方に知らせるためにも使う。設置物を避けてから、ジャンクラット本体を狙う。,龍撃波はジャンクラットが動く先、または回復を受ける位置へ流して退路を狭める。,再ピークした瞬間、移動スキル使用後,ジャンクラットに対しては「鳴響矢水で味方に知らせる位置」「電光石火を残す相手」「龍撃波で分断する線」を毎回確認する。,"[""射線に出たジャンクラット"", ""防御・救助・移動スキル使用後の敵"", ""後衛から離れた敵""]","[""ジャンクラット相手に同じ遮蔽から何度も顔を出すこと"", ""電光石火を遠距離牽制で使い切ること"", ""龍撃波を敵全員が見ている正面へ流すこと""]",ジャンクラットを倒し切ることより、まず同じ位置に立ち続けない。嵐ノ弓を1発撃ったら遮蔽へ戻る。,電光石火を最初の牽制で使い切らない。ジャンクラットが近づいた後、または移動スキル使用後に使う。,味方タンクが前に出る直前に鳴響矢水を置き、見えた対象へ嵐ノ弓を合わせる。,同じ射線で粘らず、壁登りと体術で高台や横の射線位置を再確保する。ジャンクラットの視線をずらしてから撃つ。,ジャンクラットの重要スキルを誘い、龍撃波は撃破目的だけでなく、回復線と退路を分断するために使う。,通路と設置物で退路を制限する敵,ジャンクラットの得意な通路を通る前に、設置物・範囲圧・逃げ道・味方が見ている射線を順番に処理する。,設置物や範囲圧を無視して本体へ行かず、通路が空いた瞬間だけ嵐ノ弓と鳴響矢水を使う。,範囲内で粘らず、体術と壁登りで通路を変えてから次の射線を作る。戻る場所を決めてから本体を撃つ。,試合後に「ジャンクラットの何を見てから撃ったか」「外した時にどこへ戻ったか」を1回だけ確認する。,ハンゾー対ジャンクラットは、通路と設置物で退路を制限する敵として読む。最初に見る情報、撃つ瞬間、失敗時の戻り先を分けると、数値評価以上に安定する。,ジャンクラットへの説明は「撃つ」「追う」だけで終わらせない。ダイブ確認、倒し切りを狙う条件、撤退先、次の狙いを必ず1文ずつ分け、ハンゾーの嵐ノ弓と鳴響矢水と体術と壁登りの使い道を混同しない。,通路整理,ジャンクラットの範囲圧や設置物を整理してから、通路ではなく安全な撃ち場所を作る。,この試合で「ジャンクラットの得意な通路を通る前に、設置物・範囲圧・逃げ道・味方が見ている射線を順番に処理する。」を守れたか。守れなかった場合、次は撃つ前に何を1つだけ見るか。,設置物や範囲圧を無視して本体へ行かず、通路が空いた瞬間だけ嵐ノ弓と鳴響矢水を使う。 次に範囲内で粘らず、体術と壁登りで通路を変えてから次の射線を作る。戻る場所を決めてから本体を撃つ。できていれば成功。,設置物・範囲圧を無視して本体だけを追い、退路を狭められる。,次の試合では通路の危険物を先に処理し、空いた瞬間だけ鳴響矢水を使う。,ジャンクラットの設置物や範囲圧を処理した順番、踏み込んだ通路、戻れた遮蔽を確認する。,次の試合ではジャンクラットを倒すことより、確認、攻撃、退避の順番を崩さない。
Sojourn,5,レールガン警戒,ソジョーンのレールガンが溜まっている時は長く見合わない。ハンゾーは鳴響矢水で敵の位置を味方に知らせて、先に嵐ノ弓を通す。,電光石火はソジョーンへの雑な先撃ちではなく、接近後・移動スキル使用後・防御・救助・移動スキル後の短い確定時間に使う。遠距離では嵐ノ弓を優先する。,正面中央に長く立たず、嵐ノ弓を撃てる遮蔽と、体術・壁登りで戻れる高台をセットで使う。外した後は位置を変える。,"[""パワー・スライド"", ""レールガン"", ""オーバークロック""]","[""ディスラプター・ショット"", ""パワー・スライド""]","[""レールガン"", ""オーバークロック"", ""パワー・スライド""]",7,6,5,5,5,8,6,v41,7,5,レールガン警戒,ソジョーンのレールガンが溜まっている時は長く見合わない。ハンゾーは鳴響矢水で敵の位置を味方に知らせて、先に嵐ノ弓を通す。,,,,,,,,,,,,,嵐ノ弓は長く顔を出して撃つのではなく、溜めて1発だけ覗き、遮蔽へ戻る。ソジョーンが近い時は無理にフルチャージを狙わない。,体術と壁登りは追撃よりも射線変更と高台再確保に使う。外した後は射線か位置を変える。,鳴響矢水はソジョーンを倒すためだけでなく、再ピーク、側面ルート、味方後衛への接近を事前に見せるために使う。,龍撃波はソジョーンの射線を無理に突破するより、遮蔽から出る必要がある退路やサポート位置へ流す。,同じ遮蔽から再ピークした瞬間、射線変更直後,ソジョーンに対しては「鳴響矢水で味方に知らせる位置」「電光石火を残す相手」「龍撃波で分断する線」を毎回確認する。,"[""射線に出たソジョーン"", ""防御・救助・移動スキル使用後の敵"", ""後衛から離れた敵""]","[""ソジョーン相手に同じ遮蔽から何度も顔を出すこと"", ""電光石火を遠距離牽制で使い切ること"", ""龍撃波を敵全員が見ている正面へ流すこと""]",ソジョーンを倒し切ることより、まず同じ位置に立ち続けない。嵐ノ弓を1発撃ったら遮蔽へ戻る。,電光石火を最初の牽制で使い切らない。ソジョーンが近づいた後、または移動スキル使用後に使う。,味方タンクが前に出る直前に鳴響矢水を置き、見えた対象へ嵐ノ弓を合わせる。,同じ射線で粘らず、壁登りと体術で高台や横の射線位置を再確保する。ソジョーンの視線をずらしてから撃つ。,ソジョーンの重要スキルを誘い、龍撃波は撃破目的だけでなく、回復線と退路を分断するために使う。,長射線で先に体力差を作る敵,ソジョーンの正面射線へ体を置かず、味方が視線を引いた一拍だけ別射線を使う。,ソジョーンが照準を別方向へ向けた瞬間、または遮蔽移動中に嵐ノ弓と鳴響矢水を差し込む。,一度撃った位置は読まれるため、体術と壁登りで次の遮蔽へ移り、同じ場所から再ピークしない。,試合後に「ソジョーンの何を見てから撃ったか」「外した時にどこへ戻ったか」を1回だけ確認する。,ハンゾー対ソジョーンは、長射線で先に体力差を作る敵として読む。最初に見る情報、撃つ瞬間、失敗時の戻り先を分けると、数値評価以上に安定する。,ソジョーンへの説明は「撃つ」「追う」だけで終わらせない。ダイブ確認、倒し切りを狙う条件、撤退先、次の狙いを必ず1文ずつ分け、ハンゾーの嵐ノ弓と鳴響矢水と体術と壁登りの使い道を混同しない。,射線管理,ソジョーンの正面射線を避け、短い別射線で一度だけ体力差を作る。,この試合で「ソジョーンの正面射線へ体を置かず、味方が視線を引いた一拍だけ別射線を使う。」を守れたか。守れなかった場合、次は撃つ前に何を1つだけ見るか。,ソジョーンが照準を別方向へ向けた瞬間、または遮蔽移動中に嵐ノ弓と鳴響矢水を差し込む。 次に一度撃った位置は読まれるため、体術と壁登りで次の遮蔽へ移り、同じ場所から再ピークしない。できていれば成功。,同じ場所から再ピークして、ソジョーンに照準を置かれたまま勝負する。,次の試合では1回撃ったら体術と壁登りで射線を変え、同じ位置を使わない。,ソジョーンに見られていた時間、再ピークした場所、射線変更できたかを確認する。,次の試合ではソジョーンを倒すことより、確認、攻撃、退避の順番を崩さない。
Soldier: 76,6,遮蔽管理・短時間勝負,ソルジャー76の継続火力には付き合わない。ハンゾーは嵐ノ弓を1発だけ撃って遮蔽へ戻り、別の射線位置を使う。,電光石火はソルジャー76への雑な先撃ちではなく、接近後・移動スキル使用後・防御・救助・移動スキル後の短い確定時間に使う。遠距離では嵐ノ弓を優先する。,正面中央に長く立たず、嵐ノ弓を撃てる遮蔽と、体術・壁登りで戻れる高台をセットで使う。外した後は位置を変える。,"[""スプリント"", ""タクティカル・バイザー""]","[""ヘリックス・ロケット"", ""スプリント""]","[""タクティカル・バイザー"", ""スプリント""]",5,6,5,5,5,8,4,v41,5,6,遮蔽管理・短時間勝負,ソルジャー76の継続火力には付き合わない。ハンゾーは嵐ノ弓を1発だけ撃って遮蔽へ戻り、別の射線位置を使う。,,,,,,,,,,,,,嵐ノ弓は長く顔を出して撃つのではなく、溜めて1発だけ覗き、遮蔽へ戻る。ソルジャー76が近い時は無理にフルチャージを狙わない。,体術と壁登りは追撃よりも射線変更と高台再確保に使う。外した後は射線か位置を変える。,鳴響矢水はソルジャー76を倒すためだけでなく、再ピーク、側面ルート、味方後衛への接近を事前に見せるために使う。,龍撃波はソルジャー76の射線を無理に突破するより、遮蔽から出る必要がある退路やサポート位置へ流す。,同じ遮蔽から再ピークした瞬間、射線変更直後,ソルジャー76に対しては「鳴響矢水で味方に知らせる位置」「電光石火を残す相手」「龍撃波で分断する線」を毎回確認する。,"[""射線に出たソルジャー76"", ""防御・救助・移動スキル使用後の敵"", ""後衛から離れた敵""]","[""ソルジャー76相手に同じ遮蔽から何度も顔を出すこと"", ""電光石火を遠距離牽制で使い切ること"", ""龍撃波を敵全員が見ている正面へ流すこと""]",ソルジャー76を倒し切ることより、まず同じ位置に立ち続けない。嵐ノ弓を1発撃ったら遮蔽へ戻る。,電光石火を最初の牽制で使い切らない。ソルジャー76が近づいた後、または移動スキル使用後に使う。,味方タンクが前に出る直前に鳴響矢水を置き、見えた対象へ嵐ノ弓を合わせる。,同じ射線で粘らず、壁登りと体術で高台や横の射線位置を再確保する。ソルジャー76の視線をずらしてから撃つ。,ソルジャー76の重要スキルを誘い、龍撃波は撃破目的だけでなく、回復線と退路を分断するために使う。,長射線で先に体力差を作る敵,ソルジャー76の正面射線へ体を置かず、味方が視線を引いた一拍だけ別射線を使う。,ソルジャー76が照準を別方向へ向けた瞬間、または遮蔽移動中に嵐ノ弓と鳴響矢水を差し込む。,一度撃った位置は読まれるため、体術と壁登りで次の遮蔽へ移り、同じ場所から再ピークしない。,試合後に「ソルジャー76の何を見てから撃ったか」「外した時にどこへ戻ったか」を1回だけ確認する。,ハンゾー対ソルジャー76は、長射線で先に体力差を作る敵として読む。最初に見る情報、撃つ瞬間、失敗時の戻り先を分けると、数値評価以上に安定する。,ソルジャー76への説明は「撃つ」「追う」だけで終わらせない。ダイブ確認、倒し切りを狙う条件、撤退先、次の狙いを必ず1文ずつ分け、ハンゾーの嵐ノ弓と鳴響矢水と体術と壁登りの使い道を混同しない。,射線管理,ソルジャー76の正面射線を避け、短い別射線で一度だけ体力差を作る。,この試合で「ソルジャー76の正面射線へ体を置かず、味方が視線を引いた一拍だけ別射線を使う。」を守れたか。守れなかった場合、次は撃つ前に何を1つだけ見るか。,ソルジャー76が照準を別方向へ向けた瞬間、または遮蔽移動中に嵐ノ弓と鳴響矢水を差し込む。 次に一度撃った位置は読まれるため、体術と壁登りで次の遮蔽へ移り、同じ場所から再ピークしない。できていれば成功。,同じ場所から再ピークして、ソルジャー76に照準を置かれたまま勝負する。,次の試合では1回撃ったら体術と壁登りで射線を変え、同じ位置を使わない。,ソルジャー76に見られていた時間、再ピークした場所、射線変更できたかを確認する。,次の試合ではソルジャー76を倒すことより、確認、攻撃、退避の順番を崩さない。
Sombra,3,索敵・接近迎撃,ソンブラが消えている時間は鳴響矢水を側面ルートと味方後衛付近に使い、ハック開始時は嵐ノ弓か電光石火で中断を狙う。ハック成立後はスキルを前提にせず、嵐ノ弓を1発だけ撃って遮蔽へ移動する。,電光石火はソンブラへの雑な先撃ちではなく、接近後・移動スキル使用後・防御・救助・移動スキル後の短い確定時間に使う。遠距離では嵐ノ弓を優先する。,正面中央に長く立たず、嵐ノ弓を撃てる遮蔽と、体術・壁登りで戻れる高台をセットで使う。外した後は位置を変える。,"[""ハック"", ""EMP"", ""トランズロケーター""]","[""ハック開始"", ""トランズロケーター後"", ""ステルス解除""]","[""ハック"", ""EMP"", ""トランズロケーター""]",10,10,10,10,5,5,10,,,,,,,,,"[""ハック開始"", ""ステルス解除""]","[""電光石火"", ""鳴響矢水"", ""体術"", ""龍撃波""]","[""嵐ノ弓"", ""リロード"", ""遮蔽への後退""]",,,,,,,嵐ノ弓は長く顔を出して撃つのではなく、溜めて1発だけ覗き、遮蔽へ戻る。ソンブラが近い時は無理にフルチャージを狙わない。,体術と壁登りは追撃よりも射線変更と高台再確保に使う。外した後は射線か位置を変える。,鳴響矢水はソンブラを倒すためだけでなく、再ピーク、側面ルート、味方後衛への接近を事前に見せるために使う。,龍撃波はEMPやハックで止まる前提で、ソンブラの位置が割れた後、またはトランズロケーター後に通す。単独で先に撃たず、味方の拘束や前進に合わせる。,ハック開始、ステルス解除、トランズロケーター後,ソンブラに対しては「鳴響矢水で味方に知らせる位置」「電光石火を残す相手」「龍撃波で分断する線」を毎回確認する。,"[""ハックを開始したソンブラ"", ""ステルス解除直後のソンブラ"", ""トランズロケーター後のソンブラ""]","[""ハック成立後に体術や電光石火を前提にすること"", ""鳴響矢水を温存しすぎて側面ルートを見ないこと"", ""ソンブラを深追いして正面を空けること""]",ハック音や線が見えたら、まずソンブラへ1発撃つか遮蔽へ移動する。成立後に体術で逃げようとしない。,鳴響矢水を側面ルートに置いて、ソンブラの接近を試合前半から見る。見えてから慌てて撃たない。,ハック開始時は嵐ノ弓か電光石火で中断を狙い、失敗したら通常射撃と遮蔽へ戻る。,ソンブラが消えている間は高台の端に立ちすぎない。味方後衛と自分を同じ鳴響矢水で守れる位置を使う。,ソンブラにハックを使わせた後、次の数秒で龍撃波や射線変更を通す。単に追うより、敵全体のダイブ経路を潰す。,ダイブ経路・帰り道・再突入を分けるフランカー,ソンブラの初回接近だけを見ず、帰り道・再突入のダイブ経路・味方サポートへの距離を先に置き照準で管理する。,ソンブラが移動スキルを切った直後に嵐ノ弓と鳴響矢水を硬直に合わせ、倒し切れない時は追わない。,追撃で味方から離れず、体術と壁登りで元の遮蔽へ戻る。倒し切れない時は次の再突入を待ち、同じ通路を追わない。,試合後に「ソンブラの何を見てから撃ったか」「外した時にどこへ戻ったか」を1回だけ確認する。,ハンゾー対ソンブラは、ダイブ経路・帰り道・再突入を分けるフランカーとして読む。最初に見る情報、撃つ瞬間、失敗時の戻り先を分けると、数値評価以上に安定する。,ソンブラへの説明は「撃つ」「追う」だけで終わらせない。ダイブ確認、倒し切りを狙う条件、撤退先、次の狙いを必ず1文ずつ分け、ハンゾーの嵐ノ弓と鳴響矢水と体術と壁登りの使い道を混同しない。,再突入確認,ソンブラの初回接近ではなく、帰り道と再突入のダイブ経路を見て2回目を止める。,この試合で「ソンブラの初回接近だけを見ず、帰り道・再突入のダイブ経路・味方サポートへの距離を先に置き照準で管理する。」を守れたか。守れなかった場合、次は撃つ前に何を1つだけ見るか。,ソンブラが移動スキルを切った直後に嵐ノ弓と鳴響矢水を硬直に合わせ、倒し切れない時は追わない。 次に追撃で味方から離れず、体術と壁登りで元の遮蔽へ戻る。倒し切れない時は次の再突入を待ち、同じ通路を追わない。できていれば成功。,ソンブラを深追いして味方から離れ、次の接近を味方サポートに通してしまう。,次の試合では初回接近を移動スキル使用直後の硬直を狙い、逃げ道へ鳴響矢水を残す。,ソンブラを追った距離、味方サポートとの距離、再突入時に照準が置けていたかを確認する。,次の試合ではソンブラを倒すことより、確認、攻撃、退避の順番を崩さない。
Tracer,4,索敵・接近迎撃,トレーサーを正面で探し続けず、鳴響矢水で側面ルートを先に確認する。接近後は電光石火で短く返し、体術で距離を戻す。,電光石火はトレーサーへの雑な先撃ちではなく、接近後・移動スキル使用後・防御・救助・移動スキル後の短い確定時間に使う。遠距離では嵐ノ弓を優先する。,正面中央に長く立たず、嵐ノ弓を撃てる遮蔽と、体術・壁登りで戻れる高台をセットで使う。外した後は位置を変える。,"[""ブリンク"", ""リコール"", ""パルス・ボム""]","[""リコール後"", ""ブリンクを複数使った後""]",,9,9,8,9,5,5,9,,,,,,"[""ブリンク"", ""リコール""]",,,,,,,,,,,,嵐ノ弓は長く顔を出して撃つのではなく、溜めて1発だけ覗き、遮蔽へ戻る。トレーサーが近い時は無理にフルチャージを狙わない。,体術と壁登りは追撃よりも射線変更と高台再確保に使う。外した後は射線か位置を変える。,鳴響矢水は正面ではなく、側面ルートや味方後衛へ向かうダイブ経路に使う。トレーサーの再接近を味方にも知らせる。,龍撃波はトレーサーを直接狙うより、逃げ道やサポートの射線を切るために使う。,リコール後、ブリンクを複数使った後,トレーサーに対しては、ブリンク残数、リコール後の位置、パルス・ボムの有無を毎回確認する。追い切るより、接近を止めて帰らせることを優先する。,"[""味方後衛へ仕掛けるトレーサー"", ""移動スキル使用後の敵"", ""自分の逃げ道を塞ぐ敵""]","[""トレーサーを一人で追い続けること"", ""鳴響矢水なしで側面ルートを確認せずに歩くこと"", ""体術を攻めで先に使い切ること""]",トレーサーを倒し切ることより、まず同じ位置に立ち続けない。嵐ノ弓を1発撃ったら遮蔽へ戻る。,ブリンクを追いかけない。リコール後、またはブリンクを複数使った後だけ撃つ。,トレーサーが味方サポートへ入るダイブ経路を先に見る。撃破よりも帰らせることを優先する。,同じ射線で粘らず、壁登りと体術で高台や横の射線位置を再確保する。トレーサーの視線をずらしてから撃つ。,トレーサーの重要スキルを誘い、龍撃波は撃破目的だけでなく、回復線と退路を分断するために使う。,ダイブ経路・帰り道・再突入を分けるフランカー,トレーサーの初回接近だけを見ず、帰り道・再突入のダイブ経路・味方サポートへの距離を先に置き照準で管理する。,トレーサーが移動スキルを切った直後に嵐ノ弓と鳴響矢水を硬直に合わせ、倒し切れない時は追わない。,追撃で味方から離れず、体術と壁登りで元の遮蔽へ戻る。倒し切れない時は次の再突入を待ち、同じ通路を追わない。,試合後に「トレーサーの何を見てから撃ったか」「外した時にどこへ戻ったか」を1回だけ確認する。,ハンゾー対トレーサーは、ダイブ経路・帰り道・再突入を分けるフランカーとして読む。最初に見る情報、撃つ瞬間、失敗時の戻り先を分けると、数値評価以上に安定する。,トレーサーへの説明は「撃つ」「追う」だけで終わらせない。ダイブ確認、倒し切りを狙う条件、撤退先、次の狙いを必ず1文ずつ分け、ハンゾーの嵐ノ弓と鳴響矢水と体術と壁登りの使い道を混同しない。,再突入確認,トレーサーの初回接近ではなく、帰り道と再突入のダイブ経路を見て2回目を止める。,この試合で「トレーサーの初回接近だけを見ず、帰り道・再突入のダイブ経路・味方サポートへの距離を先に置き照準で管理する。」を守れたか。守れなかった場合、次は撃つ前に何を1つだけ見るか。,トレーサーが移動スキルを切った直後に嵐ノ弓と鳴響矢水を硬直に合わせ、倒し切れない時は追わない。 次に追撃で味方から離れず、体術と壁登りで元の遮蔽へ戻る。倒し切れない時は次の再突入を待ち、同じ通路を追わない。できていれば成功。,トレーサーを深追いして味方から離れ、次の接近を味方サポートに通してしまう。,次の試合では初回接近を移動スキル使用直後の硬直を狙い、逃げ道へ鳴響矢水を残す。,トレーサーを追った距離、味方サポートとの距離、再突入時に照準が置けていたかを確認する。,次の試合ではトレーサーを倒すことより、確認、攻撃、退避の順番を崩さない。
Torbjörn,5,中距離射線管理,トールビョーンには嵐ノ弓で遮蔽から1発だけ狙い、先に体力を削り、鳴響矢水で相手が出直す位置を味方に知らせる。近づかれた時だけ電光石火を使い、先撃ちしすぎない。,電光石火はトールビョーンへの雑な先撃ちではなく、接近後・移動スキル使用後・防御・救助・移動スキル後の短い確定時間に使う。遠距離では嵐ノ弓を優先する。,正面中央に長く立たず、嵐ノ弓を撃てる遮蔽と、体術・壁登りで戻れる高台をセットで使う。外した後は位置を変える。,"[""オーバーロード"", ""モルテン・コア""]","[""タレット"", ""オーバーロード""]","[""オーバーロード"", ""モルテン・コア""]",5,5,5,5,5,5,5,,,,,,,,,,,,v47_torbjorn_db_applied,トールビョーンDB v1統合時に、タレット設置・オーバーロード・モルテン・コアの表記と確認タイミングを再点検。,,,,,嵐ノ弓は長く顔を出して撃つのではなく、溜めて1発だけ覗き、遮蔽へ戻る。トールビョーンが近い時は無理にフルチャージを狙わない。,体術と壁登りは追撃よりも射線変更と高台再確保に使う。外した後は射線か位置を変える。,鳴響矢水は、設置済みタレットの位置を味方に知らせるためにも使う。壊してから、トールビョーン本体や味方後衛への接近を警戒する。,龍撃波はトールビョーンが動く先、または回復を受ける位置へ流して退路を狭める。,再ピークした瞬間、移動スキル使用後,トールビョーンに対しては「鳴響矢水で味方に知らせる位置」「電光石火を残す相手」「龍撃波で分断する線」を毎回確認する。,"[""射線に出たトールビョーン"", ""防御・救助・移動スキル使用後の敵"", ""後衛から離れた敵""]","[""トールビョーン相手に同じ遮蔽から何度も顔を出すこと"", ""電光石火を遠距離牽制で使い切ること"", ""龍撃波を敵全員が見ている正面へ流すこと""]",トールビョーンを倒し切ることより、まず同じ位置に立ち続けない。嵐ノ弓を1発撃ったら遮蔽へ戻る。,電光石火を最初の牽制で使い切らない。トールビョーンが近づいた後、または移動スキル使用後に使う。,味方タンクが前に出る直前に鳴響矢水を置き、見えた対象へ嵐ノ弓を合わせる。,同じ射線で粘らず、壁登りと体術で高台や横の射線位置を再確保する。トールビョーンの視線をずらしてから撃つ。,トールビョーンの重要スキルを誘い、龍撃波は撃破目的だけでなく、回復線と退路を分断するために使う。,通路と設置物で退路を制限する敵,トールビョーンの得意な通路を通る前に、設置物・範囲圧・逃げ道・味方が見ている射線を順番に処理する。,設置物や範囲圧を無視して本体へ行かず、通路が空いた瞬間だけ嵐ノ弓と鳴響矢水を使う。,範囲内で粘らず、体術と壁登りで通路を変えてから次の射線を作る。戻る場所を決めてから本体を撃つ。,試合後に「トールビョーンの何を見てから撃ったか」「外した時にどこへ戻ったか」を1回だけ確認する。,ハンゾー対トールビョーンは、通路と設置物で退路を制限する敵として読む。最初に見る情報、撃つ瞬間、失敗時の戻り先を分けると、数値評価以上に安定する。,トールビョーンへの説明は「撃つ」「追う」だけで終わらせない。ダイブ確認、倒し切りを狙う条件、撤退先、次の狙いを必ず1文ずつ分け、ハンゾーの嵐ノ弓と鳴響矢水と体術と壁登りの使い道を混同しない。,通路整理,トールビョーンの範囲圧や設置物を整理してから、通路ではなく安全な撃ち場所を作る。,この試合で「トールビョーンの得意な通路を通る前に、設置物・範囲圧・逃げ道・味方が見ている射線を順番に処理する。」を守れたか。守れなかった場合、次は撃つ前に何を1つだけ見るか。,設置物や範囲圧を無視して本体へ行かず、通路が空いた瞬間だけ嵐ノ弓と鳴響矢水を使う。 次に範囲内で粘らず、体術と壁登りで通路を変えてから次の射線を作る。戻る場所を決めてから本体を撃つ。できていれば成功。,設置物・範囲圧を無視して本体だけを追い、退路を狭められる。,次の試合では通路の危険物を先に処理し、空いた瞬間だけ鳴響矢水を使う。,トールビョーンの設置物や範囲圧を処理した順番、踏み込んだ通路、戻れた遮蔽を確認する。,次の試合ではトールビョーンを倒すことより、確認、攻撃、退避の順番を崩さない。
Hanzo,5,鳴響矢水・1発ピーク差,ハンゾーミラーは一撃で流れが変わる。鳴響矢水で先に位置を見せ、嵐ノ弓は1発だけ撃って遮蔽へ戻る。,電光石火は遠距離の牽制に使い切らない。相手が近づいた時、体術後、または射程に入った瞬間に残す。,正面中央に立たず、1発撃った後に戻れる遮蔽を決める。高台では頭を出す回数を減らす。,"[""鳴響矢水"", ""電光石火"", ""龍撃波""]","[""電光石火"", ""体術""]","[""鳴響矢水"", ""体術""]",8,9,,,,,7,v41,8,5,鳴響矢水・1発ピーク差,ハンゾーミラーは一撃で流れが変わる。鳴響矢水で先に相手の位置を味方に知らせた側が有利で、同じ位置から二度続けて顔を出さず、嵐ノ弓1発ごとに遮蔽へ戻る。,,,,,,,,,True,"[""鳴響矢水で先に相手の位置を味方に知らせる"", ""同じ位置から二度続けて顔を出さない"", ""電光石火は近距離迎撃に残す""]",v41,ハンゾーミラーは一撃で流れが変わる。鳴響矢水で先に相手の位置を味方に知らせた側が有利で、同じ位置から二度続けて顔を出さず、嵐ノ弓1発ごとに遮蔽へ戻る。,嵐ノ弓は同じ射線で撃ち続けない。1発ごとに遮蔽へ戻り、相手が見ている位置を変える。,体術と壁登りは追撃ではなく、相手の射線から外れるために使う。外した後も同じ位置へ戻らない。,鳴響矢水はミラーで最重要。相手の再ピーク位置、側面ルート、高台の移動先を先に見せる。,龍撃波は見えている相手へ正面から流すだけでは弱い。相手の退路や回復線を切る角度で使う。,相手が鳴響矢水を使った直後、または同じ位置へ再ピークした瞬間,鳴響矢水、電光石火、再ピーク位置の3つで差を見る。,"[""相手ハンゾー"", ""鳴響矢水で見えた敵"", ""龍撃波で退路を切れる敵""]","[""同じ位置に二度続けて出ること"", ""電光石火を遠距離牽制で使い切ること"", ""龍撃波を敵全員が見ている正面へ流すこと""]",1発撃ったら必ず隠れる。位置を変える。,鳴響矢水を相手のいそうな遮蔽へ使う。何となく正面へ撃たない。,相手の再ピークを待って1発だけ撃つ。外したら位置を変える。,電光石火は近距離迎撃に残し、遠距離牽制で使い切らない。,鳴響矢水で相手の移動先を読み、龍撃波は退路と回復線を分断する角度で使う。,長射線で先に体力差を作る敵,ハンゾーの正面射線へ体を置かず、味方が視線を引いた一拍だけ別射線を使う。,ハンゾーが照準を別方向へ向けた瞬間、または遮蔽移動中に嵐ノ弓と鳴響矢水を差し込む。,一度撃った位置は読まれるため、体術と壁登りで次の遮蔽へ移り、同じ場所から再ピークしない。,試合後に「ハンゾーの何を見てから撃ったか」「外した時にどこへ戻ったか」を1回だけ確認する。,ハンゾー対ハンゾーは、長射線で先に体力差を作る敵として読む。最初に見る情報、撃つ瞬間、失敗時の戻り先を分けると、数値評価以上に安定する。,ハンゾーへの説明は「撃つ」「追う」だけで終わらせない。ダイブ確認、倒し切りを狙う条件、撤退先、次の狙いを必ず1文ずつ分け、ハンゾーの嵐ノ弓と鳴響矢水と体術と壁登りの使い道を混同しない。,射線管理,ハンゾーの正面射線を避け、短い別射線で一度だけ体力差を作る。,この試合で「ハンゾーの正面射線へ体を置かず、味方が視線を引いた一拍だけ別射線を使う。」を守れたか。守れなかった場合、次は撃つ前に何を1つだけ見るか。,ハンゾーが照準を別方向へ向けた瞬間、または遮蔽移動中に嵐ノ弓と鳴響矢水を差し込む。 次に一度撃った位置は読まれるため、体術と壁登りで次の遮蔽へ移り、同じ場所から再ピークしない。できていれば成功。,同じ場所から再ピークして、ハンゾーに照準を置かれたまま勝負する。,次の試合では1回撃ったら体術と壁登りで射線を変え、同じ位置を使わない。,ハンゾーに見られていた時間、再ピークした場所、射線変更できたかを確認する。,次の試合ではハンゾーを倒すことより、確認、攻撃、退避の順番を崩さない。
Bastion,5,遠距離ポーク・遮蔽管理,バスティオンとは同じ射線で長く撃ち合わず、嵐ノ弓を溜めて1発だけ出し、すぐ遮蔽へ戻る。鳴響矢水で相手が出直す位置を味方に知らせてから次の射線位置を使う。,電光石火はバスティオンへの雑な先撃ちではなく、接近後・移動スキル使用後・防御・救助・移動スキル後の短い確定時間に使う。遠距離では嵐ノ弓を優先する。,正面中央に長く立たず、嵐ノ弓を撃てる遮蔽と、体術・壁登りで戻れる高台をセットで使う。外した後は位置を変える。,"[""砲台モード""]","[""強襲モード"", ""A-36タクティカル・グレネード""]","[""砲台モード""]",7,6,5,5,5,8,5,,,,,,,,,,,,,,,,,,嵐ノ弓は長く顔を出して撃つのではなく、溜めて1発だけ覗き、遮蔽へ戻る。バスティオンが近い時は無理にフルチャージを狙わない。,体術と壁登りは追撃よりも射線変更と高台再確保に使う。外した後は射線か位置を変える。,鳴響矢水はバスティオンを倒すためだけでなく、再ピーク、側面ルート、味方後衛への接近を事前に見せるために使う。,龍撃波はバスティオンの射線を無理に突破するより、遮蔽から出る必要がある退路やサポート位置へ流す。,同じ遮蔽から再ピークした瞬間、射線変更直後,バスティオンに対しては「鳴響矢水で味方に知らせる位置」「電光石火を残す相手」「龍撃波で分断する線」を毎回確認する。,"[""射線に出たバスティオン"", ""防御・救助・移動スキル使用後の敵"", ""後衛から離れた敵""]","[""バスティオン相手に同じ遮蔽から何度も顔を出すこと"", ""電光石火を遠距離牽制で使い切ること"", ""龍撃波を敵全員が見ている正面へ流すこと""]",バスティオンを倒し切ることより、まず同じ位置に立ち続けない。嵐ノ弓を1発撃ったら遮蔽へ戻る。,電光石火を最初の牽制で使い切らない。バスティオンが近づいた後、または移動スキル使用後に使う。,味方タンクが前に出る直前に鳴響矢水を置き、見えた対象へ嵐ノ弓を合わせる。,同じ射線で粘らず、壁登りと体術で高台や横の射線位置を再確保する。バスティオンの視線をずらしてから撃つ。,バスティオンの重要スキルを誘い、龍撃波は撃破目的だけでなく、回復線と退路を分断するために使う。,通路と設置物で退路を制限する敵,バスティオンの得意な通路を通る前に、設置物・範囲圧・逃げ道・味方が見ている射線を順番に処理する。,設置物や範囲圧を無視して本体へ行かず、通路が空いた瞬間だけ嵐ノ弓と鳴響矢水を使う。,範囲内で粘らず、体術と壁登りで通路を変えてから次の射線を作る。戻る場所を決めてから本体を撃つ。,試合後に「バスティオンの何を見てから撃ったか」「外した時にどこへ戻ったか」を1回だけ確認する。,ハンゾー対バスティオンは、通路と設置物で退路を制限する敵として読む。最初に見る情報、撃つ瞬間、失敗時の戻り先を分けると、数値評価以上に安定する。,バスティオンへの説明は「撃つ」「追う」だけで終わらせない。ダイブ確認、倒し切りを狙う条件、撤退先、次の狙いを必ず1文ずつ分け、ハンゾーの嵐ノ弓と鳴響矢水と体術と壁登りの使い道を混同しない。,通路整理,バスティオンの範囲圧や設置物を整理してから、通路ではなく安全な撃ち場所を作る。,この試合で「バスティオンの得意な通路を通る前に、設置物・範囲圧・逃げ道・味方が見ている射線を順番に処理する。」を守れたか。守れなかった場合、次は撃つ前に何を1つだけ見るか。,設置物や範囲圧を無視して本体へ行かず、通路が空いた瞬間だけ嵐ノ弓と鳴響矢水を使う。 次に範囲内で粘らず、体術と壁登りで通路を変えてから次の射線を作る。戻る場所を決めてから本体を撃つ。できていれば成功。,設置物・範囲圧を無視して本体だけを追い、退路を狭められる。,次の試合では通路の危険物を先に処理し、空いた瞬間だけ鳴響矢水を使う。,バスティオンの設置物や範囲圧を処理した順番、踏み込んだ通路、戻れた遮蔽を確認する。,次の試合ではバスティオンを倒すことより、確認、攻撃、退避の順番を崩さない。
Pharah,2,索敵・接近迎撃,ファラを空中で追い続けず、低空・着地・直線移動に嵐ノ弓を合わせる。鳴響矢水で敵の位置を味方に知らせ、空中だけを追わず地上で前に出た敵にも切り替える。,電光石火はファラへの雑な先撃ちではなく、接近後・移動スキル使用後・防御・救助・移動スキル後の短い確定時間に使う。遠距離では嵐ノ弓を優先する。,正面中央に長く立たず、嵐ノ弓を撃てる遮蔽と、体術・壁登りで戻れる高台をセットで使う。外した後は位置を変える。,"[""ジャンプ・ジェット"", ""ホバー・ジェット"", ""バレッジ""]","[""着地後"", ""低空移動中""]","[""バレッジ"", ""ジャンプ・ジェット""]",10,8,6,7,5,8,9,,,,,,,,,,,,,,,,,,嵐ノ弓は長く顔を出して撃つのではなく、溜めて1発だけ覗き、遮蔽へ戻る。ファラが近い時は無理にフルチャージを狙わない。,体術と壁登りは追撃よりも射線変更と高台再確保に使う。外した後は射線か位置を変える。,鳴響矢水はファラを倒すためだけでなく、再ピーク、側面ルート、味方後衛への接近を事前に見せるために使う。,龍撃波は空中のファラへ直接ではなく、地上の退路や回復位置へ流して動きを制限する。,低空、着地、サポートの射線が切れた瞬間,ファラに対しては「鳴響矢水で味方に知らせる位置」「電光石火を残す相手」「龍撃波で分断する線」を毎回確認する。,"[""射線に出たファラ"", ""防御・救助・移動スキル使用後の敵"", ""後衛から離れた敵""]","[""ファラ相手に同じ遮蔽から何度も顔を出すこと"", ""電光石火を遠距離牽制で使い切ること"", ""龍撃波を敵全員が見ている正面へ流すこと""]",ファラを倒し切ることより、まず同じ位置に立ち続けない。嵐ノ弓を1発撃ったら遮蔽へ戻る。,電光石火を最初の牽制で使い切らない。ファラが近づいた後、または移動スキル使用後に使う。,味方タンクが前に出る直前に鳴響矢水を置き、見えた対象へ嵐ノ弓を合わせる。,同じ射線で粘らず、壁登りと体術で高台や横の射線位置を再確保する。ファラの視線をずらしてから撃つ。,ファラの重要スキルを誘い、龍撃波は撃破目的だけでなく、回復線と退路を分断するために使う。,高度・着地・支援線を分ける空中敵,ファラを空中で長く追い続けず、高度が落ちる地点・着地先・支援線を先に決める。,ファラがブーストや高度維持を使った直後、着地先が限定された瞬間へ嵐ノ弓と鳴響矢水を集中する。,見上げ続けて地上の圧を失わず、体術と壁登りで遮蔽へ戻って次の着地だけを見る。,試合後に「ファラの何を見てから撃ったか」「外した時にどこへ戻ったか」を1回だけ確認する。,ハンゾー対ファラは、高度・着地・支援線を分ける空中敵として読む。最初に見る情報、撃つ瞬間、失敗時の戻り先を分けると、数値評価以上に安定する。,ファラへの説明は「撃つ」「追う」だけで終わらせない。ダイブ確認、倒し切りを狙う条件、撤退先、次の狙いを必ず1文ずつ分け、ハンゾーの嵐ノ弓と鳴響矢水と体術と壁登りの使い道を混同しない。,空中圧確認,ファラを空中で追い続けず、着地・高度低下・支援線の切れ目だけを撃つ。,この試合で「ファラを空中で長く追い続けず、高度が落ちる地点・着地先・支援線を先に決める。」を守れたか。守れなかった場合、次は撃つ前に何を1つだけ見るか。,ファラがブーストや高度維持を使った直後、着地先が限定された瞬間へ嵐ノ弓と鳴響矢水を集中する。 次に見上げ続けて地上の圧を失わず、体術と壁登りで遮蔽へ戻って次の着地だけを見る。できていれば成功。,見上げ続けて地上のダイブ経路や味方後衛への圧を見落とす。,次の試合ではファラの着地先を先に決め、落ちる瞬間だけ鳴響矢水を合わせる。,ファラを撃った時の高度、着地先、自分が地上を見失った秒数を確認する。,次の試合ではファラを倒すことより、確認、攻撃、退避の順番を崩さない。
Freja,3,索敵・接近迎撃,フレイヤを空中で追い続けず、低空・着地・直線移動に嵐ノ弓を合わせる。鳴響矢水で敵の位置を味方に知らせ、空中だけを追わず地上で前に出た敵にも切り替える。,電光石火はフレイヤへの雑な先撃ちではなく、接近後・移動スキル使用後・防御・救助・移動スキル後の短い確定時間に使う。遠距離では嵐ノ弓を優先する。,正面中央に長く立たず、嵐ノ弓を撃てる遮蔽と、体術・壁登りで戻れる高台をセットで使う。外した後は位置を変える。,"[""クイック・ダッシュ"", ""アップドラフト"", ""ボーラ・ショット""]","[""ボーラ・ショット"", ""テイク・エイム"", ""クイック・ダッシュ""]","[""ボーラ・ショット"", ""クイック・ダッシュ"", ""アップドラフト""]",10,9,6,7,5,9,7,,,,,,,,,,,,,,,,,,嵐ノ弓は長く顔を出して撃つのではなく、溜めて1発だけ覗き、遮蔽へ戻る。フレイヤが近い時は無理にフルチャージを狙わない。,体術と壁登りは追撃よりも射線変更と高台再確保に使う。外した後は射線か位置を変える。,鳴響矢水はフレイヤを倒すためだけでなく、再ピーク、側面ルート、味方後衛への接近を事前に見せるために使う。,龍撃波は空中のフレイヤへ直接ではなく、地上の退路や回復位置へ流して動きを制限する。,低空、着地、サポートの射線が切れた瞬間,フレイヤに対しては「鳴響矢水で味方に知らせる位置」「電光石火を残す相手」「龍撃波で分断する線」を毎回確認する。,"[""射線に出たフレイヤ"", ""防御・救助・移動スキル使用後の敵"", ""後衛から離れた敵""]","[""フレイヤ相手に同じ遮蔽から何度も顔を出すこと"", ""電光石火を遠距離牽制で使い切ること"", ""龍撃波を敵全員が見ている正面へ流すこと""]",フレイヤを倒し切ることより、まず同じ位置に立ち続けない。嵐ノ弓を1発撃ったら遮蔽へ戻る。,電光石火を最初の牽制で使い切らない。フレイヤが近づいた後、または移動スキル使用後に使う。,味方タンクが前に出る直前に鳴響矢水を置き、見えた対象へ嵐ノ弓を合わせる。,同じ射線で粘らず、壁登りと体術で高台や横の射線位置を再確保する。フレイヤの視線をずらしてから撃つ。,フレイヤの重要スキルを誘い、龍撃波は撃破目的だけでなく、回復線と退路を分断するために使う。,長射線で先に体力差を作る敵,フレイヤの正面射線へ体を置かず、味方が視線を引いた一拍だけ別射線を使う。,フレイヤが照準を別方向へ向けた瞬間、または遮蔽移動中に嵐ノ弓と鳴響矢水を差し込む。,一度撃った位置は読まれるため、体術と壁登りで次の遮蔽へ移り、同じ場所から再ピークしない。,試合後に「フレイヤの何を見てから撃ったか」「外した時にどこへ戻ったか」を1回だけ確認する。,ハンゾー対フレイヤは、長射線で先に体力差を作る敵として読む。最初に見る情報、撃つ瞬間、失敗時の戻り先を分けると、数値評価以上に安定する。,フレイヤへの説明は「撃つ」「追う」だけで終わらせない。ダイブ確認、倒し切りを狙う条件、撤退先、次の狙いを必ず1文ずつ分け、ハンゾーの嵐ノ弓と鳴響矢水と体術と壁登りの使い道を混同しない。,射線管理,フレイヤの正面射線を避け、短い別射線で一度だけ体力差を作る。,この試合で「フレイヤの正面射線へ体を置かず、味方が視線を引いた一拍だけ別射線を使う。」を守れたか。守れなかった場合、次は撃つ前に何を1つだけ見るか。,フレイヤが照準を別方向へ向けた瞬間、または遮蔽移動中に嵐ノ弓と鳴響矢水を差し込む。 次に一度撃った位置は読まれるため、体術と壁登りで次の遮蔽へ移り、同じ場所から再ピークしない。できていれば成功。,同じ場所から再ピークして、フレイヤに照準を置かれたまま勝負する。,次の試合では1回撃ったら体術と壁登りで射線を変え、同じ位置を使わない。,フレイヤに見られていた時間、再ピークした場所、射線変更できたかを確認する。,次の試合ではフレイヤを倒すことより、確認、攻撃、退避の順番を崩さない。
Venture,4,索敵・接近迎撃,ベンチャーを正面で探し続けず、鳴響矢水で側面ルートを先に確認する。接近後は嵐ノ弓を欲張らず、電光石火で移動スキル使用直後の硬直を狙いて体術で距離を戻す。,電光石火はベンチャーへの雑な先撃ちではなく、接近後・移動スキル使用後・防御・救助・移動スキル後の短い確定時間に使う。遠距離では嵐ノ弓を優先する。,正面中央に長く立たず、嵐ノ弓を撃てる遮蔽と、体術・壁登りで戻れる高台をセットで使う。外した後は位置を変える。,"[""バロー"", ""ドリル・ダッシュ"", ""テクトニック・ショック""]","[""ドリル・ダッシュ"", ""バロー""]","[""バロー"", ""テクトニック・ショック"", ""ドリル・ダッシュ""]",9,9,8,9,5,5,9,,,,,,,,,,,,,,,,,,嵐ノ弓は長く顔を出して撃つのではなく、溜めて1発だけ覗き、遮蔽へ戻る。ベンチャーが近い時は無理にフルチャージを狙わない。,体術と壁登りは追撃よりも射線変更と高台再確保に使う。外した後は射線か位置を変える。,鳴響矢水はベンチャーを倒すためだけでなく、再ピーク、側面ルート、味方後衛への接近を事前に見せるために使う。,龍撃波はベンチャーを直接狙うより、逃げ道やサポートの射線を切るために使う。,ドリル・ダッシュ、味方後衛へ仕掛けた瞬間,ベンチャーに対しては「鳴響矢水で味方に知らせる位置」「電光石火を残す相手」「龍撃波で分断する線」を毎回確認する。,"[""味方後衛へ仕掛けるベンチャー"", ""移動スキル使用後の敵"", ""自分の逃げ道を塞ぐ敵""]","[""ベンチャーを一人で追い続けること"", ""鳴響矢水なしで側面ルートを確認せずに歩くこと"", ""体術を攻めで先に使い切ること""]",ベンチャーを倒し切ることより、まず同じ位置に立ち続けない。嵐ノ弓を1発撃ったら遮蔽へ戻る。,電光石火を最初の牽制で使い切らない。ベンチャーが近づいた後、または移動スキル使用後に使う。,味方タンクが前に出る直前に鳴響矢水を置き、見えた対象へ嵐ノ弓を合わせる。,同じ射線で粘らず、壁登りと体術で高台や横の射線位置を再確保する。ベンチャーの視線をずらしてから撃つ。,ベンチャーの重要スキルを誘い、龍撃波は撃破目的だけでなく、回復線と退路を分断するために使う。,ダイブ経路・帰り道・再突入を分けるフランカー,ベンチャーの初回接近だけを見ず、帰り道・再突入のダイブ経路・味方サポートへの距離を先に置き照準で管理する。,ベンチャーが移動スキルを切った直後に嵐ノ弓と鳴響矢水を硬直に合わせ、倒し切れない時は追わない。,追撃で味方から離れず、体術と壁登りで元の遮蔽へ戻る。倒し切れない時は次の再突入を待ち、同じ通路を追わない。,試合後に「ベンチャーの何を見てから撃ったか」「外した時にどこへ戻ったか」を1回だけ確認する。,ハンゾー対ベンチャーは、ダイブ経路・帰り道・再突入を分けるフランカーとして読む。最初に見る情報、撃つ瞬間、失敗時の戻り先を分けると、数値評価以上に安定する。,ベンチャーへの説明は「撃つ」「追う」だけで終わらせない。ダイブ確認、倒し切りを狙う条件、撤退先、次の狙いを必ず1文ずつ分け、ハンゾーの嵐ノ弓と鳴響矢水と体術と壁登りの使い道を混同しない。,再突入確認,ベンチャーの初回接近ではなく、帰り道と再突入のダイブ経路を見て2回目を止める。,この試合で「ベンチャーの初回接近だけを見ず、帰り道・再突入のダイブ経路・味方サポートへの距離を先に置き照準で管理する。」を守れたか。守れなかった場合、次は撃つ前に何を1つだけ見るか。,ベンチャーが移動スキルを切った直後に嵐ノ弓と鳴響矢水を硬直に合わせ、倒し切れない時は追わない。 次に追撃で味方から離れず、体術と壁登りで元の遮蔽へ戻る。倒し切れない時は次の再突入を待ち、同じ通路を追わない。できていれば成功。,ベンチャーを深追いして味方から離れ、次の接近を味方サポートに通してしまう。,次の試合では初回接近を移動スキル使用直後の硬直を狙い、逃げ道へ鳴響矢水を残す。,ベンチャーを追った距離、味方サポートとの距離、再突入時に照準が置けていたかを確認する。,次の試合ではベンチャーを倒すことより、確認、攻撃、退避の順番を崩さない。
Mei,5,中距離射線管理,メイには嵐ノ弓で遮蔽から1発だけ狙い、先に体力を削り、鳴響矢水で相手が出直す位置を味方に知らせる。近づかれた時だけ電光石火を使い、先撃ちしすぎない。,電光石火はメイへの雑な先撃ちではなく、接近後・移動スキル使用後・防御・救助・移動スキル後の短い確定時間に使う。遠距離では嵐ノ弓を優先する。,正面中央に長く立たず、嵐ノ弓を撃てる遮蔽と、体術・壁登りで戻れる高台をセットで使う。外した後は位置を変える。,"[""クリオフリーズ"", ""アイス・ウォール"", ""ブリザード""]","[""アイス・ウォール"", ""クリオフリーズ""]","[""クリオフリーズ"", ""アイス・ウォール"", ""ブリザード""]",5,5,5,5,5,5,5,,,,,,,,,,,,,,,,,,嵐ノ弓は長く顔を出して撃つのではなく、溜めて1発だけ覗き、遮蔽へ戻る。メイが近い時は無理にフルチャージを狙わない。,体術と壁登りは追撃よりも射線変更と高台再確保に使う。外した後は射線か位置を変える。,鳴響矢水はメイを倒すためだけでなく、再ピーク、側面ルート、味方後衛への接近を事前に見せるために使う。,龍撃波はメイが動く先、または回復を受ける位置へ流して退路を狭める。,再ピークした瞬間、移動スキル使用後,メイに対しては「鳴響矢水で味方に知らせる位置」「電光石火を残す相手」「龍撃波で分断する線」を毎回確認する。,"[""射線に出たメイ"", ""防御・救助・移動スキル使用後の敵"", ""後衛から離れた敵""]","[""メイ相手に同じ遮蔽から何度も顔を出すこと"", ""電光石火を遠距離牽制で使い切ること"", ""龍撃波を敵全員が見ている正面へ流すこと""]",メイを倒し切ることより、まず同じ位置に立ち続けない。嵐ノ弓を1発撃ったら遮蔽へ戻る。,電光石火を最初の牽制で使い切らない。メイが近づいた後、または移動スキル使用後に使う。,味方タンクが前に出る直前に鳴響矢水を置き、見えた対象へ嵐ノ弓を合わせる。,同じ射線で粘らず、壁登りと体術で高台や横の射線位置を再確保する。メイの視線をずらしてから撃つ。,メイの重要スキルを誘い、龍撃波は撃破目的だけでなく、回復線と退路を分断するために使う。,通路と設置物で退路を制限する敵,メイの得意な通路を通る前に、設置物・範囲圧・逃げ道・味方が見ている射線を順番に処理する。,設置物や範囲圧を無視して本体へ行かず、通路が空いた瞬間だけ嵐ノ弓と鳴響矢水を使う。,範囲内で粘らず、体術と壁登りで通路を変えてから次の射線を作る。戻る場所を決めてから本体を撃つ。,試合後に「メイの何を見てから撃ったか」「外した時にどこへ戻ったか」を1回だけ確認する。,ハンゾー対メイは、通路と設置物で退路を制限する敵として読む。最初に見る情報、撃つ瞬間、失敗時の戻り先を分けると、数値評価以上に安定する。,メイへの説明は「撃つ」「追う」だけで終わらせない。ダイブ確認、倒し切りを狙う条件、撤退先、次の狙いを必ず1文ずつ分け、ハンゾーの嵐ノ弓と鳴響矢水と体術と壁登りの使い道を混同しない。,通路整理,メイの範囲圧や設置物を整理してから、通路ではなく安全な撃ち場所を作る。,この試合で「メイの得意な通路を通る前に、設置物・範囲圧・逃げ道・味方が見ている射線を順番に処理する。」を守れたか。守れなかった場合、次は撃つ前に何を1つだけ見るか。,設置物や範囲圧を無視して本体へ行かず、通路が空いた瞬間だけ嵐ノ弓と鳴響矢水を使う。 次に範囲内で粘らず、体術と壁登りで通路を変えてから次の射線を作る。戻る場所を決めてから本体を撃つ。できていれば成功。,設置物・範囲圧を無視して本体だけを追い、退路を狭められる。,次の試合では通路の危険物を先に処理し、空いた瞬間だけ鳴響矢水を使う。,メイの設置物や範囲圧を処理した順番、踏み込んだ通路、戻れた遮蔽を確認する。,次の試合ではメイを倒すことより、確認、攻撃、退避の順番を崩さない。
Reaper,4,索敵・接近迎撃,リーパーは近づかれると最も危険。ハンゾーは鳴響矢水で側面ルートを先に見て、接近後は電光石火で短く迎撃する。,電光石火はリーパーへの雑な先撃ちではなく、接近後・移動スキル使用後・防御・救助・移動スキル後の短い確定時間に使う。遠距離では嵐ノ弓を優先する。,正面中央に長く立たず、嵐ノ弓を撃てる遮蔽と、体術・壁登りで戻れる高台をセットで使う。外した後は位置を変える。,"[""レイス・フォーム"", ""シャドウ・ステップ"", ""デス・ブロッサム""]","[""シャドウ・ステップ"", ""レイス・フォーム""]","[""レイス・フォーム"", ""デス・ブロッサム"", ""シャドウ・ステップ""]",9,9,8,9,5,5,8,v41,9,4,索敵・接近迎撃,リーパーは近づかれると最も危険。ハンゾーは鳴響矢水で側面ルートを先に見て、接近後は電光石火で短く迎撃する。,,,,,,,,,,,,,嵐ノ弓は長く顔を出して撃つのではなく、溜めて1発だけ覗き、遮蔽へ戻る。リーパーが近い時は無理にフルチャージを狙わない。,体術と壁登りは追撃よりも射線変更と高台再確保に使う。外した後は射線か位置を変える。,鳴響矢水はリーパーを倒すためだけでなく、再ピーク、側面ルート、味方後衛への接近を事前に見せるために使う。,龍撃波はリーパーを直接狙うより、逃げ道やサポートの射線を切るために使う。,シャドウ・ステップ、味方後衛へ仕掛けた瞬間,リーパーに対しては「鳴響矢水で味方に知らせる位置」「電光石火を残す相手」「龍撃波で分断する線」を毎回確認する。,"[""味方後衛へ仕掛けるリーパー"", ""移動スキル使用後の敵"", ""自分の逃げ道を塞ぐ敵""]","[""リーパーを一人で追い続けること"", ""鳴響矢水なしで側面ルートを確認せずに歩くこと"", ""体術を攻めで先に使い切ること""]",リーパーを倒し切ることより、まず同じ位置に立ち続けない。嵐ノ弓を1発撃ったら遮蔽へ戻る。,電光石火を最初の牽制で使い切らない。リーパーが近づいた後、または移動スキル使用後に使う。,味方タンクが前に出る直前に鳴響矢水を置き、見えた対象へ嵐ノ弓を合わせる。,同じ射線で粘らず、壁登りと体術で高台や横の射線位置を再確保する。リーパーの視線をずらしてから撃つ。,リーパーの重要スキルを誘い、龍撃波は撃破目的だけでなく、回復線と退路を分断するために使う。,ダイブ経路・帰り道・再突入を分けるフランカー,リーパーの初回接近だけを見ず、帰り道・再突入のダイブ経路・味方サポートへの距離を先に置き照準で管理する。,リーパーが移動スキルを切った直後に嵐ノ弓と鳴響矢水を硬直に合わせ、倒し切れない時は追わない。,追撃で味方から離れず、体術と壁登りで元の遮蔽へ戻る。倒し切れない時は次の再突入を待ち、同じ通路を追わない。,試合後に「リーパーの何を見てから撃ったか」「外した時にどこへ戻ったか」を1回だけ確認する。,ハンゾー対リーパーは、ダイブ経路・帰り道・再突入を分けるフランカーとして読む。最初に見る情報、撃つ瞬間、失敗時の戻り先を分けると、数値評価以上に安定する。,リーパーへの説明は「撃つ」「追う」だけで終わらせない。ダイブ確認、倒し切りを狙う条件、撤退先、次の狙いを必ず1文ずつ分け、ハンゾーの嵐ノ弓と鳴響矢水と体術と壁登りの使い道を混同しない。,再突入確認,リーパーの初回接近ではなく、帰り道と再突入のダイブ経路を見て2回目を止める。,この試合で「リーパーの初回接近だけを見ず、帰り道・再突入のダイブ経路・味方サポートへの距離を先に置き照準で管理する。」を守れたか。守れなかった場合、次は撃つ前に何を1つだけ見るか。,リーパーが移動スキルを切った直後に嵐ノ弓と鳴響矢水を硬直に合わせ、倒し切れない時は追わない。 次に追撃で味方から離れず、体術と壁登りで元の遮蔽へ戻る。倒し切れない時は次の再突入を待ち、同じ通路を追わない。できていれば成功。,リーパーを深追いして味方から離れ、次の接近を味方サポートに通してしまう。,次の試合では初回接近を移動スキル使用直後の硬直を狙い、逃げ道へ鳴響矢水を残す。,リーパーを追った距離、味方サポートとの距離、再突入時に照準が置けていたかを確認する。,次の試合ではリーパーを倒すことより、確認、攻撃、退避の順番を崩さない。
Vendetta,4,索敵・接近迎撃,ヴェンデッタを正面で探し続けず、鳴響矢水で側面ルートを先に確認する。接近後は嵐ノ弓を欲張らず、電光石火で移動スキル使用直後の硬直を狙いて体術で距離を戻す。,電光石火はヴェンデッタへの雑な先撃ちではなく、接近後・移動スキル使用後・防御・救助・移動スキル後の短い確定時間に使う。遠距離では嵐ノ弓を優先する。,正面中央に長く立たず、嵐ノ弓を撃てる遮蔽と、体術・壁登りで戻れる高台をセットで使う。外した後は位置を変える。,"[""ウォーディング・スタンス"", ""ソアリング・スライス"", ""サンダリング・ブレード""]","[""ワールウィンド"", ""ソアリング・スライス"", ""ウォーディング・スタンス""]","[""ウォーディング・スタンス"", ""サンダリング・ブレード"", ""ソアリング・スライス""]",9,9,8,9,5,5,9,,,,,,,,,,,,,,,,,,嵐ノ弓は長く顔を出して撃つのではなく、溜めて1発だけ覗き、遮蔽へ戻る。ヴェンデッタが近い時は無理にフルチャージを狙わない。,体術と壁登りは追撃よりも射線変更と高台再確保に使う。外した後は射線か位置を変える。,鳴響矢水はヴェンデッタを倒すためだけでなく、再ピーク、側面ルート、味方後衛への接近を事前に見せるために使う。,龍撃波はヴェンデッタを直接狙うより、逃げ道やサポートの射線を切るために使う。,ワールウィンド、味方後衛へ仕掛けた瞬間,ヴェンデッタに対しては「鳴響矢水で味方に知らせる位置」「電光石火を残す相手」「龍撃波で分断する線」を毎回確認する。,"[""味方後衛へ仕掛けるヴェンデッタ"", ""移動スキル使用後の敵"", ""自分の逃げ道を塞ぐ敵""]","[""ヴェンデッタを一人で追い続けること"", ""鳴響矢水なしで側面ルートを確認せずに歩くこと"", ""体術を攻めで先に使い切ること""]",ヴェンデッタを倒し切ることより、まず同じ位置に立ち続けない。嵐ノ弓を1発撃ったら遮蔽へ戻る。,電光石火を最初の牽制で使い切らない。ヴェンデッタが近づいた後、または移動スキル使用後に使う。,味方タンクが前に出る直前に鳴響矢水を置き、見えた対象へ嵐ノ弓を合わせる。,同じ射線で粘らず、壁登りと体術で高台や横の射線位置を再確保する。ヴェンデッタの視線をずらしてから撃つ。,ヴェンデッタの重要スキルを誘い、龍撃波は撃破目的だけでなく、回復線と退路を分断するために使う。,ダイブ経路・帰り道・再突入を分けるフランカー,ヴェンデッタの初回接近だけを見ず、帰り道・再突入のダイブ経路・味方サポートへの距離を先に置き照準で管理する。,ヴェンデッタが移動スキルを切った直後に嵐ノ弓と鳴響矢水を硬直に合わせ、倒し切れない時は追わない。,追撃で味方から離れず、体術と壁登りで元の遮蔽へ戻る。倒し切れない時は次の再突入を待ち、同じ通路を追わない。,試合後に「ヴェンデッタの何を見てから撃ったか」「外した時にどこへ戻ったか」を1回だけ確認する。,ハンゾー対ヴェンデッタは、ダイブ経路・帰り道・再突入を分けるフランカーとして読む。最初に見る情報、撃つ瞬間、失敗時の戻り先を分けると、数値評価以上に安定する。,ヴェンデッタへの説明は「撃つ」「追う」だけで終わらせない。ダイブ確認、倒し切りを狙う条件、撤退先、次の狙いを必ず1文ずつ分け、ハンゾーの嵐ノ弓と鳴響矢水と体術と壁登りの使い道を混同しない。,再突入確認,ヴェンデッタの初回接近ではなく、帰り道と再突入のダイブ経路を見て2回目を止める。,この試合で「ヴェンデッタの初回接近だけを見ず、帰り道・再突入のダイブ経路・味方サポートへの距離を先に置き照準で管理する。」を守れたか。守れなかった場合、次は撃つ前に何を1つだけ見るか。,ヴェンデッタが移動スキルを切った直後に嵐ノ弓と鳴響矢水を硬直に合わせ、倒し切れない時は追わない。 次に追撃で味方から離れず、体術と壁登りで元の遮蔽へ戻る。倒し切れない時は次の再突入を待ち、同じ通路を追わない。できていれば成功。,ヴェンデッタを深追いして味方から離れ、次の接近を味方サポートに通してしまう。,次の試合では初回接近を移動スキル使用直後の硬直を狙い、逃げ道へ鳴響矢水を残す。,ヴェンデッタを追った距離、味方サポートとの距離、再突入時に照準が置けていたかを確認する。,次の試合ではヴェンデッタを倒すことより、確認、攻撃、退避の順番を崩さない。
Ana,6,遠距離ポーク・遮蔽管理,アナとは同じ射線で長く撃ち合わず、嵐ノ弓を溜めて1発だけ出し、すぐ遮蔽へ戻る。鳴響矢水で相手が出直す位置を味方に知らせてから次の射線位置を使う。,電光石火はアナへの雑な先撃ちではなく、接近後・移動スキル使用後・防御・救助・移動スキル後の短い確定時間に使う。遠距離では嵐ノ弓を優先する。,正面中央に長く立たず、嵐ノ弓を撃てる遮蔽と、体術・壁登りで戻れる高台をセットで使う。外した後は位置を変える。,"[""スリープ・ダーツ"", ""ナノ・ブースト""]","[""スリープ・ダーツ"", ""バイオティック・グレネード""]","[""スリープ・ダーツ"", ""ナノ・ブースト""]",7,6,5,5,5,9,7,,,,,,,,,,,,,,,,,,嵐ノ弓は長く顔を出して撃つのではなく、溜めて1発だけ覗き、遮蔽へ戻る。アナが近い時は無理にフルチャージを狙わない。,体術と壁登りは追撃よりも射線変更と高台再確保に使う。外した後は射線か位置を変える。,鳴響矢水はアナを倒すためだけでなく、再ピーク、側面ルート、味方後衛への接近を事前に見せるために使う。,龍撃波はアナの射線を無理に突破するより、遮蔽から出る必要がある退路やサポート位置へ流す。,同じ遮蔽から再ピークした瞬間、射線変更直後,アナに対しては「鳴響矢水で味方に知らせる位置」「電光石火を残す相手」「龍撃波で分断する線」を毎回確認する。,"[""防御・救助・移動スキル使用後のアナ"", ""回復を受けに顔を出した敵"", ""龍撃波で分断できる後衛""]","[""アナの防御・救助・移動スキル確認前に龍撃波を撃つこと"", ""タンクだけを撃ち続けること"", ""同じ射線で長くスコープ相手と撃ち合うこと""]",アナを倒し切ることより、まず同じ位置に立ち続けない。嵐ノ弓を1発撃ったら遮蔽へ戻る。,電光石火を最初の牽制で使い切らない。アナが近づいた後、または移動スキル使用後に使う。,味方タンクが前に出る直前に鳴響矢水を置き、見えた対象へ嵐ノ弓を合わせる。,同じ射線で粘らず、壁登りと体術で高台や横の射線位置を再確保する。アナの視線をずらしてから撃つ。,アナの重要スキルを誘い、龍撃波は撃破目的だけでなく、回復線と退路を分断するために使う。,救助・回復スキルでキルタイミングを遅らせるサポート,アナ本人だけでなく、誰を救助・回復しているかを見て撃破対象を分ける。,アナの救助・回復スキルを先に使わせ、直後に守られていない敵へ嵐ノ弓と鳴響矢水を合わせる。,救助を吐かせた後に深追いせず、体術と壁登りで味方射線へ戻って次のキルを狙うタイミングを待つ。,試合後に「アナの何を見てから撃ったか」「外した時にどこへ戻ったか」を1回だけ確認する。,ハンゾー対アナは、救助・回復スキルでキルタイミングを遅らせるサポートとして読む。最初に見る情報、撃つ瞬間、失敗時の戻り先を分けると、数値評価以上に安定する。,アナへの説明は「撃つ」「追う」だけで終わらせない。ダイブ確認、倒し切りを狙う条件、撤退先、次の狙いを必ず1文ずつ分け、ハンゾーの嵐ノ弓と鳴響矢水と体術と壁登りの使い道を混同しない。,救助確認,アナ本人の撃破より、救助・回復の向きと守られていない敵を見つける。,この試合で「アナ本人だけでなく、誰を救助・回復しているかを見て撃破対象を分ける。」を守れたか。守れなかった場合、次は撃つ前に何を1つだけ見るか。,アナの救助・回復スキルを先に使わせ、直後に守られていない敵へ嵐ノ弓と鳴響矢水を合わせる。 次は救助スキル使用後に深追いせず、体術と壁登りで味方射線へ戻って次のキルを狙うタイミングを待つ。できていれば成功。,アナだけを追い、救助スキルを吐かせた後の本命対象を見失う。,次の試合ではアナの救助を確認した直後、守られていない敵へ鳴響矢水を使う。,アナが誰を助けたか、助けた後に誰が孤立したかを確認する。,次の試合ではアナを倒すことより、確認、攻撃、退避の順番を崩さない。
Illari,7,遠距離ポーク・遮蔽管理,イラリーとは同じ射線で長く撃ち合わず、嵐ノ弓を溜めて1発だけ出し、すぐ遮蔽へ戻る。鳴響矢水で相手が出直す位置を味方に知らせてから次の射線位置を使う。,電光石火はイラリーへの雑な先撃ちではなく、接近後・移動スキル使用後・防御・救助・移動スキル後の短い確定時間に使う。遠距離では嵐ノ弓を優先する。,正面中央に長く立たず、嵐ノ弓を撃てる遮蔽と、体術・壁登りで戻れる高台をセットで使う。外した後は位置を変える。,"[""アウトバースト"", ""キャプティブ・サン""]","[""アウトバースト""]","[""キャプティブ・サン"", ""アウトバースト""]",7,7,5,5,8,9,9,,,,,,,,,,,,,,,,,,嵐ノ弓は長く顔を出して撃つのではなく、溜めて1発だけ覗き、遮蔽へ戻る。イラリーが近い時は無理にフルチャージを狙わない。,体術と壁登りは追撃よりも射線変更と高台再確保に使う。外した後は射線か位置を変える。,鳴響矢水はイラリーを倒すためだけでなく、再ピーク、側面ルート、味方後衛への接近を事前に見せるために使う。,龍撃波はイラリーの射線を無理に突破するより、遮蔽から出る必要がある退路やサポート位置へ流す。,同じ遮蔽から再ピークした瞬間、射線変更直後,イラリーに対しては「鳴響矢水で味方に知らせる位置」「電光石火を残す相手」「龍撃波で分断する線」を毎回確認する。,"[""防御・救助・移動スキル使用後のイラリー"", ""回復を受けに顔を出した敵"", ""龍撃波で分断できる後衛""]","[""ヒーリング・パイロンを確認する前に龍撃波を撃つこと"", ""タンクだけを撃ち続けること"", ""同じ射線で長くスコープ相手と撃ち合うこと""]",イラリーを倒し切ることより、まず同じ位置に立ち続けない。嵐ノ弓を1発撃ったら遮蔽へ戻る。,電光石火を最初の牽制で使い切らない。イラリーが近づいた後、または移動スキル使用後に使う。,味方タンクが前に出る直前に鳴響矢水を置き、見えた対象へ嵐ノ弓を合わせる。,同じ射線で粘らず、壁登りと体術で高台や横の射線位置を再確保する。イラリーの視線をずらしてから撃つ。,イラリーの重要スキルを誘い、龍撃波は撃破目的だけでなく、回復線と退路を分断するために使う。,救助・回復スキルでキルタイミングを遅らせるサポート,イラリー本人だけでなく、誰を救助・回復しているかを見て撃破対象を分ける。,イラリーの救助・回復スキルを先に使わせ、直後に守られていない敵へ嵐ノ弓と鳴響矢水を合わせる。,救助を吐かせた後に深追いせず、体術と壁登りで味方射線へ戻って次のキルを狙うタイミングを待つ。,試合後に「イラリーの何を見てから撃ったか」「外した時にどこへ戻ったか」を1回だけ確認する。,ハンゾー対イラリーは、救助・回復スキルでキルタイミングを遅らせるサポートとして読む。最初に見る情報、撃つ瞬間、失敗時の戻り先を分けると、数値評価以上に安定する。,イラリーへの説明は「撃つ」「追う」だけで終わらせない。ダイブ確認、倒し切りを狙う条件、撤退先、次の狙いを必ず1文ずつ分け、ハンゾーの嵐ノ弓と鳴響矢水と体術と壁登りの使い道を混同しない。,救助確認,イラリー本人の撃破より、救助・回復の向きと守られていない敵を見つける。,この試合で「イラリー本人だけでなく、誰を救助・回復しているかを見て撃破対象を分ける。」を守れたか。守れなかった場合、次は撃つ前に何を1つだけ見るか。,イラリーの救助・回復スキルを先に使わせ、直後に守られていない敵へ嵐ノ弓と鳴響矢水を合わせる。 次は救助スキル使用後に深追いせず、体術と壁登りで味方射線へ戻って次のキルを狙うタイミングを待つ。できていれば成功。,イラリーだけを追い、救助スキルを吐かせた後の本命対象を見失う。,次の試合ではイラリーの救助を確認した直後、守られていない敵へ鳴響矢水を使う。,イラリーが誰を助けたか、助けた後に誰が孤立したかを確認する。,次の試合ではイラリーを倒すことより、確認、攻撃、退避の順番を崩さない。
Wuyang,7,位置把握・防御・救助・移動スキル確認,ウーヤンは先に倒し切るより、鳴響矢水で位置を味方に知らせて防御・救助・移動スキルを使わせる。使わせた後に嵐ノ弓か電光石火で同じ位置を再度狙う。,電光石火はウーヤンへの雑な先撃ちではなく、接近後・移動スキル使用後・防御・救助・移動スキル後の短い確定時間に使う。遠距離では嵐ノ弓を優先する。,正面中央に長く立たず、嵐ノ弓を撃てる遮蔽と、体術・壁登りで戻れる高台をセットで使う。外した後は位置を変える。,"[""飛流歩"", ""守衛波浪""]","[""玄武之杖"", ""驚濤破"", ""飛流歩""]","[""守衛波浪"", ""飛流歩""]",5,6,5,5,8,6,9,,,,,,,,,,,,,,,,,,嵐ノ弓は長く顔を出して撃つのではなく、溜めて1発だけ覗き、遮蔽へ戻る。ウーヤンが近い時は無理にフルチャージを狙わない。,体術と壁登りは追撃よりも射線変更と高台再確保に使う。外した後は射線か位置を変える。,鳴響矢水はウーヤンを倒すためだけでなく、再ピーク、側面ルート、味方後衛への接近を事前に見せるために使う。,龍撃波はウーヤンの防御・救助・移動スキル確認後に使う。未確認なら撃破目的ではなく、分断と退路封鎖として使う。,玄武之杖、回復対象を見るために姿を出した瞬間,ウーヤンに対しては「鳴響矢水で味方に知らせる位置」「電光石火を残す相手」「龍撃波で分断する線」を毎回確認する。,"[""防御・救助・移動スキル使用後のウーヤン"", ""回復を受けに顔を出した敵"", ""龍撃波で分断できる後衛""]","[""ウーヤンの防御・救助・移動スキル確認前に龍撃波を撃つこと"", ""タンクだけを撃ち続けること"", ""同じ射線で長くスコープ相手と撃ち合うこと""]",ウーヤンを倒し切ることより、まず同じ位置に立ち続けない。嵐ノ弓を1発撃ったら遮蔽へ戻る。,電光石火を最初の牽制で使い切らない。ウーヤンが近づいた後、または移動スキル使用後に使う。,味方タンクが前に出る直前に鳴響矢水を置き、見えた対象へ嵐ノ弓を合わせる。,同じ射線で粘らず、壁登りと体術で高台や横の射線位置を再確保する。ウーヤンの視線をずらしてから撃つ。,ウーヤンの重要スキルを誘い、龍撃波は撃破目的だけでなく、回復線と退路を分断するために使う。,救助・回復スキルでキルタイミングを遅らせるサポート,ウーヤン本人だけでなく、誰を救助・回復しているかを見て撃破対象を分ける。,ウーヤンの救助・回復スキルを先に使わせ、直後に守られていない敵へ嵐ノ弓と鳴響矢水を合わせる。,救助を吐かせた後に深追いせず、体術と壁登りで味方射線へ戻って次のキルを狙うタイミングを待つ。,試合後に「ウーヤンの何を見てから撃ったか」「外した時にどこへ戻ったか」を1回だけ確認する。,ハンゾー対ウーヤンは、救助・回復スキルでキルタイミングを遅らせるサポートとして読む。最初に見る情報、撃つ瞬間、失敗時の戻り先を分けると、数値評価以上に安定する。,ウーヤンへの説明は「撃つ」「追う」だけで終わらせない。ダイブ確認、倒し切りを狙う条件、撤退先、次の狙いを必ず1文ずつ分け、ハンゾーの嵐ノ弓と鳴響矢水と体術と壁登りの使い道を混同しない。,救助確認,ウーヤン本人の撃破より、救助・回復の向きと守られていない敵を見つける。,この試合で「ウーヤン本人だけでなく、誰を救助・回復しているかを見て撃破対象を分ける。」を守れたか。守れなかった場合、次は撃つ前に何を1つだけ見るか。,ウーヤンの救助・回復スキルを先に使わせ、直後に守られていない敵へ嵐ノ弓と鳴響矢水を合わせる。 次は救助スキル使用後に深追いせず、体術と壁登りで味方射線へ戻って次のキルを狙うタイミングを待つ。できていれば成功。,ウーヤンだけを追い、救助スキルを吐かせた後の本命対象を見失う。,次の試合ではウーヤンの救助を確認した直後、守られていない敵へ鳴響矢水を使う。,ウーヤンが誰を助けたか、助けた後に誰が孤立したかを確認する。,次の試合ではウーヤンを倒すことより、確認、攻撃、退避の順番を崩さない。
Kiriko,7,位置把握・防御・救助・移動スキル確認,キリコは先に倒し切るより、鳴響矢水で位置を味方に知らせて防御・救助・移動スキルを使わせる。使わせた後に嵐ノ弓か電光石火で同じ位置を再度狙う。,電光石火はキリコへの雑な先撃ちではなく、接近後・移動スキル使用後・防御・救助・移動スキル後の短い確定時間に使う。遠距離では嵐ノ弓を優先する。,正面中央に長く立たず、嵐ノ弓を撃てる遮蔽と、体術・壁登りで戻れる高台をセットで使う。外した後は位置を変える。,"[""神出鬼没"", ""鈴のご加護"", ""狐走り""]","[""神出鬼没後"", ""鈴のご加護後""]","[""鈴のご加護"", ""狐走り""]",5,6,5,5,8,6,9,,,,,,,,,,,,,,,,,,嵐ノ弓は長く顔を出して撃つのではなく、溜めて1発だけ覗き、遮蔽へ戻る。キリコが近い時は無理にフルチャージを狙わない。,体術と壁登りは追撃よりも射線変更と高台再確保に使う。外した後は射線か位置を変える。,鳴響矢水はキリコを倒すためだけでなく、再ピーク、側面ルート、味方後衛への接近を事前に見せるために使う。,龍撃波はキリコの防御・救助・移動スキル確認後に使う。未確認なら撃破目的ではなく、分断と退路封鎖として使う。,神出鬼没後、回復対象を見るために姿を出した瞬間,キリコに対しては「鳴響矢水で味方に知らせる位置」「電光石火を残す相手」「龍撃波で分断する線」を毎回確認する。,"[""防御・救助・移動スキル使用後のキリコ"", ""回復を受けに顔を出した敵"", ""龍撃波で分断できる後衛""]","[""キリコの防御・救助・移動スキル確認前に龍撃波を撃つこと"", ""タンクだけを撃ち続けること"", ""同じ射線で長くスコープ相手と撃ち合うこと""]",キリコを倒し切ることより、まず同じ位置に立ち続けない。嵐ノ弓を1発撃ったら遮蔽へ戻る。,電光石火を最初の牽制で使い切らない。キリコが近づいた後、または移動スキル使用後に使う。,味方タンクが前に出る直前に鳴響矢水を置き、見えた対象へ嵐ノ弓を合わせる。,同じ射線で粘らず、壁登りと体術で高台や横の射線位置を再確保する。キリコの視線をずらしてから撃つ。,キリコの重要スキルを誘い、龍撃波は撃破目的だけでなく、回復線と退路を分断するために使う。,救助・回復スキルでキルタイミングを遅らせるサポート,キリコ本人だけでなく、誰を救助・回復しているかを見て撃破対象を分ける。,キリコの救助・回復スキルを先に使わせ、直後に守られていない敵へ嵐ノ弓と鳴響矢水を合わせる。,救助を吐かせた後に深追いせず、体術と壁登りで味方射線へ戻って次のキルを狙うタイミングを待つ。,試合後に「キリコの何を見てから撃ったか」「外した時にどこへ戻ったか」を1回だけ確認する。,ハンゾー対キリコは、救助・回復スキルでキルタイミングを遅らせるサポートとして読む。最初に見る情報、撃つ瞬間、失敗時の戻り先を分けると、数値評価以上に安定する。,キリコへの説明は「撃つ」「追う」だけで終わらせない。ダイブ確認、倒し切りを狙う条件、撤退先、次の狙いを必ず1文ずつ分け、ハンゾーの嵐ノ弓と鳴響矢水と体術と壁登りの使い道を混同しない。,救助確認,キリコ本人の撃破より、救助・回復の向きと守られていない敵を見つける。,この試合で「キリコ本人だけでなく、誰を救助・回復しているかを見て撃破対象を分ける。」を守れたか。守れなかった場合、次は撃つ前に何を1つだけ見るか。,キリコの救助・回復スキルを先に使わせ、直後に守られていない敵へ嵐ノ弓と鳴響矢水を合わせる。 次は救助スキル使用後に深追いせず、体術と壁登りで味方射線へ戻って次のキルを狙うタイミングを待つ。できていれば成功。,キリコだけを追い、救助スキルを吐かせた後の本命対象を見失う。,次の試合ではキリコの救助を確認した直後、守られていない敵へ鳴響矢水を使う。,キリコが誰を助けたか、助けた後に誰が孤立したかを確認する。,次の試合ではキリコを倒すことより、確認、攻撃、退避の順番を崩さない。
Jetpack Cat,4,索敵・接近迎撃,ジェットパック・キャットを空中で追い続けず、低空・着地・直線移動に嵐ノ弓を合わせる。鳴響矢水で敵の位置を味方に知らせ、空中だけを追わず地上で前に出た敵にも切り替える。,電光石火はジェットパック・キャットへの雑な先撃ちではなく、接近後・移動スキル使用後・防御・救助・移動スキル後の短い確定時間に使う。遠距離では嵐ノ弓を優先する。,正面中央に長く立たず、嵐ノ弓を撃てる遮蔽と、体術・壁登りで戻れる高台をセットで使う。外した後は位置を変える。,"[""ワイルド・フライト"", ""キャットナッパー""]","[""キャットナッパー"", ""ワイルド・フライト""]","[""キャットナッパー""]",10,8,6,7,5,7,9,,,,,,,,,,,,,,,,,,嵐ノ弓は長く顔を出して撃つのではなく、溜めて1発だけ覗き、遮蔽へ戻る。ジェットパック・キャットが近い時は無理にフルチャージを狙わない。,体術と壁登りは追撃よりも射線変更と高台再確保に使う。外した後は射線か位置を変える。,鳴響矢水はジェットパック・キャットを倒すためだけでなく、再ピーク、側面ルート、味方後衛への接近を事前に見せるために使う。,龍撃波は空中のジェットパック・キャットへ直接ではなく、地上の退路や回復位置へ流して動きを制限する。,低空、着地、サポートの射線が切れた瞬間,ジェットパック・キャットに対しては「鳴響矢水で味方に知らせる位置」「電光石火を残す相手」「龍撃波で分断する線」を毎回確認する。,"[""防御・救助・移動スキル使用後のジェットパック・キャット"", ""回復を受けに顔を出した敵"", ""龍撃波で分断できる後衛""]","[""ジェットパック・キャットの防御・救助・移動スキル確認前に龍撃波を撃つこと"", ""タンクだけを撃ち続けること"", ""同じ射線で長くスコープ相手と撃ち合うこと""]",ジェットパック・キャットを倒し切ることより、まず同じ位置に立ち続けない。嵐ノ弓を1発撃ったら遮蔽へ戻る。,電光石火を最初の牽制で使い切らない。ジェットパック・キャットが近づいた後、または移動スキル使用後に使う。,味方タンクが前に出る直前に鳴響矢水を置き、見えた対象へ嵐ノ弓を合わせる。,同じ射線で粘らず、壁登りと体術で高台や横の射線位置を再確保する。ジェットパック・キャットの視線をずらしてから撃つ。,ジェットパック・キャットの重要スキルを誘い、龍撃波は撃破目的だけでなく、回復線と退路を分断するために使う。,支援線を切ると崩れるサポート,ジェットパック・キャット本人だけでなく、誰を救助・回復しているかを見て撃破対象を分ける。,ジェットパック・キャットの救助・回復スキルを先に使わせ、直後に守られていない敵へ嵐ノ弓と鳴響矢水を合わせる。,救助を吐かせた後に深追いせず、体術と壁登りで味方射線へ戻って次のキルを狙うタイミングを待つ。,試合後に「ジェットパック・キャットの何を見てから撃ったか」「外した時にどこへ戻ったか」を1回だけ確認する。,ハンゾー対ジェットパック・キャットは、支援線を切ると崩れるサポートとして読む。最初に見る情報、撃つ瞬間、失敗時の戻り先を分けると、数値評価以上に安定する。,ジェットパック・キャットへの説明は「撃つ」「追う」だけで終わらせない。ダイブ確認、倒し切りを狙う条件、撤退先、次の狙いを必ず1文ずつ分け、ハンゾーの嵐ノ弓と鳴響矢水と体術と壁登りの使い道を混同しない。,支援線管理,ジェットパック・キャット本人の撃破より、救助・回復の向きと守られていない敵を見つける。,この試合で「ジェットパック・キャット本人だけでなく、誰を救助・回復しているかを見て撃破対象を分ける。」を守れたか。守れなかった場合、次は撃つ前に何を1つだけ見るか。,ジェットパック・キャットの救助・回復スキルを先に使わせ、直後に守られていない敵へ嵐ノ弓と鳴響矢水を合わせる。 次は救助スキル使用後に深追いせず、体術と壁登りで味方射線へ戻って次のキルを狙うタイミングを待つ。できていれば成功。,ジェットパック・キャットだけを追い、救助スキルを吐かせた後の本命対象を見失う。,次の試合ではジェットパック・キャットの救助を確認した直後、守られていない敵へ鳴響矢水を使う。,ジェットパック・キャットが誰を助けたか、助けた後に誰が孤立したかを確認する。,次の試合ではジェットパック・キャットを倒すことより、確認、攻撃、退避の順番を崩さない。
Juno,4,索敵・接近迎撃,ジュノを空中で追い続けず、低空・着地・直線移動に嵐ノ弓を合わせる。鳴響矢水で敵の位置を味方に知らせ、空中だけを追わず地上で前に出た敵にも切り替える。,電光石火はジュノへの雑な先撃ちではなく、接近後・移動スキル使用後・防御・救助・移動スキル後の短い確定時間に使う。遠距離では嵐ノ弓を優先する。,正面中央に長く立たず、嵐ノ弓を撃てる遮蔽と、体術・壁登りで戻れる高台をセットで使う。外した後は位置を変える。,"[""グライド・ブースト"", ""オービタル・レイ""]","[""パルサー・トーピード"", ""ハイパーリング"", ""グライド・ブースト""]","[""オービタル・レイ"", ""グライド・ブースト""]",10,8,6,7,5,7,9,,,,,,,,,,,,,,,,,,嵐ノ弓は長く顔を出して撃つのではなく、溜めて1発だけ覗き、遮蔽へ戻る。ジュノが近い時は無理にフルチャージを狙わない。,体術と壁登りは追撃よりも射線変更と高台再確保に使う。外した後は射線か位置を変える。,鳴響矢水はジュノを倒すためだけでなく、再ピーク、側面ルート、味方後衛への接近を事前に見せるために使う。,龍撃波は空中のジュノへ直接ではなく、地上の退路や回復位置へ流して動きを制限する。,低空、着地、サポートの射線が切れた瞬間,ジュノに対しては「鳴響矢水で味方に知らせる位置」「電光石火を残す相手」「龍撃波で分断する線」を毎回確認する。,"[""防御・救助・移動スキル使用後のジュノ"", ""回復を受けに顔を出した敵"", ""龍撃波で分断できる後衛""]","[""ジュノの防御・救助・移動スキル確認前に龍撃波を撃つこと"", ""タンクだけを撃ち続けること"", ""同じ射線で長くスコープ相手と撃ち合うこと""]",ジュノを倒し切ることより、まず同じ位置に立ち続けない。嵐ノ弓を1発撃ったら遮蔽へ戻る。,電光石火を最初の牽制で使い切らない。ジュノが近づいた後、または移動スキル使用後に使う。,味方タンクが前に出る直前に鳴響矢水を置き、見えた対象へ嵐ノ弓を合わせる。,同じ射線で粘らず、壁登りと体術で高台や横の射線位置を再確保する。ジュノの視線をずらしてから撃つ。,ジュノの重要スキルを誘い、龍撃波は撃破目的だけでなく、回復線と退路を分断するために使う。,支援線を切ると崩れるサポート,ジュノ本人だけでなく、誰を救助・回復しているかを見て撃破対象を分ける。,ジュノの救助・回復スキルを先に使わせ、直後に守られていない敵へ嵐ノ弓と鳴響矢水を合わせる。,救助を吐かせた後に深追いせず、体術と壁登りで味方射線へ戻って次のキルを狙うタイミングを待つ。,試合後に「ジュノの何を見てから撃ったか」「外した時にどこへ戻ったか」を1回だけ確認する。,ハンゾー対ジュノは、支援線を切ると崩れるサポートとして読む。最初に見る情報、撃つ瞬間、失敗時の戻り先を分けると、数値評価以上に安定する。,ジュノへの説明は「撃つ」「追う」だけで終わらせない。ダイブ確認、倒し切りを狙う条件、撤退先、次の狙いを必ず1文ずつ分け、ハンゾーの嵐ノ弓と鳴響矢水と体術と壁登りの使い道を混同しない。,支援線管理,ジュノ本人の撃破より、救助・回復の向きと守られていない敵を見つける。,この試合で「ジュノ本人だけでなく、誰を救助・回復しているかを見て撃破対象を分ける。」を守れたか。守れなかった場合、次は撃つ前に何を1つだけ見るか。,ジュノの救助・回復スキルを先に使わせ、直後に守られていない敵へ嵐ノ弓と鳴響矢水を合わせる。 次は救助スキル使用後に深追いせず、体術と壁登りで味方射線へ戻って次のキルを狙うタイミングを待つ。できていれば成功。,ジュノだけを追い、救助スキルを吐かせた後の本命対象を見失う。,次の試合ではジュノの救助を確認した直後、守られていない敵へ鳴響矢水を使う。,ジュノが誰を助けたか、助けた後に誰が孤立したかを確認する。,次の試合ではジュノを倒すことより、確認、攻撃、退避の順番を崩さない。
Zenyatta,7,遠距離ポーク・遮蔽管理,ゼニヤッタとは同じ射線で長く撃ち合わず、嵐ノ弓を溜めて1発だけ出し、すぐ遮蔽へ戻る。鳴響矢水で相手が出直す位置を味方に知らせてから次の射線位置を使う。,電光石火はゼニヤッタへの雑な先撃ちではなく、接近後・移動スキル使用後・防御・救助・移動スキル後の短い確定時間に使う。遠距離では嵐ノ弓を優先する。,正面中央に長く立たず、嵐ノ弓を撃てる遮蔽と、体術・壁登りで戻れる高台をセットで使う。外した後は位置を変える。,"[""不和のオーブ"", ""心頭滅却""]","[""不和のオーブ""]","[""不和のオーブ"", ""心頭滅却""]",7,7,5,5,8,9,9,,,,,,,,,,,,,,,,,,嵐ノ弓は長く顔を出して撃つのではなく、溜めて1発だけ覗き、遮蔽へ戻る。ゼニヤッタが近い時は無理にフルチャージを狙わない。,体術と壁登りは追撃よりも射線変更と高台再確保に使う。外した後は射線か位置を変える。,鳴響矢水はゼニヤッタを倒すためだけでなく、再ピーク、側面ルート、味方後衛への接近を事前に見せるために使う。,龍撃波はゼニヤッタの射線を無理に突破するより、遮蔽から出る必要がある退路やサポート位置へ流す。,同じ遮蔽から再ピークした瞬間、射線変更直後,ゼニヤッタに対しては「鳴響矢水で味方に知らせる位置」「電光石火を残す相手」「龍撃波で分断する線」を毎回確認する。,"[""防御・救助・移動スキル使用後のゼニヤッタ"", ""回復を受けに顔を出した敵"", ""龍撃波で分断できる後衛""]","[""ゼニヤッタの防御・救助・移動スキル確認前に龍撃波を撃つこと"", ""タンクだけを撃ち続けること"", ""同じ射線で長くスコープ相手と撃ち合うこと""]",ゼニヤッタを倒し切ることより、まず同じ位置に立ち続けない。嵐ノ弓を1発撃ったら遮蔽へ戻る。,電光石火を最初の牽制で使い切らない。ゼニヤッタが近づいた後、または移動スキル使用後に使う。,味方タンクが前に出る直前に鳴響矢水を置き、見えた対象へ嵐ノ弓を合わせる。,同じ射線で粘らず、壁登りと体術で高台や横の射線位置を再確保する。ゼニヤッタの視線をずらしてから撃つ。,ゼニヤッタの重要スキルを誘い、龍撃波は撃破目的だけでなく、回復線と退路を分断するために使う。,支援線を切ると崩れるサポート,ゼニヤッタ本人だけでなく、誰を救助・回復しているかを見て撃破対象を分ける。,ゼニヤッタの救助・回復スキルを先に使わせ、直後に守られていない敵へ嵐ノ弓と鳴響矢水を合わせる。,救助を吐かせた後に深追いせず、体術と壁登りで味方射線へ戻って次のキルを狙うタイミングを待つ。,試合後に「ゼニヤッタの何を見てから撃ったか」「外した時にどこへ戻ったか」を1回だけ確認する。,ハンゾー対ゼニヤッタは、支援線を切ると崩れるサポートとして読む。最初に見る情報、撃つ瞬間、失敗時の戻り先を分けると、数値評価以上に安定する。,ゼニヤッタへの説明は「撃つ」「追う」だけで終わらせない。ダイブ確認、倒し切りを狙う条件、撤退先、次の狙いを必ず1文ずつ分け、ハンゾーの嵐ノ弓と鳴響矢水と体術と壁登りの使い道を混同しない。,支援線管理,ゼニヤッタ本人の撃破より、救助・回復の向きと守られていない敵を見つける。,この試合で「ゼニヤッタ本人だけでなく、誰を救助・回復しているかを見て撃破対象を分ける。」を守れたか。守れなかった場合、次は撃つ前に何を1つだけ見るか。,ゼニヤッタの救助・回復スキルを先に使わせ、直後に守られていない敵へ嵐ノ弓と鳴響矢水を合わせる。 次は救助スキル使用後に深追いせず、体術と壁登りで味方射線へ戻って次のキルを狙うタイミングを待つ。できていれば成功。,ゼニヤッタだけを追い、救助スキルを吐かせた後の本命対象を見失う。,次の試合ではゼニヤッタの救助を確認した直後、守られていない敵へ鳴響矢水を使う。,ゼニヤッタが誰を助けたか、助けた後に誰が孤立したかを確認する。,次の試合ではゼニヤッタを倒すことより、確認、攻撃、退避の順番を崩さない。
Baptiste,7,遠距離ポーク・遮蔽管理,バティストとは同じ射線で長く撃ち合わず、嵐ノ弓を溜めて1発だけ出し、すぐ遮蔽へ戻る。鳴響矢水で相手が出直す位置を味方に知らせてから次の射線位置を使う。,電光石火はバティストへの雑な先撃ちではなく、接近後・移動スキル使用後・防御・救助・移動スキル後の短い確定時間に使う。遠距離では嵐ノ弓を優先する。,正面中央に長く立たず、嵐ノ弓を撃てる遮蔽と、体術・壁登りで戻れる高台をセットで使う。外した後は位置を変える。,"[""イモータリティ・フィールド"", ""リジェネ・バースト"", ""アンプリフィケーション・マトリックス""]","[""イモータリティ・フィールド後"", ""リジェネ・バースト後""]","[""イモータリティ・フィールド""]",7,7,5,5,8,9,9,,,,,,,,,,,,,,,,,,嵐ノ弓は長く顔を出して撃つのではなく、溜めて1発だけ覗き、遮蔽へ戻る。バティストが近い時は無理にフルチャージを狙わない。,体術と壁登りは追撃よりも射線変更と高台再確保に使う。外した後は射線か位置を変える。,鳴響矢水はバティストを倒すためだけでなく、再ピーク、側面ルート、味方後衛への接近を事前に見せるために使う。,龍撃波はバティストの射線を無理に突破するより、遮蔽から出る必要がある退路やサポート位置へ流す。,同じ遮蔽から再ピークした瞬間、射線変更直後,バティストに対しては「鳴響矢水で味方に知らせる位置」「電光石火を残す相手」「龍撃波で分断する線」を毎回確認する。,"[""防御・救助・移動スキル使用後のバティスト"", ""回復を受けに顔を出した敵"", ""龍撃波で分断できる後衛""]","[""バティストの防御・救助・移動スキル確認前に龍撃波を撃つこと"", ""タンクだけを撃ち続けること"", ""同じ射線で長くスコープ相手と撃ち合うこと""]",バティストを倒し切ることより、まず同じ位置に立ち続けない。嵐ノ弓を1発撃ったら遮蔽へ戻る。,電光石火を最初の牽制で使い切らない。バティストが近づいた後、または移動スキル使用後に使う。,味方タンクが前に出る直前に鳴響矢水を置き、見えた対象へ嵐ノ弓を合わせる。,同じ射線で粘らず、壁登りと体術で高台や横の射線位置を再確保する。バティストの視線をずらしてから撃つ。,バティストの重要スキルを誘い、龍撃波は撃破目的だけでなく、回復線と退路を分断するために使う。,救助・回復スキルでキルタイミングを遅らせるサポート,バティスト本人だけでなく、誰を救助・回復しているかを見て撃破対象を分ける。,バティストの救助・回復スキルを先に使わせ、直後に守られていない敵へ嵐ノ弓と鳴響矢水を合わせる。,救助を吐かせた後に深追いせず、体術と壁登りで味方射線へ戻って次のキルを狙うタイミングを待つ。,試合後に「バティストの何を見てから撃ったか」「外した時にどこへ戻ったか」を1回だけ確認する。,ハンゾー対バティストは、救助・回復スキルでキルタイミングを遅らせるサポートとして読む。最初に見る情報、撃つ瞬間、失敗時の戻り先を分けると、数値評価以上に安定する。,バティストへの説明は「撃つ」「追う」だけで終わらせない。ダイブ確認、倒し切りを狙う条件、撤退先、次の狙いを必ず1文ずつ分け、ハンゾーの嵐ノ弓と鳴響矢水と体術と壁登りの使い道を混同しない。,救助確認,バティスト本人の撃破より、救助・回復の向きと守られていない敵を見つける。,この試合で「バティスト本人だけでなく、誰を救助・回復しているかを見て撃破対象を分ける。」を守れたか。守れなかった場合、次は撃つ前に何を1つだけ見るか。,バティストの救助・回復スキルを先に使わせ、直後に守られていない敵へ嵐ノ弓と鳴響矢水を合わせる。 次は救助スキル使用後に深追いせず、体術と壁登りで味方射線へ戻って次のキルを狙うタイミングを待つ。できていれば成功。,バティストだけを追い、救助スキルを吐かせた後の本命対象を見失う。,次の試合ではバティストの救助を確認した直後、守られていない敵へ鳴響矢水を使う。,バティストが誰を助けたか、助けた後に誰が孤立したかを確認する。,次の試合ではバティストを倒すことより、確認、攻撃、退避の順番を崩さない。
Brigitte,7,位置把握・防御・救助・移動スキル確認,ブリギッテは先に倒し切るより、鳴響矢水で位置を味方に知らせて防御・救助・移動スキルを使わせる。使わせた後に嵐ノ弓か電光石火で同じ位置を再度狙う。,電光石火はブリギッテへの雑な先撃ちではなく、接近後・移動スキル使用後・防御・救助・移動スキル後の短い確定時間に使う。遠距離では嵐ノ弓を優先する。,正面中央に長く立たず、嵐ノ弓を撃てる遮蔽と、体術・壁登りで戻れる高台をセットで使う。外した後は位置を変える。,"[""バリア・シールド"", ""ラリー""]","[""シールド・バッシュ"", ""ウィップ・ショット"", ""バリア・シールド""]","[""ラリー""]",5,6,5,5,8,6,9,,,,,,,,,,,,,,,,,,嵐ノ弓は長く顔を出して撃つのではなく、溜めて1発だけ覗き、遮蔽へ戻る。ブリギッテが近い時は無理にフルチャージを狙わない。,体術と壁登りは追撃よりも射線変更と高台再確保に使う。外した後は射線か位置を変える。,鳴響矢水はブリギッテを倒すためだけでなく、再ピーク、側面ルート、味方後衛への接近を事前に見せるために使う。,龍撃波はブリギッテの防御・救助・移動スキル確認後に使う。未確認なら撃破目的ではなく、分断と退路封鎖として使う。,シールド・バッシュ、回復対象を見るために姿を出した瞬間,ブリギッテに対しては「鳴響矢水で味方に知らせる位置」「電光石火を残す相手」「龍撃波で分断する線」を毎回確認する。,"[""防御・救助・移動スキル使用後のブリギッテ"", ""回復を受けに顔を出した敵"", ""龍撃波で分断できる後衛""]","[""ブリギッテの防御・救助・移動スキル確認前に龍撃波を撃つこと"", ""タンクだけを撃ち続けること"", ""同じ射線で長くスコープ相手と撃ち合うこと""]",ブリギッテを倒し切ることより、まず同じ位置に立ち続けない。嵐ノ弓を1発撃ったら遮蔽へ戻る。,電光石火を最初の牽制で使い切らない。ブリギッテが近づいた後、または移動スキル使用後に使う。,味方タンクが前に出る直前に鳴響矢水を置き、見えた対象へ嵐ノ弓を合わせる。,同じ射線で粘らず、壁登りと体術で高台や横の射線位置を再確保する。ブリギッテの視線をずらしてから撃つ。,ブリギッテの重要スキルを誘い、龍撃波は撃破目的だけでなく、回復線と退路を分断するために使う。,救助・回復スキルでキルタイミングを遅らせるサポート,ブリギッテ本人だけでなく、誰を救助・回復しているかを見て撃破対象を分ける。,ブリギッテの救助・回復スキルを先に使わせ、直後に守られていない敵へ嵐ノ弓と鳴響矢水を合わせる。,救助を吐かせた後に深追いせず、体術と壁登りで味方射線へ戻って次のキルを狙うタイミングを待つ。,試合後に「ブリギッテの何を見てから撃ったか」「外した時にどこへ戻ったか」を1回だけ確認する。,ハンゾー対ブリギッテは、救助・回復スキルでキルタイミングを遅らせるサポートとして読む。最初に見る情報、撃つ瞬間、失敗時の戻り先を分けると、数値評価以上に安定する。,ブリギッテへの説明は「撃つ」「追う」だけで終わらせない。ダイブ確認、倒し切りを狙う条件、撤退先、次の狙いを必ず1文ずつ分け、ハンゾーの嵐ノ弓と鳴響矢水と体術と壁登りの使い道を混同しない。,救助確認,ブリギッテ本人の撃破より、救助・回復の向きと守られていない敵を見つける。,この試合で「ブリギッテ本人だけでなく、誰を救助・回復しているかを見て撃破対象を分ける。」を守れたか。守れなかった場合、次は撃つ前に何を1つだけ見るか。,ブリギッテの救助・回復スキルを先に使わせ、直後に守られていない敵へ嵐ノ弓と鳴響矢水を合わせる。 次は救助スキル使用後に深追いせず、体術と壁登りで味方射線へ戻って次のキルを狙うタイミングを待つ。できていれば成功。,ブリギッテだけを追い、救助スキルを吐かせた後の本命対象を見失う。,次の試合ではブリギッテの救助を確認した直後、守られていない敵へ鳴響矢水を使う。,ブリギッテが誰を助けたか、助けた後に誰が孤立したかを確認する。,次の試合ではブリギッテを倒すことより、確認、攻撃、退避の順番を崩さない。
Mercy,5,索敵・接近迎撃,マーシーを空中で追い続けず、低空・着地・直線移動に嵐ノ弓を合わせる。鳴響矢水で敵の位置を味方に知らせ、空中だけを追わず地上で前に出た敵にも切り替える。,電光石火はマーシーへの雑な先撃ちではなく、接近後・移動スキル使用後・防御・救助・移動スキル後の短い確定時間に使う。遠距離では嵐ノ弓を優先する。,正面中央に長く立たず、嵐ノ弓を撃てる遮蔽と、体術・壁登りで戻れる高台をセットで使う。外した後は位置を変える。,"[""ガーディアン・エンジェル"", ""ヴァルキリー""]","[""ガーディアン・エンジェル""]","[""ヴァルキリー"", ""ガーディアン・エンジェル""]",10,9,6,7,8,7,10,,,,,,,,,,,,,,,,,,嵐ノ弓は長く顔を出して撃つのではなく、溜めて1発だけ覗き、遮蔽へ戻る。マーシーが近い時は無理にフルチャージを狙わない。,体術と壁登りは追撃よりも射線変更と高台再確保に使う。外した後は射線か位置を変える。,鳴響矢水はマーシーを倒すためだけでなく、再ピーク、側面ルート、味方後衛への接近を事前に見せるために使う。,龍撃波は空中のマーシーへ直接ではなく、地上の退路や回復位置へ流して動きを制限する。,低空、着地、サポートの射線が切れた瞬間,マーシーに対しては「鳴響矢水で味方に知らせる位置」「電光石火を残す相手」「龍撃波で分断する線」を毎回確認する。,"[""防御・救助・移動スキル使用後のマーシー"", ""回復を受けに顔を出した敵"", ""龍撃波で分断できる後衛""]","[""マーシーの防御・救助・移動スキル確認前に龍撃波を撃つこと"", ""タンクだけを撃ち続けること"", ""同じ射線で長くスコープ相手と撃ち合うこと""]",マーシーを倒し切ることより、まず同じ位置に立ち続けない。嵐ノ弓を1発撃ったら遮蔽へ戻る。,電光石火を最初の牽制で使い切らない。マーシーが近づいた後、または移動スキル使用後に使う。,味方タンクが前に出る直前に鳴響矢水を置き、見えた対象へ嵐ノ弓を合わせる。,同じ射線で粘らず、壁登りと体術で高台や横の射線位置を再確保する。マーシーの視線をずらしてから撃つ。,マーシーの重要スキルを誘い、龍撃波は撃破目的だけでなく、回復線と退路を分断するために使う。,救助・回復スキルでキルタイミングを遅らせるサポート,マーシー本人だけでなく、誰を救助・回復しているかを見て撃破対象を分ける。,マーシーの救助・回復スキルを先に使わせ、直後に守られていない敵へ嵐ノ弓と鳴響矢水を合わせる。,救助を吐かせた後に深追いせず、体術と壁登りで味方射線へ戻って次のキルを狙うタイミングを待つ。,試合後に「マーシーの何を見てから撃ったか」「外した時にどこへ戻ったか」を1回だけ確認する。,ハンゾー対マーシーは、救助・回復スキルでキルタイミングを遅らせるサポートとして読む。最初に見る情報、撃つ瞬間、失敗時の戻り先を分けると、数値評価以上に安定する。,マーシーへの説明は「撃つ」「追う」だけで終わらせない。ダイブ確認、倒し切りを狙う条件、撤退先、次の狙いを必ず1文ずつ分け、ハンゾーの嵐ノ弓と鳴響矢水と体術と壁登りの使い道を混同しない。,救助確認,マーシー本人の撃破より、救助・回復の向きと守られていない敵を見つける。,この試合で「マーシー本人だけでなく、誰を救助・回復しているかを見て撃破対象を分ける。」を守れたか。守れなかった場合、次は撃つ前に何を1つだけ見るか。,マーシーの救助・回復スキルを先に使わせ、直後に守られていない敵へ嵐ノ弓と鳴響矢水を合わせる。 次は救助スキル使用後に深追いせず、体術と壁登りで味方射線へ戻って次のキルを狙うタイミングを待つ。できていれば成功。,マーシーだけを追い、救助スキルを吐かせた後の本命対象を見失う。,次の試合ではマーシーの救助を確認した直後、守られていない敵へ鳴響矢水を使う。,マーシーが誰を助けたか、助けた後に誰が孤立したかを確認する。,次の試合ではマーシーを倒すことより、確認、攻撃、退避の順番を崩さない。
Mizuki,7,位置把握・防御・救助・移動スキル確認,ミズキは先に倒し切るより、鳴響矢水で位置を味方に知らせて防御・救助・移動スキルを使わせる。使わせた後に嵐ノ弓か電光石火で同じ位置を再度狙う。,電光石火はミズキへの雑な先撃ちではなく、接近後・移動スキル使用後・防御・救助・移動スキル後の短い確定時間に使う。遠距離では嵐ノ弓を優先する。,正面中央に長く立たず、嵐ノ弓を撃てる遮蔽と、体術・壁登りで戻れる高台をセットで使う。外した後は位置を変える。,"[""霊域結界"", ""形代"", ""癒しの波動""]","[""呪縛"", ""形代"", ""霊域結界""]","[""霊域結界"", ""癒しの波動"", ""形代""]",5,6,5,5,8,6,9,,,,,,,,,,,,,,,,,,嵐ノ弓は長く顔を出して撃つのではなく、溜めて1発だけ覗き、遮蔽へ戻る。ミズキが近い時は無理にフルチャージを狙わない。,体術と壁登りは追撃よりも射線変更と高台再確保に使う。外した後は射線か位置を変える。,鳴響矢水はミズキを倒すためだけでなく、再ピーク、側面ルート、味方後衛への接近を事前に見せるために使う。,龍撃波はミズキの防御・救助・移動スキル確認後に使う。未確認なら撃破目的ではなく、分断と退路封鎖として使う。,呪縛、回復対象を見るために姿を出した瞬間,ミズキに対しては「鳴響矢水で味方に知らせる位置」「電光石火を残す相手」「龍撃波で分断する線」を毎回確認する。,"[""防御・救助・移動スキル使用後のミズキ"", ""回復を受けに顔を出した敵"", ""龍撃波で分断できる後衛""]","[""ミズキの防御・救助・移動スキル確認前に龍撃波を撃つこと"", ""タンクだけを撃ち続けること"", ""同じ射線で長くスコープ相手と撃ち合うこと""]",ミズキを倒し切ることより、まず同じ位置に立ち続けない。嵐ノ弓を1発撃ったら遮蔽へ戻る。,電光石火を最初の牽制で使い切らない。ミズキが近づいた後、または移動スキル使用後に使う。,味方タンクが前に出る直前に鳴響矢水を置き、見えた対象へ嵐ノ弓を合わせる。,同じ射線で粘らず、壁登りと体術で高台や横の射線位置を再確保する。ミズキの視線をずらしてから撃つ。,ミズキの重要スキルを誘い、龍撃波は撃破目的だけでなく、回復線と退路を分断するために使う。,救助・回復スキルでキルタイミングを遅らせるサポート,ミズキ本人だけでなく、誰を救助・回復しているかを見て撃破対象を分ける。,ミズキの救助・回復スキルを先に使わせ、直後に守られていない敵へ嵐ノ弓と鳴響矢水を合わせる。,救助を吐かせた後に深追いせず、体術と壁登りで味方射線へ戻って次のキルを狙うタイミングを待つ。,試合後に「ミズキの何を見てから撃ったか」「外した時にどこへ戻ったか」を1回だけ確認する。,ハンゾー対ミズキは、救助・回復スキルでキルタイミングを遅らせるサポートとして読む。最初に見る情報、撃つ瞬間、失敗時の戻り先を分けると、数値評価以上に安定する。,ミズキへの説明は「撃つ」「追う」だけで終わらせない。ダイブ確認、倒し切りを狙う条件、撤退先、次の狙いを必ず1文ずつ分け、ハンゾーの嵐ノ弓と鳴響矢水と体術と壁登りの使い道を混同しない。,救助確認,ミズキ本人の撃破より、救助・回復の向きと守られていない敵を見つける。,この試合で「ミズキ本人だけでなく、誰を救助・回復しているかを見て撃破対象を分ける。」を守れたか。守れなかった場合、次は撃つ前に何を1つだけ見るか。,ミズキの救助・回復スキルを先に使わせ、直後に守られていない敵へ嵐ノ弓と鳴響矢水を合わせる。 次は救助スキル使用後に深追いせず、体術と壁登りで味方射線へ戻って次のキルを狙うタイミングを待つ。できていれば成功。,ミズキだけを追い、救助スキルを吐かせた後の本命対象を見失う。,次の試合ではミズキの救助を確認した直後、守られていない敵へ鳴響矢水を使う。,ミズキが誰を助けたか、助けた後に誰が孤立したかを確認する。,次の試合ではミズキを倒すことより、確認、攻撃、退避の順番を崩さない。
Moira,6,位置把握・防御・救助・移動スキル確認,モイラは先に倒し切るより、鳴響矢水で位置を味方に知らせて防御・救助・移動スキルを使わせる。使わせた後に嵐ノ弓か電光石火で同じ位置を再度狙う。,電光石火はモイラへの雑な先撃ちではなく、接近後・移動スキル使用後・防御・救助・移動スキル後の短い確定時間に使う。遠距離では嵐ノ弓を優先する。,正面中央に長く立たず、嵐ノ弓を撃てる遮蔽と、体術・壁登りで戻れる高台をセットで使う。外した後は位置を変える。,"[""フェード"", ""コアレッセンス""]","[""バイオティック・オーブ"", ""フェード""]","[""フェード"", ""コアレッセンス""]",5,5,5,5,5,6,7,,,,,,,,,,,,,,,,,,嵐ノ弓は長く顔を出して撃つのではなく、溜めて1発だけ覗き、遮蔽へ戻る。モイラが近い時は無理にフルチャージを狙わない。,体術と壁登りは追撃よりも射線変更と高台再確保に使う。外した後は射線か位置を変える。,鳴響矢水はモイラを倒すためだけでなく、再ピーク、側面ルート、味方後衛への接近を事前に見せるために使う。,龍撃波はモイラの防御・救助・移動スキル確認後に使う。未確認なら撃破目的ではなく、分断と退路封鎖として使う。,バイオティック・オーブ、回復対象を見るために姿を出した瞬間,モイラに対しては「鳴響矢水で味方に知らせる位置」「電光石火を残す相手」「龍撃波で分断する線」を毎回確認する。,"[""防御・救助・移動スキル使用後のモイラ"", ""回復を受けに顔を出した敵"", ""龍撃波で分断できる後衛""]","[""モイラの防御・救助・移動スキル確認前に龍撃波を撃つこと"", ""タンクだけを撃ち続けること"", ""同じ射線で長くスコープ相手と撃ち合うこと""]",モイラを倒し切ることより、まず同じ位置に立ち続けない。嵐ノ弓を1発撃ったら遮蔽へ戻る。,電光石火を最初の牽制で使い切らない。モイラが近づいた後、または移動スキル使用後に使う。,味方タンクが前に出る直前に鳴響矢水を置き、見えた対象へ嵐ノ弓を合わせる。,同じ射線で粘らず、壁登りと体術で高台や横の射線位置を再確保する。モイラの視線をずらしてから撃つ。,モイラの重要スキルを誘い、龍撃波は撃破目的だけでなく、回復線と退路を分断するために使う。,救助・回復スキルでキルタイミングを遅らせるサポート,モイラ本人だけでなく、誰を救助・回復しているかを見て撃破対象を分ける。,モイラの救助・回復スキルを先に使わせ、直後に守られていない敵へ嵐ノ弓と鳴響矢水を合わせる。,救助を吐かせた後に深追いせず、体術と壁登りで味方射線へ戻って次のキルを狙うタイミングを待つ。,試合後に「モイラの何を見てから撃ったか」「外した時にどこへ戻ったか」を1回だけ確認する。,ハンゾー対モイラは、救助・回復スキルでキルタイミングを遅らせるサポートとして読む。最初に見る情報、撃つ瞬間、失敗時の戻り先を分けると、数値評価以上に安定する。,モイラへの説明は「撃つ」「追う」だけで終わらせない。ダイブ確認、倒し切りを狙う条件、撤退先、次の狙いを必ず1文ずつ分け、ハンゾーの嵐ノ弓と鳴響矢水と体術と壁登りの使い道を混同しない。,救助確認,モイラ本人の撃破より、救助・回復の向きと守られていない敵を見つける。,この試合で「モイラ本人だけでなく、誰を救助・回復しているかを見て撃破対象を分ける。」を守れたか。守れなかった場合、次は撃つ前に何を1つだけ見るか。,モイラの救助・回復スキルを先に使わせ、直後に守られていない敵へ嵐ノ弓と鳴響矢水を合わせる。 次は救助スキル使用後に深追いせず、体術と壁登りで味方射線へ戻って次のキルを狙うタイミングを待つ。できていれば成功。,モイラだけを追い、救助スキルを吐かせた後の本命対象を見失う。,次の試合ではモイラの救助を確認した直後、守られていない敵へ鳴響矢水を使う。,モイラが誰を助けたか、助けた後に誰が孤立したかを確認する。,次の試合ではモイラを倒すことより、確認、攻撃、退避の順番を崩さない。
Lifeweaver,7,位置把握・防御・救助・移動スキル確認,ライフウィーバーは先に倒し切るより、鳴響矢水で位置を味方に知らせて防御・救助・移動スキルを使わせる。使わせた後に嵐ノ弓か電光石火で同じ位置を再度狙う。,電光石火はライフウィーバーへの雑な先撃ちではなく、接近後・移動スキル使用後・防御・救助・移動スキル後の短い確定時間に使う。遠距離では嵐ノ弓を優先する。,正面中央に長く立たず、嵐ノ弓を撃てる遮蔽と、体術・壁登りで戻れる高台をセットで使う。外した後は位置を変える。,"[""ライフグリップ"", ""ペタル・プラットフォーム"", ""若返りの風""]","[""ペタル・プラットフォーム"", ""若返りの風"", ""ライフグリップ""]","[""ライフグリップ"", ""命の樹"", ""ペタル・プラットフォーム""]",5,6,5,5,8,6,9,,,,,,,,,,,,,,,,,,嵐ノ弓は長く顔を出して撃つのではなく、溜めて1発だけ覗き、遮蔽へ戻る。ライフウィーバーが近い時は無理にフルチャージを狙わない。,体術と壁登りは追撃よりも射線変更と高台再確保に使う。外した後は射線か位置を変える。,鳴響矢水はライフウィーバーを倒すためだけでなく、再ピーク、側面ルート、味方後衛への接近を事前に見せるために使う。,龍撃波はライフウィーバーの防御・救助・移動スキル確認後に使う。未確認なら撃破目的ではなく、分断と退路封鎖として使う。,ペタル・プラットフォーム、回復対象を見るために姿を出した瞬間,ライフウィーバーに対しては「鳴響矢水で味方に知らせる位置」「電光石火を残す相手」「龍撃波で分断する線」を毎回確認する。,"[""防御・救助・移動スキル使用後のライフウィーバー"", ""回復を受けに顔を出した敵"", ""龍撃波で分断できる後衛""]","[""ライフウィーバーの防御・救助・移動スキル確認前に龍撃波を撃つこと"", ""タンクだけを撃ち続けること"", ""同じ射線で長くスコープ相手と撃ち合うこと""]",ライフウィーバーを倒し切ることより、まず同じ位置に立ち続けない。嵐ノ弓を1発撃ったら遮蔽へ戻る。,電光石火を最初の牽制で使い切らない。ライフウィーバーが近づいた後、または移動スキル使用後に使う。,味方タンクが前に出る直前に鳴響矢水を置き、見えた対象へ嵐ノ弓を合わせる。,同じ射線で粘らず、壁登りと体術で高台や横の射線位置を再確保する。ライフウィーバーの視線をずらしてから撃つ。,ライフウィーバーの重要スキルを誘い、龍撃波は撃破目的だけでなく、回復線と退路を分断するために使う。,救助・回復スキルでキルタイミングを遅らせるサポート,ライフウィーバー本人だけでなく、誰を救助・回復しているかを見て撃破対象を分ける。,ライフウィーバーの救助・回復スキルを先に使わせ、直後に守られていない敵へ嵐ノ弓と鳴響矢水を合わせる。,救助を吐かせた後に深追いせず、体術と壁登りで味方射線へ戻って次のキルを狙うタイミングを待つ。,試合後に「ライフウィーバーの何を見てから撃ったか」「外した時にどこへ戻ったか」を1回だけ確認する。,ハンゾー対ライフウィーバーは、救助・回復スキルでキルタイミングを遅らせるサポートとして読む。最初に見る情報、撃つ瞬間、失敗時の戻り先を分けると、数値評価以上に安定する。,ライフウィーバーへの説明は「撃つ」「追う」だけで終わらせない。ダイブ確認、倒し切りを狙う条件、撤退先、次の狙いを必ず1文ずつ分け、ハンゾーの嵐ノ弓と鳴響矢水と体術と壁登りの使い道を混同しない。,救助確認,ライフウィーバー本人の撃破より、救助・回復の向きと守られていない敵を見つける。,この試合で「ライフウィーバー本人だけでなく、誰を救助・回復しているかを見て撃破対象を分ける。」を守れたか。守れなかった場合、次は撃つ前に何を1つだけ見るか。,ライフウィーバーの救助・回復スキルを先に使わせ、直後に守られていない敵へ嵐ノ弓と鳴響矢水を合わせる。 次は救助スキル使用後に深追いせず、体術と壁登りで味方射線へ戻って次のキルを狙うタイミングを待つ。できていれば成功。,ライフウィーバーだけを追い、救助スキルを吐かせた後の本命対象を見失う。,次の試合ではライフウィーバーの救助を確認した直後、守られていない敵へ鳴響矢水を使う。,ライフウィーバーが誰を助けたか、助けた後に誰が孤立したかを確認する。,次の試合ではライフウィーバーを倒すことより、確認、攻撃、退避の順番を崩さない。
Lúcio,7,位置把握・防御・救助・移動スキル確認,ルシオは先に倒し切るより、鳴響矢水で位置を味方に知らせて防御・救助・移動スキルを使わせる。使わせた後に嵐ノ弓か電光石火で同じ位置を再度狙う。,電光石火はルシオへの雑な先撃ちではなく、接近後・移動スキル使用後・防御・救助・移動スキル後の短い確定時間に使う。遠距離では嵐ノ弓を優先する。,正面中央に長く立たず、嵐ノ弓を撃てる遮蔽と、体術・壁登りで戻れる高台をセットで使う。外した後は位置を変える。,"[""ウォール・ライド"", ""サウンド・バリア""]","[""サウンドウェーブ"", ""アンプ・イット・アップ"", ""ウォール・ライド""]","[""ウォール・ライド""]",5,6,5,5,8,6,9,,,,,,,,,,,,,,,,,,嵐ノ弓は長く顔を出して撃つのではなく、溜めて1発だけ覗き、遮蔽へ戻る。ルシオが近い時は無理にフルチャージを狙わない。,体術と壁登りは追撃よりも射線変更と高台再確保に使う。外した後は射線か位置を変える。,鳴響矢水はルシオを倒すためだけでなく、再ピーク、側面ルート、味方後衛への接近を事前に見せるために使う。,龍撃波はルシオの防御・救助・移動スキル確認後に使う。未確認なら撃破目的ではなく、分断と退路封鎖として使う。,サウンドウェーブ、回復対象を見るために姿を出した瞬間,ルシオに対しては「鳴響矢水で味方に知らせる位置」「電光石火を残す相手」「龍撃波で分断する線」を毎回確認する。,"[""防御・救助・移動スキル使用後のルシオ"", ""回復を受けに顔を出した敵"", ""龍撃波で分断できる後衛""]","[""ルシオの防御・救助・移動スキル確認前に龍撃波を撃つこと"", ""タンクだけを撃ち続けること"", ""同じ射線で長くスコープ相手と撃ち合うこと""]",ルシオを倒し切ることより、まず同じ位置に立ち続けない。嵐ノ弓を1発撃ったら遮蔽へ戻る。,電光石火を最初の牽制で使い切らない。ルシオが近づいた後、または移動スキル使用後に使う。,味方タンクが前に出る直前に鳴響矢水を置き、見えた対象へ嵐ノ弓を合わせる。,同じ射線で粘らず、壁登りと体術で高台や横の射線位置を再確保する。ルシオの視線をずらしてから撃つ。,ルシオの重要スキルを誘い、龍撃波は撃破目的だけでなく、回復線と退路を分断するために使う。,支援線を切ると崩れるサポート,ルシオ本人だけでなく、誰を救助・回復しているかを見て撃破対象を分ける。,ルシオの救助・回復スキルを先に使わせ、直後に守られていない敵へ嵐ノ弓と鳴響矢水を合わせる。,救助を吐かせた後に深追いせず、体術と壁登りで味方射線へ戻って次のキルを狙うタイミングを待つ。,試合後に「ルシオの何を見てから撃ったか」「外した時にどこへ戻ったか」を1回だけ確認する。,ハンゾー対ルシオは、支援線を切ると崩れるサポートとして読む。最初に見る情報、撃つ瞬間、失敗時の戻り先を分けると、数値評価以上に安定する。,ルシオへの説明は「撃つ」「追う」だけで終わらせない。ダイブ確認、倒し切りを狙う条件、撤退先、次の狙いを必ず1文ずつ分け、ハンゾーの嵐ノ弓と鳴響矢水と体術と壁登りの使い道を混同しない。,支援線管理,ルシオ本人の撃破より、救助・回復の向きと守られていない敵を見つける。,この試合で「ルシオ本人だけでなく、誰を救助・回復しているかを見て撃破対象を分ける。」を守れたか。守れなかった場合、次は撃つ前に何を1つだけ見るか。,ルシオの救助・回復スキルを先に使わせ、直後に守られていない敵へ嵐ノ弓と鳴響矢水を合わせる。 次は救助スキル使用後に深追いせず、体術と壁登りで味方射線へ戻って次のキルを狙うタイミングを待つ。できていれば成功。,ルシオだけを追い、救助スキルを吐かせた後の本命対象を見失う。,次の試合ではルシオの救助を確認した直後、守られていない敵へ鳴響矢水を使う。,ルシオが誰を助けたか、助けた後に誰が孤立したかを確認する。,次の試合ではルシオを倒すことより、確認、攻撃、退避の順番を崩さない。
