hero_id,hero_ja,role,sub_role,ashe_comp_stats.threat_ashe,ashe_comp_stats.dynamite_value,ashe_comp_stats.coach_gun_value,ashe_comp_stats.viper_value,ashe_comp_stats.bob_denial,ashe_comp_stats.highground_value,ashe_comp_stats.matchup_rating,ashe_comp_stats.priority_score,composition_tags,key_enemy_skills.respect,key_enemy_skills.punish_after,key_enemy_skills.dynamite_check,key_enemy_skills.bob_check,diagnosis_snippets.positioning,diagnosis_snippets.target_priority,diagnosis_snippets.dynamite_policy,diagnosis_snippets.coach_gun_policy,diagnosis_snippets.bob_condition,diagnosis_snippets.forbidden,ashe_comp_stats.mirror_matchup_v41,diagnosis_snippets.mirror_matchup_note,diagnosis_snippets.cross_target_note,diagnosis_snippets.mirror_diff_points,cross_target_recalibration.version,cross_target_recalibration.enemy_threat,cross_target_recalibration.target_matchup_rating,cross_target_recalibration.matchup_type,cross_target_recalibration.reason,cross_target_recalibration.mirror_matchup,cross_target_recalibration.diff_points,source_status,source_note,cross_target_recalibration,torbjorn_reassessment_note
D.Va,D.Va,タンク,イニシエーター,10,7,8,8,10,8,5,7,"[""close_or_dive_pressure"", ""aerial_control"", ""dynamite_value"", ""bob_must_check""]","[""ディフェンス・マトリックス"", ""ブースター"", ""自爆""]","[""ブースター""]","[""ディフェンス・マトリックス"", ""ブースター""]","[""ディフェンス・マトリックス"", ""自爆""]",D.Va相手は、最初に安全な中〜遠距離の遮蔽か高台を使う。確認するタイミングは「ブースターで高台へ接近するかサポートへ攻撃を仕掛けた直後」。長く覗かず、撃った後は遮蔽へ戻る。,ザ・ヴァイパーで先に体力差を作り、ダイナマイトで遮蔽裏や集団を動かす。倒し切れない時は敵サポートへ圧を切り替える。,ダイナマイトはD.Va本人だけでなく、回復を受ける位置、逃げ道、味方タンクが当たるダイブ経路に使う。単体牽制で毎回使い切らない。,コーチ・ガンは前進用より、距離作り・高台再確保・リロード時間の安全確保に使う。使った後に孤立しない位置を選ぶ。,ディフェンス・マトリックス、自爆を確認してからB.O.Bを出す。,同じ射線で撃ち続けて、接近・狙撃・妨害スキルをまとめて受けない。,,,,,,,,,,,,,,,
Winston,ウィンストン,タンク,イニシエーター,10,8,9,6,6,7,4,8,"[""close_or_dive_pressure"", ""dynamite_value""]","[""バリア・プロジェクター"", ""ジャンプ・パック"", ""テスラ・キャノン""]","[""ジャンプ・パック""]","[""バリア・プロジェクター"", ""ジャンプ・パック""]","[""バリア・プロジェクター"", ""テスラ・キャノン""]",ウィンストン相手は、最初に安全な中〜遠距離の遮蔽か高台を使う。確認するタイミングは「ジャンプ・パック着地後、バリア・プロジェクターの内外が分かれた瞬間」。長く覗かず、撃った後は遮蔽へ戻る。,ザ・ヴァイパーで先に体力差を作り、ダイナマイトで遮蔽裏や集団を動かす。倒し切れない時は敵サポートへ圧を切り替える。,ダイナマイトはウィンストン本人だけでなく、回復を受ける位置、逃げ道、味方タンクが当たるダイブ経路に使う。単体牽制で毎回使い切らない。,コーチ・ガンは前進用より、距離作り・高台再確保・リロード時間の安全確保に使う。使った後に孤立しない位置を選ぶ。,バリア・プロジェクター、テスラ・キャノンを確認してからB.O.Bを出す。,同じ射線で撃ち続けて、接近・狙撃・妨害スキルをまとめて受けない。,,,,,,,,,,,,,,,
Doomfist,ドゥームフィスト,タンク,イニシエーター,10,7,10,6,6,7,2,7,"[""close_or_dive_pressure"", ""dynamite_value""]","[""パワー・ブロック"", ""サイズミック・スラム"", ""ロケット・パンチ""]","[""サイズミック・スラム"", ""ロケット・パンチ""]","[""パワー・ブロック"", ""サイズミック・スラム""]","[""パワー・ブロック"", ""ロケット・パンチ""]",ドゥームフィスト相手は、最初に安全な中〜遠距離の遮蔽か高台を使う。確認するタイミングは「パワー・ブロック後、パンチを使って味方側へ入った瞬間」。長く覗かず、撃った後は遮蔽へ戻る。,ザ・ヴァイパーで先に体力差を作り、ダイナマイトで遮蔽裏や集団を動かす。倒し切れない時は敵サポートへ圧を切り替える。,ダイナマイトはドゥームフィスト本人だけでなく、回復を受ける位置、逃げ道、味方タンクが当たるダイブ経路に使う。単体牽制で毎回使い切らない。,コーチ・ガンは前進用より、距離作り・高台再確保・リロード時間の安全確保に使う。使った後に孤立しない位置を選ぶ。,パワー・ブロック、ロケット・パンチを確認してからB.O.Bを出す。,同じ射線で撃ち続けて、接近・狙撃・妨害スキルをまとめて受けない。,,,,,,,,,,,,,,,
Hazard,ハザード,タンク,ストールワート,10,8,8,6,6,5,4,8,"[""close_or_dive_pressure"", ""dynamite_value""]","[""スパイク・ガード"", ""ヴァイオレント・リープ"", ""ジャギー・ウォール""]","[""ヴァイオレント・リープ"", ""ジャギー・ウォール""]","[""スパイク・ガード"", ""ヴァイオレント・リープ""]","[""スパイク・ガード"", ""ジャギー・ウォール""]",ハザード相手は、最初に安全な中〜遠距離の遮蔽か高台を使う。確認するタイミングは「ジャギー・ウォールで退路を切られる前後」。長く覗かず、撃った後は遮蔽へ戻る。,ザ・ヴァイパーで先に体力差を作り、ダイナマイトで遮蔽裏や集団を動かす。倒し切れない時は敵サポートへ圧を切り替える。,ダイナマイトはハザード本人だけでなく、回復を受ける位置、逃げ道、味方タンクが当たるダイブ経路に使う。単体牽制で毎回使い切らない。,コーチ・ガンは前進用より、距離作り・高台再確保・リロード時間の安全確保に使う。使った後に孤立しない位置を選ぶ。,スパイク・ガード、ジャギー・ウォールを確認してからB.O.Bを出す。,同じ射線で撃ち続けて、接近・狙撃・妨害スキルをまとめて受けない。,,,,,,,,,,,,,,,
Wrecking Ball,レッキング・ボール,タンク,イニシエーター,10,7,10,6,6,7,2,7,"[""close_or_dive_pressure"", ""dynamite_value""]","[""アダプティブ・シールド"", ""グラップリング・クロー"", ""ロール""]","[""グラップリング・クロー"", ""ロール"", ""パイルドライバー""]","[""アダプティブ・シールド"", ""グラップリング・クロー"", ""ロール""]","[""アダプティブ・シールド"", ""パイルドライバー""]",レッキング・ボール相手は、最初に安全な中〜遠距離の遮蔽か高台を使う。確認するタイミングは「パイルドライバー後、またはグラップリング・クローで止まった瞬間」。長く覗かず、撃った後は遮蔽へ戻る。,ザ・ヴァイパーで先に体力差を作り、ダイナマイトで遮蔽裏や集団を動かす。倒し切れない時は敵サポートへ圧を切り替える。,ダイナマイトはレッキング・ボール本人だけでなく、回復を受ける位置、逃げ道、味方タンクが当たるダイブ経路に使う。単体牽制で毎回使い切らない。,コーチ・ガンは前進用より、距離作り・高台再確保・リロード時間の安全確保に使う。使った後に孤立しない位置を選ぶ。,アダプティブ・シールド、パイルドライバーを確認してからB.O.Bを出す。,同じ射線で撃ち続けて、接近・狙撃・妨害スキルをまとめて受けない。,,,,,,,,,,,,,,,
Zarya,ザリア,タンク,ブルーザー,7,10,6,4,9,5,5,6,"[""dynamite_value"", ""bob_must_check""]","[""パーティクル・バリア"", ""バリア・ショット"", ""グラビトン・サージ""]","[""パーティクル・バリア"", ""バリア・ショット""]","[""バリア・ショット"", ""パーティクル・バリア""]","[""パーティクル・バリア"", ""バリア・ショット"", ""グラビトン・サージ""]",ザリア相手は、最初に安全な中〜遠距離の遮蔽か高台を使う。確認するタイミングは「パーティクル・バリアが切れた直後」。長く覗かず、撃った後は遮蔽へ戻る。,ザ・ヴァイパーで先に体力差を作り、ダイナマイトで遮蔽裏や集団を動かす。倒し切れない時は敵サポートへ圧を切り替える。,ダイナマイトはザリア本人だけでなく、回復を受ける位置、逃げ道、味方タンクが当たるダイブ経路に使う。単体牽制で毎回使い切らない。,コーチ・ガンは前進用より、距離作り・高台再確保・リロード時間の安全確保に使う。使った後に孤立しない位置を選ぶ。,パーティクル・バリア、バリア・ショット、グラビトン・サージを確認してからB.O.Bを出す。,同じ射線で撃ち続けて、接近・狙撃・妨害スキルをまとめて受けない。,,,,,,,,,,,,,,,
Junker Queen,ジャンカー・クイーン,タンク,ストールワート,8,10,8,4,6,5,4,7,"[""close_or_dive_pressure"", ""dynamite_value""]","[""コマンディング・シャウト"", ""ランペイジ""]","[""ギザギザブレード"", ""カーネイジ""]","[""コマンディング・シャウト""]","[""コマンディング・シャウト"", ""ランペイジ""]",ジャンカー・クイーン相手は、最初に安全な中〜遠距離の遮蔽か高台を使う。確認するタイミングは「コマンディング・シャウトで詰めた後、射程に入った瞬間」。長く覗かず、撃った後は遮蔽へ戻る。,ザ・ヴァイパーで先に体力差を作り、ダイナマイトで遮蔽裏や集団を動かす。倒し切れない時は敵サポートへ圧を切り替える。,ダイナマイトはジャンカー・クイーン本人だけでなく、回復を受ける位置、逃げ道、味方タンクが当たるダイブ経路に使う。単体牽制で毎回使い切らない。,コーチ・ガンは前進用より、距離作り・高台再確保・リロード時間の安全確保に使う。使った後に孤立しない位置を選ぶ。,コマンディング・シャウト、ランペイジを確認してからB.O.Bを出す。,同じ射線で撃ち続けて、接近・狙撃・妨害スキルをまとめて受けない。,,,,,,,,,,,,,,,
Domina,ドミナ,タンク,ストールワート,8,9,6,4,6,5,5,7,"[""close_or_dive_pressure"", ""dynamite_value""]","[""バリア・アレイ"", ""パノプティコン""]","[""クリスタル・チャージ"", ""ソニック・リパルサー""]","[""バリア・アレイ""]","[""バリア・アレイ"", ""パノプティコン""]",ドミナ相手は、最初に安全な中〜遠距離の遮蔽か高台を使う。確認するタイミングは「クリスタル・チャージ、ソニック・リパルサーの後」。長く覗かず、撃った後は遮蔽へ戻る。,ザ・ヴァイパーで先に体力差を作り、ダイナマイトで遮蔽裏や集団を動かす。倒し切れない時は敵サポートへ圧を切り替える。,ダイナマイトはドミナ本人だけでなく、回復を受ける位置、逃げ道、味方タンクが当たるダイブ経路に使う。単体牽制で毎回使い切らない。,コーチ・ガンは前進用より、距離作り・高台再確保・リロード時間の安全確保に使う。使った後に孤立しない位置を選ぶ。,バリア・アレイ、パノプティコンを確認してからB.O.Bを出す。,同じ射線で撃ち続けて、接近・狙撃・妨害スキルをまとめて受けない。,,,,,,,,,,,,,,,
Mauga,マウガ,タンク,ブルーザー,7,10,8,4,8,5,5,6,"[""dynamite_value"", ""bob_must_check""]","[""カーディアック・オーバードライブ"", ""ケージ・ファイト""]","[""オーバーラン""]","[""カーディアック・オーバードライブ""]","[""カーディアック・オーバードライブ"", ""ケージ・ファイト""]",マウガ相手は、最初に安全な中〜遠距離の遮蔽か高台を使う。確認するタイミングは「カーディアック・オーバードライブ中に味方が正面で受けている時」。長く覗かず、撃った後は遮蔽へ戻る。,ザ・ヴァイパーで先に体力差を作り、ダイナマイトで遮蔽裏や集団を動かす。倒し切れない時は敵サポートへ圧を切り替える。,ダイナマイトはマウガ本人だけでなく、回復を受ける位置、逃げ道、味方タンクが当たるダイブ経路に使う。単体牽制で毎回使い切らない。,コーチ・ガンは前進用より、距離作り・高台再確保・リロード時間の安全確保に使う。使った後に孤立しない位置を選ぶ。,カーディアック・オーバードライブ、ケージ・ファイトを確認してからB.O.Bを出す。,同じ射線で撃ち続けて、接近・狙撃・妨害スキルをまとめて受けない。,,,,,,,,,,,,,,,
Ramattra,ラマットラ,タンク,ストールワート,8,10,8,4,6,5,5,7,"[""close_or_dive_pressure"", ""dynamite_value""]","[""ヴォイド・バリア"", ""ブロック"", ""アナイアレーション""]","[""ネメシス・フォーム"", ""貪欲な渦""]","[""ヴォイド・バリア"", ""ブロック""]","[""ヴォイド・バリア"", ""ブロック"", ""アナイアレーション""]",ラマットラ相手は、最初に安全な中〜遠距離の遮蔽か高台を使う。確認するタイミングは「ネメシス・フォームで正面のスペースへ入る瞬間」。長く覗かず、撃った後は遮蔽へ戻る。,ザ・ヴァイパーで先に体力差を作り、ダイナマイトで遮蔽裏や集団を動かす。倒し切れない時は敵サポートへ圧を切り替える。,ダイナマイトはラマットラ本人だけでなく、回復を受ける位置、逃げ道、味方タンクが当たるダイブ経路に使う。単体牽制で毎回使い切らない。,コーチ・ガンは前進用より、距離作り・高台再確保・リロード時間の安全確保に使う。使った後に孤立しない位置を選ぶ。,ヴォイド・バリア、ブロック、アナイアレーションを確認してからB.O.Bを出す。,同じ射線で撃ち続けて、接近・狙撃・妨害スキルをまとめて受けない。,,,,,,,,,,,,,,,
Roadhog,ロードホッグ,タンク,ブルーザー,8,10,8,4,8,5,5,7,"[""close_or_dive_pressure"", ""dynamite_value"", ""bob_must_check""]","[""テイク・ア・ブリーザー"", ""チェイン・フック""]","[""チェイン・フック"", ""ピッグペン""]","[""テイク・ア・ブリーザー""]","[""テイク・ア・ブリーザー"", ""チェイン・フック""]",ロードホッグ相手は、最初に安全な中〜遠距離の遮蔽か高台を使う。確認するタイミングは「チェイン・フックを外した直後、またはテイク・ア・ブリーザー使用中」。長く覗かず、撃った後は遮蔽へ戻る。,ザ・ヴァイパーで先に体力差を作り、ダイナマイトで遮蔽裏や集団を動かす。倒し切れない時は敵サポートへ圧を切り替える。,ダイナマイトはロードホッグ本人だけでなく、回復を受ける位置、逃げ道、味方タンクが当たるダイブ経路に使う。単体牽制で毎回使い切らない。,コーチ・ガンは前進用より、距離作り・高台再確保・リロード時間の安全確保に使う。使った後に孤立しない位置を選ぶ。,テイク・ア・ブリーザー、チェイン・フックを確認してからB.O.Bを出す。,同じ射線で撃ち続けて、接近・狙撃・妨害スキルをまとめて受けない。,,,,,,,,,,,,,,,
Orisa,オリーサ,タンク,ブルーザー,7,10,6,4,10,5,5,6,"[""dynamite_value"", ""bob_must_check""]","[""フォーティファイ"", ""ジャベリン・スピン"", ""エネルギー・ジャベリン""]","[""エネルギー・ジャベリン""]","[""フォーティファイ"", ""ジャベリン・スピン""]","[""フォーティファイ"", ""ジャベリン・スピン"", ""エネルギー・ジャベリン""]",オリーサ相手は、最初に安全な中〜遠距離の遮蔽か高台を使う。確認するタイミングは「ジャベリン・スピン後、フォーティファイが切れた後」。長く覗かず、撃った後は遮蔽へ戻る。,ザ・ヴァイパーで先に体力差を作り、ダイナマイトで遮蔽裏や集団を動かす。倒し切れない時は敵サポートへ圧を切り替える。,ダイナマイトはオリーサ本人だけでなく、回復を受ける位置、逃げ道、味方タンクが当たるダイブ経路に使う。単体牽制で毎回使い切らない。,コーチ・ガンは前進用より、距離作り・高台再確保・リロード時間の安全確保に使う。使った後に孤立しない位置を選ぶ。,フォーティファイ、ジャベリン・スピン、エネルギー・ジャベリンを確認してからB.O.Bを出す。,同じ射線で撃ち続けて、接近・狙撃・妨害スキルをまとめて受けない。,,,,,,,,,,,,,,,
Sigma,シグマ,タンク,ストールワート,7,10,6,4,10,5,5,6,"[""dynamite_value"", ""bob_must_check""]","[""エクスペリメンタル・バリア"", ""キネティック・グラスプ"", ""アクリーション""]","[""アクリーション""]","[""エクスペリメンタル・バリア"", ""キネティック・グラスプ""]","[""エクスペリメンタル・バリア"", ""キネティック・グラスプ"", ""アクリーション""]",シグマ相手は、最初に安全な中〜遠距離の遮蔽か高台を使う。確認するタイミングは「キネティック・グラスプ後、エクスペリメンタル・バリアの位置がずれた瞬間」。長く覗かず、撃った後は遮蔽へ戻る。,ザ・ヴァイパーで先に体力差を作り、ダイナマイトで遮蔽裏や集団を動かす。倒し切れない時は敵サポートへ圧を切り替える。,ダイナマイトはシグマ本人だけでなく、回復を受ける位置、逃げ道、味方タンクが当たるダイブ経路に使う。単体牽制で毎回使い切らない。,コーチ・ガンは前進用より、距離作り・高台再確保・リロード時間の安全確保に使う。使った後に孤立しない位置を選ぶ。,エクスペリメンタル・バリア、キネティック・グラスプ、アクリーションを確認してからB.O.Bを出す。,同じ射線で撃ち続けて、接近・狙撃・妨害スキルをまとめて受けない。,,,,,,,,,,,,,,,
Reinhardt,ラインハルト,タンク,ストールワート,7,10,8,4,8,5,5,6,"[""dynamite_value"", ""bob_must_check""]","[""バリア・フィールド"", ""アースシャター""]","[""チャージ""]","[""バリア・フィールド""]","[""バリア・フィールド"", ""アースシャター""]",ラインハルト相手は、最初に安全な中〜遠距離の遮蔽か高台を使う。確認するタイミングは「バリア・フィールドが割れかけた時、またはチャージ後」。長く覗かず、撃った後は遮蔽へ戻る。,ザ・ヴァイパーで先に体力差を作り、ダイナマイトで遮蔽裏や集団を動かす。倒し切れない時は敵サポートへ圧を切り替える。,ダイナマイトはラインハルト本人だけでなく、回復を受ける位置、逃げ道、味方タンクが当たるダイブ経路に使う。単体牽制で毎回使い切らない。,コーチ・ガンは前進用より、距離作り・高台再確保・リロード時間の安全確保に使う。使った後に孤立しない位置を選ぶ。,バリア・フィールド、アースシャターを確認してからB.O.Bを出す。,同じ射線で撃ち続けて、接近・狙撃・妨害スキルをまとめて受けない。,,,,,,,,,,,,,,,
Ashe,アッシュ,ダメージ,シャープシューター,7,8,7,7,6,8,5,6,"[""long_sightline_duel"", ""cross_target_recalibrated_v41"", ""mirror_matchup_v41""]","[""ダイナマイト"", ""コーチ・ガン"", ""B.O.B""]","[""コーチ・ガン"", ""ダイナマイト""]",,"[""コーチ・ガン"", ""遮蔽位置""]",アッシュ相手は、最初に安全な中〜遠距離の遮蔽か高台を使う。確認するタイミングは「相手アッシュがダイナマイトを投げた直後、またはスコープで同じ位置を覗いた瞬間」。長く覗かず、撃った後は遮蔽へ戻る。,アッシュミラーは、ダイナマイトを先に当てた側が高台と遮蔽を動かしやすい。コーチ・ガンは逃げではなく、高台再確保と距離作りに残す。,ダイナマイトはアッシュ本人だけでなく、回復を受ける位置、逃げ道、味方タンクが当たるダイブ経路に使う。単体牽制で毎回使い切らない。,コーチ・ガンは前進用より、距離作り・高台再確保・リロード時間の安全確保に使う。使った後に孤立しない位置を選ぶ。,B.O.Bを確認してからB.O.Bを出す。,同じ射線で撃ち続けて、接近・狙撃・妨害スキルをまとめて受けない。,True,アッシュミラーは、ダイナマイトを先に当てた側が高台と遮蔽を動かしやすい。コーチ・ガンは逃げではなく、高台再確保と距離作りに残す。,アッシュミラーは、ダイナマイトを先に当てた側が高台と遮蔽を動かしやすい。コーチ・ガンは逃げではなく、高台再確保と距離作りに残す。,ダイナマイトを先に当てる / コーチ・ガンを高台再確保に残す / ザ・ヴァイパーで同じ射線を見続けない,v41,7,5,ダイナマイト・高台差,アッシュミラーは、ダイナマイトを先に当てた側が高台と遮蔽を動かしやすい。コーチ・ガンは逃げではなく、高台再確保と距離作りに残す。,True,"[""ダイナマイトを先に当てる"", ""コーチ・ガンを高台再確保に残す"", ""ザ・ヴァイパーで同じ射線を見続けない""]",,,,
Widowmaker,ウィドウメイカー,ダメージ,シャープシューター,10,6,7,7,5,6,2,8,"[""long_sightline_duel""]","[""グラップリング・フック"", ""ウィドウズ・キス""]","[""グラップリング・フック"", ""ヴェノム・マイン""]","[""グラップリング・フック""]","[""ウィドウズ・キス""]",ウィドウメイカー相手は、最初に安全な中〜遠距離の遮蔽か高台を使う。確認するタイミングは「ウィドウメイカーが別射線へ移る前、またはグラップリング・フック後」。長く覗かず、撃った後は遮蔽へ戻る。,ザ・ヴァイパーで先に体力差を作り、ダイナマイトで遮蔽裏や集団を動かす。倒し切れない時は敵サポートへ圧を切り替える。,ダイナマイトはウィドウメイカー本人だけでなく、回復を受ける位置、逃げ道、味方タンクが当たるダイブ経路に使う。単体牽制で毎回使い切らない。,コーチ・ガンは前進用より、距離作り・高台再確保・リロード時間の安全確保に使う。使った後に孤立しない位置を選ぶ。,ウィドウズ・キスを確認してからB.O.Bを出す。,同じ射線で撃ち続けて、接近・狙撃・妨害スキルをまとめて受けない。,,,,,,,,,,,,,,,
Emre,エムレ,ダメージ,スペシャリスト,8,6,7,6,5,5,5,7,"[""standard_midrange_control""]","[""オルタード・バイタル"", ""シンセティック・バースト・ライフル"", ""オーバーライド・プロトコル""]","[""オルタード・バイタル"", ""サイバー・フラグ""]","[""オルタード・バイタル""]","[""シンセティック・バースト・ライフル"", ""オーバーライド・プロトコル""]",エムレ相手は、最初に安全な中〜遠距離の遮蔽か高台を使う。確認するタイミングは「オルタード・バイタル、サイバー・フラグの後」。長く覗かず、撃った後は遮蔽へ戻る。,ザ・ヴァイパーで先に体力差を作り、ダイナマイトで遮蔽裏や集団を動かす。倒し切れない時は敵サポートへ圧を切り替える。,ダイナマイトはエムレ本人だけでなく、回復を受ける位置、逃げ道、味方タンクが当たるダイブ経路に使う。単体牽制で毎回使い切らない。,コーチ・ガンは前進用より、距離作り・高台再確保・リロード時間の安全確保に使う。使った後に孤立しない位置を選ぶ。,シンセティック・バースト・ライフル、オーバーライド・プロトコルを確認してからB.O.Bを出す。,同じ射線で撃ち続けて、接近・狙撃・妨害スキルをまとめて受けない。,,,,,,,,,,,,,,,
Cassidy,キャスディ,ダメージ,シャープシューター,6,6,6,6,5,5,5,6,"[""standard_midrange_control"", ""cross_target_recalibrated_v41""]","[""コンバット・ロール"", ""デッド・アイ""]","[""コンバット・ロール"", ""フラッシュバン""]","[""コンバット・ロール""]","[""デッド・アイ""]",キャスディ相手は、最初に安全な中〜遠距離の遮蔽か高台を使う。確認するタイミングは「コンバット・ロール後、またはフラッシュバンを使った後」。長く覗かず、撃った後は遮蔽へ戻る。,キャスディに近距離を渡さない。アッシュはフラッシュバン圏外を保ち、ダイナマイトで先に体力を削る。,ダイナマイトはキャスディ本人だけでなく、回復を受ける位置、逃げ道、味方タンクが当たるダイブ経路に使う。単体牽制で毎回使い切らない。,コーチ・ガンは前進用より、距離作り・高台再確保・リロード時間の安全確保に使う。使った後に孤立しない位置を選ぶ。,デッド・アイを確認してからB.O.Bを出す。,同じ射線で撃ち続けて、接近・狙撃・妨害スキルをまとめて受けない。,,,キャスディに近距離を渡さない。アッシュはフラッシュバン圏外を保ち、ダイナマイトで先に体力を削る。,,v41,6,5,中距離距離管理,キャスディに近距離を渡さない。アッシュはフラッシュバン圏外を保ち、ダイナマイトで先に体力を削る。,,,,,,
Sojourn,ソジョーン,ダメージ,シャープシューター,9,6,8,6,5,7,4,8,"[""standard_midrange_control"", ""cross_target_recalibrated_v41""]","[""パワー・スライド"", ""レールガン"", ""オーバークロック""]","[""パワー・スライド"", ""ディスラプター・ショット""]","[""パワー・スライド""]","[""レールガン"", ""オーバークロック""]",ソジョーン相手は、最初に安全な中〜遠距離の遮蔽か高台を使う。確認するタイミングは「パワー・スライド後、レールガンを撃った直後」。長く覗かず、撃った後は遮蔽へ戻る。,ソジョーンのレールガンが最も危険。アッシュは同じ位置に止まらず、ダイナマイトとコーチ・ガンで位置をずらす。,ダイナマイトはソジョーン本人だけでなく、回復を受ける位置、逃げ道、味方タンクが当たるダイブ経路に使う。単体牽制で毎回使い切らない。,コーチ・ガンは前進用より、距離作り・高台再確保・リロード時間の安全確保に使う。使った後に孤立しない位置を選ぶ。,レールガン、オーバークロックを確認してからB.O.Bを出す。,同じ射線で撃ち続けて、接近・狙撃・妨害スキルをまとめて受けない。,,,ソジョーンのレールガンが最も危険。アッシュは同じ位置に止まらず、ダイナマイトとコーチ・ガンで位置をずらす。,,v41,9,4,レールガン最警戒,ソジョーンのレールガンが最も危険。アッシュは同じ位置に止まらず、ダイナマイトとコーチ・ガンで位置をずらす。,,,,,,
Soldier: 76,ソルジャー76,ダメージ,スペシャリスト,5,6,7,6,5,5,6,4,"[""standard_midrange_control"", ""cross_target_recalibrated_v41""]","[""バイオティック・フィールド"", ""スプリント"", ""タクティカル・バイザー""]","[""スプリント"", ""ヘリックス・ロケット""]","[""バイオティック・フィールド"", ""スプリント""]","[""バイオティック・フィールド"", ""タクティカル・バイザー""]",ソルジャー76相手は、最初に安全な中〜遠距離の遮蔽か高台を使う。確認するタイミングは「バイオティック・フィールド使用後、同じ高台で撃ち続ける瞬間」。長く覗かず、撃った後は遮蔽へ戻る。,ソルジャー76には近すぎる距離を渡さない。アッシュは高台と長い射線を使い、ヘリックス・ロケット後にザ・ヴァイパーで削る。,ダイナマイトはソルジャー76本人だけでなく、回復を受ける位置、逃げ道、味方タンクが当たるダイブ経路に使う。単体牽制で毎回使い切らない。,コーチ・ガンは前進用より、距離作り・高台再確保・リロード時間の安全確保に使う。使った後に孤立しない位置を選ぶ。,バイオティック・フィールド、タクティカル・バイザーを確認してからB.O.Bを出す。,同じ射線で撃ち続けて、接近・狙撃・妨害スキルをまとめて受けない。,,,ソルジャー76には近すぎる距離を渡さない。アッシュは高台と長い射線を使い、ヘリックス・ロケット後にザ・ヴァイパーで削る。,,v41,5,6,距離維持・高台管理,ソルジャー76には近すぎる距離を渡さない。アッシュは高台と長い射線を使い、ヘリックス・ロケット後にザ・ヴァイパーで削る。,,,,,,
Hanzo,ハンゾー,ダメージ,シャープシューター,8,6,7,7,5,6,5,6,"[""long_sightline_duel"", ""cross_target_recalibrated_v41""]","[""体術"", ""壁登り"", ""龍撃波""]","[""体術"", ""壁登り"", ""電光石火""]","[""体術"", ""壁登り""]",[],ハンゾー相手は、最初に安全な中〜遠距離の遮蔽か高台を使う。確認するタイミングは「ハンゾーが遮蔽から出て嵐ノ弓を引き切る瞬間、または体術後」。長く覗かず、撃った後は遮蔽へ戻る。,ハンゾーは一発の圧が高い。アッシュは同じ射線で撃ち合わず、ダイナマイトで遮蔽裏を動かしてから撃つ。,ダイナマイトはハンゾー本人だけでなく、回復を受ける位置、逃げ道、味方タンクが当たるダイブ経路に使う。単体牽制で毎回使い切らない。,コーチ・ガンは前進用より、距離作り・高台再確保・リロード時間の安全確保に使う。使った後に孤立しない位置を選ぶ。,龍撃波を確認してからB.O.Bを出す。,同じ射線で撃ち続けて、接近・狙撃・妨害スキルをまとめて受けない。,,,ハンゾーは一発の圧が高い。アッシュは同じ射線で撃ち合わず、ダイナマイトで遮蔽裏を動かしてから撃つ。,,v41,8,5,遠距離ポーク勝負,ハンゾーは一発の圧が高い。アッシュは同じ射線で撃ち合わず、ダイナマイトで遮蔽裏を動かしてから撃つ。,,,,,,
Freja,フレイヤ,ダメージ,リコン,10,6,8,7,5,8,4,8,"[""long_sightline_duel""]","[""クイック・ダッシュ"", ""アップドラフト"", ""ボーラ・ショット""]","[""クイック・ダッシュ"", ""アップドラフト"", ""ボーラ・ショット""]","[""クイック・ダッシュ"", ""アップドラフト""]","[""ボーラ・ショット""]",フレイヤ相手は、最初に安全な中〜遠距離の遮蔽か高台を使う。確認するタイミングは「クイック・ダッシュ、アップドラフトの後」。長く覗かず、撃った後は遮蔽へ戻る。,ザ・ヴァイパーで先に体力差を作り、ダイナマイトで遮蔽裏や集団を動かす。倒し切れない時は敵サポートへ圧を切り替える。,ダイナマイトはフレイヤ本人だけでなく、回復を受ける位置、逃げ道、味方タンクが当たるダイブ経路に使う。単体牽制で毎回使い切らない。,コーチ・ガンは前進用より、距離作り・高台再確保・リロード時間の安全確保に使う。使った後に孤立しない位置を選ぶ。,ボーラ・ショットを確認してからB.O.Bを出す。,同じ射線で撃ち続けて、接近・狙撃・妨害スキルをまとめて受けない。,,,,,,,,,,,,,,,
Anran,アンラン,ダメージ,フランカー,10,6,10,6,5,5,2,7,"[""close_or_dive_pressure""]","[""熠閃舞"", ""朱魂返"", ""焚身焔""]","[""熠閃舞"", ""朱魂返"", ""怒炎衝""]","[""熠閃舞"", ""朱魂返""]","[""焚身焔""]",アンラン相手は、最初に安全な中〜遠距離の遮蔽か高台を使う。確認するタイミングは「熠閃舞、朱魂返の後」。長く覗かず、撃った後は遮蔽へ戻る。,ザ・ヴァイパーで先に体力差を作り、ダイナマイトで遮蔽裏や集団を動かす。倒し切れない時は敵サポートへ圧を切り替える。,ダイナマイトはアンラン本人だけでなく、回復を受ける位置、逃げ道、味方タンクが当たるダイブ経路に使う。単体牽制で毎回使い切らない。,コーチ・ガンは前進用より、距離作り・高台再確保・リロード時間の安全確保に使う。使った後に孤立しない位置を選ぶ。,焚身焔を確認してからB.O.Bを出す。,同じ射線で撃ち続けて、接近・狙撃・妨害スキルをまとめて受けない。,,,,,,,,,,,,,,,
Genji,ゲンジ,ダメージ,フランカー,10,6,10,5,5,7,2,8,"[""close_or_dive_pressure""]","[""風斬り"", ""木の葉返し"", ""龍撃剣""]","[""木の葉返し後"", ""風斬り後""]","[""木の葉返し後"", ""風斬り後""]","[""木の葉返し"", ""龍撃剣""]",ゲンジ相手は、最初に安全な中〜遠距離の遮蔽か高台を使う。確認するタイミングは「木の葉返し後、風斬りで味方へ入った直後」。長く覗かず、撃った後は遮蔽へ戻る。,ザ・ヴァイパーで先に体力差を作り、ダイナマイトで遮蔽裏や集団を動かす。倒し切れない時は敵サポートへ圧を切り替える。,ダイナマイトはゲンジ本人だけでなく、回復を受ける位置、逃げ道、味方タンクが当たるダイブ経路に使う。単体牽制で毎回使い切らない。,コーチ・ガンは前進用より、距離作り・高台再確保・リロード時間の安全確保に使う。使った後に孤立しない位置を選ぶ。,木の葉返し、龍撃剣を確認してからB.O.Bを出す。,同じ射線で撃ち続けて、接近・狙撃・妨害スキルをまとめて受けない。,,,,,,,,,,,,,,,
Shion,シオン,ダメージ,フランカー,10,6,10,6,5,5,2,7,"[""close_or_dive_pressure""]","[""回避"", ""凶走"", ""罰""]","[""凶走"", ""回避""]","[""回避"", ""凶走""]","[""殺戮"", ""罰""]",シオン相手は、最初に安全な中〜遠距離の遮蔽か高台を使う。確認するタイミングは「凶走、回避の後」。長く覗かず、撃った後は遮蔽へ戻る。,ザ・ヴァイパーで先に体力差を作り、ダイナマイトで遮蔽裏や集団を動かす。倒し切れない時は敵サポートへ圧を切り替える。,ダイナマイトはシオン本人だけでなく、回復を受ける位置、逃げ道、味方タンクが当たるダイブ経路に使う。単体牽制で毎回使い切らない。,コーチ・ガンは前進用より、距離作り・高台再確保・リロード時間の安全確保に使う。使った後に孤立しない位置を選ぶ。,殺戮、罰を確認してからB.O.Bを出す。,同じ射線で撃ち続けて、接近・狙撃・妨害スキルをまとめて受けない。,,,,,,,,,,,,provisional,シオンは実装直後で情報が薄いため、対面評価は暫定です。スキル名は現在実装されている名称に合わせています。,,
Sombra,ソンブラ,ダメージ,リコン,10,6,10,5,10,7,2,6,"[""close_or_dive_pressure"", ""bob_must_check""]","[""ハック"", ""EMP"", ""トランズロケーター""]","[""トランズロケーター"", ""ステルス"", ""ハック""]","[""ハック"", ""EMP"", ""トランズロケーター""]","[""ハック"", ""EMP""]",ソンブラ相手は、最初に安全な中〜遠距離の遮蔽か高台を使う。確認するタイミングは「トランズロケーター後、またはハックを使った直後」。長く覗かず、撃った後は遮蔽へ戻る。,ザ・ヴァイパーで先に体力差を作り、ダイナマイトで遮蔽裏や集団を動かす。倒し切れない時は敵サポートへ圧を切り替える。,ダイナマイトはソンブラ本人だけでなく、回復を受ける位置、逃げ道、味方タンクが当たるダイブ経路に使う。単体牽制で毎回使い切らない。,コーチ・ガンは前進用より、距離作り・高台再確保・リロード時間の安全確保に使う。使った後に孤立しない位置を選ぶ。,ハック、EMPを確認してからB.O.Bを出す。,同じ射線で撃ち続けて、接近・狙撃・妨害スキルをまとめて受けない。,,,,,,,,,,,,,,,
Tracer,トレーサー,ダメージ,フランカー,10,6,10,5,5,7,2,8,"[""close_or_dive_pressure""]","[""ブリンク"", ""リコール"", ""パルス・ボム""]","[""リコール後"", ""ブリンクを複数使った後""]","[""リコール後"", ""ブリンクを複数使った後""]","[""リコール"", ""パルス・ボム""]",トレーサー相手は、最初に安全な中〜遠距離の遮蔽か高台を使う。確認するタイミングは「リコール後、またはブリンクを2回以上使ってサポートへ攻撃を仕掛けた瞬間」。長く覗かず、撃った後は遮蔽へ戻る。,ザ・ヴァイパーで先に体力差を作り、ダイナマイトで遮蔽裏や集団を動かす。倒し切れない時は敵サポートへ圧を切り替える。,ダイナマイトはトレーサー本人だけでなく、回復を受ける位置、逃げ道、味方タンクが当たるダイブ経路に使う。単体牽制で毎回使い切らない。,コーチ・ガンは前進用より、距離作り・高台再確保・リロード時間の安全確保に使う。使った後に孤立しない位置を選ぶ。,リコール、パルス・ボムを確認してからB.O.Bを出す。,同じ射線で撃ち続けて、接近・狙撃・妨害スキルをまとめて受けない。,,,,,,,,,,,,,,,
Venture,ベンチャー,ダメージ,フランカー,10,7,10,5,5,7,2,7,"[""close_or_dive_pressure""]","[""バロー"", ""ドリル・ダッシュ"", ""テクトニック・ショック""]","[""バロー"", ""ドリル・ダッシュ""]","[""バロー"", ""ドリル・ダッシュ""]","[""バロー"", ""テクトニック・ショック""]",ベンチャー相手は、最初に安全な中〜遠距離の遮蔽か高台を使う。確認するタイミングは「バロー後、ドリル・ダッシュ後」。長く覗かず、撃った後は遮蔽へ戻る。,ザ・ヴァイパーで先に体力差を作り、ダイナマイトで遮蔽裏や集団を動かす。倒し切れない時は敵サポートへ圧を切り替える。,ダイナマイトはベンチャー本人だけでなく、回復を受ける位置、逃げ道、味方タンクが当たるダイブ経路に使う。単体牽制で毎回使い切らない。,コーチ・ガンは前進用より、距離作り・高台再確保・リロード時間の安全確保に使う。使った後に孤立しない位置を選ぶ。,バロー、テクトニック・ショックを確認してからB.O.Bを出す。,同じ射線で撃ち続けて、接近・狙撃・妨害スキルをまとめて受けない。,,,,,,,,,,,,,,,
Reaper,リーパー,ダメージ,フランカー,8,7,9,6,5,5,6,6,"[""close_or_dive_pressure"", ""cross_target_recalibrated_v41""]","[""レイス・フォーム"", ""シャドウ・ステップ"", ""デス・ブロッサム""]","[""レイス・フォーム"", ""シャドウ・ステップ""]","[""レイス・フォーム"", ""シャドウ・ステップ""]","[""レイス・フォーム"", ""デス・ブロッサム""]",リーパー相手は、最初に安全な中〜遠距離の遮蔽か高台を使う。確認するタイミングは「レイス・フォーム後、またはシャドウ・ステップの着地」。長く覗かず、撃った後は遮蔽へ戻る。,リーパーは接近されると危険だが、アッシュはコーチ・ガンで距離を戻せる。音とルートを見て近づかれる前に削る。,ダイナマイトはリーパー本人だけでなく、回復を受ける位置、逃げ道、味方タンクが当たるダイブ経路に使う。単体牽制で毎回使い切らない。,コーチ・ガンは前進用より、距離作り・高台再確保・リロード時間の安全確保に使う。使った後に孤立しない位置を選ぶ。,レイス・フォーム、デス・ブロッサムを確認してからB.O.Bを出す。,同じ射線で撃ち続けて、接近・狙撃・妨害スキルをまとめて受けない。,,,リーパーは接近されると危険だが、アッシュはコーチ・ガンで距離を戻せる。音とルートを見て近づかれる前に削る。,,v41,8,6,接近拒否・高台維持,リーパーは接近されると危険だが、アッシュはコーチ・ガンで距離を戻せる。音とルートを見て近づかれる前に削る。,,,,,,
Vendetta,ヴェンデッタ,ダメージ,フランカー,10,7,10,6,5,5,2,8,"[""close_or_dive_pressure""]","[""ウォーディング・スタンス"", ""ソアリング・スライス"", ""サンダリング・ブレード""]","[""ソアリング・スライス"", ""ワールウィンド""]","[""ウォーディング・スタンス"", ""ソアリング・スライス""]","[""ウォーディング・スタンス"", ""サンダリング・ブレード""]",ヴェンデッタ相手は、最初に安全な中〜遠距離の遮蔽か高台を使う。確認するタイミングは「ソアリング・スライス、ワールウィンドの後」。長く覗かず、撃った後は遮蔽へ戻る。,ザ・ヴァイパーで先に体力差を作り、ダイナマイトで遮蔽裏や集団を動かす。倒し切れない時は敵サポートへ圧を切り替える。,ダイナマイトはヴェンデッタ本人だけでなく、回復を受ける位置、逃げ道、味方タンクが当たるダイブ経路に使う。単体牽制で毎回使い切らない。,コーチ・ガンは前進用より、距離作り・高台再確保・リロード時間の安全確保に使う。使った後に孤立しない位置を選ぶ。,ウォーディング・スタンス、サンダリング・ブレードを確認してからB.O.Bを出す。,同じ射線で撃ち続けて、接近・狙撃・妨害スキルをまとめて受けない。,,,,,,,,,,,,,,,
Echo,エコー,ダメージ,リコン,10,5,8,8,5,8,5,8,"[""aerial_control""]","[""フライト"", ""コピー""]","[""フライト"", ""スティッキー・ボム"", ""フォーカス・ビーム""]","[""フライト""]","[""コピー""]",エコー相手は、最初に安全な中〜遠距離の遮蔽か高台を使う。確認するタイミングは「フライト後、またはフォーカス・ビームで低空に入った時」。長く覗かず、撃った後は遮蔽へ戻る。,ザ・ヴァイパーで先に体力差を作り、ダイナマイトで遮蔽裏や集団を動かす。倒し切れない時は敵サポートへ圧を切り替える。,ダイナマイトはエコー本人だけでなく、回復を受ける位置、逃げ道、味方タンクが当たるダイブ経路に使う。単体牽制で毎回使い切らない。,コーチ・ガンは前進用より、距離作り・高台再確保・リロード時間の安全確保に使う。使った後に孤立しない位置を選ぶ。,コピーを確認してからB.O.Bを出す。,同じ射線で撃ち続けて、接近・狙撃・妨害スキルをまとめて受けない。,,,,,,,,,,,,,,,
Pharah,ファラ,ダメージ,リコン,10,5,8,8,5,8,5,8,"[""aerial_control""]","[""ジャンプ・ジェット"", ""ジェット・ダッシュ"", ""バレッジ""]","[""ジャンプ・ジェット"", ""ジェット・ダッシュ"", ""コンカッシブ・ブラスト""]","[""ジャンプ・ジェット"", ""ジェット・ダッシュ""]","[""バレッジ""]",ファラ相手は、最初に安全な中〜遠距離の遮蔽か高台を使う。確認するタイミングは「ジャンプ・ジェット後、ホバーが落ちる瞬間」。長く覗かず、撃った後は遮蔽へ戻る。,ザ・ヴァイパーで先に体力差を作り、ダイナマイトで遮蔽裏や集団を動かす。倒し切れない時は敵サポートへ圧を切り替える。,ダイナマイトはファラ本人だけでなく、回復を受ける位置、逃げ道、味方タンクが当たるダイブ経路に使う。単体牽制で毎回使い切らない。,コーチ・ガンは前進用より、距離作り・高台再確保・リロード時間の安全確保に使う。使った後に孤立しない位置を選ぶ。,バレッジを確認してからB.O.Bを出す。,同じ射線で撃ち続けて、接近・狙撃・妨害スキルをまとめて受けない。,,,,,,,,,,,,,,,
Symmetra,シンメトラ,ダメージ,スペシャリスト,4,9,6,6,6,5,7,4,"[""dynamite_value"", ""cross_target_recalibrated_v41""]","[""フォトン・バリア"", ""テレポーター""]","[""テレポーター"", ""セントリー・タレット""]","[""フォトン・バリア"", ""テレポーター""]","[""フォトン・バリア""]",シンメトラ相手は、最初に安全な中〜遠距離の遮蔽か高台を使う。確認するタイミングは「テレポーター、セントリー・タレットの後」。長く覗かず、撃った後は遮蔽へ戻る。,シンメトラには長い射線で有利を取りやすい。テレポーターで距離を詰められる前に設置物を壊す。,ダイナマイトはシンメトラ本人だけでなく、回復を受ける位置、逃げ道、味方タンクが当たるダイブ経路に使う。単体牽制で毎回使い切らない。,コーチ・ガンは前進用より、距離作り・高台再確保・リロード時間の安全確保に使う。使った後に孤立しない位置を選ぶ。,フォトン・バリアを確認してからB.O.Bを出す。,同じ射線で撃ち続けて、接近・狙撃・妨害スキルをまとめて受けない。,,,シンメトラには長い射線で有利を取りやすい。テレポーターで距離を詰められる前に設置物を壊す。,,v41,4,7,長い射線有利,シンメトラには長い射線で有利を取りやすい。テレポーターで距離を詰められる前に設置物を壊す。,,,,,,
Junkrat,ジャンクラット,ダメージ,スペシャリスト,9,6,7,6,6,5,4,7,"[""standard_midrange_control""]","[""コンカッション・マイン"", ""RIPタイヤ""]","[""コンカッション・マイン"", ""スティール・トラップ""]","[""コンカッション・マイン""]","[""RIPタイヤ""]",ジャンクラット相手は、最初に安全な中〜遠距離の遮蔽か高台を使う。確認するタイミングは「コンカッション・マイン、スティール・トラップの後」。長く覗かず、撃った後は遮蔽へ戻る。,ザ・ヴァイパーで先に体力差を作り、ダイナマイトで遮蔽裏や集団を動かす。倒し切れない時は敵サポートへ圧を切り替える。,ダイナマイトはジャンクラット本人だけでなく、回復を受ける位置、逃げ道、味方タンクが当たるダイブ経路に使う。単体牽制で毎回使い切らない。,コーチ・ガンは前進用より、距離作り・高台再確保・リロード時間の安全確保に使う。使った後に孤立しない位置を選ぶ。,RIPタイヤを確認してからB.O.Bを出す。,同じ射線で撃ち続けて、接近・狙撃・妨害スキルをまとめて受けない。,,,,,,,,,,,,,,,
Torbjörn,トールビョーン,ダメージ,スペシャリスト,7,9,6,6,6,5,6,7,"[""dynamite_value""]","[""オーバーロード"", ""モルテン・コア""]","[""タレット""]","[""オーバーロード""]","[""オーバーロード"", ""モルテン・コア""]",トールビョーン相手は、最初に安全な中〜遠距離の遮蔽か高台を使う。確認するタイミングは「タレット設置後」。長く覗かず、撃った後は遮蔽へ戻る。,ザ・ヴァイパーで先に体力差を作り、ダイナマイトで遮蔽裏や集団を動かす。倒し切れない時は敵サポートへ圧を切り替える。,ダイナマイトはトールビョーン本人だけでなく、回復を受ける位置、逃げ道、味方タンクが当たるダイブ経路に使う。単体牽制で毎回使い切らない。,コーチ・ガンは前進用より、距離作り・高台再確保・リロード時間の安全確保に使う。使った後に孤立しない位置を選ぶ。,オーバーロード、モルテン・コアを確認してからB.O.Bを出す。,同じ射線で撃ち続けて、接近・狙撃・妨害スキルをまとめて受けない。,,,,,,,,,,,,,,v47_torbjorn_db_applied,トールビョーンDB v1統合時に、タレット設置・オーバーロード・モルテン・コアの表記と確認タイミングを再点検。
Bastion,バスティオン,ダメージ,スペシャリスト,8,9,6,6,5,5,5,7,"[""dynamite_value""]","[""砲台モード""]","[""強襲モード"", ""A-36タクティカル・グレネード""]","[""砲台モード""]","[""砲台モード""]",バスティオン相手は、最初に安全な中〜遠距離の遮蔽か高台を使う。確認するタイミングは「強襲モード、A-36タクティカル・グレネードの後」。長く覗かず、撃った後は遮蔽へ戻る。,ザ・ヴァイパーで先に体力差を作り、ダイナマイトで遮蔽裏や集団を動かす。倒し切れない時は敵サポートへ圧を切り替える。,ダイナマイトはバスティオン本人だけでなく、回復を受ける位置、逃げ道、味方タンクが当たるダイブ経路に使う。単体牽制で毎回使い切らない。,コーチ・ガンは前進用より、距離作り・高台再確保・リロード時間の安全確保に使う。使った後に孤立しない位置を選ぶ。,砲台モードを確認してからB.O.Bを出す。,同じ射線で撃ち続けて、接近・狙撃・妨害スキルをまとめて受けない。,,,,,,,,,,,,,,,
Mei,メイ,ダメージ,スペシャリスト,7,10,6,6,10,5,6,6,"[""dynamite_value"", ""bob_must_check""]","[""クリオフリーズ"", ""アイス・ウォール"", ""ブリザード""]","[""アイス・ウォール""]","[""アイス・ウォール"", ""クリオフリーズ""]","[""クリオフリーズ"", ""アイス・ウォール"", ""ブリザード""]",メイ相手は、最初に安全な中〜遠距離の遮蔽か高台を使う。確認するタイミングは「アイス・ウォールの後」。長く覗かず、撃った後は遮蔽へ戻る。,ザ・ヴァイパーで先に体力差を作り、ダイナマイトで遮蔽裏や集団を動かす。倒し切れない時は敵サポートへ圧を切り替える。,ダイナマイトはメイ本人だけでなく、回復を受ける位置、逃げ道、味方タンクが当たるダイブ経路に使う。単体牽制で毎回使い切らない。,コーチ・ガンは前進用より、距離作り・高台再確保・リロード時間の安全確保に使う。使った後に孤立しない位置を選ぶ。,クリオフリーズ、アイス・ウォール、ブリザードを確認してからB.O.Bを出す。,同じ射線で撃ち続けて、接近・狙撃・妨害スキルをまとめて受けない。,,,,,,,,,,,,,,,
Illari,イラリー,サポート,サバイバー,6,8,6,8,6,4,7,7,"[""support_or_save_check""]","[""ヒーリング・パイロン"", ""アウトバースト"", ""キャプティブ・サン""]","[""アウトバースト""]","[""ヒーリング・パイロン"", ""アウトバースト""]","[""ヒーリング・パイロン"", ""キャプティブ・サン""]",イラリー相手は、最初に安全な中〜遠距離の遮蔽か高台を使う。確認するタイミングは「アウトバーストの後」。長く覗かず、撃った後は遮蔽へ戻る。,ザ・ヴァイパーで先に体力差を作り、ダイナマイトで遮蔽裏や集団を動かす。倒し切れない時は敵サポートへ圧を切り替える。,ダイナマイトはイラリー本人だけでなく、回復を受ける位置、逃げ道、味方タンクが当たるダイブ経路に使う。単体牽制で毎回使い切らない。,コーチ・ガンは前進用より、距離作り・高台再確保・リロード時間の安全確保に使う。使った後に孤立しない位置を選ぶ。,ヒーリング・パイロン、キャプティブ・サンを確認してからB.O.Bを出す。,同じ射線で撃ち続けて、接近・狙撃・妨害スキルをまとめて受けない。,,,,,,,,,,,,,,,
Jetpack Cat,ジェットパック・キャット,サポート,タクティシャン,8,7,7,10,6,7,8,8,"[""aerial_control"", ""support_or_save_check""]","["""", ""ゴロゴロ"", ""ワイルド・フライト""]","[""ワイルド・フライト"", ""キャットナッパー""]","["""", ""ゴロゴロ"", ""ワイルド・フライト""]","["""", ""ゴロゴロ"", ""キャットナッパー""]",ジェットパック・キャット相手は、最初に安全な中〜遠距離の遮蔽か高台を使う。確認するタイミングは「ワイルド・フライト、キャットナッパーの後」。長く覗かず、撃った後は遮蔽へ戻る。,ザ・ヴァイパーで先に体力差を作り、ダイナマイトで遮蔽裏や集団を動かす。倒し切れない時は敵サポートへ圧を切り替える。,ダイナマイトはジェットパック・キャット本人だけでなく、回復を受ける位置、逃げ道、味方タンクが当たるダイブ経路に使う。単体牽制で毎回使い切らない。,コーチ・ガンは前進用より、距離作り・高台再確保・リロード時間の安全確保に使う。使った後に孤立しない位置を選ぶ。,ゴロゴロ、キャットナッパーを確認してからB.O.Bを出す。,同じ射線で撃ち続けて、接近・狙撃・妨害スキルをまとめて受けない。,,,,,,,,,,,,,,,
Juno,ジュノ,サポート,サバイバー,8,10,7,8,6,4,7,8,"[""support_or_save_check"", ""dynamite_value""]","[""ハイパーリング"", ""オービタル・レイ"", ""グライド・ブースト""]","[""グライド・ブースト"", ""パルサー・トーピード"", ""ハイパーリング""]","[""ハイパーリング"", ""オービタル・レイ"", ""グライド・ブースト""]","[""ハイパーリング"", ""オービタル・レイ""]",ジュノ相手は、最初に安全な中〜遠距離の遮蔽か高台を使う。確認するタイミングは「グライド・ブースト、パルサー・トーピードの後」。長く覗かず、撃った後は遮蔽へ戻る。,ザ・ヴァイパーで先に体力差を作り、ダイナマイトで遮蔽裏や集団を動かす。倒し切れない時は敵サポートへ圧を切り替える。,ダイナマイトはジュノ本人だけでなく、回復を受ける位置、逃げ道、味方タンクが当たるダイブ経路に使う。単体牽制で毎回使い切らない。,コーチ・ガンは前進用より、距離作り・高台再確保・リロード時間の安全確保に使う。使った後に孤立しない位置を選ぶ。,ハイパーリング、オービタル・レイを確認してからB.O.Bを出す。,同じ射線で撃ち続けて、接近・狙撃・妨害スキルをまとめて受けない。,,,,,,,,,,,,,,,
Baptiste,バティスト,サポート,タクティシャン,7,10,7,8,9,4,7,7,"[""support_or_save_check"", ""dynamite_value"", ""bob_must_check""]","[""イモータリティ・フィールド"", ""リジェネ・バースト"", """"]","[""""]","[""イモータリティ・フィールド"", ""リジェネ・バースト"", """"]","[""イモータリティ・フィールド""]",バティスト相手は、最初に安全な中〜遠距離の遮蔽か高台を使う。確認するタイミングは「イモータリティ・フィールド後、リジェネ・バースト後」。長く覗かず、撃った後は遮蔽へ戻る。,ザ・ヴァイパーで先に体力差を作り、ダイナマイトで遮蔽裏や集団を動かす。倒し切れない時は敵サポートへ圧を切り替える。,ダイナマイトはバティスト本人だけでなく、回復を受ける位置、逃げ道、味方タンクが当たるダイブ経路に使う。単体牽制で毎回使い切らない。,コーチ・ガンは前進用より、距離作り・高台再確保・リロード時間の安全確保に使う。使った後に孤立しない位置を選ぶ。,イモータリティ・フィールド、リジェネ・バースト、アンプリフィケーション・マトリックスを確認してからB.O.Bを出す。,同じ射線で撃ち続けて、接近・狙撃・妨害スキルをまとめて受けない。,,,,,,,,,,,,,,,
Mercy,マーシー,サポート,メディック,7,7,7,10,6,5,8,7,"[""aerial_control"", ""support_or_save_check""]","[""蘇生"", ""ガーディアン・エンジェル"", ""ヴァルキリー""]","[""ガーディアン・エンジェル""]","[""蘇生"", ""ガーディアン・エンジェル""]","[""蘇生"", ""ガーディアン・エンジェル"", ""ヴァルキリー""]",マーシー相手は、最初に安全な中〜遠距離の遮蔽か高台を使う。確認するタイミングは「ガーディアン・エンジェル後、またはリザレクト開始時」。長く覗かず、撃った後は遮蔽へ戻る。,ザ・ヴァイパーで先に体力差を作り、ダイナマイトで遮蔽裏や集団を動かす。倒し切れない時は敵サポートへ圧を切り替える。,ダイナマイトはマーシー本人だけでなく、回復を受ける位置、逃げ道、味方タンクが当たるダイブ経路に使う。単体牽制で毎回使い切らない。,コーチ・ガンは前進用より、距離作り・高台再確保・リロード時間の安全確保に使う。使った後に孤立しない位置を選ぶ。,蘇生、ガーディアン・エンジェル、ヴァルキリーを確認してからB.O.Bを出す。,同じ射線で撃ち続けて、接近・狙撃・妨害スキルをまとめて受けない。,,,,,,,,,,,,,,,
Lifeweaver,ライフウィーバー,サポート,メディック,6,9,6,8,9,4,8,6,"[""support_or_save_check"", ""bob_must_check""]","[""ライフグリップ"", ""ペタル・プラットフォーム"", ""命の樹""]","[""ペタル・プラットフォーム"", ""若返りの風""]","[""ライフグリップ"", ""ペタル・プラットフォーム"", ""命の樹""]","[""ライフグリップ"", ""ペタル・プラットフォーム"", ""命の樹""]",ライフウィーバー相手は、最初に安全な中〜遠距離の遮蔽か高台を使う。確認するタイミングは「ペタル・プラットフォーム、若返りの風の後」。長く覗かず、撃った後は遮蔽へ戻る。,ザ・ヴァイパーで先に体力差を作り、ダイナマイトで遮蔽裏や集団を動かす。倒し切れない時は敵サポートへ圧を切り替える。,ダイナマイトはライフウィーバー本人だけでなく、回復を受ける位置、逃げ道、味方タンクが当たるダイブ経路に使う。単体牽制で毎回使い切らない。,コーチ・ガンは前進用より、距離作り・高台再確保・リロード時間の安全確保に使う。使った後に孤立しない位置を選ぶ。,ライフグリップ、ペタル・プラットフォーム、命の樹を確認してからB.O.Bを出す。,同じ射線で撃ち続けて、接近・狙撃・妨害スキルをまとめて受けない。,,,,,,,,,,,,,,,
Kiriko,キリコ,サポート,メディック,8,9,8,8,10,4,7,7,"[""support_or_save_check"", ""bob_must_check""]","[""鈴のご加護"", ""神出鬼没"", ""狐走り""]","[""神出鬼没""]","[""鈴のご加護"", ""神出鬼没""]","[""鈴のご加護"", ""神出鬼没"", ""狐走り""]",キリコ相手は、最初に安全な中〜遠距離の遮蔽か高台を使う。確認するタイミングは「鈴のご加護後、神出鬼没で逃げた後の再ピーク」。長く覗かず、撃った後は遮蔽へ戻る。,ザ・ヴァイパーで先に体力差を作り、ダイナマイトで遮蔽裏や集団を動かす。倒し切れない時は敵サポートへ圧を切り替える。,ダイナマイトはキリコ本人だけでなく、回復を受ける位置、逃げ道、味方タンクが当たるダイブ経路に使う。単体牽制で毎回使い切らない。,コーチ・ガンは前進用より、距離作り・高台再確保・リロード時間の安全確保に使う。使った後に孤立しない位置を選ぶ。,鈴のご加護、神出鬼没、狐走りを確認してからB.O.Bを出す。,同じ射線で撃ち続けて、接近・狙撃・妨害スキルをまとめて受けない。,,,,,,,,,,,,,,,
Brigitte,ブリギッテ,サポート,サバイバー,5,10,6,8,6,4,8,7,"[""support_or_save_check"", ""dynamite_value""]","[""バリア・シールド"", ""ラリー"", ""リペア・パック""]","[""シールド・バッシュ"", ""ウィップ・ショット""]","[""リペア・パック"", ""ラリー"", ""バリア・シールド""]","[""バリア・シールド"", ""ラリー"", ""リペア・パック""]",ブリギッテ相手は、最初に安全な中〜遠距離の遮蔽か高台を使う。確認するタイミングは「シールド・バッシュ、ウィップ・ショットの後」。長く覗かず、撃った後は遮蔽へ戻る。,ザ・ヴァイパーで先に体力差を作り、ダイナマイトで遮蔽裏や集団を動かす。倒し切れない時は敵サポートへ圧を切り替える。,ダイナマイトはブリギッテ本人だけでなく、回復を受ける位置、逃げ道、味方タンクが当たるダイブ経路に使う。単体牽制で毎回使い切らない。,コーチ・ガンは前進用より、距離作り・高台再確保・リロード時間の安全確保に使う。使った後に孤立しない位置を選ぶ。,バリア・シールド、ラリー、リペア・パックを確認してからB.O.Bを出す。,同じ射線で撃ち続けて、接近・狙撃・妨害スキルをまとめて受けない。,,,,,,,,,,,,,,,
Moira,モイラ,サポート,メディック,6,10,7,8,5,4,8,7,"[""support_or_save_check"", ""dynamite_value""]","[""フェード"", ""コアレッセンス""]","[""フェード"", ""バイオティック・オーブ""]","[""フェード""]","[""フェード"", ""コアレッセンス""]",モイラ相手は、最初に安全な中〜遠距離の遮蔽か高台を使う。確認するタイミングは「フェード、バイオティック・オーブの後」。長く覗かず、撃った後は遮蔽へ戻る。,ザ・ヴァイパーで先に体力差を作り、ダイナマイトで遮蔽裏や集団を動かす。倒し切れない時は敵サポートへ圧を切り替える。,ダイナマイトはモイラ本人だけでなく、回復を受ける位置、逃げ道、味方タンクが当たるダイブ経路に使う。単体牽制で毎回使い切らない。,コーチ・ガンは前進用より、距離作り・高台再確保・リロード時間の安全確保に使う。使った後に孤立しない位置を選ぶ。,フェード、コアレッセンスを確認してからB.O.Bを出す。,同じ射線で撃ち続けて、接近・狙撃・妨害スキルをまとめて受けない。,,,,,,,,,,,,,,,
Lúcio,ルシオ,サポート,タクティシャン,7,10,7,8,9,4,7,7,"[""support_or_save_check"", ""dynamite_value"", ""bob_must_check""]","[""サウンド・バリア"", ""ウォール・ライド""]","[""ウォール・ライド"", ""サウンドウェーブ"", ""アンプ・イット・アップ""]","[""サウンド・バリア"", ""ウォール・ライド""]","[""サウンド・バリア""]",ルシオ相手は、最初に安全な中〜遠距離の遮蔽か高台を使う。確認するタイミングは「ウォール・ライド、サウンドウェーブの後」。長く覗かず、撃った後は遮蔽へ戻る。,ザ・ヴァイパーで先に体力差を作り、ダイナマイトで遮蔽裏や集団を動かす。倒し切れない時は敵サポートへ圧を切り替える。,ダイナマイトはルシオ本人だけでなく、回復を受ける位置、逃げ道、味方タンクが当たるダイブ経路に使う。単体牽制で毎回使い切らない。,コーチ・ガンは前進用より、距離作り・高台再確保・リロード時間の安全確保に使う。使った後に孤立しない位置を選ぶ。,サウンド・バリアを確認してからB.O.Bを出す。,同じ射線で撃ち続けて、接近・狙撃・妨害スキルをまとめて受けない。,,,,,,,,,,,,,,,
Ana,アナ,サポート,タクティシャン,5,8,5,8,10,4,8,6,"[""support_or_save_check"", ""bob_must_check""]","[""スリープ・ダーツ"", ""ナノ・ブースト""]","[""スリープ・ダーツ"", ""バイオティック・グレネード""]","[""スリープ・ダーツ""]","[""スリープ・ダーツ"", ""ナノ・ブースト""]",アナ相手は、最初に安全な中〜遠距離の遮蔽か高台を使う。確認するタイミングは「スリープ・ダーツ後、またはバイオティック・グレネードを使った後」。長く覗かず、撃った後は遮蔽へ戻る。,ザ・ヴァイパーで先に体力差を作り、ダイナマイトで遮蔽裏や集団を動かす。倒し切れない時は敵サポートへ圧を切り替える。,ダイナマイトはアナ本人だけでなく、回復を受ける位置、逃げ道、味方タンクが当たるダイブ経路に使う。単体牽制で毎回使い切らない。,コーチ・ガンは前進用より、距離作り・高台再確保・リロード時間の安全確保に使う。使った後に孤立しない位置を選ぶ。,スリープ・ダーツ、ナノ・ブーストを確認してからB.O.Bを出す。,同じ射線で撃ち続けて、接近・狙撃・妨害スキルをまとめて受けない。,,,,,,,,,,,,,,,
Wuyang,ウーヤン,サポート,サバイバー,6,8,6,8,9,4,7,6,"[""support_or_save_check"", ""bob_must_check""]","[""養神泉"", ""驚濤破"", ""飛流歩""]","[""飛流歩"", ""玄武之杖"", ""驚濤破""]","[""養神泉"", ""驚濤破"", ""飛流歩""]","[""養神泉"", ""驚濤破"", ""守衛波浪""]",ウーヤン相手は、最初に安全な中〜遠距離の遮蔽か高台を使う。確認するタイミングは「飛流歩、玄武之杖の後」。長く覗かず、撃った後は遮蔽へ戻る。,ザ・ヴァイパーで先に体力差を作り、ダイナマイトで遮蔽裏や集団を動かす。倒し切れない時は敵サポートへ圧を切り替える。,ダイナマイトはウーヤン本人だけでなく、回復を受ける位置、逃げ道、味方タンクが当たるダイブ経路に使う。単体牽制で毎回使い切らない。,コーチ・ガンは前進用より、距離作り・高台再確保・リロード時間の安全確保に使う。使った後に孤立しない位置を選ぶ。,養神泉、驚濤破、守衛波浪を確認してからB.O.Bを出す。,同じ射線で撃ち続けて、接近・狙撃・妨害スキルをまとめて受けない。,,,,,,,,,,,,,,,
Zenyatta,ゼニヤッタ,サポート,タクティシャン,5,8,6,8,9,4,8,6,"[""support_or_save_check"", ""bob_must_check""]","[""心頭滅却"", ""不和のオーブ""]","[""不和のオーブ""]","[""心頭滅却""]","[""心頭滅却"", ""不和のオーブ""]",ゼニヤッタ相手は、最初に安全な中〜遠距離の遮蔽か高台を使う。確認するタイミングは「不和のオーブが味方タンクに付いた直後、または心頭滅却を切った後」。長く覗かず、撃った後は遮蔽へ戻る。,ザ・ヴァイパーで先に体力差を作り、ダイナマイトで遮蔽裏や集団を動かす。倒し切れない時は敵サポートへ圧を切り替える。,ダイナマイトはゼニヤッタ本人だけでなく、回復を受ける位置、逃げ道、味方タンクが当たるダイブ経路に使う。単体牽制で毎回使い切らない。,コーチ・ガンは前進用より、距離作り・高台再確保・リロード時間の安全確保に使う。使った後に孤立しない位置を選ぶ。,心頭滅却、不和のオーブを確認してからB.O.Bを出す。,同じ射線で撃ち続けて、接近・狙撃・妨害スキルをまとめて受けない。,,,,,,,,,,,,,,,
Mizuki,ミズキ,サポート,サバイバー,6,8,6,8,6,4,7,7,"[""support_or_save_check""]","[""霊域結界"", ""快気の笠"", ""形代""]","[""形代"", ""呪縛""]","[""霊域結界"", ""快気の笠"", ""形代""]","[""霊域結界"", ""快気の笠"", ""癒しの波動""]",ミズキ相手は、最初に安全な中〜遠距離の遮蔽か高台を使う。確認するタイミングは「形代、呪縛の後」。長く覗かず、撃った後は遮蔽へ戻る。,ザ・ヴァイパーで先に体力差を作り、ダイナマイトで遮蔽裏や集団を動かす。倒し切れない時は敵サポートへ圧を切り替える。,ダイナマイトはミズキ本人だけでなく、回復を受ける位置、逃げ道、味方タンクが当たるダイブ経路に使う。単体牽制で毎回使い切らない。,コーチ・ガンは前進用より、距離作り・高台再確保・リロード時間の安全確保に使う。使った後に孤立しない位置を選ぶ。,霊域結界、快気の笠、癒しの波動を確認してからB.O.Bを出す。,同じ射線で撃ち続けて、接近・狙撃・妨害スキルをまとめて受けない。,,,,,,,,,,,,,,,
