target_id,target_ja,enemy_id,enemy_ja,review_pattern,review_score,missing_fields,short_fields,review_status,next_edit_priority,quality_version
Soldier76,ソルジャー76,D.Va,D.Va,接近管理,100,,,stable,維持。実戦動画で失敗パターンが増えたら追記。,v50.18
Soldier76,ソルジャー76,Winston,ウィンストン,接近管理,100,,,stable,維持。実戦動画で失敗パターンが増えたら追記。,v50.18
Soldier76,ソルジャー76,Doomfist,ドゥームフィスト,接近管理,100,,,stable,維持。実戦動画で失敗パターンが増えたら追記。,v50.18
Soldier76,ソルジャー76,Hazard,ハザード,接近管理,100,,,stable,維持。実戦動画で失敗パターンが増えたら追記。,v50.18
Soldier76,ソルジャー76,Wrecking Ball,レッキング・ボール,接近管理,100,,,stable,維持。実戦動画で失敗パターンが増えたら追記。,v50.18
Soldier76,ソルジャー76,Zarya,ザリア,資源削り,92,,vod_marker,stable,維持。実戦動画で失敗パターンが増えたら追記。,v50.18
Soldier76,ソルジャー76,Junker Queen,ジャンカー・クイーン,資源削り,92,,vod_marker,stable,維持。実戦動画で失敗パターンが増えたら追記。,v50.18
Soldier76,ソルジャー76,Domina,ドミナ,資源削り,92,,vod_marker,stable,維持。実戦動画で失敗パターンが増えたら追記。,v50.18
Soldier76,ソルジャー76,Mauga,マウガ,資源削り,92,,vod_marker,stable,維持。実戦動画で失敗パターンが増えたら追記。,v50.18
Soldier76,ソルジャー76,Ramattra,ラマットラ,資源削り,92,,vod_marker,stable,維持。実戦動画で失敗パターンが増えたら追記。,v50.18
Soldier76,ソルジャー76,Roadhog,ロードホッグ,資源削り,92,,vod_marker,stable,維持。実戦動画で失敗パターンが増えたら追記。,v50.18
Soldier76,ソルジャー76,Orisa,オリーサ,資源削り,92,,vod_marker,stable,維持。実戦動画で失敗パターンが増えたら追記。,v50.18
Soldier76,ソルジャー76,Sigma,シグマ,資源削り,92,,vod_marker,stable,維持。実戦動画で失敗パターンが増えたら追記。,v50.18
Soldier76,ソルジャー76,Reinhardt,ラインハルト,資源削り,92,,vod_marker,stable,維持。実戦動画で失敗パターンが増えたら追記。,v50.18
Soldier76,ソルジャー76,Ashe,アッシュ,射線管理,100,,,stable,維持。実戦動画で失敗パターンが増えたら追記。,v50.18
Soldier76,ソルジャー76,Widowmaker,ウィドウメイカー,射線管理,100,,,stable,維持。実戦動画で失敗パターンが増えたら追記。,v50.18
Soldier76,ソルジャー76,Emre,エムレ,射線管理,92,,wave_goal,stable,維持。実戦動画で失敗パターンが増えたら追記。,v50.18
Soldier76,ソルジャー76,Cassidy,キャスディ,射線管理,100,,,stable,維持。実戦動画で失敗パターンが増えたら追記。,v50.18
Soldier76,ソルジャー76,Sojourn,ソジョーン,射線管理,100,,,stable,維持。実戦動画で失敗パターンが増えたら追記。,v50.18
Soldier76,ソルジャー76,Soldier: 76,ソルジャー76,射線管理,100,,,stable,維持。実戦動画で失敗パターンが増えたら追記。,v50.18
Soldier76,ソルジャー76,Hanzo,ハンゾー,射線管理,100,,,stable,維持。実戦動画で失敗パターンが増えたら追記。,v50.18
Soldier76,ソルジャー76,Freja,フレイヤ,射線管理,100,,,stable,維持。実戦動画で失敗パターンが増えたら追記。,v50.18
Soldier76,ソルジャー76,Anran,アンラン,再突入確認,100,,,stable,維持。実戦動画で失敗パターンが増えたら追記。,v50.18
Soldier76,ソルジャー76,Genji,ゲンジ,再突入確認,100,,,stable,維持。実戦動画で失敗パターンが増えたら追記。,v50.18
Soldier76,ソルジャー76,Shion,シオン,再突入確認,100,,,stable,維持。実戦動画で失敗パターンが増えたら追記。,v50.18
Soldier76,ソルジャー76,Sombra,ソンブラ,再突入確認,100,,,stable,維持。実戦動画で失敗パターンが増えたら追記。,v50.18
Soldier76,ソルジャー76,Tracer,トレーサー,再突入確認,100,,,stable,維持。実戦動画で失敗パターンが増えたら追記。,v50.18
Soldier76,ソルジャー76,Venture,ベンチャー,再突入確認,100,,,stable,維持。実戦動画で失敗パターンが増えたら追記。,v50.18
Soldier76,ソルジャー76,Reaper,リーパー,再突入確認,100,,,stable,維持。実戦動画で失敗パターンが増えたら追記。,v50.18
Soldier76,ソルジャー76,Vendetta,ヴェンデッタ,再突入確認,100,,,stable,維持。実戦動画で失敗パターンが増えたら追記。,v50.18
Soldier76,ソルジャー76,Echo,エコー,空中圧確認,92,,vod_marker,stable,維持。実戦動画で失敗パターンが増えたら追記。,v50.18
Soldier76,ソルジャー76,Pharah,ファラ,空中圧確認,92,,vod_marker,stable,維持。実戦動画で失敗パターンが増えたら追記。,v50.18
Soldier76,ソルジャー76,Symmetra,シンメトラ,通路整理,100,,,stable,維持。実戦動画で失敗パターンが増えたら追記。,v50.18
Soldier76,ソルジャー76,Junkrat,ジャンクラット,通路整理,100,,,stable,維持。実戦動画で失敗パターンが増えたら追記。,v50.18
Soldier76,ソルジャー76,Torbjörn,トールビョーン,通路整理,100,,,stable,維持。実戦動画で失敗パターンが増えたら追記。,v50.18
Soldier76,ソルジャー76,Bastion,バスティオン,通路整理,100,,,stable,維持。実戦動画で失敗パターンが増えたら追記。,v50.18
Soldier76,ソルジャー76,Mei,メイ,通路整理,100,,,stable,維持。実戦動画で失敗パターンが増えたら追記。,v50.18
Soldier76,ソルジャー76,Illari,イラリー,救助確認,92,,vod_marker,stable,維持。実戦動画で失敗パターンが増えたら追記。,v50.18
Soldier76,ソルジャー76,Jetpack Cat,ジェットパック・キャット,支援線管理,100,,,stable,維持。実戦動画で失敗パターンが増えたら追記。,v50.18
Soldier76,ソルジャー76,Juno,ジュノ,支援線管理,92,,vod_marker,stable,維持。実戦動画で失敗パターンが増えたら追記。,v50.18
Soldier76,ソルジャー76,Baptiste,バティスト,救助確認,92,,vod_marker,stable,維持。実戦動画で失敗パターンが増えたら追記。,v50.18
Soldier76,ソルジャー76,Mercy,マーシー,救助確認,92,,vod_marker,stable,維持。実戦動画で失敗パターンが増えたら追記。,v50.18
Soldier76,ソルジャー76,Lifeweaver,ライフウィーバー,救助確認,92,,vod_marker,stable,維持。実戦動画で失敗パターンが増えたら追記。,v50.18
Soldier76,ソルジャー76,Kiriko,キリコ,救助確認,92,,vod_marker,stable,維持。実戦動画で失敗パターンが増えたら追記。,v50.18
Soldier76,ソルジャー76,Brigitte,ブリギッテ,救助確認,92,,vod_marker,stable,維持。実戦動画で失敗パターンが増えたら追記。,v50.18
Soldier76,ソルジャー76,Moira,モイラ,救助確認,92,,vod_marker,stable,維持。実戦動画で失敗パターンが増えたら追記。,v50.18
Soldier76,ソルジャー76,Lúcio,ルシオ,支援線管理,92,,vod_marker,stable,維持。実戦動画で失敗パターンが増えたら追記。,v50.18
Soldier76,ソルジャー76,Ana,アナ,救助確認,92,,vod_marker,stable,維持。実戦動画で失敗パターンが増えたら追記。,v50.18
Soldier76,ソルジャー76,Wuyang,ウーヤン,救助確認,92,,vod_marker,stable,維持。実戦動画で失敗パターンが増えたら追記。,v50.18
Soldier76,ソルジャー76,Zenyatta,ゼニヤッタ,支援線管理,92,,vod_marker,stable,維持。実戦動画で失敗パターンが増えたら追記。,v50.18
Soldier76,ソルジャー76,Mizuki,ミズキ,救助確認,92,,vod_marker,stable,維持。実戦動画で失敗パターンが増えたら追記。,v50.18
Sojourn,ソジョーン,D.Va,D.Va,接近管理,100,,,stable,維持。実戦動画で失敗パターンが増えたら追記。,v50.18
Sojourn,ソジョーン,Winston,ウィンストン,接近管理,100,,,stable,維持。実戦動画で失敗パターンが増えたら追記。,v50.18
Sojourn,ソジョーン,Doomfist,ドゥームフィスト,接近管理,100,,,stable,維持。実戦動画で失敗パターンが増えたら追記。,v50.18
Sojourn,ソジョーン,Hazard,ハザード,接近管理,100,,,stable,維持。実戦動画で失敗パターンが増えたら追記。,v50.18
Sojourn,ソジョーン,Wrecking Ball,レッキング・ボール,接近管理,100,,,stable,維持。実戦動画で失敗パターンが増えたら追記。,v50.18
Sojourn,ソジョーン,Zarya,ザリア,資源削り,92,,vod_marker,stable,維持。実戦動画で失敗パターンが増えたら追記。,v50.18
Sojourn,ソジョーン,Junker Queen,ジャンカー・クイーン,資源削り,92,,vod_marker,stable,維持。実戦動画で失敗パターンが増えたら追記。,v50.18
Sojourn,ソジョーン,Domina,ドミナ,資源削り,92,,vod_marker,stable,維持。実戦動画で失敗パターンが増えたら追記。,v50.18
Sojourn,ソジョーン,Mauga,マウガ,資源削り,92,,vod_marker,stable,維持。実戦動画で失敗パターンが増えたら追記。,v50.18
Sojourn,ソジョーン,Ramattra,ラマットラ,資源削り,92,,vod_marker,stable,維持。実戦動画で失敗パターンが増えたら追記。,v50.18
Sojourn,ソジョーン,Roadhog,ロードホッグ,資源削り,92,,vod_marker,stable,維持。実戦動画で失敗パターンが増えたら追記。,v50.18
Sojourn,ソジョーン,Orisa,オリーサ,資源削り,92,,vod_marker,stable,維持。実戦動画で失敗パターンが増えたら追記。,v50.18
Sojourn,ソジョーン,Sigma,シグマ,資源削り,92,,vod_marker,stable,維持。実戦動画で失敗パターンが増えたら追記。,v50.18
Sojourn,ソジョーン,Reinhardt,ラインハルト,資源削り,92,,vod_marker,stable,維持。実戦動画で失敗パターンが増えたら追記。,v50.18
Sojourn,ソジョーン,Ashe,アッシュ,射線管理,100,,,stable,維持。実戦動画で失敗パターンが増えたら追記。,v50.18
Sojourn,ソジョーン,Widowmaker,ウィドウメイカー,射線管理,100,,,stable,維持。実戦動画で失敗パターンが増えたら追記。,v50.18
Sojourn,ソジョーン,Emre,エムレ,射線管理,92,,wave_goal,stable,維持。実戦動画で失敗パターンが増えたら追記。,v50.18
Sojourn,ソジョーン,Cassidy,キャスディ,射線管理,100,,,stable,維持。実戦動画で失敗パターンが増えたら追記。,v50.18
Sojourn,ソジョーン,Sojourn,ソジョーン,射線管理,100,,,stable,維持。実戦動画で失敗パターンが増えたら追記。,v50.18
Sojourn,ソジョーン,Soldier: 76,ソルジャー76,射線管理,100,,,stable,維持。実戦動画で失敗パターンが増えたら追記。,v50.18
Sojourn,ソジョーン,Hanzo,ハンゾー,射線管理,100,,,stable,維持。実戦動画で失敗パターンが増えたら追記。,v50.18
Sojourn,ソジョーン,Freja,フレイヤ,射線管理,100,,,stable,維持。実戦動画で失敗パターンが増えたら追記。,v50.18
Sojourn,ソジョーン,Anran,アンラン,再突入確認,100,,,stable,維持。実戦動画で失敗パターンが増えたら追記。,v50.18
Sojourn,ソジョーン,Genji,ゲンジ,再突入確認,100,,,stable,維持。実戦動画で失敗パターンが増えたら追記。,v50.18
Sojourn,ソジョーン,Shion,シオン,再突入確認,100,,,stable,維持。実戦動画で失敗パターンが増えたら追記。,v50.18
Sojourn,ソジョーン,Sombra,ソンブラ,再突入確認,100,,,stable,維持。実戦動画で失敗パターンが増えたら追記。,v50.18
Sojourn,ソジョーン,Tracer,トレーサー,再突入確認,100,,,stable,維持。実戦動画で失敗パターンが増えたら追記。,v50.18
Sojourn,ソジョーン,Venture,ベンチャー,再突入確認,100,,,stable,維持。実戦動画で失敗パターンが増えたら追記。,v50.18
Sojourn,ソジョーン,Reaper,リーパー,再突入確認,100,,,stable,維持。実戦動画で失敗パターンが増えたら追記。,v50.18
Sojourn,ソジョーン,Vendetta,ヴェンデッタ,再突入確認,100,,,stable,維持。実戦動画で失敗パターンが増えたら追記。,v50.18
Sojourn,ソジョーン,Echo,エコー,空中圧確認,92,,vod_marker,stable,維持。実戦動画で失敗パターンが増えたら追記。,v50.18
Sojourn,ソジョーン,Pharah,ファラ,空中圧確認,92,,vod_marker,stable,維持。実戦動画で失敗パターンが増えたら追記。,v50.18
Sojourn,ソジョーン,Symmetra,シンメトラ,通路整理,100,,,stable,維持。実戦動画で失敗パターンが増えたら追記。,v50.18
Sojourn,ソジョーン,Junkrat,ジャンクラット,通路整理,100,,,stable,維持。実戦動画で失敗パターンが増えたら追記。,v50.18
Sojourn,ソジョーン,Torbjörn,トールビョーン,通路整理,100,,,stable,維持。実戦動画で失敗パターンが増えたら追記。,v50.18
Sojourn,ソジョーン,Bastion,バスティオン,通路整理,100,,,stable,維持。実戦動画で失敗パターンが増えたら追記。,v50.18
Sojourn,ソジョーン,Mei,メイ,通路整理,100,,,stable,維持。実戦動画で失敗パターンが増えたら追記。,v50.18
Sojourn,ソジョーン,Illari,イラリー,救助確認,92,,vod_marker,stable,維持。実戦動画で失敗パターンが増えたら追記。,v50.18
Sojourn,ソジョーン,Jetpack Cat,ジェットパック・キャット,支援線管理,100,,,stable,維持。実戦動画で失敗パターンが増えたら追記。,v50.18
Sojourn,ソジョーン,Juno,ジュノ,支援線管理,92,,vod_marker,stable,維持。実戦動画で失敗パターンが増えたら追記。,v50.18
Sojourn,ソジョーン,Baptiste,バティスト,救助確認,92,,vod_marker,stable,維持。実戦動画で失敗パターンが増えたら追記。,v50.18
Sojourn,ソジョーン,Mercy,マーシー,救助確認,92,,vod_marker,stable,維持。実戦動画で失敗パターンが増えたら追記。,v50.18
Sojourn,ソジョーン,Lifeweaver,ライフウィーバー,救助確認,92,,vod_marker,stable,維持。実戦動画で失敗パターンが増えたら追記。,v50.18
Sojourn,ソジョーン,Kiriko,キリコ,救助確認,92,,vod_marker,stable,維持。実戦動画で失敗パターンが増えたら追記。,v50.18
Sojourn,ソジョーン,Brigitte,ブリギッテ,救助確認,92,,vod_marker,stable,維持。実戦動画で失敗パターンが増えたら追記。,v50.18
Sojourn,ソジョーン,Moira,モイラ,救助確認,92,,vod_marker,stable,維持。実戦動画で失敗パターンが増えたら追記。,v50.18
Sojourn,ソジョーン,Lúcio,ルシオ,支援線管理,92,,vod_marker,stable,維持。実戦動画で失敗パターンが増えたら追記。,v50.18
Sojourn,ソジョーン,Ana,アナ,救助確認,92,,vod_marker,stable,維持。実戦動画で失敗パターンが増えたら追記。,v50.18
Sojourn,ソジョーン,Wuyang,ウーヤン,救助確認,92,,vod_marker,stable,維持。実戦動画で失敗パターンが増えたら追記。,v50.18
Sojourn,ソジョーン,Zenyatta,ゼニヤッタ,支援線管理,92,,vod_marker,stable,維持。実戦動画で失敗パターンが増えたら追記。,v50.18
Sojourn,ソジョーン,Mizuki,ミズキ,救助確認,92,,vod_marker,stable,維持。実戦動画で失敗パターンが増えたら追記。,v50.18
Cassidy,キャスディ,D.Va,D.Va,接近管理,100,,,stable,維持。実戦動画で失敗パターンが増えたら追記。,v50.18
Cassidy,キャスディ,Winston,ウィンストン,接近管理,100,,,stable,維持。実戦動画で失敗パターンが増えたら追記。,v50.18
Cassidy,キャスディ,Doomfist,ドゥームフィスト,接近管理,100,,,stable,維持。実戦動画で失敗パターンが増えたら追記。,v50.18
Cassidy,キャスディ,Hazard,ハザード,接近管理,100,,,stable,維持。実戦動画で失敗パターンが増えたら追記。,v50.18
Cassidy,キャスディ,Wrecking Ball,レッキング・ボール,接近管理,100,,,stable,維持。実戦動画で失敗パターンが増えたら追記。,v50.18
Cassidy,キャスディ,Zarya,ザリア,資源削り,92,,vod_marker,stable,維持。実戦動画で失敗パターンが増えたら追記。,v50.18
Cassidy,キャスディ,Junker Queen,ジャンカー・クイーン,資源削り,92,,vod_marker,stable,維持。実戦動画で失敗パターンが増えたら追記。,v50.18
Cassidy,キャスディ,Domina,ドミナ,資源削り,92,,vod_marker,stable,維持。実戦動画で失敗パターンが増えたら追記。,v50.18
Cassidy,キャスディ,Mauga,マウガ,資源削り,92,,vod_marker,stable,維持。実戦動画で失敗パターンが増えたら追記。,v50.18
Cassidy,キャスディ,Ramattra,ラマットラ,資源削り,92,,vod_marker,stable,維持。実戦動画で失敗パターンが増えたら追記。,v50.18
Cassidy,キャスディ,Roadhog,ロードホッグ,資源削り,92,,vod_marker,stable,維持。実戦動画で失敗パターンが増えたら追記。,v50.18
Cassidy,キャスディ,Orisa,オリーサ,資源削り,92,,vod_marker,stable,維持。実戦動画で失敗パターンが増えたら追記。,v50.18
Cassidy,キャスディ,Sigma,シグマ,資源削り,92,,vod_marker,stable,維持。実戦動画で失敗パターンが増えたら追記。,v50.18
Cassidy,キャスディ,Reinhardt,ラインハルト,資源削り,92,,vod_marker,stable,維持。実戦動画で失敗パターンが増えたら追記。,v50.18
Cassidy,キャスディ,Ashe,アッシュ,射線管理,100,,,stable,維持。実戦動画で失敗パターンが増えたら追記。,v50.18
Cassidy,キャスディ,Widowmaker,ウィドウメイカー,射線管理,100,,,stable,維持。実戦動画で失敗パターンが増えたら追記。,v50.18
Cassidy,キャスディ,Emre,エムレ,射線管理,92,,wave_goal,stable,維持。実戦動画で失敗パターンが増えたら追記。,v50.18
Cassidy,キャスディ,Cassidy,キャスディ,射線管理,100,,,stable,維持。実戦動画で失敗パターンが増えたら追記。,v50.18
Cassidy,キャスディ,Sojourn,ソジョーン,射線管理,100,,,stable,維持。実戦動画で失敗パターンが増えたら追記。,v50.18
Cassidy,キャスディ,Soldier: 76,ソルジャー76,射線管理,100,,,stable,維持。実戦動画で失敗パターンが増えたら追記。,v50.18
Cassidy,キャスディ,Hanzo,ハンゾー,射線管理,100,,,stable,維持。実戦動画で失敗パターンが増えたら追記。,v50.18
Cassidy,キャスディ,Freja,フレイヤ,射線管理,100,,,stable,維持。実戦動画で失敗パターンが増えたら追記。,v50.18
Cassidy,キャスディ,Anran,アンラン,再突入確認,100,,,stable,維持。実戦動画で失敗パターンが増えたら追記。,v50.18
Cassidy,キャスディ,Genji,ゲンジ,再突入確認,100,,,stable,維持。実戦動画で失敗パターンが増えたら追記。,v50.18
Cassidy,キャスディ,Shion,シオン,再突入確認,100,,,stable,維持。実戦動画で失敗パターンが増えたら追記。,v50.18
Cassidy,キャスディ,Sombra,ソンブラ,再突入確認,100,,,stable,維持。実戦動画で失敗パターンが増えたら追記。,v50.18
Cassidy,キャスディ,Tracer,トレーサー,再突入確認,100,,,stable,維持。実戦動画で失敗パターンが増えたら追記。,v50.18
Cassidy,キャスディ,Venture,ベンチャー,再突入確認,100,,,stable,維持。実戦動画で失敗パターンが増えたら追記。,v50.18
Cassidy,キャスディ,Reaper,リーパー,再突入確認,100,,,stable,維持。実戦動画で失敗パターンが増えたら追記。,v50.18
Cassidy,キャスディ,Vendetta,ヴェンデッタ,再突入確認,100,,,stable,維持。実戦動画で失敗パターンが増えたら追記。,v50.18
Cassidy,キャスディ,Echo,エコー,空中圧確認,92,,vod_marker,stable,維持。実戦動画で失敗パターンが増えたら追記。,v50.18
Cassidy,キャスディ,Pharah,ファラ,空中圧確認,92,,vod_marker,stable,維持。実戦動画で失敗パターンが増えたら追記。,v50.18
Cassidy,キャスディ,Symmetra,シンメトラ,通路整理,100,,,stable,維持。実戦動画で失敗パターンが増えたら追記。,v50.18
Cassidy,キャスディ,Junkrat,ジャンクラット,通路整理,100,,,stable,維持。実戦動画で失敗パターンが増えたら追記。,v50.18
Cassidy,キャスディ,Torbjörn,トールビョーン,通路整理,100,,,stable,維持。実戦動画で失敗パターンが増えたら追記。,v50.18
Cassidy,キャスディ,Bastion,バスティオン,通路整理,100,,,stable,維持。実戦動画で失敗パターンが増えたら追記。,v50.18
Cassidy,キャスディ,Mei,メイ,通路整理,100,,,stable,維持。実戦動画で失敗パターンが増えたら追記。,v50.18
Cassidy,キャスディ,Illari,イラリー,救助確認,92,,vod_marker,stable,維持。実戦動画で失敗パターンが増えたら追記。,v50.18
Cassidy,キャスディ,Jetpack Cat,ジェットパック・キャット,支援線管理,100,,,stable,維持。実戦動画で失敗パターンが増えたら追記。,v50.18
Cassidy,キャスディ,Juno,ジュノ,支援線管理,92,,vod_marker,stable,維持。実戦動画で失敗パターンが増えたら追記。,v50.18
Cassidy,キャスディ,Baptiste,バティスト,救助確認,92,,vod_marker,stable,維持。実戦動画で失敗パターンが増えたら追記。,v50.18
Cassidy,キャスディ,Mercy,マーシー,救助確認,92,,vod_marker,stable,維持。実戦動画で失敗パターンが増えたら追記。,v50.18
Cassidy,キャスディ,Lifeweaver,ライフウィーバー,救助確認,92,,vod_marker,stable,維持。実戦動画で失敗パターンが増えたら追記。,v50.18
Cassidy,キャスディ,Kiriko,キリコ,救助確認,92,,vod_marker,stable,維持。実戦動画で失敗パターンが増えたら追記。,v50.18
Cassidy,キャスディ,Brigitte,ブリギッテ,救助確認,92,,vod_marker,stable,維持。実戦動画で失敗パターンが増えたら追記。,v50.18
Cassidy,キャスディ,Moira,モイラ,救助確認,92,,vod_marker,stable,維持。実戦動画で失敗パターンが増えたら追記。,v50.18
Cassidy,キャスディ,Lúcio,ルシオ,支援線管理,92,,vod_marker,stable,維持。実戦動画で失敗パターンが増えたら追記。,v50.18
Cassidy,キャスディ,Ana,アナ,救助確認,92,,vod_marker,stable,維持。実戦動画で失敗パターンが増えたら追記。,v50.18
Cassidy,キャスディ,Wuyang,ウーヤン,救助確認,92,,vod_marker,stable,維持。実戦動画で失敗パターンが増えたら追記。,v50.18
Cassidy,キャスディ,Zenyatta,ゼニヤッタ,支援線管理,92,,vod_marker,stable,維持。実戦動画で失敗パターンが増えたら追記。,v50.18
Cassidy,キャスディ,Mizuki,ミズキ,救助確認,92,,vod_marker,stable,維持。実戦動画で失敗パターンが増えたら追記。,v50.18
Ashe,アッシュ,D.Va,D.Va,接近管理,100,,,stable,維持。実戦動画で失敗パターンが増えたら追記。,v50.18
Ashe,アッシュ,Winston,ウィンストン,接近管理,100,,,stable,維持。実戦動画で失敗パターンが増えたら追記。,v50.18
Ashe,アッシュ,Doomfist,ドゥームフィスト,接近管理,100,,,stable,維持。実戦動画で失敗パターンが増えたら追記。,v50.18
Ashe,アッシュ,Hazard,ハザード,接近管理,100,,,stable,維持。実戦動画で失敗パターンが増えたら追記。,v50.18
Ashe,アッシュ,Wrecking Ball,レッキング・ボール,接近管理,100,,,stable,維持。実戦動画で失敗パターンが増えたら追記。,v50.18
Ashe,アッシュ,Zarya,ザリア,資源削り,92,,vod_marker,stable,維持。実戦動画で失敗パターンが増えたら追記。,v50.18
Ashe,アッシュ,Junker Queen,ジャンカー・クイーン,資源削り,92,,vod_marker,stable,維持。実戦動画で失敗パターンが増えたら追記。,v50.18
Ashe,アッシュ,Domina,ドミナ,資源削り,92,,vod_marker,stable,維持。実戦動画で失敗パターンが増えたら追記。,v50.18
Ashe,アッシュ,Mauga,マウガ,資源削り,92,,vod_marker,stable,維持。実戦動画で失敗パターンが増えたら追記。,v50.18
Ashe,アッシュ,Ramattra,ラマットラ,資源削り,92,,vod_marker,stable,維持。実戦動画で失敗パターンが増えたら追記。,v50.18
Ashe,アッシュ,Roadhog,ロードホッグ,資源削り,92,,vod_marker,stable,維持。実戦動画で失敗パターンが増えたら追記。,v50.18
Ashe,アッシュ,Orisa,オリーサ,資源削り,92,,vod_marker,stable,維持。実戦動画で失敗パターンが増えたら追記。,v50.18
Ashe,アッシュ,Sigma,シグマ,資源削り,92,,vod_marker,stable,維持。実戦動画で失敗パターンが増えたら追記。,v50.18
Ashe,アッシュ,Reinhardt,ラインハルト,資源削り,92,,vod_marker,stable,維持。実戦動画で失敗パターンが増えたら追記。,v50.18
Ashe,アッシュ,Ashe,アッシュ,射線管理,100,,,stable,維持。実戦動画で失敗パターンが増えたら追記。,v50.18
Ashe,アッシュ,Widowmaker,ウィドウメイカー,射線管理,100,,,stable,維持。実戦動画で失敗パターンが増えたら追記。,v50.18
Ashe,アッシュ,Emre,エムレ,射線管理,92,,wave_goal,stable,維持。実戦動画で失敗パターンが増えたら追記。,v50.18
Ashe,アッシュ,Cassidy,キャスディ,射線管理,100,,,stable,維持。実戦動画で失敗パターンが増えたら追記。,v50.18
Ashe,アッシュ,Sojourn,ソジョーン,射線管理,100,,,stable,維持。実戦動画で失敗パターンが増えたら追記。,v50.18
Ashe,アッシュ,Soldier: 76,ソルジャー76,射線管理,100,,,stable,維持。実戦動画で失敗パターンが増えたら追記。,v50.18
Ashe,アッシュ,Hanzo,ハンゾー,射線管理,100,,,stable,維持。実戦動画で失敗パターンが増えたら追記。,v50.18
Ashe,アッシュ,Freja,フレイヤ,射線管理,100,,,stable,維持。実戦動画で失敗パターンが増えたら追記。,v50.18
Ashe,アッシュ,Anran,アンラン,再突入確認,100,,,stable,維持。実戦動画で失敗パターンが増えたら追記。,v50.18
Ashe,アッシュ,Genji,ゲンジ,再突入確認,100,,,stable,維持。実戦動画で失敗パターンが増えたら追記。,v50.18
Ashe,アッシュ,Shion,シオン,再突入確認,100,,,stable,維持。実戦動画で失敗パターンが増えたら追記。,v50.18
Ashe,アッシュ,Sombra,ソンブラ,再突入確認,100,,,stable,維持。実戦動画で失敗パターンが増えたら追記。,v50.18
Ashe,アッシュ,Tracer,トレーサー,再突入確認,100,,,stable,維持。実戦動画で失敗パターンが増えたら追記。,v50.18
Ashe,アッシュ,Venture,ベンチャー,再突入確認,100,,,stable,維持。実戦動画で失敗パターンが増えたら追記。,v50.18
Ashe,アッシュ,Reaper,リーパー,再突入確認,100,,,stable,維持。実戦動画で失敗パターンが増えたら追記。,v50.18
Ashe,アッシュ,Vendetta,ヴェンデッタ,再突入確認,100,,,stable,維持。実戦動画で失敗パターンが増えたら追記。,v50.18
Ashe,アッシュ,Echo,エコー,空中圧確認,92,,vod_marker,stable,維持。実戦動画で失敗パターンが増えたら追記。,v50.18
Ashe,アッシュ,Pharah,ファラ,空中圧確認,92,,vod_marker,stable,維持。実戦動画で失敗パターンが増えたら追記。,v50.18
Ashe,アッシュ,Symmetra,シンメトラ,通路整理,100,,,stable,維持。実戦動画で失敗パターンが増えたら追記。,v50.18
Ashe,アッシュ,Junkrat,ジャンクラット,通路整理,100,,,stable,維持。実戦動画で失敗パターンが増えたら追記。,v50.18
Ashe,アッシュ,Torbjörn,トールビョーン,通路整理,100,,,stable,維持。実戦動画で失敗パターンが増えたら追記。,v50.18
Ashe,アッシュ,Bastion,バスティオン,通路整理,100,,,stable,維持。実戦動画で失敗パターンが増えたら追記。,v50.18
Ashe,アッシュ,Mei,メイ,通路整理,100,,,stable,維持。実戦動画で失敗パターンが増えたら追記。,v50.18
Ashe,アッシュ,Illari,イラリー,救助確認,92,,vod_marker,stable,維持。実戦動画で失敗パターンが増えたら追記。,v50.18
Ashe,アッシュ,Jetpack Cat,ジェットパック・キャット,支援線管理,100,,,stable,維持。実戦動画で失敗パターンが増えたら追記。,v50.18
Ashe,アッシュ,Juno,ジュノ,支援線管理,92,,vod_marker,stable,維持。実戦動画で失敗パターンが増えたら追記。,v50.18
Ashe,アッシュ,Baptiste,バティスト,救助確認,92,,vod_marker,stable,維持。実戦動画で失敗パターンが増えたら追記。,v50.18
Ashe,アッシュ,Mercy,マーシー,救助確認,92,,vod_marker,stable,維持。実戦動画で失敗パターンが増えたら追記。,v50.18
Ashe,アッシュ,Lifeweaver,ライフウィーバー,救助確認,92,,vod_marker,stable,維持。実戦動画で失敗パターンが増えたら追記。,v50.18
Ashe,アッシュ,Kiriko,キリコ,救助確認,92,,vod_marker,stable,維持。実戦動画で失敗パターンが増えたら追記。,v50.18
Ashe,アッシュ,Brigitte,ブリギッテ,救助確認,92,,vod_marker,stable,維持。実戦動画で失敗パターンが増えたら追記。,v50.18
Ashe,アッシュ,Moira,モイラ,救助確認,92,,vod_marker,stable,維持。実戦動画で失敗パターンが増えたら追記。,v50.18
Ashe,アッシュ,Lúcio,ルシオ,支援線管理,92,,vod_marker,stable,維持。実戦動画で失敗パターンが増えたら追記。,v50.18
Ashe,アッシュ,Ana,アナ,救助確認,92,,vod_marker,stable,維持。実戦動画で失敗パターンが増えたら追記。,v50.18
Ashe,アッシュ,Wuyang,ウーヤン,救助確認,92,,vod_marker,stable,維持。実戦動画で失敗パターンが増えたら追記。,v50.18
Ashe,アッシュ,Zenyatta,ゼニヤッタ,支援線管理,92,,vod_marker,stable,維持。実戦動画で失敗パターンが増えたら追記。,v50.18
Ashe,アッシュ,Mizuki,ミズキ,救助確認,92,,vod_marker,stable,維持。実戦動画で失敗パターンが増えたら追記。,v50.18
Reaper,リーパー,D.Va,D.Va,接近管理,100,,,stable,維持。実戦動画で失敗パターンが増えたら追記。,v50.18
Reaper,リーパー,Winston,ウィンストン,接近管理,100,,,stable,維持。実戦動画で失敗パターンが増えたら追記。,v50.18
Reaper,リーパー,Doomfist,ドゥームフィスト,接近管理,100,,,stable,維持。実戦動画で失敗パターンが増えたら追記。,v50.18
Reaper,リーパー,Hazard,ハザード,接近管理,100,,,stable,維持。実戦動画で失敗パターンが増えたら追記。,v50.18
Reaper,リーパー,Wrecking Ball,レッキング・ボール,接近管理,100,,,stable,維持。実戦動画で失敗パターンが増えたら追記。,v50.18
Reaper,リーパー,Zarya,ザリア,資源削り,92,,vod_marker,stable,維持。実戦動画で失敗パターンが増えたら追記。,v50.18
Reaper,リーパー,Junker Queen,ジャンカー・クイーン,資源削り,92,,vod_marker,stable,維持。実戦動画で失敗パターンが増えたら追記。,v50.18
Reaper,リーパー,Domina,ドミナ,資源削り,92,,vod_marker,stable,維持。実戦動画で失敗パターンが増えたら追記。,v50.18
Reaper,リーパー,Mauga,マウガ,資源削り,92,,vod_marker,stable,維持。実戦動画で失敗パターンが増えたら追記。,v50.18
Reaper,リーパー,Ramattra,ラマットラ,資源削り,92,,vod_marker,stable,維持。実戦動画で失敗パターンが増えたら追記。,v50.18
Reaper,リーパー,Roadhog,ロードホッグ,資源削り,92,,vod_marker,stable,維持。実戦動画で失敗パターンが増えたら追記。,v50.18
Reaper,リーパー,Orisa,オリーサ,資源削り,92,,vod_marker,stable,維持。実戦動画で失敗パターンが増えたら追記。,v50.18
Reaper,リーパー,Sigma,シグマ,資源削り,92,,vod_marker,stable,維持。実戦動画で失敗パターンが増えたら追記。,v50.18
Reaper,リーパー,Reinhardt,ラインハルト,資源削り,92,,vod_marker,stable,維持。実戦動画で失敗パターンが増えたら追記。,v50.18
Reaper,リーパー,Ashe,アッシュ,射線管理,100,,,stable,維持。実戦動画で失敗パターンが増えたら追記。,v50.18
Reaper,リーパー,Widowmaker,ウィドウメイカー,射線管理,100,,,stable,維持。実戦動画で失敗パターンが増えたら追記。,v50.18
Reaper,リーパー,Emre,エムレ,射線管理,92,,wave_goal,stable,維持。実戦動画で失敗パターンが増えたら追記。,v50.18
Reaper,リーパー,Cassidy,キャスディ,射線管理,100,,,stable,維持。実戦動画で失敗パターンが増えたら追記。,v50.18
Reaper,リーパー,Sojourn,ソジョーン,射線管理,100,,,stable,維持。実戦動画で失敗パターンが増えたら追記。,v50.18
Reaper,リーパー,Soldier: 76,ソルジャー76,射線管理,100,,,stable,維持。実戦動画で失敗パターンが増えたら追記。,v50.18
Reaper,リーパー,Hanzo,ハンゾー,射線管理,100,,,stable,維持。実戦動画で失敗パターンが増えたら追記。,v50.18
Reaper,リーパー,Freja,フレイヤ,射線管理,100,,,stable,維持。実戦動画で失敗パターンが増えたら追記。,v50.18
Reaper,リーパー,Anran,アンラン,再突入確認,100,,,stable,維持。実戦動画で失敗パターンが増えたら追記。,v50.18
Reaper,リーパー,Genji,ゲンジ,再突入確認,100,,,stable,維持。実戦動画で失敗パターンが増えたら追記。,v50.18
Reaper,リーパー,Shion,シオン,再突入確認,100,,,stable,維持。実戦動画で失敗パターンが増えたら追記。,v50.18
Reaper,リーパー,Sombra,ソンブラ,再突入確認,100,,,stable,維持。実戦動画で失敗パターンが増えたら追記。,v50.18
Reaper,リーパー,Tracer,トレーサー,再突入確認,100,,,stable,維持。実戦動画で失敗パターンが増えたら追記。,v50.18
Reaper,リーパー,Venture,ベンチャー,再突入確認,100,,,stable,維持。実戦動画で失敗パターンが増えたら追記。,v50.18
Reaper,リーパー,Reaper,リーパー,再突入確認,100,,,stable,維持。実戦動画で失敗パターンが増えたら追記。,v50.18
Reaper,リーパー,Vendetta,ヴェンデッタ,再突入確認,100,,,stable,維持。実戦動画で失敗パターンが増えたら追記。,v50.18
Reaper,リーパー,Echo,エコー,空中圧確認,92,,vod_marker,stable,維持。実戦動画で失敗パターンが増えたら追記。,v50.18
Reaper,リーパー,Pharah,ファラ,空中圧確認,92,,vod_marker,stable,維持。実戦動画で失敗パターンが増えたら追記。,v50.18
Reaper,リーパー,Symmetra,シンメトラ,通路整理,100,,,stable,維持。実戦動画で失敗パターンが増えたら追記。,v50.18
Reaper,リーパー,Junkrat,ジャンクラット,通路整理,100,,,stable,維持。実戦動画で失敗パターンが増えたら追記。,v50.18
Reaper,リーパー,Torbjörn,トールビョーン,通路整理,100,,,stable,維持。実戦動画で失敗パターンが増えたら追記。,v50.18
Reaper,リーパー,Bastion,バスティオン,通路整理,100,,,stable,維持。実戦動画で失敗パターンが増えたら追記。,v50.18
Reaper,リーパー,Mei,メイ,通路整理,100,,,stable,維持。実戦動画で失敗パターンが増えたら追記。,v50.18
Reaper,リーパー,Illari,イラリー,救助確認,92,,vod_marker,stable,維持。実戦動画で失敗パターンが増えたら追記。,v50.18
Reaper,リーパー,Jetpack Cat,ジェットパック・キャット,支援線管理,100,,,stable,維持。実戦動画で失敗パターンが増えたら追記。,v50.18
Reaper,リーパー,Juno,ジュノ,支援線管理,92,,vod_marker,stable,維持。実戦動画で失敗パターンが増えたら追記。,v50.18
Reaper,リーパー,Baptiste,バティスト,救助確認,92,,vod_marker,stable,維持。実戦動画で失敗パターンが増えたら追記。,v50.18
Reaper,リーパー,Mercy,マーシー,救助確認,92,,vod_marker,stable,維持。実戦動画で失敗パターンが増えたら追記。,v50.18
Reaper,リーパー,Lifeweaver,ライフウィーバー,救助確認,92,,vod_marker,stable,維持。実戦動画で失敗パターンが増えたら追記。,v50.18
Reaper,リーパー,Kiriko,キリコ,救助確認,92,,vod_marker,stable,維持。実戦動画で失敗パターンが増えたら追記。,v50.18
Reaper,リーパー,Brigitte,ブリギッテ,救助確認,92,,vod_marker,stable,維持。実戦動画で失敗パターンが増えたら追記。,v50.18
Reaper,リーパー,Moira,モイラ,救助確認,92,,vod_marker,stable,維持。実戦動画で失敗パターンが増えたら追記。,v50.18
Reaper,リーパー,Lúcio,ルシオ,支援線管理,92,,vod_marker,stable,維持。実戦動画で失敗パターンが増えたら追記。,v50.18
Reaper,リーパー,Ana,アナ,救助確認,92,,vod_marker,stable,維持。実戦動画で失敗パターンが増えたら追記。,v50.18
Reaper,リーパー,Wuyang,ウーヤン,救助確認,92,,vod_marker,stable,維持。実戦動画で失敗パターンが増えたら追記。,v50.18
Reaper,リーパー,Zenyatta,ゼニヤッタ,支援線管理,92,,vod_marker,stable,維持。実戦動画で失敗パターンが増えたら追記。,v50.18
Reaper,リーパー,Mizuki,ミズキ,救助確認,92,,vod_marker,stable,維持。実戦動画で失敗パターンが増えたら追記。,v50.18
Symmetra,シンメトラ,D.Va,D.Va,接近管理,100,,,stable,維持。実戦動画で失敗パターンが増えたら追記。,v50.18
Symmetra,シンメトラ,Winston,ウィンストン,接近管理,100,,,stable,維持。実戦動画で失敗パターンが増えたら追記。,v50.18
Symmetra,シンメトラ,Doomfist,ドゥームフィスト,接近管理,100,,,stable,維持。実戦動画で失敗パターンが増えたら追記。,v50.18
Symmetra,シンメトラ,Hazard,ハザード,接近管理,100,,,stable,維持。実戦動画で失敗パターンが増えたら追記。,v50.18
Symmetra,シンメトラ,Wrecking Ball,レッキング・ボール,接近管理,100,,,stable,維持。実戦動画で失敗パターンが増えたら追記。,v50.18
Symmetra,シンメトラ,Zarya,ザリア,資源削り,92,,vod_marker,stable,維持。実戦動画で失敗パターンが増えたら追記。,v50.18
Symmetra,シンメトラ,Junker Queen,ジャンカー・クイーン,資源削り,92,,vod_marker,stable,維持。実戦動画で失敗パターンが増えたら追記。,v50.18
Symmetra,シンメトラ,Domina,ドミナ,資源削り,92,,vod_marker,stable,維持。実戦動画で失敗パターンが増えたら追記。,v50.18
Symmetra,シンメトラ,Mauga,マウガ,資源削り,92,,vod_marker,stable,維持。実戦動画で失敗パターンが増えたら追記。,v50.18
Symmetra,シンメトラ,Ramattra,ラマットラ,資源削り,92,,vod_marker,stable,維持。実戦動画で失敗パターンが増えたら追記。,v50.18
Symmetra,シンメトラ,Roadhog,ロードホッグ,資源削り,92,,vod_marker,stable,維持。実戦動画で失敗パターンが増えたら追記。,v50.18
Symmetra,シンメトラ,Orisa,オリーサ,資源削り,92,,vod_marker,stable,維持。実戦動画で失敗パターンが増えたら追記。,v50.18
Symmetra,シンメトラ,Sigma,シグマ,資源削り,92,,vod_marker,stable,維持。実戦動画で失敗パターンが増えたら追記。,v50.18
Symmetra,シンメトラ,Reinhardt,ラインハルト,資源削り,92,,vod_marker,stable,維持。実戦動画で失敗パターンが増えたら追記。,v50.18
Symmetra,シンメトラ,Ashe,アッシュ,射線管理,100,,,stable,維持。実戦動画で失敗パターンが増えたら追記。,v50.18
Symmetra,シンメトラ,Widowmaker,ウィドウメイカー,射線管理,100,,,stable,維持。実戦動画で失敗パターンが増えたら追記。,v50.18
Symmetra,シンメトラ,Emre,エムレ,射線管理,92,,wave_goal,stable,維持。実戦動画で失敗パターンが増えたら追記。,v50.18
Symmetra,シンメトラ,Cassidy,キャスディ,射線管理,100,,,stable,維持。実戦動画で失敗パターンが増えたら追記。,v50.18
Symmetra,シンメトラ,Sojourn,ソジョーン,射線管理,100,,,stable,維持。実戦動画で失敗パターンが増えたら追記。,v50.18
Symmetra,シンメトラ,Soldier: 76,ソルジャー76,射線管理,100,,,stable,維持。実戦動画で失敗パターンが増えたら追記。,v50.18
Symmetra,シンメトラ,Hanzo,ハンゾー,射線管理,100,,,stable,維持。実戦動画で失敗パターンが増えたら追記。,v50.18
Symmetra,シンメトラ,Freja,フレイヤ,射線管理,100,,,stable,維持。実戦動画で失敗パターンが増えたら追記。,v50.18
Symmetra,シンメトラ,Anran,アンラン,再突入確認,100,,,stable,維持。実戦動画で失敗パターンが増えたら追記。,v50.18
Symmetra,シンメトラ,Genji,ゲンジ,再突入確認,100,,,stable,維持。実戦動画で失敗パターンが増えたら追記。,v50.18
Symmetra,シンメトラ,Shion,シオン,再突入確認,100,,,stable,維持。実戦動画で失敗パターンが増えたら追記。,v50.18
Symmetra,シンメトラ,Sombra,ソンブラ,再突入確認,100,,,stable,維持。実戦動画で失敗パターンが増えたら追記。,v50.18
Symmetra,シンメトラ,Tracer,トレーサー,再突入確認,100,,,stable,維持。実戦動画で失敗パターンが増えたら追記。,v50.18
Symmetra,シンメトラ,Venture,ベンチャー,再突入確認,100,,,stable,維持。実戦動画で失敗パターンが増えたら追記。,v50.18
Symmetra,シンメトラ,Reaper,リーパー,再突入確認,100,,,stable,維持。実戦動画で失敗パターンが増えたら追記。,v50.18
Symmetra,シンメトラ,Vendetta,ヴェンデッタ,再突入確認,100,,,stable,維持。実戦動画で失敗パターンが増えたら追記。,v50.18
Symmetra,シンメトラ,Echo,エコー,空中圧確認,92,,vod_marker,stable,維持。実戦動画で失敗パターンが増えたら追記。,v50.18
Symmetra,シンメトラ,Pharah,ファラ,空中圧確認,92,,vod_marker,stable,維持。実戦動画で失敗パターンが増えたら追記。,v50.18
Symmetra,シンメトラ,Symmetra,シンメトラ,通路整理,100,,,stable,維持。実戦動画で失敗パターンが増えたら追記。,v50.18
Symmetra,シンメトラ,Junkrat,ジャンクラット,通路整理,100,,,stable,維持。実戦動画で失敗パターンが増えたら追記。,v50.18
Symmetra,シンメトラ,Torbjörn,トールビョーン,通路整理,100,,,stable,維持。実戦動画で失敗パターンが増えたら追記。,v50.18
Symmetra,シンメトラ,Bastion,バスティオン,通路整理,100,,,stable,維持。実戦動画で失敗パターンが増えたら追記。,v50.18
Symmetra,シンメトラ,Mei,メイ,通路整理,100,,,stable,維持。実戦動画で失敗パターンが増えたら追記。,v50.18
Symmetra,シンメトラ,Illari,イラリー,救助確認,92,,vod_marker,stable,維持。実戦動画で失敗パターンが増えたら追記。,v50.18
Symmetra,シンメトラ,Jetpack Cat,ジェットパック・キャット,支援線管理,100,,,stable,維持。実戦動画で失敗パターンが増えたら追記。,v50.18
Symmetra,シンメトラ,Juno,ジュノ,支援線管理,92,,vod_marker,stable,維持。実戦動画で失敗パターンが増えたら追記。,v50.18
Symmetra,シンメトラ,Baptiste,バティスト,救助確認,92,,vod_marker,stable,維持。実戦動画で失敗パターンが増えたら追記。,v50.18
Symmetra,シンメトラ,Mercy,マーシー,救助確認,92,,vod_marker,stable,維持。実戦動画で失敗パターンが増えたら追記。,v50.18
Symmetra,シンメトラ,Lifeweaver,ライフウィーバー,救助確認,92,,vod_marker,stable,維持。実戦動画で失敗パターンが増えたら追記。,v50.18
Symmetra,シンメトラ,Kiriko,キリコ,救助確認,92,,vod_marker,stable,維持。実戦動画で失敗パターンが増えたら追記。,v50.18
Symmetra,シンメトラ,Brigitte,ブリギッテ,救助確認,92,,vod_marker,stable,維持。実戦動画で失敗パターンが増えたら追記。,v50.18
Symmetra,シンメトラ,Moira,モイラ,救助確認,92,,vod_marker,stable,維持。実戦動画で失敗パターンが増えたら追記。,v50.18
Symmetra,シンメトラ,Lúcio,ルシオ,支援線管理,92,,vod_marker,stable,維持。実戦動画で失敗パターンが増えたら追記。,v50.18
Symmetra,シンメトラ,Ana,アナ,救助確認,92,,vod_marker,stable,維持。実戦動画で失敗パターンが増えたら追記。,v50.18
Symmetra,シンメトラ,Wuyang,ウーヤン,救助確認,92,,vod_marker,stable,維持。実戦動画で失敗パターンが増えたら追記。,v50.18
Symmetra,シンメトラ,Zenyatta,ゼニヤッタ,支援線管理,92,,vod_marker,stable,維持。実戦動画で失敗パターンが増えたら追記。,v50.18
Symmetra,シンメトラ,Mizuki,ミズキ,救助確認,92,,vod_marker,stable,維持。実戦動画で失敗パターンが増えたら追記。,v50.18
Hanzo,ハンゾー,D.Va,D.Va,接近管理,100,,,stable,維持。実戦動画で失敗パターンが増えたら追記。,v50.18
Hanzo,ハンゾー,Winston,ウィンストン,接近管理,100,,,stable,維持。実戦動画で失敗パターンが増えたら追記。,v50.18
Hanzo,ハンゾー,Doomfist,ドゥームフィスト,接近管理,100,,,stable,維持。実戦動画で失敗パターンが増えたら追記。,v50.18
Hanzo,ハンゾー,Hazard,ハザード,接近管理,100,,,stable,維持。実戦動画で失敗パターンが増えたら追記。,v50.18
Hanzo,ハンゾー,Wrecking Ball,レッキング・ボール,接近管理,100,,,stable,維持。実戦動画で失敗パターンが増えたら追記。,v50.18
Hanzo,ハンゾー,Zarya,ザリア,資源削り,92,,vod_marker,stable,維持。実戦動画で失敗パターンが増えたら追記。,v50.18
Hanzo,ハンゾー,Junker Queen,ジャンカー・クイーン,資源削り,92,,vod_marker,stable,維持。実戦動画で失敗パターンが増えたら追記。,v50.18
Hanzo,ハンゾー,Domina,ドミナ,資源削り,92,,vod_marker,stable,維持。実戦動画で失敗パターンが増えたら追記。,v50.18
Hanzo,ハンゾー,Mauga,マウガ,資源削り,92,,vod_marker,stable,維持。実戦動画で失敗パターンが増えたら追記。,v50.18
Hanzo,ハンゾー,Ramattra,ラマットラ,資源削り,92,,vod_marker,stable,維持。実戦動画で失敗パターンが増えたら追記。,v50.18
Hanzo,ハンゾー,Roadhog,ロードホッグ,資源削り,92,,vod_marker,stable,維持。実戦動画で失敗パターンが増えたら追記。,v50.18
Hanzo,ハンゾー,Orisa,オリーサ,資源削り,92,,vod_marker,stable,維持。実戦動画で失敗パターンが増えたら追記。,v50.18
Hanzo,ハンゾー,Sigma,シグマ,資源削り,92,,vod_marker,stable,維持。実戦動画で失敗パターンが増えたら追記。,v50.18
Hanzo,ハンゾー,Reinhardt,ラインハルト,資源削り,92,,vod_marker,stable,維持。実戦動画で失敗パターンが増えたら追記。,v50.18
Hanzo,ハンゾー,Ashe,アッシュ,射線管理,100,,,stable,維持。実戦動画で失敗パターンが増えたら追記。,v50.18
Hanzo,ハンゾー,Widowmaker,ウィドウメイカー,射線管理,100,,,stable,維持。実戦動画で失敗パターンが増えたら追記。,v50.18
Hanzo,ハンゾー,Emre,エムレ,射線管理,92,,wave_goal,stable,維持。実戦動画で失敗パターンが増えたら追記。,v50.18
Hanzo,ハンゾー,Cassidy,キャスディ,射線管理,100,,,stable,維持。実戦動画で失敗パターンが増えたら追記。,v50.18
Hanzo,ハンゾー,Sojourn,ソジョーン,射線管理,100,,,stable,維持。実戦動画で失敗パターンが増えたら追記。,v50.18
Hanzo,ハンゾー,Soldier: 76,ソルジャー76,射線管理,100,,,stable,維持。実戦動画で失敗パターンが増えたら追記。,v50.18
Hanzo,ハンゾー,Hanzo,ハンゾー,射線管理,100,,,stable,維持。実戦動画で失敗パターンが増えたら追記。,v50.18
Hanzo,ハンゾー,Freja,フレイヤ,射線管理,100,,,stable,維持。実戦動画で失敗パターンが増えたら追記。,v50.18
Hanzo,ハンゾー,Anran,アンラン,再突入確認,100,,,stable,維持。実戦動画で失敗パターンが増えたら追記。,v50.18
Hanzo,ハンゾー,Genji,ゲンジ,再突入確認,100,,,stable,維持。実戦動画で失敗パターンが増えたら追記。,v50.18
Hanzo,ハンゾー,Shion,シオン,再突入確認,100,,,stable,維持。実戦動画で失敗パターンが増えたら追記。,v50.18
Hanzo,ハンゾー,Sombra,ソンブラ,再突入確認,100,,,stable,維持。実戦動画で失敗パターンが増えたら追記。,v50.18
Hanzo,ハンゾー,Tracer,トレーサー,再突入確認,100,,,stable,維持。実戦動画で失敗パターンが増えたら追記。,v50.18
Hanzo,ハンゾー,Venture,ベンチャー,再突入確認,100,,,stable,維持。実戦動画で失敗パターンが増えたら追記。,v50.18
Hanzo,ハンゾー,Reaper,リーパー,再突入確認,100,,,stable,維持。実戦動画で失敗パターンが増えたら追記。,v50.18
Hanzo,ハンゾー,Vendetta,ヴェンデッタ,再突入確認,100,,,stable,維持。実戦動画で失敗パターンが増えたら追記。,v50.18
Hanzo,ハンゾー,Echo,エコー,空中圧確認,92,,vod_marker,stable,維持。実戦動画で失敗パターンが増えたら追記。,v50.18
Hanzo,ハンゾー,Pharah,ファラ,空中圧確認,92,,vod_marker,stable,維持。実戦動画で失敗パターンが増えたら追記。,v50.18
Hanzo,ハンゾー,Symmetra,シンメトラ,通路整理,100,,,stable,維持。実戦動画で失敗パターンが増えたら追記。,v50.18
Hanzo,ハンゾー,Junkrat,ジャンクラット,通路整理,100,,,stable,維持。実戦動画で失敗パターンが増えたら追記。,v50.18
Hanzo,ハンゾー,Torbjörn,トールビョーン,通路整理,100,,,stable,維持。実戦動画で失敗パターンが増えたら追記。,v50.18
Hanzo,ハンゾー,Bastion,バスティオン,通路整理,100,,,stable,維持。実戦動画で失敗パターンが増えたら追記。,v50.18
Hanzo,ハンゾー,Mei,メイ,通路整理,100,,,stable,維持。実戦動画で失敗パターンが増えたら追記。,v50.18
Hanzo,ハンゾー,Illari,イラリー,救助確認,92,,vod_marker,stable,維持。実戦動画で失敗パターンが増えたら追記。,v50.18
Hanzo,ハンゾー,Jetpack Cat,ジェットパック・キャット,支援線管理,100,,,stable,維持。実戦動画で失敗パターンが増えたら追記。,v50.18
Hanzo,ハンゾー,Juno,ジュノ,支援線管理,92,,vod_marker,stable,維持。実戦動画で失敗パターンが増えたら追記。,v50.18
Hanzo,ハンゾー,Baptiste,バティスト,救助確認,92,,vod_marker,stable,維持。実戦動画で失敗パターンが増えたら追記。,v50.18
Hanzo,ハンゾー,Mercy,マーシー,救助確認,92,,vod_marker,stable,維持。実戦動画で失敗パターンが増えたら追記。,v50.18
Hanzo,ハンゾー,Lifeweaver,ライフウィーバー,救助確認,92,,vod_marker,stable,維持。実戦動画で失敗パターンが増えたら追記。,v50.18
Hanzo,ハンゾー,Kiriko,キリコ,救助確認,92,,vod_marker,stable,維持。実戦動画で失敗パターンが増えたら追記。,v50.18
Hanzo,ハンゾー,Brigitte,ブリギッテ,救助確認,92,,vod_marker,stable,維持。実戦動画で失敗パターンが増えたら追記。,v50.18
Hanzo,ハンゾー,Moira,モイラ,救助確認,92,,vod_marker,stable,維持。実戦動画で失敗パターンが増えたら追記。,v50.18
Hanzo,ハンゾー,Lúcio,ルシオ,支援線管理,92,,vod_marker,stable,維持。実戦動画で失敗パターンが増えたら追記。,v50.18
Hanzo,ハンゾー,Ana,アナ,救助確認,92,,vod_marker,stable,維持。実戦動画で失敗パターンが増えたら追記。,v50.18
Hanzo,ハンゾー,Wuyang,ウーヤン,救助確認,92,,vod_marker,stable,維持。実戦動画で失敗パターンが増えたら追記。,v50.18
Hanzo,ハンゾー,Zenyatta,ゼニヤッタ,支援線管理,92,,vod_marker,stable,維持。実戦動画で失敗パターンが増えたら追記。,v50.18
Hanzo,ハンゾー,Mizuki,ミズキ,救助確認,92,,vod_marker,stable,維持。実戦動画で失敗パターンが増えたら追記。,v50.18
Torbjorn,トールビョーン,D.Va,D.Va,接近管理,100,,,stable,維持。実戦動画で失敗パターンが増えたら追記。,v50.18
Torbjorn,トールビョーン,Winston,ウィンストン,接近管理,100,,,stable,維持。実戦動画で失敗パターンが増えたら追記。,v50.18
Torbjorn,トールビョーン,Doomfist,ドゥームフィスト,接近管理,100,,,stable,維持。実戦動画で失敗パターンが増えたら追記。,v50.18
Torbjorn,トールビョーン,Hazard,ハザード,接近管理,100,,,stable,維持。実戦動画で失敗パターンが増えたら追記。,v50.18
Torbjorn,トールビョーン,Wrecking Ball,レッキング・ボール,接近管理,100,,,stable,維持。実戦動画で失敗パターンが増えたら追記。,v50.18
Torbjorn,トールビョーン,Zarya,ザリア,資源削り,92,,vod_marker,stable,維持。実戦動画で失敗パターンが増えたら追記。,v50.18
Torbjorn,トールビョーン,Junker Queen,ジャンカー・クイーン,資源削り,92,,vod_marker,stable,維持。実戦動画で失敗パターンが増えたら追記。,v50.18
Torbjorn,トールビョーン,Domina,ドミナ,資源削り,92,,vod_marker,stable,維持。実戦動画で失敗パターンが増えたら追記。,v50.18
Torbjorn,トールビョーン,Mauga,マウガ,資源削り,92,,vod_marker,stable,維持。実戦動画で失敗パターンが増えたら追記。,v50.18
Torbjorn,トールビョーン,Ramattra,ラマットラ,資源削り,92,,vod_marker,stable,維持。実戦動画で失敗パターンが増えたら追記。,v50.18
Torbjorn,トールビョーン,Roadhog,ロードホッグ,資源削り,92,,vod_marker,stable,維持。実戦動画で失敗パターンが増えたら追記。,v50.18
Torbjorn,トールビョーン,Orisa,オリーサ,資源削り,92,,vod_marker,stable,維持。実戦動画で失敗パターンが増えたら追記。,v50.18
Torbjorn,トールビョーン,Sigma,シグマ,資源削り,92,,vod_marker,stable,維持。実戦動画で失敗パターンが増えたら追記。,v50.18
Torbjorn,トールビョーン,Reinhardt,ラインハルト,資源削り,92,,vod_marker,stable,維持。実戦動画で失敗パターンが増えたら追記。,v50.18
Torbjorn,トールビョーン,Ashe,アッシュ,射線管理,100,,,stable,維持。実戦動画で失敗パターンが増えたら追記。,v50.18
Torbjorn,トールビョーン,Widowmaker,ウィドウメイカー,射線管理,100,,,stable,維持。実戦動画で失敗パターンが増えたら追記。,v50.18
Torbjorn,トールビョーン,Emre,エムレ,射線管理,92,,wave_goal,stable,維持。実戦動画で失敗パターンが増えたら追記。,v50.18
Torbjorn,トールビョーン,Cassidy,キャスディ,射線管理,100,,,stable,維持。実戦動画で失敗パターンが増えたら追記。,v50.18
Torbjorn,トールビョーン,Sojourn,ソジョーン,射線管理,100,,,stable,維持。実戦動画で失敗パターンが増えたら追記。,v50.18
Torbjorn,トールビョーン,Soldier: 76,ソルジャー76,射線管理,100,,,stable,維持。実戦動画で失敗パターンが増えたら追記。,v50.18
Torbjorn,トールビョーン,Hanzo,ハンゾー,射線管理,100,,,stable,維持。実戦動画で失敗パターンが増えたら追記。,v50.18
Torbjorn,トールビョーン,Freja,フレイヤ,射線管理,100,,,stable,維持。実戦動画で失敗パターンが増えたら追記。,v50.18
Torbjorn,トールビョーン,Anran,アンラン,再突入確認,100,,,stable,維持。実戦動画で失敗パターンが増えたら追記。,v50.18
Torbjorn,トールビョーン,Genji,ゲンジ,再突入確認,100,,,stable,維持。実戦動画で失敗パターンが増えたら追記。,v50.18
Torbjorn,トールビョーン,Shion,シオン,再突入確認,100,,,stable,維持。実戦動画で失敗パターンが増えたら追記。,v50.18
Torbjorn,トールビョーン,Sombra,ソンブラ,再突入確認,100,,,stable,維持。実戦動画で失敗パターンが増えたら追記。,v50.18
Torbjorn,トールビョーン,Tracer,トレーサー,再突入確認,100,,,stable,維持。実戦動画で失敗パターンが増えたら追記。,v50.18
Torbjorn,トールビョーン,Venture,ベンチャー,再突入確認,100,,,stable,維持。実戦動画で失敗パターンが増えたら追記。,v50.18
Torbjorn,トールビョーン,Reaper,リーパー,再突入確認,100,,,stable,維持。実戦動画で失敗パターンが増えたら追記。,v50.18
Torbjorn,トールビョーン,Vendetta,ヴェンデッタ,再突入確認,100,,,stable,維持。実戦動画で失敗パターンが増えたら追記。,v50.18
Torbjorn,トールビョーン,Echo,エコー,空中圧確認,92,,vod_marker,stable,維持。実戦動画で失敗パターンが増えたら追記。,v50.18
Torbjorn,トールビョーン,Pharah,ファラ,空中圧確認,92,,vod_marker,stable,維持。実戦動画で失敗パターンが増えたら追記。,v50.18
Torbjorn,トールビョーン,Symmetra,シンメトラ,通路整理,100,,,stable,維持。実戦動画で失敗パターンが増えたら追記。,v50.18
Torbjorn,トールビョーン,Junkrat,ジャンクラット,通路整理,100,,,stable,維持。実戦動画で失敗パターンが増えたら追記。,v50.18
Torbjorn,トールビョーン,Torbjörn,トールビョーン,通路整理,100,,,stable,維持。実戦動画で失敗パターンが増えたら追記。,v50.18
Torbjorn,トールビョーン,Bastion,バスティオン,通路整理,100,,,stable,維持。実戦動画で失敗パターンが増えたら追記。,v50.18
Torbjorn,トールビョーン,Mei,メイ,通路整理,100,,,stable,維持。実戦動画で失敗パターンが増えたら追記。,v50.18
Torbjorn,トールビョーン,Illari,イラリー,救助確認,92,,vod_marker,stable,維持。実戦動画で失敗パターンが増えたら追記。,v50.18
Torbjorn,トールビョーン,Jetpack Cat,ジェットパック・キャット,支援線管理,100,,,stable,維持。実戦動画で失敗パターンが増えたら追記。,v50.18
Torbjorn,トールビョーン,Juno,ジュノ,支援線管理,92,,vod_marker,stable,維持。実戦動画で失敗パターンが増えたら追記。,v50.18
Torbjorn,トールビョーン,Baptiste,バティスト,救助確認,92,,vod_marker,stable,維持。実戦動画で失敗パターンが増えたら追記。,v50.18
Torbjorn,トールビョーン,Mercy,マーシー,救助確認,92,,vod_marker,stable,維持。実戦動画で失敗パターンが増えたら追記。,v50.18
Torbjorn,トールビョーン,Lifeweaver,ライフウィーバー,救助確認,92,,vod_marker,stable,維持。実戦動画で失敗パターンが増えたら追記。,v50.18
Torbjorn,トールビョーン,Kiriko,キリコ,救助確認,92,,vod_marker,stable,維持。実戦動画で失敗パターンが増えたら追記。,v50.18
Torbjorn,トールビョーン,Brigitte,ブリギッテ,救助確認,92,,vod_marker,stable,維持。実戦動画で失敗パターンが増えたら追記。,v50.18
Torbjorn,トールビョーン,Moira,モイラ,救助確認,92,,vod_marker,stable,維持。実戦動画で失敗パターンが増えたら追記。,v50.18
Torbjorn,トールビョーン,Lúcio,ルシオ,支援線管理,92,,vod_marker,stable,維持。実戦動画で失敗パターンが増えたら追記。,v50.18
Torbjorn,トールビョーン,Ana,アナ,救助確認,92,,vod_marker,stable,維持。実戦動画で失敗パターンが増えたら追記。,v50.18
Torbjorn,トールビョーン,Wuyang,ウーヤン,救助確認,92,,vod_marker,stable,維持。実戦動画で失敗パターンが増えたら追記。,v50.18
Torbjorn,トールビョーン,Zenyatta,ゼニヤッタ,支援線管理,92,,vod_marker,stable,維持。実戦動画で失敗パターンが増えたら追記。,v50.18
Torbjorn,トールビョーン,Mizuki,ミズキ,救助確認,92,,vod_marker,stable,維持。実戦動画で失敗パターンが増えたら追記。,v50.18
Bastion,バスティオン,D.Va,D.Va,接近管理,100,,,stable,維持。実戦動画で失敗パターンが増えたら追記。,v50.18
Bastion,バスティオン,Winston,ウィンストン,接近管理,100,,,stable,維持。実戦動画で失敗パターンが増えたら追記。,v50.18
Bastion,バスティオン,Doomfist,ドゥームフィスト,接近管理,100,,,stable,維持。実戦動画で失敗パターンが増えたら追記。,v50.18
Bastion,バスティオン,Hazard,ハザード,接近管理,100,,,stable,維持。実戦動画で失敗パターンが増えたら追記。,v50.18
Bastion,バスティオン,Wrecking Ball,レッキング・ボール,接近管理,100,,,stable,維持。実戦動画で失敗パターンが増えたら追記。,v50.18
Bastion,バスティオン,Zarya,ザリア,資源削り,92,,vod_marker,stable,維持。実戦動画で失敗パターンが増えたら追記。,v50.18
Bastion,バスティオン,Junker Queen,ジャンカー・クイーン,資源削り,92,,vod_marker,stable,維持。実戦動画で失敗パターンが増えたら追記。,v50.18
Bastion,バスティオン,Domina,ドミナ,資源削り,92,,vod_marker,stable,維持。実戦動画で失敗パターンが増えたら追記。,v50.18
Bastion,バスティオン,Mauga,マウガ,資源削り,92,,vod_marker,stable,維持。実戦動画で失敗パターンが増えたら追記。,v50.18
Bastion,バスティオン,Ramattra,ラマットラ,資源削り,92,,vod_marker,stable,維持。実戦動画で失敗パターンが増えたら追記。,v50.18
Bastion,バスティオン,Roadhog,ロードホッグ,資源削り,92,,vod_marker,stable,維持。実戦動画で失敗パターンが増えたら追記。,v50.18
Bastion,バスティオン,Orisa,オリーサ,資源削り,92,,vod_marker,stable,維持。実戦動画で失敗パターンが増えたら追記。,v50.18
Bastion,バスティオン,Sigma,シグマ,資源削り,92,,vod_marker,stable,維持。実戦動画で失敗パターンが増えたら追記。,v50.18
Bastion,バスティオン,Reinhardt,ラインハルト,資源削り,92,,vod_marker,stable,維持。実戦動画で失敗パターンが増えたら追記。,v50.18
Bastion,バスティオン,Ashe,アッシュ,射線管理,100,,,stable,維持。実戦動画で失敗パターンが増えたら追記。,v50.18
Bastion,バスティオン,Widowmaker,ウィドウメイカー,射線管理,100,,,stable,維持。実戦動画で失敗パターンが増えたら追記。,v50.18
Bastion,バスティオン,Emre,エムレ,射線管理,92,,wave_goal,stable,維持。実戦動画で失敗パターンが増えたら追記。,v50.18
Bastion,バスティオン,Cassidy,キャスディ,射線管理,100,,,stable,維持。実戦動画で失敗パターンが増えたら追記。,v50.18
Bastion,バスティオン,Sojourn,ソジョーン,射線管理,100,,,stable,維持。実戦動画で失敗パターンが増えたら追記。,v50.18
Bastion,バスティオン,Soldier: 76,ソルジャー76,射線管理,100,,,stable,維持。実戦動画で失敗パターンが増えたら追記。,v50.18
Bastion,バスティオン,Hanzo,ハンゾー,射線管理,100,,,stable,維持。実戦動画で失敗パターンが増えたら追記。,v50.18
Bastion,バスティオン,Freja,フレイヤ,射線管理,100,,,stable,維持。実戦動画で失敗パターンが増えたら追記。,v50.18
Bastion,バスティオン,Anran,アンラン,再突入確認,100,,,stable,維持。実戦動画で失敗パターンが増えたら追記。,v50.18
Bastion,バスティオン,Genji,ゲンジ,再突入確認,100,,,stable,維持。実戦動画で失敗パターンが増えたら追記。,v50.18
Bastion,バスティオン,Shion,シオン,再突入確認,100,,,stable,維持。実戦動画で失敗パターンが増えたら追記。,v50.18
Bastion,バスティオン,Sombra,ソンブラ,再突入確認,100,,,stable,維持。実戦動画で失敗パターンが増えたら追記。,v50.18
Bastion,バスティオン,Tracer,トレーサー,再突入確認,100,,,stable,維持。実戦動画で失敗パターンが増えたら追記。,v50.18
Bastion,バスティオン,Venture,ベンチャー,再突入確認,100,,,stable,維持。実戦動画で失敗パターンが増えたら追記。,v50.18
Bastion,バスティオン,Reaper,リーパー,再突入確認,100,,,stable,維持。実戦動画で失敗パターンが増えたら追記。,v50.18
Bastion,バスティオン,Vendetta,ヴェンデッタ,再突入確認,100,,,stable,維持。実戦動画で失敗パターンが増えたら追記。,v50.18
Bastion,バスティオン,Echo,エコー,空中圧確認,92,,vod_marker,stable,維持。実戦動画で失敗パターンが増えたら追記。,v50.18
Bastion,バスティオン,Pharah,ファラ,空中圧確認,92,,vod_marker,stable,維持。実戦動画で失敗パターンが増えたら追記。,v50.18
Bastion,バスティオン,Symmetra,シンメトラ,通路整理,100,,,stable,維持。実戦動画で失敗パターンが増えたら追記。,v50.18
Bastion,バスティオン,Junkrat,ジャンクラット,通路整理,100,,,stable,維持。実戦動画で失敗パターンが増えたら追記。,v50.18
Bastion,バスティオン,Torbjörn,トールビョーン,通路整理,100,,,stable,維持。実戦動画で失敗パターンが増えたら追記。,v50.18
Bastion,バスティオン,Bastion,バスティオン,通路整理,100,,,stable,維持。実戦動画で失敗パターンが増えたら追記。,v50.18
Bastion,バスティオン,Mei,メイ,通路整理,100,,,stable,維持。実戦動画で失敗パターンが増えたら追記。,v50.18
Bastion,バスティオン,Illari,イラリー,救助確認,92,,vod_marker,stable,維持。実戦動画で失敗パターンが増えたら追記。,v50.18
Bastion,バスティオン,Jetpack Cat,ジェットパック・キャット,支援線管理,100,,,stable,維持。実戦動画で失敗パターンが増えたら追記。,v50.18
Bastion,バスティオン,Juno,ジュノ,支援線管理,92,,vod_marker,stable,維持。実戦動画で失敗パターンが増えたら追記。,v50.18
Bastion,バスティオン,Baptiste,バティスト,救助確認,92,,vod_marker,stable,維持。実戦動画で失敗パターンが増えたら追記。,v50.18
Bastion,バスティオン,Mercy,マーシー,救助確認,92,,vod_marker,stable,維持。実戦動画で失敗パターンが増えたら追記。,v50.18
Bastion,バスティオン,Lifeweaver,ライフウィーバー,救助確認,92,,vod_marker,stable,維持。実戦動画で失敗パターンが増えたら追記。,v50.18
Bastion,バスティオン,Kiriko,キリコ,救助確認,92,,vod_marker,stable,維持。実戦動画で失敗パターンが増えたら追記。,v50.18
Bastion,バスティオン,Brigitte,ブリギッテ,救助確認,92,,vod_marker,stable,維持。実戦動画で失敗パターンが増えたら追記。,v50.18
Bastion,バスティオン,Moira,モイラ,救助確認,92,,vod_marker,stable,維持。実戦動画で失敗パターンが増えたら追記。,v50.18
Bastion,バスティオン,Lúcio,ルシオ,支援線管理,92,,vod_marker,stable,維持。実戦動画で失敗パターンが増えたら追記。,v50.18
Bastion,バスティオン,Ana,アナ,救助確認,92,,vod_marker,stable,維持。実戦動画で失敗パターンが増えたら追記。,v50.18
Bastion,バスティオン,Wuyang,ウーヤン,救助確認,92,,vod_marker,stable,維持。実戦動画で失敗パターンが増えたら追記。,v50.18
Bastion,バスティオン,Zenyatta,ゼニヤッタ,支援線管理,92,,vod_marker,stable,維持。実戦動画で失敗パターンが増えたら追記。,v50.18
Bastion,バスティオン,Mizuki,ミズキ,救助確認,92,,vod_marker,stable,維持。実戦動画で失敗パターンが増えたら追記。,v50.18
Mei,メイ,D.Va,D.Va,接近管理,100,,,stable,維持。実戦動画で失敗パターンが増えたら追記。,v50.18
Mei,メイ,Winston,ウィンストン,接近管理,100,,,stable,維持。実戦動画で失敗パターンが増えたら追記。,v50.18
Mei,メイ,Doomfist,ドゥームフィスト,接近管理,100,,,stable,維持。実戦動画で失敗パターンが増えたら追記。,v50.18
Mei,メイ,Hazard,ハザード,接近管理,100,,,stable,維持。実戦動画で失敗パターンが増えたら追記。,v50.18
Mei,メイ,Wrecking Ball,レッキング・ボール,接近管理,100,,,stable,維持。実戦動画で失敗パターンが増えたら追記。,v50.18
Mei,メイ,Zarya,ザリア,資源削り,92,,vod_marker,stable,維持。実戦動画で失敗パターンが増えたら追記。,v50.18
Mei,メイ,Junker Queen,ジャンカー・クイーン,資源削り,92,,vod_marker,stable,維持。実戦動画で失敗パターンが増えたら追記。,v50.18
Mei,メイ,Domina,ドミナ,資源削り,92,,vod_marker,stable,維持。実戦動画で失敗パターンが増えたら追記。,v50.18
Mei,メイ,Mauga,マウガ,資源削り,92,,vod_marker,stable,維持。実戦動画で失敗パターンが増えたら追記。,v50.18
Mei,メイ,Ramattra,ラマットラ,資源削り,92,,vod_marker,stable,維持。実戦動画で失敗パターンが増えたら追記。,v50.18
Mei,メイ,Roadhog,ロードホッグ,資源削り,92,,vod_marker,stable,維持。実戦動画で失敗パターンが増えたら追記。,v50.18
Mei,メイ,Orisa,オリーサ,資源削り,92,,vod_marker,stable,維持。実戦動画で失敗パターンが増えたら追記。,v50.18
Mei,メイ,Sigma,シグマ,資源削り,92,,vod_marker,stable,維持。実戦動画で失敗パターンが増えたら追記。,v50.18
Mei,メイ,Reinhardt,ラインハルト,資源削り,92,,vod_marker,stable,維持。実戦動画で失敗パターンが増えたら追記。,v50.18
Mei,メイ,Ashe,アッシュ,射線管理,100,,,stable,維持。実戦動画で失敗パターンが増えたら追記。,v50.18
Mei,メイ,Widowmaker,ウィドウメイカー,射線管理,100,,,stable,維持。実戦動画で失敗パターンが増えたら追記。,v50.18
Mei,メイ,Emre,エムレ,射線管理,92,,wave_goal,stable,維持。実戦動画で失敗パターンが増えたら追記。,v50.18
Mei,メイ,Cassidy,キャスディ,射線管理,100,,,stable,維持。実戦動画で失敗パターンが増えたら追記。,v50.18
Mei,メイ,Sojourn,ソジョーン,射線管理,100,,,stable,維持。実戦動画で失敗パターンが増えたら追記。,v50.18
Mei,メイ,Soldier: 76,ソルジャー76,射線管理,100,,,stable,維持。実戦動画で失敗パターンが増えたら追記。,v50.18
Mei,メイ,Hanzo,ハンゾー,射線管理,100,,,stable,維持。実戦動画で失敗パターンが増えたら追記。,v50.18
Mei,メイ,Freja,フレイヤ,射線管理,100,,,stable,維持。実戦動画で失敗パターンが増えたら追記。,v50.18
Mei,メイ,Anran,アンラン,再突入確認,100,,,stable,維持。実戦動画で失敗パターンが増えたら追記。,v50.18
Mei,メイ,Genji,ゲンジ,再突入確認,100,,,stable,維持。実戦動画で失敗パターンが増えたら追記。,v50.18
Mei,メイ,Shion,シオン,再突入確認,100,,,stable,維持。実戦動画で失敗パターンが増えたら追記。,v50.18
Mei,メイ,Sombra,ソンブラ,再突入確認,100,,,stable,維持。実戦動画で失敗パターンが増えたら追記。,v50.18
Mei,メイ,Tracer,トレーサー,再突入確認,100,,,stable,維持。実戦動画で失敗パターンが増えたら追記。,v50.18
Mei,メイ,Venture,ベンチャー,再突入確認,100,,,stable,維持。実戦動画で失敗パターンが増えたら追記。,v50.18
Mei,メイ,Reaper,リーパー,再突入確認,100,,,stable,維持。実戦動画で失敗パターンが増えたら追記。,v50.18
Mei,メイ,Vendetta,ヴェンデッタ,再突入確認,100,,,stable,維持。実戦動画で失敗パターンが増えたら追記。,v50.18
Mei,メイ,Echo,エコー,空中圧確認,92,,vod_marker,stable,維持。実戦動画で失敗パターンが増えたら追記。,v50.18
Mei,メイ,Pharah,ファラ,空中圧確認,92,,vod_marker,stable,維持。実戦動画で失敗パターンが増えたら追記。,v50.18
Mei,メイ,Symmetra,シンメトラ,通路整理,100,,,stable,維持。実戦動画で失敗パターンが増えたら追記。,v50.18
Mei,メイ,Junkrat,ジャンクラット,通路整理,100,,,stable,維持。実戦動画で失敗パターンが増えたら追記。,v50.18
Mei,メイ,Torbjörn,トールビョーン,通路整理,100,,,stable,維持。実戦動画で失敗パターンが増えたら追記。,v50.18
Mei,メイ,Bastion,バスティオン,通路整理,100,,,stable,維持。実戦動画で失敗パターンが増えたら追記。,v50.18
Mei,メイ,Mei,メイ,通路整理,100,,,stable,維持。実戦動画で失敗パターンが増えたら追記。,v50.18
Mei,メイ,Illari,イラリー,救助確認,92,,vod_marker,stable,維持。実戦動画で失敗パターンが増えたら追記。,v50.18
Mei,メイ,Jetpack Cat,ジェットパック・キャット,支援線管理,100,,,stable,維持。実戦動画で失敗パターンが増えたら追記。,v50.18
Mei,メイ,Juno,ジュノ,支援線管理,92,,vod_marker,stable,維持。実戦動画で失敗パターンが増えたら追記。,v50.18
Mei,メイ,Baptiste,バティスト,救助確認,92,,vod_marker,stable,維持。実戦動画で失敗パターンが増えたら追記。,v50.18
Mei,メイ,Mercy,マーシー,救助確認,92,,vod_marker,stable,維持。実戦動画で失敗パターンが増えたら追記。,v50.18
Mei,メイ,Lifeweaver,ライフウィーバー,救助確認,92,,vod_marker,stable,維持。実戦動画で失敗パターンが増えたら追記。,v50.18
Mei,メイ,Kiriko,キリコ,救助確認,92,,vod_marker,stable,維持。実戦動画で失敗パターンが増えたら追記。,v50.18
Mei,メイ,Brigitte,ブリギッテ,救助確認,92,,vod_marker,stable,維持。実戦動画で失敗パターンが増えたら追記。,v50.18
Mei,メイ,Moira,モイラ,救助確認,92,,vod_marker,stable,維持。実戦動画で失敗パターンが増えたら追記。,v50.18
Mei,メイ,Lúcio,ルシオ,支援線管理,92,,vod_marker,stable,維持。実戦動画で失敗パターンが増えたら追記。,v50.18
Mei,メイ,Ana,アナ,救助確認,92,,vod_marker,stable,維持。実戦動画で失敗パターンが増えたら追記。,v50.18
Mei,メイ,Wuyang,ウーヤン,救助確認,92,,vod_marker,stable,維持。実戦動画で失敗パターンが増えたら追記。,v50.18
Mei,メイ,Zenyatta,ゼニヤッタ,支援線管理,92,,vod_marker,stable,維持。実戦動画で失敗パターンが増えたら追記。,v50.18
Mei,メイ,Mizuki,ミズキ,救助確認,92,,vod_marker,stable,維持。実戦動画で失敗パターンが増えたら追記。,v50.18
Sombra,ソンブラ,D.Va,D.Va,接近管理,100,,,stable,維持。実戦動画で失敗パターンが増えたら追記。,v50.18
Sombra,ソンブラ,Winston,ウィンストン,接近管理,100,,,stable,維持。実戦動画で失敗パターンが増えたら追記。,v50.18
Sombra,ソンブラ,Doomfist,ドゥームフィスト,接近管理,100,,,stable,維持。実戦動画で失敗パターンが増えたら追記。,v50.18
Sombra,ソンブラ,Hazard,ハザード,接近管理,100,,,stable,維持。実戦動画で失敗パターンが増えたら追記。,v50.18
Sombra,ソンブラ,Wrecking Ball,レッキング・ボール,接近管理,100,,,stable,維持。実戦動画で失敗パターンが増えたら追記。,v50.18
Sombra,ソンブラ,Zarya,ザリア,資源削り,92,,vod_marker,stable,維持。実戦動画で失敗パターンが増えたら追記。,v50.18
Sombra,ソンブラ,Junker Queen,ジャンカー・クイーン,資源削り,92,,vod_marker,stable,維持。実戦動画で失敗パターンが増えたら追記。,v50.18
Sombra,ソンブラ,Domina,ドミナ,資源削り,92,,vod_marker,stable,維持。実戦動画で失敗パターンが増えたら追記。,v50.18
Sombra,ソンブラ,Mauga,マウガ,資源削り,92,,vod_marker,stable,維持。実戦動画で失敗パターンが増えたら追記。,v50.18
Sombra,ソンブラ,Ramattra,ラマットラ,資源削り,92,,vod_marker,stable,維持。実戦動画で失敗パターンが増えたら追記。,v50.18
Sombra,ソンブラ,Roadhog,ロードホッグ,資源削り,92,,vod_marker,stable,維持。実戦動画で失敗パターンが増えたら追記。,v50.18
Sombra,ソンブラ,Orisa,オリーサ,資源削り,92,,vod_marker,stable,維持。実戦動画で失敗パターンが増えたら追記。,v50.18
Sombra,ソンブラ,Sigma,シグマ,資源削り,92,,vod_marker,stable,維持。実戦動画で失敗パターンが増えたら追記。,v50.18
Sombra,ソンブラ,Reinhardt,ラインハルト,資源削り,92,,vod_marker,stable,維持。実戦動画で失敗パターンが増えたら追記。,v50.18
Sombra,ソンブラ,Ashe,アッシュ,射線管理,100,,,stable,維持。実戦動画で失敗パターンが増えたら追記。,v50.18
Sombra,ソンブラ,Widowmaker,ウィドウメイカー,射線管理,100,,,stable,維持。実戦動画で失敗パターンが増えたら追記。,v50.18
Sombra,ソンブラ,Emre,エムレ,射線管理,92,,wave_goal,stable,維持。実戦動画で失敗パターンが増えたら追記。,v50.18
Sombra,ソンブラ,Cassidy,キャスディ,射線管理,100,,,stable,維持。実戦動画で失敗パターンが増えたら追記。,v50.18
Sombra,ソンブラ,Sojourn,ソジョーン,射線管理,100,,,stable,維持。実戦動画で失敗パターンが増えたら追記。,v50.18
Sombra,ソンブラ,Soldier: 76,ソルジャー76,射線管理,100,,,stable,維持。実戦動画で失敗パターンが増えたら追記。,v50.18
Sombra,ソンブラ,Hanzo,ハンゾー,射線管理,100,,,stable,維持。実戦動画で失敗パターンが増えたら追記。,v50.18
Sombra,ソンブラ,Freja,フレイヤ,射線管理,100,,,stable,維持。実戦動画で失敗パターンが増えたら追記。,v50.18
Sombra,ソンブラ,Anran,アンラン,再突入確認,100,,,stable,維持。実戦動画で失敗パターンが増えたら追記。,v50.18
Sombra,ソンブラ,Genji,ゲンジ,再突入確認,100,,,stable,維持。実戦動画で失敗パターンが増えたら追記。,v50.18
Sombra,ソンブラ,Shion,シオン,再突入確認,100,,,stable,維持。実戦動画で失敗パターンが増えたら追記。,v50.18
Sombra,ソンブラ,Sombra,ソンブラ,再突入確認,100,,,stable,維持。実戦動画で失敗パターンが増えたら追記。,v50.18
Sombra,ソンブラ,Tracer,トレーサー,再突入確認,100,,,stable,維持。実戦動画で失敗パターンが増えたら追記。,v50.18
Sombra,ソンブラ,Venture,ベンチャー,再突入確認,100,,,stable,維持。実戦動画で失敗パターンが増えたら追記。,v50.18
Sombra,ソンブラ,Reaper,リーパー,再突入確認,100,,,stable,維持。実戦動画で失敗パターンが増えたら追記。,v50.18
Sombra,ソンブラ,Vendetta,ヴェンデッタ,再突入確認,100,,,stable,維持。実戦動画で失敗パターンが増えたら追記。,v50.18
Sombra,ソンブラ,Echo,エコー,空中圧確認,92,,vod_marker,stable,維持。実戦動画で失敗パターンが増えたら追記。,v50.18
Sombra,ソンブラ,Pharah,ファラ,空中圧確認,92,,vod_marker,stable,維持。実戦動画で失敗パターンが増えたら追記。,v50.18
Sombra,ソンブラ,Symmetra,シンメトラ,通路整理,100,,,stable,維持。実戦動画で失敗パターンが増えたら追記。,v50.18
Sombra,ソンブラ,Junkrat,ジャンクラット,通路整理,100,,,stable,維持。実戦動画で失敗パターンが増えたら追記。,v50.18
Sombra,ソンブラ,Torbjörn,トールビョーン,通路整理,100,,,stable,維持。実戦動画で失敗パターンが増えたら追記。,v50.18
Sombra,ソンブラ,Bastion,バスティオン,通路整理,100,,,stable,維持。実戦動画で失敗パターンが増えたら追記。,v50.18
Sombra,ソンブラ,Mei,メイ,通路整理,100,,,stable,維持。実戦動画で失敗パターンが増えたら追記。,v50.18
Sombra,ソンブラ,Illari,イラリー,救助確認,92,,vod_marker,stable,維持。実戦動画で失敗パターンが増えたら追記。,v50.18
Sombra,ソンブラ,Jetpack Cat,ジェットパック・キャット,支援線管理,100,,,stable,維持。実戦動画で失敗パターンが増えたら追記。,v50.18
Sombra,ソンブラ,Juno,ジュノ,支援線管理,92,,vod_marker,stable,維持。実戦動画で失敗パターンが増えたら追記。,v50.18
Sombra,ソンブラ,Baptiste,バティスト,救助確認,92,,vod_marker,stable,維持。実戦動画で失敗パターンが増えたら追記。,v50.18
Sombra,ソンブラ,Mercy,マーシー,救助確認,92,,vod_marker,stable,維持。実戦動画で失敗パターンが増えたら追記。,v50.18
Sombra,ソンブラ,Lifeweaver,ライフウィーバー,救助確認,92,,vod_marker,stable,維持。実戦動画で失敗パターンが増えたら追記。,v50.18
Sombra,ソンブラ,Kiriko,キリコ,救助確認,92,,vod_marker,stable,維持。実戦動画で失敗パターンが増えたら追記。,v50.18
Sombra,ソンブラ,Brigitte,ブリギッテ,救助確認,92,,vod_marker,stable,維持。実戦動画で失敗パターンが増えたら追記。,v50.18
Sombra,ソンブラ,Moira,モイラ,救助確認,92,,vod_marker,stable,維持。実戦動画で失敗パターンが増えたら追記。,v50.18
Sombra,ソンブラ,Lúcio,ルシオ,支援線管理,92,,vod_marker,stable,維持。実戦動画で失敗パターンが増えたら追記。,v50.18
Sombra,ソンブラ,Ana,アナ,救助確認,92,,vod_marker,stable,維持。実戦動画で失敗パターンが増えたら追記。,v50.18
Sombra,ソンブラ,Wuyang,ウーヤン,救助確認,92,,vod_marker,stable,維持。実戦動画で失敗パターンが増えたら追記。,v50.18
Sombra,ソンブラ,Zenyatta,ゼニヤッタ,支援線管理,92,,vod_marker,stable,維持。実戦動画で失敗パターンが増えたら追記。,v50.18
Sombra,ソンブラ,Mizuki,ミズキ,救助確認,92,,vod_marker,stable,維持。実戦動画で失敗パターンが増えたら追記。,v50.18
Tracer,トレーサー,D.Va,D.Va,接近管理,100,,,stable,維持。実戦動画で失敗パターンが増えたら追記。,v50.18
Tracer,トレーサー,Winston,ウィンストン,接近管理,100,,,stable,維持。実戦動画で失敗パターンが増えたら追記。,v50.18
Tracer,トレーサー,Doomfist,ドゥームフィスト,接近管理,100,,,stable,維持。実戦動画で失敗パターンが増えたら追記。,v50.18
Tracer,トレーサー,Hazard,ハザード,接近管理,100,,,stable,維持。実戦動画で失敗パターンが増えたら追記。,v50.18
Tracer,トレーサー,Wrecking Ball,レッキング・ボール,接近管理,100,,,stable,維持。実戦動画で失敗パターンが増えたら追記。,v50.18
Tracer,トレーサー,Zarya,ザリア,資源削り,92,,vod_marker,stable,維持。実戦動画で失敗パターンが増えたら追記。,v50.18
Tracer,トレーサー,Junker Queen,ジャンカー・クイーン,資源削り,92,,vod_marker,stable,維持。実戦動画で失敗パターンが増えたら追記。,v50.18
Tracer,トレーサー,Domina,ドミナ,資源削り,92,,vod_marker,stable,維持。実戦動画で失敗パターンが増えたら追記。,v50.18
Tracer,トレーサー,Mauga,マウガ,資源削り,92,,vod_marker,stable,維持。実戦動画で失敗パターンが増えたら追記。,v50.18
Tracer,トレーサー,Ramattra,ラマットラ,資源削り,92,,vod_marker,stable,維持。実戦動画で失敗パターンが増えたら追記。,v50.18
Tracer,トレーサー,Roadhog,ロードホッグ,資源削り,92,,vod_marker,stable,維持。実戦動画で失敗パターンが増えたら追記。,v50.18
Tracer,トレーサー,Orisa,オリーサ,資源削り,92,,vod_marker,stable,維持。実戦動画で失敗パターンが増えたら追記。,v50.18
Tracer,トレーサー,Sigma,シグマ,資源削り,92,,vod_marker,stable,維持。実戦動画で失敗パターンが増えたら追記。,v50.18
Tracer,トレーサー,Reinhardt,ラインハルト,資源削り,92,,vod_marker,stable,維持。実戦動画で失敗パターンが増えたら追記。,v50.18
Tracer,トレーサー,Ashe,アッシュ,射線管理,100,,,stable,維持。実戦動画で失敗パターンが増えたら追記。,v50.18
Tracer,トレーサー,Widowmaker,ウィドウメイカー,射線管理,100,,,stable,維持。実戦動画で失敗パターンが増えたら追記。,v50.18
Tracer,トレーサー,Emre,エムレ,射線管理,92,,wave_goal,stable,維持。実戦動画で失敗パターンが増えたら追記。,v50.18
Tracer,トレーサー,Cassidy,キャスディ,射線管理,100,,,stable,維持。実戦動画で失敗パターンが増えたら追記。,v50.18
Tracer,トレーサー,Sojourn,ソジョーン,射線管理,100,,,stable,維持。実戦動画で失敗パターンが増えたら追記。,v50.18
Tracer,トレーサー,Soldier: 76,ソルジャー76,射線管理,100,,,stable,維持。実戦動画で失敗パターンが増えたら追記。,v50.18
Tracer,トレーサー,Hanzo,ハンゾー,射線管理,100,,,stable,維持。実戦動画で失敗パターンが増えたら追記。,v50.18
Tracer,トレーサー,Freja,フレイヤ,射線管理,100,,,stable,維持。実戦動画で失敗パターンが増えたら追記。,v50.18
Tracer,トレーサー,Anran,アンラン,再突入確認,100,,,stable,維持。実戦動画で失敗パターンが増えたら追記。,v50.18
Tracer,トレーサー,Genji,ゲンジ,再突入確認,100,,,stable,維持。実戦動画で失敗パターンが増えたら追記。,v50.18
Tracer,トレーサー,Shion,シオン,再突入確認,100,,,stable,維持。実戦動画で失敗パターンが増えたら追記。,v50.18
Tracer,トレーサー,Sombra,ソンブラ,再突入確認,100,,,stable,維持。実戦動画で失敗パターンが増えたら追記。,v50.18
Tracer,トレーサー,Tracer,トレーサー,再突入確認,100,,,stable,維持。実戦動画で失敗パターンが増えたら追記。,v50.18
Tracer,トレーサー,Venture,ベンチャー,再突入確認,100,,,stable,維持。実戦動画で失敗パターンが増えたら追記。,v50.18
Tracer,トレーサー,Reaper,リーパー,再突入確認,100,,,stable,維持。実戦動画で失敗パターンが増えたら追記。,v50.18
Tracer,トレーサー,Vendetta,ヴェンデッタ,再突入確認,100,,,stable,維持。実戦動画で失敗パターンが増えたら追記。,v50.18
Tracer,トレーサー,Echo,エコー,空中圧確認,92,,vod_marker,stable,維持。実戦動画で失敗パターンが増えたら追記。,v50.18
Tracer,トレーサー,Pharah,ファラ,空中圧確認,92,,vod_marker,stable,維持。実戦動画で失敗パターンが増えたら追記。,v50.18
Tracer,トレーサー,Symmetra,シンメトラ,通路整理,100,,,stable,維持。実戦動画で失敗パターンが増えたら追記。,v50.18
Tracer,トレーサー,Junkrat,ジャンクラット,通路整理,100,,,stable,維持。実戦動画で失敗パターンが増えたら追記。,v50.18
Tracer,トレーサー,Torbjörn,トールビョーン,通路整理,100,,,stable,維持。実戦動画で失敗パターンが増えたら追記。,v50.18
Tracer,トレーサー,Bastion,バスティオン,通路整理,100,,,stable,維持。実戦動画で失敗パターンが増えたら追記。,v50.18
Tracer,トレーサー,Mei,メイ,通路整理,100,,,stable,維持。実戦動画で失敗パターンが増えたら追記。,v50.18
Tracer,トレーサー,Illari,イラリー,救助確認,92,,vod_marker,stable,維持。実戦動画で失敗パターンが増えたら追記。,v50.18
Tracer,トレーサー,Jetpack Cat,ジェットパック・キャット,支援線管理,100,,,stable,維持。実戦動画で失敗パターンが増えたら追記。,v50.18
Tracer,トレーサー,Juno,ジュノ,支援線管理,92,,vod_marker,stable,維持。実戦動画で失敗パターンが増えたら追記。,v50.18
Tracer,トレーサー,Baptiste,バティスト,救助確認,92,,vod_marker,stable,維持。実戦動画で失敗パターンが増えたら追記。,v50.18
Tracer,トレーサー,Mercy,マーシー,救助確認,92,,vod_marker,stable,維持。実戦動画で失敗パターンが増えたら追記。,v50.18
Tracer,トレーサー,Lifeweaver,ライフウィーバー,救助確認,92,,vod_marker,stable,維持。実戦動画で失敗パターンが増えたら追記。,v50.18
Tracer,トレーサー,Kiriko,キリコ,救助確認,92,,vod_marker,stable,維持。実戦動画で失敗パターンが増えたら追記。,v50.18
Tracer,トレーサー,Brigitte,ブリギッテ,救助確認,92,,vod_marker,stable,維持。実戦動画で失敗パターンが増えたら追記。,v50.18
Tracer,トレーサー,Moira,モイラ,救助確認,92,,vod_marker,stable,維持。実戦動画で失敗パターンが増えたら追記。,v50.18
Tracer,トレーサー,Lúcio,ルシオ,支援線管理,92,,vod_marker,stable,維持。実戦動画で失敗パターンが増えたら追記。,v50.18
Tracer,トレーサー,Ana,アナ,救助確認,92,,vod_marker,stable,維持。実戦動画で失敗パターンが増えたら追記。,v50.18
Tracer,トレーサー,Wuyang,ウーヤン,救助確認,92,,vod_marker,stable,維持。実戦動画で失敗パターンが増えたら追記。,v50.18
Tracer,トレーサー,Zenyatta,ゼニヤッタ,支援線管理,92,,vod_marker,stable,維持。実戦動画で失敗パターンが増えたら追記。,v50.18
Tracer,トレーサー,Mizuki,ミズキ,救助確認,92,,vod_marker,stable,維持。実戦動画で失敗パターンが増えたら追記。,v50.18
Genji,ゲンジ,D.Va,D.Va,接近管理,100,,,stable,維持。実戦動画で失敗パターンが増えたら追記。,v50.18
Genji,ゲンジ,Winston,ウィンストン,接近管理,100,,,stable,維持。実戦動画で失敗パターンが増えたら追記。,v50.18
Genji,ゲンジ,Doomfist,ドゥームフィスト,接近管理,100,,,stable,維持。実戦動画で失敗パターンが増えたら追記。,v50.18
Genji,ゲンジ,Hazard,ハザード,接近管理,100,,,stable,維持。実戦動画で失敗パターンが増えたら追記。,v50.18
Genji,ゲンジ,Wrecking Ball,レッキング・ボール,接近管理,100,,,stable,維持。実戦動画で失敗パターンが増えたら追記。,v50.18
Genji,ゲンジ,Zarya,ザリア,資源削り,92,,vod_marker,stable,維持。実戦動画で失敗パターンが増えたら追記。,v50.18
Genji,ゲンジ,Junker Queen,ジャンカー・クイーン,資源削り,92,,vod_marker,stable,維持。実戦動画で失敗パターンが増えたら追記。,v50.18
Genji,ゲンジ,Domina,ドミナ,資源削り,92,,vod_marker,stable,維持。実戦動画で失敗パターンが増えたら追記。,v50.18
Genji,ゲンジ,Mauga,マウガ,資源削り,92,,vod_marker,stable,維持。実戦動画で失敗パターンが増えたら追記。,v50.18
Genji,ゲンジ,Ramattra,ラマットラ,資源削り,92,,vod_marker,stable,維持。実戦動画で失敗パターンが増えたら追記。,v50.18
Genji,ゲンジ,Roadhog,ロードホッグ,資源削り,92,,vod_marker,stable,維持。実戦動画で失敗パターンが増えたら追記。,v50.18
Genji,ゲンジ,Orisa,オリーサ,資源削り,92,,vod_marker,stable,維持。実戦動画で失敗パターンが増えたら追記。,v50.18
Genji,ゲンジ,Sigma,シグマ,資源削り,92,,vod_marker,stable,維持。実戦動画で失敗パターンが増えたら追記。,v50.18
Genji,ゲンジ,Reinhardt,ラインハルト,資源削り,92,,vod_marker,stable,維持。実戦動画で失敗パターンが増えたら追記。,v50.18
Genji,ゲンジ,Ashe,アッシュ,射線管理,100,,,stable,維持。実戦動画で失敗パターンが増えたら追記。,v50.18
Genji,ゲンジ,Widowmaker,ウィドウメイカー,射線管理,100,,,stable,維持。実戦動画で失敗パターンが増えたら追記。,v50.18
Genji,ゲンジ,Emre,エムレ,射線管理,92,,wave_goal,stable,維持。実戦動画で失敗パターンが増えたら追記。,v50.18
Genji,ゲンジ,Cassidy,キャスディ,射線管理,100,,,stable,維持。実戦動画で失敗パターンが増えたら追記。,v50.18
Genji,ゲンジ,Sojourn,ソジョーン,射線管理,100,,,stable,維持。実戦動画で失敗パターンが増えたら追記。,v50.18
Genji,ゲンジ,Soldier: 76,ソルジャー76,射線管理,100,,,stable,維持。実戦動画で失敗パターンが増えたら追記。,v50.18
Genji,ゲンジ,Hanzo,ハンゾー,射線管理,100,,,stable,維持。実戦動画で失敗パターンが増えたら追記。,v50.18
Genji,ゲンジ,Freja,フレイヤ,射線管理,100,,,stable,維持。実戦動画で失敗パターンが増えたら追記。,v50.18
Genji,ゲンジ,Anran,アンラン,再突入確認,100,,,stable,維持。実戦動画で失敗パターンが増えたら追記。,v50.18
Genji,ゲンジ,Genji,ゲンジ,再突入確認,100,,,stable,維持。実戦動画で失敗パターンが増えたら追記。,v50.18
Genji,ゲンジ,Shion,シオン,再突入確認,100,,,stable,維持。実戦動画で失敗パターンが増えたら追記。,v50.18
Genji,ゲンジ,Sombra,ソンブラ,再突入確認,100,,,stable,維持。実戦動画で失敗パターンが増えたら追記。,v50.18
Genji,ゲンジ,Tracer,トレーサー,再突入確認,100,,,stable,維持。実戦動画で失敗パターンが増えたら追記。,v50.18
Genji,ゲンジ,Venture,ベンチャー,再突入確認,100,,,stable,維持。実戦動画で失敗パターンが増えたら追記。,v50.18
Genji,ゲンジ,Reaper,リーパー,再突入確認,100,,,stable,維持。実戦動画で失敗パターンが増えたら追記。,v50.18
Genji,ゲンジ,Vendetta,ヴェンデッタ,再突入確認,100,,,stable,維持。実戦動画で失敗パターンが増えたら追記。,v50.18
Genji,ゲンジ,Echo,エコー,空中圧確認,92,,vod_marker,stable,維持。実戦動画で失敗パターンが増えたら追記。,v50.18
Genji,ゲンジ,Pharah,ファラ,空中圧確認,92,,vod_marker,stable,維持。実戦動画で失敗パターンが増えたら追記。,v50.18
Genji,ゲンジ,Symmetra,シンメトラ,通路整理,100,,,stable,維持。実戦動画で失敗パターンが増えたら追記。,v50.18
Genji,ゲンジ,Junkrat,ジャンクラット,通路整理,100,,,stable,維持。実戦動画で失敗パターンが増えたら追記。,v50.18
Genji,ゲンジ,Torbjörn,トールビョーン,通路整理,100,,,stable,維持。実戦動画で失敗パターンが増えたら追記。,v50.18
Genji,ゲンジ,Bastion,バスティオン,通路整理,100,,,stable,維持。実戦動画で失敗パターンが増えたら追記。,v50.18
Genji,ゲンジ,Mei,メイ,通路整理,100,,,stable,維持。実戦動画で失敗パターンが増えたら追記。,v50.18
Genji,ゲンジ,Illari,イラリー,救助確認,92,,vod_marker,stable,維持。実戦動画で失敗パターンが増えたら追記。,v50.18
Genji,ゲンジ,Jetpack Cat,ジェットパック・キャット,支援線管理,100,,,stable,維持。実戦動画で失敗パターンが増えたら追記。,v50.18
Genji,ゲンジ,Juno,ジュノ,支援線管理,92,,vod_marker,stable,維持。実戦動画で失敗パターンが増えたら追記。,v50.18
Genji,ゲンジ,Baptiste,バティスト,救助確認,92,,vod_marker,stable,維持。実戦動画で失敗パターンが増えたら追記。,v50.18
Genji,ゲンジ,Mercy,マーシー,救助確認,92,,vod_marker,stable,維持。実戦動画で失敗パターンが増えたら追記。,v50.18
Genji,ゲンジ,Lifeweaver,ライフウィーバー,救助確認,92,,vod_marker,stable,維持。実戦動画で失敗パターンが増えたら追記。,v50.18
Genji,ゲンジ,Kiriko,キリコ,救助確認,92,,vod_marker,stable,維持。実戦動画で失敗パターンが増えたら追記。,v50.18
Genji,ゲンジ,Brigitte,ブリギッテ,救助確認,92,,vod_marker,stable,維持。実戦動画で失敗パターンが増えたら追記。,v50.18
Genji,ゲンジ,Moira,モイラ,救助確認,92,,vod_marker,stable,維持。実戦動画で失敗パターンが増えたら追記。,v50.18
Genji,ゲンジ,Lúcio,ルシオ,支援線管理,92,,vod_marker,stable,維持。実戦動画で失敗パターンが増えたら追記。,v50.18
Genji,ゲンジ,Ana,アナ,救助確認,92,,vod_marker,stable,維持。実戦動画で失敗パターンが増えたら追記。,v50.18
Genji,ゲンジ,Wuyang,ウーヤン,救助確認,92,,vod_marker,stable,維持。実戦動画で失敗パターンが増えたら追記。,v50.18
Genji,ゲンジ,Zenyatta,ゼニヤッタ,支援線管理,92,,vod_marker,stable,維持。実戦動画で失敗パターンが増えたら追記。,v50.18
Genji,ゲンジ,Mizuki,ミズキ,救助確認,92,,vod_marker,stable,維持。実戦動画で失敗パターンが増えたら追記。,v50.18
Junkrat,ジャンクラット,D.Va,D.Va,接近管理,100,,,stable,維持。実戦動画で失敗パターンが増えたら追記。,v50.18
Junkrat,ジャンクラット,Winston,ウィンストン,接近管理,100,,,stable,維持。実戦動画で失敗パターンが増えたら追記。,v50.18
Junkrat,ジャンクラット,Doomfist,ドゥームフィスト,接近管理,100,,,stable,維持。実戦動画で失敗パターンが増えたら追記。,v50.18
Junkrat,ジャンクラット,Hazard,ハザード,接近管理,100,,,stable,維持。実戦動画で失敗パターンが増えたら追記。,v50.18
Junkrat,ジャンクラット,Wrecking Ball,レッキング・ボール,接近管理,100,,,stable,維持。実戦動画で失敗パターンが増えたら追記。,v50.18
Junkrat,ジャンクラット,Zarya,ザリア,資源削り,92,,vod_marker,stable,維持。実戦動画で失敗パターンが増えたら追記。,v50.18
Junkrat,ジャンクラット,Junker Queen,ジャンカー・クイーン,資源削り,92,,vod_marker,stable,維持。実戦動画で失敗パターンが増えたら追記。,v50.18
Junkrat,ジャンクラット,Domina,ドミナ,資源削り,92,,vod_marker,stable,維持。実戦動画で失敗パターンが増えたら追記。,v50.18
Junkrat,ジャンクラット,Mauga,マウガ,資源削り,92,,vod_marker,stable,維持。実戦動画で失敗パターンが増えたら追記。,v50.18
Junkrat,ジャンクラット,Ramattra,ラマットラ,資源削り,92,,vod_marker,stable,維持。実戦動画で失敗パターンが増えたら追記。,v50.18
Junkrat,ジャンクラット,Roadhog,ロードホッグ,資源削り,92,,vod_marker,stable,維持。実戦動画で失敗パターンが増えたら追記。,v50.18
Junkrat,ジャンクラット,Orisa,オリーサ,資源削り,92,,vod_marker,stable,維持。実戦動画で失敗パターンが増えたら追記。,v50.18
Junkrat,ジャンクラット,Sigma,シグマ,資源削り,92,,vod_marker,stable,維持。実戦動画で失敗パターンが増えたら追記。,v50.18
Junkrat,ジャンクラット,Reinhardt,ラインハルト,資源削り,92,,vod_marker,stable,維持。実戦動画で失敗パターンが増えたら追記。,v50.18
Junkrat,ジャンクラット,Ashe,アッシュ,射線管理,100,,,stable,維持。実戦動画で失敗パターンが増えたら追記。,v50.18
Junkrat,ジャンクラット,Widowmaker,ウィドウメイカー,射線管理,100,,,stable,維持。実戦動画で失敗パターンが増えたら追記。,v50.18
Junkrat,ジャンクラット,Emre,エムレ,射線管理,92,,wave_goal,stable,維持。実戦動画で失敗パターンが増えたら追記。,v50.18
Junkrat,ジャンクラット,Cassidy,キャスディ,射線管理,100,,,stable,維持。実戦動画で失敗パターンが増えたら追記。,v50.18
Junkrat,ジャンクラット,Sojourn,ソジョーン,射線管理,100,,,stable,維持。実戦動画で失敗パターンが増えたら追記。,v50.18
Junkrat,ジャンクラット,Soldier: 76,ソルジャー76,射線管理,100,,,stable,維持。実戦動画で失敗パターンが増えたら追記。,v50.18
Junkrat,ジャンクラット,Hanzo,ハンゾー,射線管理,100,,,stable,維持。実戦動画で失敗パターンが増えたら追記。,v50.18
Junkrat,ジャンクラット,Freja,フレイヤ,射線管理,100,,,stable,維持。実戦動画で失敗パターンが増えたら追記。,v50.18
Junkrat,ジャンクラット,Anran,アンラン,再突入確認,100,,,stable,維持。実戦動画で失敗パターンが増えたら追記。,v50.18
Junkrat,ジャンクラット,Genji,ゲンジ,再突入確認,100,,,stable,維持。実戦動画で失敗パターンが増えたら追記。,v50.18
Junkrat,ジャンクラット,Shion,シオン,再突入確認,100,,,stable,維持。実戦動画で失敗パターンが増えたら追記。,v50.18
Junkrat,ジャンクラット,Sombra,ソンブラ,再突入確認,100,,,stable,維持。実戦動画で失敗パターンが増えたら追記。,v50.18
Junkrat,ジャンクラット,Tracer,トレーサー,再突入確認,100,,,stable,維持。実戦動画で失敗パターンが増えたら追記。,v50.18
Junkrat,ジャンクラット,Venture,ベンチャー,再突入確認,100,,,stable,維持。実戦動画で失敗パターンが増えたら追記。,v50.18
Junkrat,ジャンクラット,Reaper,リーパー,再突入確認,100,,,stable,維持。実戦動画で失敗パターンが増えたら追記。,v50.18
Junkrat,ジャンクラット,Vendetta,ヴェンデッタ,再突入確認,100,,,stable,維持。実戦動画で失敗パターンが増えたら追記。,v50.18
Junkrat,ジャンクラット,Echo,エコー,空中圧確認,92,,vod_marker,stable,維持。実戦動画で失敗パターンが増えたら追記。,v50.18
Junkrat,ジャンクラット,Pharah,ファラ,空中圧確認,92,,vod_marker,stable,維持。実戦動画で失敗パターンが増えたら追記。,v50.18
Junkrat,ジャンクラット,Symmetra,シンメトラ,通路整理,100,,,stable,維持。実戦動画で失敗パターンが増えたら追記。,v50.18
Junkrat,ジャンクラット,Junkrat,ジャンクラット,通路整理,100,,,stable,維持。実戦動画で失敗パターンが増えたら追記。,v50.18
Junkrat,ジャンクラット,Torbjörn,トールビョーン,通路整理,100,,,stable,維持。実戦動画で失敗パターンが増えたら追記。,v50.18
Junkrat,ジャンクラット,Bastion,バスティオン,通路整理,100,,,stable,維持。実戦動画で失敗パターンが増えたら追記。,v50.18
Junkrat,ジャンクラット,Mei,メイ,通路整理,100,,,stable,維持。実戦動画で失敗パターンが増えたら追記。,v50.18
Junkrat,ジャンクラット,Illari,イラリー,救助確認,92,,vod_marker,stable,維持。実戦動画で失敗パターンが増えたら追記。,v50.18
Junkrat,ジャンクラット,Jetpack Cat,ジェットパック・キャット,支援線管理,100,,,stable,維持。実戦動画で失敗パターンが増えたら追記。,v50.18
Junkrat,ジャンクラット,Juno,ジュノ,支援線管理,92,,vod_marker,stable,維持。実戦動画で失敗パターンが増えたら追記。,v50.18
Junkrat,ジャンクラット,Baptiste,バティスト,救助確認,92,,vod_marker,stable,維持。実戦動画で失敗パターンが増えたら追記。,v50.18
Junkrat,ジャンクラット,Mercy,マーシー,救助確認,92,,vod_marker,stable,維持。実戦動画で失敗パターンが増えたら追記。,v50.18
Junkrat,ジャンクラット,Lifeweaver,ライフウィーバー,救助確認,92,,vod_marker,stable,維持。実戦動画で失敗パターンが増えたら追記。,v50.18
Junkrat,ジャンクラット,Kiriko,キリコ,救助確認,92,,vod_marker,stable,維持。実戦動画で失敗パターンが増えたら追記。,v50.18
Junkrat,ジャンクラット,Brigitte,ブリギッテ,救助確認,92,,vod_marker,stable,維持。実戦動画で失敗パターンが増えたら追記。,v50.18
Junkrat,ジャンクラット,Moira,モイラ,救助確認,92,,vod_marker,stable,維持。実戦動画で失敗パターンが増えたら追記。,v50.18
Junkrat,ジャンクラット,Lúcio,ルシオ,支援線管理,92,,vod_marker,stable,維持。実戦動画で失敗パターンが増えたら追記。,v50.18
Junkrat,ジャンクラット,Ana,アナ,救助確認,92,,vod_marker,stable,維持。実戦動画で失敗パターンが増えたら追記。,v50.18
Junkrat,ジャンクラット,Wuyang,ウーヤン,救助確認,92,,vod_marker,stable,維持。実戦動画で失敗パターンが増えたら追記。,v50.18
Junkrat,ジャンクラット,Zenyatta,ゼニヤッタ,支援線管理,92,,vod_marker,stable,維持。実戦動画で失敗パターンが増えたら追記。,v50.18
Junkrat,ジャンクラット,Mizuki,ミズキ,救助確認,92,,vod_marker,stable,維持。実戦動画で失敗パターンが増えたら追記。,v50.18
Pharah,ファラ,D.Va,D.Va,接近管理,100,,,stable,維持。実戦動画で失敗パターンが増えたら追記。,v50.18
Pharah,ファラ,Winston,ウィンストン,接近管理,100,,,stable,維持。実戦動画で失敗パターンが増えたら追記。,v50.18
Pharah,ファラ,Doomfist,ドゥームフィスト,接近管理,100,,,stable,維持。実戦動画で失敗パターンが増えたら追記。,v50.18
Pharah,ファラ,Hazard,ハザード,接近管理,100,,,stable,維持。実戦動画で失敗パターンが増えたら追記。,v50.18
Pharah,ファラ,Wrecking Ball,レッキング・ボール,接近管理,100,,,stable,維持。実戦動画で失敗パターンが増えたら追記。,v50.18
Pharah,ファラ,Zarya,ザリア,資源削り,92,,vod_marker,stable,維持。実戦動画で失敗パターンが増えたら追記。,v50.18
Pharah,ファラ,Junker Queen,ジャンカー・クイーン,資源削り,92,,vod_marker,stable,維持。実戦動画で失敗パターンが増えたら追記。,v50.18
Pharah,ファラ,Domina,ドミナ,資源削り,92,,vod_marker,stable,維持。実戦動画で失敗パターンが増えたら追記。,v50.18
Pharah,ファラ,Mauga,マウガ,資源削り,92,,vod_marker,stable,維持。実戦動画で失敗パターンが増えたら追記。,v50.18
Pharah,ファラ,Ramattra,ラマットラ,資源削り,92,,vod_marker,stable,維持。実戦動画で失敗パターンが増えたら追記。,v50.18
Pharah,ファラ,Roadhog,ロードホッグ,資源削り,92,,vod_marker,stable,維持。実戦動画で失敗パターンが増えたら追記。,v50.18
Pharah,ファラ,Orisa,オリーサ,資源削り,92,,vod_marker,stable,維持。実戦動画で失敗パターンが増えたら追記。,v50.18
Pharah,ファラ,Sigma,シグマ,資源削り,92,,vod_marker,stable,維持。実戦動画で失敗パターンが増えたら追記。,v50.18
Pharah,ファラ,Reinhardt,ラインハルト,資源削り,92,,vod_marker,stable,維持。実戦動画で失敗パターンが増えたら追記。,v50.18
Pharah,ファラ,Ashe,アッシュ,射線管理,100,,,stable,維持。実戦動画で失敗パターンが増えたら追記。,v50.18
Pharah,ファラ,Widowmaker,ウィドウメイカー,射線管理,100,,,stable,維持。実戦動画で失敗パターンが増えたら追記。,v50.18
Pharah,ファラ,Emre,エムレ,射線管理,92,,wave_goal,stable,維持。実戦動画で失敗パターンが増えたら追記。,v50.18
Pharah,ファラ,Cassidy,キャスディ,射線管理,100,,,stable,維持。実戦動画で失敗パターンが増えたら追記。,v50.18
Pharah,ファラ,Sojourn,ソジョーン,射線管理,100,,,stable,維持。実戦動画で失敗パターンが増えたら追記。,v50.18
Pharah,ファラ,Soldier: 76,ソルジャー76,射線管理,100,,,stable,維持。実戦動画で失敗パターンが増えたら追記。,v50.18
Pharah,ファラ,Hanzo,ハンゾー,射線管理,100,,,stable,維持。実戦動画で失敗パターンが増えたら追記。,v50.18
Pharah,ファラ,Freja,フレイヤ,射線管理,100,,,stable,維持。実戦動画で失敗パターンが増えたら追記。,v50.18
Pharah,ファラ,Anran,アンラン,再突入確認,100,,,stable,維持。実戦動画で失敗パターンが増えたら追記。,v50.18
Pharah,ファラ,Genji,ゲンジ,再突入確認,100,,,stable,維持。実戦動画で失敗パターンが増えたら追記。,v50.18
Pharah,ファラ,Shion,シオン,再突入確認,100,,,stable,維持。実戦動画で失敗パターンが増えたら追記。,v50.18
Pharah,ファラ,Sombra,ソンブラ,再突入確認,100,,,stable,維持。実戦動画で失敗パターンが増えたら追記。,v50.18
Pharah,ファラ,Tracer,トレーサー,再突入確認,100,,,stable,維持。実戦動画で失敗パターンが増えたら追記。,v50.18
Pharah,ファラ,Venture,ベンチャー,再突入確認,100,,,stable,維持。実戦動画で失敗パターンが増えたら追記。,v50.18
Pharah,ファラ,Reaper,リーパー,再突入確認,100,,,stable,維持。実戦動画で失敗パターンが増えたら追記。,v50.18
Pharah,ファラ,Vendetta,ヴェンデッタ,再突入確認,100,,,stable,維持。実戦動画で失敗パターンが増えたら追記。,v50.18
Pharah,ファラ,Echo,エコー,空中圧確認,92,,vod_marker,stable,維持。実戦動画で失敗パターンが増えたら追記。,v50.18
Pharah,ファラ,Pharah,ファラ,空中圧確認,92,,vod_marker,stable,維持。実戦動画で失敗パターンが増えたら追記。,v50.18
Pharah,ファラ,Symmetra,シンメトラ,通路整理,100,,,stable,維持。実戦動画で失敗パターンが増えたら追記。,v50.18
Pharah,ファラ,Junkrat,ジャンクラット,通路整理,100,,,stable,維持。実戦動画で失敗パターンが増えたら追記。,v50.18
Pharah,ファラ,Torbjörn,トールビョーン,通路整理,100,,,stable,維持。実戦動画で失敗パターンが増えたら追記。,v50.18
Pharah,ファラ,Bastion,バスティオン,通路整理,100,,,stable,維持。実戦動画で失敗パターンが増えたら追記。,v50.18
Pharah,ファラ,Mei,メイ,通路整理,100,,,stable,維持。実戦動画で失敗パターンが増えたら追記。,v50.18
Pharah,ファラ,Illari,イラリー,救助確認,92,,vod_marker,stable,維持。実戦動画で失敗パターンが増えたら追記。,v50.18
Pharah,ファラ,Jetpack Cat,ジェットパック・キャット,支援線管理,100,,,stable,維持。実戦動画で失敗パターンが増えたら追記。,v50.18
Pharah,ファラ,Juno,ジュノ,支援線管理,92,,vod_marker,stable,維持。実戦動画で失敗パターンが増えたら追記。,v50.18
Pharah,ファラ,Baptiste,バティスト,救助確認,92,,vod_marker,stable,維持。実戦動画で失敗パターンが増えたら追記。,v50.18
Pharah,ファラ,Mercy,マーシー,救助確認,92,,vod_marker,stable,維持。実戦動画で失敗パターンが増えたら追記。,v50.18
Pharah,ファラ,Lifeweaver,ライフウィーバー,救助確認,92,,vod_marker,stable,維持。実戦動画で失敗パターンが増えたら追記。,v50.18
Pharah,ファラ,Kiriko,キリコ,救助確認,92,,vod_marker,stable,維持。実戦動画で失敗パターンが増えたら追記。,v50.18
Pharah,ファラ,Brigitte,ブリギッテ,救助確認,92,,vod_marker,stable,維持。実戦動画で失敗パターンが増えたら追記。,v50.18
Pharah,ファラ,Moira,モイラ,救助確認,92,,vod_marker,stable,維持。実戦動画で失敗パターンが増えたら追記。,v50.18
Pharah,ファラ,Lúcio,ルシオ,支援線管理,92,,vod_marker,stable,維持。実戦動画で失敗パターンが増えたら追記。,v50.18
Pharah,ファラ,Ana,アナ,救助確認,92,,vod_marker,stable,維持。実戦動画で失敗パターンが増えたら追記。,v50.18
Pharah,ファラ,Wuyang,ウーヤン,救助確認,92,,vod_marker,stable,維持。実戦動画で失敗パターンが増えたら追記。,v50.18
Pharah,ファラ,Zenyatta,ゼニヤッタ,支援線管理,92,,vod_marker,stable,維持。実戦動画で失敗パターンが増えたら追記。,v50.18
Pharah,ファラ,Mizuki,ミズキ,救助確認,92,,vod_marker,stable,維持。実戦動画で失敗パターンが増えたら追記。,v50.18
Echo,エコー,D.Va,D.Va,接近管理,100,,,stable,維持。実戦動画で失敗パターンが増えたら追記。,v50.18
Echo,エコー,Winston,ウィンストン,接近管理,100,,,stable,維持。実戦動画で失敗パターンが増えたら追記。,v50.18
Echo,エコー,Doomfist,ドゥームフィスト,接近管理,100,,,stable,維持。実戦動画で失敗パターンが増えたら追記。,v50.18
Echo,エコー,Hazard,ハザード,接近管理,100,,,stable,維持。実戦動画で失敗パターンが増えたら追記。,v50.18
Echo,エコー,Wrecking Ball,レッキング・ボール,接近管理,100,,,stable,維持。実戦動画で失敗パターンが増えたら追記。,v50.18
Echo,エコー,Zarya,ザリア,資源削り,92,,vod_marker,stable,維持。実戦動画で失敗パターンが増えたら追記。,v50.18
Echo,エコー,Junker Queen,ジャンカー・クイーン,資源削り,92,,vod_marker,stable,維持。実戦動画で失敗パターンが増えたら追記。,v50.18
Echo,エコー,Domina,ドミナ,資源削り,92,,vod_marker,stable,維持。実戦動画で失敗パターンが増えたら追記。,v50.18
Echo,エコー,Mauga,マウガ,資源削り,92,,vod_marker,stable,維持。実戦動画で失敗パターンが増えたら追記。,v50.18
Echo,エコー,Ramattra,ラマットラ,資源削り,92,,vod_marker,stable,維持。実戦動画で失敗パターンが増えたら追記。,v50.18
Echo,エコー,Roadhog,ロードホッグ,資源削り,92,,vod_marker,stable,維持。実戦動画で失敗パターンが増えたら追記。,v50.18
Echo,エコー,Orisa,オリーサ,資源削り,92,,vod_marker,stable,維持。実戦動画で失敗パターンが増えたら追記。,v50.18
Echo,エコー,Sigma,シグマ,資源削り,92,,vod_marker,stable,維持。実戦動画で失敗パターンが増えたら追記。,v50.18
Echo,エコー,Reinhardt,ラインハルト,資源削り,92,,vod_marker,stable,維持。実戦動画で失敗パターンが増えたら追記。,v50.18
Echo,エコー,Ashe,アッシュ,射線管理,100,,,stable,維持。実戦動画で失敗パターンが増えたら追記。,v50.18
Echo,エコー,Widowmaker,ウィドウメイカー,射線管理,100,,,stable,維持。実戦動画で失敗パターンが増えたら追記。,v50.18
Echo,エコー,Emre,エムレ,射線管理,92,,wave_goal,stable,維持。実戦動画で失敗パターンが増えたら追記。,v50.18
Echo,エコー,Cassidy,キャスディ,射線管理,100,,,stable,維持。実戦動画で失敗パターンが増えたら追記。,v50.18
Echo,エコー,Sojourn,ソジョーン,射線管理,100,,,stable,維持。実戦動画で失敗パターンが増えたら追記。,v50.18
Echo,エコー,Soldier: 76,ソルジャー76,射線管理,100,,,stable,維持。実戦動画で失敗パターンが増えたら追記。,v50.18
Echo,エコー,Hanzo,ハンゾー,射線管理,100,,,stable,維持。実戦動画で失敗パターンが増えたら追記。,v50.18
Echo,エコー,Freja,フレイヤ,射線管理,100,,,stable,維持。実戦動画で失敗パターンが増えたら追記。,v50.18
Echo,エコー,Anran,アンラン,再突入確認,100,,,stable,維持。実戦動画で失敗パターンが増えたら追記。,v50.18
Echo,エコー,Genji,ゲンジ,再突入確認,100,,,stable,維持。実戦動画で失敗パターンが増えたら追記。,v50.18
Echo,エコー,Shion,シオン,再突入確認,100,,,stable,維持。実戦動画で失敗パターンが増えたら追記。,v50.18
Echo,エコー,Sombra,ソンブラ,再突入確認,100,,,stable,維持。実戦動画で失敗パターンが増えたら追記。,v50.18
Echo,エコー,Tracer,トレーサー,再突入確認,100,,,stable,維持。実戦動画で失敗パターンが増えたら追記。,v50.18
Echo,エコー,Venture,ベンチャー,再突入確認,100,,,stable,維持。実戦動画で失敗パターンが増えたら追記。,v50.18
Echo,エコー,Reaper,リーパー,再突入確認,100,,,stable,維持。実戦動画で失敗パターンが増えたら追記。,v50.18
Echo,エコー,Vendetta,ヴェンデッタ,再突入確認,100,,,stable,維持。実戦動画で失敗パターンが増えたら追記。,v50.18
Echo,エコー,Echo,エコー,空中圧確認,92,,vod_marker,stable,維持。実戦動画で失敗パターンが増えたら追記。,v50.18
Echo,エコー,Pharah,ファラ,空中圧確認,92,,vod_marker,stable,維持。実戦動画で失敗パターンが増えたら追記。,v50.18
Echo,エコー,Symmetra,シンメトラ,通路整理,100,,,stable,維持。実戦動画で失敗パターンが増えたら追記。,v50.18
Echo,エコー,Junkrat,ジャンクラット,通路整理,100,,,stable,維持。実戦動画で失敗パターンが増えたら追記。,v50.18
Echo,エコー,Torbjörn,トールビョーン,通路整理,100,,,stable,維持。実戦動画で失敗パターンが増えたら追記。,v50.18
Echo,エコー,Bastion,バスティオン,通路整理,100,,,stable,維持。実戦動画で失敗パターンが増えたら追記。,v50.18
Echo,エコー,Mei,メイ,通路整理,100,,,stable,維持。実戦動画で失敗パターンが増えたら追記。,v50.18
Echo,エコー,Illari,イラリー,救助確認,92,,vod_marker,stable,維持。実戦動画で失敗パターンが増えたら追記。,v50.18
Echo,エコー,Jetpack Cat,ジェットパック・キャット,支援線管理,100,,,stable,維持。実戦動画で失敗パターンが増えたら追記。,v50.18
Echo,エコー,Juno,ジュノ,支援線管理,92,,vod_marker,stable,維持。実戦動画で失敗パターンが増えたら追記。,v50.18
Echo,エコー,Baptiste,バティスト,救助確認,92,,vod_marker,stable,維持。実戦動画で失敗パターンが増えたら追記。,v50.18
Echo,エコー,Mercy,マーシー,救助確認,92,,vod_marker,stable,維持。実戦動画で失敗パターンが増えたら追記。,v50.18
Echo,エコー,Lifeweaver,ライフウィーバー,救助確認,92,,vod_marker,stable,維持。実戦動画で失敗パターンが増えたら追記。,v50.18
Echo,エコー,Kiriko,キリコ,救助確認,92,,vod_marker,stable,維持。実戦動画で失敗パターンが増えたら追記。,v50.18
Echo,エコー,Brigitte,ブリギッテ,救助確認,92,,vod_marker,stable,維持。実戦動画で失敗パターンが増えたら追記。,v50.18
Echo,エコー,Moira,モイラ,救助確認,92,,vod_marker,stable,維持。実戦動画で失敗パターンが増えたら追記。,v50.18
Echo,エコー,Lúcio,ルシオ,支援線管理,92,,vod_marker,stable,維持。実戦動画で失敗パターンが増えたら追記。,v50.18
Echo,エコー,Ana,アナ,救助確認,92,,vod_marker,stable,維持。実戦動画で失敗パターンが増えたら追記。,v50.18
Echo,エコー,Wuyang,ウーヤン,救助確認,92,,vod_marker,stable,維持。実戦動画で失敗パターンが増えたら追記。,v50.18
Echo,エコー,Zenyatta,ゼニヤッタ,支援線管理,92,,vod_marker,stable,維持。実戦動画で失敗パターンが増えたら追記。,v50.18
Echo,エコー,Mizuki,ミズキ,救助確認,92,,vod_marker,stable,維持。実戦動画で失敗パターンが増えたら追記。,v50.18
Emre,エムレ,D.Va,D.Va,接近管理,100,,,stable,維持。実戦動画で失敗パターンが増えたら追記。,v50.18
Emre,エムレ,Winston,ウィンストン,接近管理,100,,,stable,維持。実戦動画で失敗パターンが増えたら追記。,v50.18
Emre,エムレ,Doomfist,ドゥームフィスト,接近管理,100,,,stable,維持。実戦動画で失敗パターンが増えたら追記。,v50.18
Emre,エムレ,Hazard,ハザード,接近管理,100,,,stable,維持。実戦動画で失敗パターンが増えたら追記。,v50.18
Emre,エムレ,Wrecking Ball,レッキング・ボール,接近管理,100,,,stable,維持。実戦動画で失敗パターンが増えたら追記。,v50.18
Emre,エムレ,Zarya,ザリア,資源削り,92,,vod_marker,stable,維持。実戦動画で失敗パターンが増えたら追記。,v50.18
Emre,エムレ,Junker Queen,ジャンカー・クイーン,資源削り,92,,vod_marker,stable,維持。実戦動画で失敗パターンが増えたら追記。,v50.18
Emre,エムレ,Domina,ドミナ,資源削り,92,,vod_marker,stable,維持。実戦動画で失敗パターンが増えたら追記。,v50.18
Emre,エムレ,Mauga,マウガ,資源削り,92,,vod_marker,stable,維持。実戦動画で失敗パターンが増えたら追記。,v50.18
Emre,エムレ,Ramattra,ラマットラ,資源削り,92,,vod_marker,stable,維持。実戦動画で失敗パターンが増えたら追記。,v50.18
Emre,エムレ,Roadhog,ロードホッグ,資源削り,92,,vod_marker,stable,維持。実戦動画で失敗パターンが増えたら追記。,v50.18
Emre,エムレ,Orisa,オリーサ,資源削り,92,,vod_marker,stable,維持。実戦動画で失敗パターンが増えたら追記。,v50.18
Emre,エムレ,Sigma,シグマ,資源削り,92,,vod_marker,stable,維持。実戦動画で失敗パターンが増えたら追記。,v50.18
Emre,エムレ,Reinhardt,ラインハルト,資源削り,92,,vod_marker,stable,維持。実戦動画で失敗パターンが増えたら追記。,v50.18
Emre,エムレ,Ashe,アッシュ,射線管理,100,,,stable,維持。実戦動画で失敗パターンが増えたら追記。,v50.18
Emre,エムレ,Widowmaker,ウィドウメイカー,射線管理,100,,,stable,維持。実戦動画で失敗パターンが増えたら追記。,v50.18
Emre,エムレ,Emre,エムレ,射線管理,92,,wave_goal,stable,維持。実戦動画で失敗パターンが増えたら追記。,v50.18
Emre,エムレ,Cassidy,キャスディ,射線管理,100,,,stable,維持。実戦動画で失敗パターンが増えたら追記。,v50.18
Emre,エムレ,Sojourn,ソジョーン,射線管理,100,,,stable,維持。実戦動画で失敗パターンが増えたら追記。,v50.18
Emre,エムレ,Soldier: 76,ソルジャー76,射線管理,100,,,stable,維持。実戦動画で失敗パターンが増えたら追記。,v50.18
Emre,エムレ,Hanzo,ハンゾー,射線管理,100,,,stable,維持。実戦動画で失敗パターンが増えたら追記。,v50.18
Emre,エムレ,Freja,フレイヤ,射線管理,100,,,stable,維持。実戦動画で失敗パターンが増えたら追記。,v50.18
Emre,エムレ,Anran,アンラン,再突入確認,100,,,stable,維持。実戦動画で失敗パターンが増えたら追記。,v50.18
Emre,エムレ,Genji,ゲンジ,再突入確認,100,,,stable,維持。実戦動画で失敗パターンが増えたら追記。,v50.18
Emre,エムレ,Shion,シオン,再突入確認,100,,,stable,維持。実戦動画で失敗パターンが増えたら追記。,v50.18
Emre,エムレ,Sombra,ソンブラ,再突入確認,100,,,stable,維持。実戦動画で失敗パターンが増えたら追記。,v50.18
Emre,エムレ,Tracer,トレーサー,再突入確認,100,,,stable,維持。実戦動画で失敗パターンが増えたら追記。,v50.18
Emre,エムレ,Venture,ベンチャー,再突入確認,100,,,stable,維持。実戦動画で失敗パターンが増えたら追記。,v50.18
Emre,エムレ,Reaper,リーパー,再突入確認,100,,,stable,維持。実戦動画で失敗パターンが増えたら追記。,v50.18
Emre,エムレ,Vendetta,ヴェンデッタ,再突入確認,100,,,stable,維持。実戦動画で失敗パターンが増えたら追記。,v50.18
Emre,エムレ,Echo,エコー,空中圧確認,92,,vod_marker,stable,維持。実戦動画で失敗パターンが増えたら追記。,v50.18
Emre,エムレ,Pharah,ファラ,空中圧確認,92,,vod_marker,stable,維持。実戦動画で失敗パターンが増えたら追記。,v50.18
Emre,エムレ,Symmetra,シンメトラ,通路整理,100,,,stable,維持。実戦動画で失敗パターンが増えたら追記。,v50.18
Emre,エムレ,Junkrat,ジャンクラット,通路整理,100,,,stable,維持。実戦動画で失敗パターンが増えたら追記。,v50.18
Emre,エムレ,Torbjörn,トールビョーン,通路整理,100,,,stable,維持。実戦動画で失敗パターンが増えたら追記。,v50.18
Emre,エムレ,Bastion,バスティオン,通路整理,100,,,stable,維持。実戦動画で失敗パターンが増えたら追記。,v50.18
Emre,エムレ,Mei,メイ,通路整理,100,,,stable,維持。実戦動画で失敗パターンが増えたら追記。,v50.18
Emre,エムレ,Illari,イラリー,救助確認,92,,vod_marker,stable,維持。実戦動画で失敗パターンが増えたら追記。,v50.18
Emre,エムレ,Jetpack Cat,ジェットパック・キャット,支援線管理,100,,,stable,維持。実戦動画で失敗パターンが増えたら追記。,v50.18
Emre,エムレ,Juno,ジュノ,支援線管理,92,,vod_marker,stable,維持。実戦動画で失敗パターンが増えたら追記。,v50.18
Emre,エムレ,Baptiste,バティスト,救助確認,92,,vod_marker,stable,維持。実戦動画で失敗パターンが増えたら追記。,v50.18
Emre,エムレ,Mercy,マーシー,救助確認,92,,vod_marker,stable,維持。実戦動画で失敗パターンが増えたら追記。,v50.18
Emre,エムレ,Lifeweaver,ライフウィーバー,救助確認,92,,vod_marker,stable,維持。実戦動画で失敗パターンが増えたら追記。,v50.18
Emre,エムレ,Kiriko,キリコ,救助確認,92,,vod_marker,stable,維持。実戦動画で失敗パターンが増えたら追記。,v50.18
Emre,エムレ,Brigitte,ブリギッテ,救助確認,92,,vod_marker,stable,維持。実戦動画で失敗パターンが増えたら追記。,v50.18
Emre,エムレ,Moira,モイラ,救助確認,92,,vod_marker,stable,維持。実戦動画で失敗パターンが増えたら追記。,v50.18
Emre,エムレ,Lúcio,ルシオ,支援線管理,92,,vod_marker,stable,維持。実戦動画で失敗パターンが増えたら追記。,v50.18
Emre,エムレ,Ana,アナ,救助確認,92,,vod_marker,stable,維持。実戦動画で失敗パターンが増えたら追記。,v50.18
Emre,エムレ,Wuyang,ウーヤン,救助確認,92,,vod_marker,stable,維持。実戦動画で失敗パターンが増えたら追記。,v50.18
Emre,エムレ,Zenyatta,ゼニヤッタ,支援線管理,92,,vod_marker,stable,維持。実戦動画で失敗パターンが増えたら追記。,v50.18
Emre,エムレ,Mizuki,ミズキ,救助確認,92,,vod_marker,stable,維持。実戦動画で失敗パターンが増えたら追記。,v50.18
