hero_id,hero_ja,role,sub_role,torbjorn_comp_stats.threat_torbjorn,torbjorn_comp_stats.turret_value,torbjorn_comp_stats.overload_value,torbjorn_comp_stats.molten_core_value,torbjorn_comp_stats.rivet_primary_value,torbjorn_comp_stats.rivet_secondary_value,torbjorn_comp_stats.forge_hammer_repair_value,torbjorn_comp_stats.matchup_rating,torbjorn_comp_stats.priority_score,composition_tags,key_enemy_skills.respect,key_enemy_skills.punish_after,key_enemy_skills.molten_core_check,key_enemy_skills.turret_plan,diagnosis_snippets.core_plan,diagnosis_snippets.watch_moment,diagnosis_snippets.ultimate_note,diagnosis_snippets.sombra_hack_note
D.Va,D.Va,タンク,イニシエーター,9,10,9,9,4,8,5,5,9,"[""air_or_highground_pressure"", ""frontline_zone_value"", ""setup_or_utility"", ""turret_high_value"", ""molten_core_high_value"", ""overload_duel_value""]","[""ブースター"", ""ディフェンス・マトリックス"", ""自爆""]","[""ブースター後"", ""ディフェンス・マトリックス後""]","[""ブースター"", ""ディフェンス・マトリックス"", ""自爆""]","[""側面ルート監視"", ""接近の早期確認"", ""本体と離して設置""]",タレットは高台の側面か味方サポート側に置き、D.Vaがブースターで入るダイブ経路を早めに撃たせる。,ブースター後、ディフェンス・マトリックス後,モルテン・コアはD.Va単体ではなく、ブースター後の退路や味方サポートへ入る通路へ置く。,
Winston,ウィンストン,タンク,イニシエーター,8,10,8,8,3,8,5,6,9,"[""frontline_zone_value"", ""turret_high_value"", ""molten_core_high_value"", ""overload_duel_value""]","[""ジャンプ・パック"", ""バリア・プロジェクター""]","[""ジャンプ・パック後"", ""バリア・プロジェクター後""]","[""ジャンプ・パック"", ""バリア・プロジェクター""]","[""側面ルート監視"", ""接近の早期確認"", ""本体と離して設置""]",タレットはウィンストンが飛び込むダイブ経路から少し離し、バリア内に巻き込まれない位置に置く。,ジャンプ・パック後、バリア・プロジェクター後,モルテン・コアは着地地点と退路を分けるように置き、味方後衛への再突入を遅らせる。,
Doomfist,ドゥームフィスト,タンク,イニシエーター,9,10,9,6,4,8,4,5,8,"[""flank_route_watch"", ""turret_high_value"", ""overload_duel_value""]","[""パワー・ブロック"", ""ロケット・パンチ""]","[""ロケット・パンチ後"", ""パワー・ブロック後""]","[""パワー・ブロック"", ""ロケット・パンチ""]","[""側面ルート監視"", ""接近の早期確認"", ""本体と離して設置""]",タレットはドゥームフィスト本体ではなく、味方後衛へ入る通路を撃てる位置に置く。,ロケット・パンチ後、パワー・ブロック後,モルテン・コアはドゥームフィストを追うためではなく、着地後に戻る通路を塞ぐために使う。,
Hazard,ハザード,タンク,ストールワート,8,9,9,7,4,8,5,6,8,"[""turret_high_value"", ""overload_duel_value""]","[""スパイク・ガード"", ""ヴァイオレント・リープ"", ""ジャギー・ウォール""]","[""ヴァイオレント・リープ後"", ""ジャギー・ウォール後""]","[""スパイク・ガード"", ""ヴァイオレント・リープ"", ""ジャギー・ウォール""]","[""側面ルート監視"", ""接近の早期確認"", ""本体と離して設置""]",ハザードにはタレットで横移動を制限し、リベット・ガンは遮蔽から1発撃って戻る。接近されたらオーバーロードで耐える。,ヴァイオレント・リープ後、ジャギー・ウォール後,モルテン・コアはハザードを倒し切る目的だけでなく、通路と退路を制限して味方が前に出る時間を作る。,
Wrecking Ball,レッキング・ボール,タンク,イニシエーター,8,10,9,6,3,7,5,6,8,"[""flank_route_watch"", ""turret_high_value"", ""overload_duel_value""]","[""グラップリング・クロー"", ""アダプティブ・シールド""]","[""パイルドライバー後"", ""アダプティブ・シールド後""]","[""グラップリング・クロー"", ""アダプティブ・シールド""]","[""側面ルート監視"", ""接近の早期確認"", ""本体と離して設置""]",タレットは後衛側の通路かヘルスパック付近の移動ルートを撃てる位置に置く。,パイルドライバー後、アダプティブ・シールド後,モルテン・コアは地雷原と重ねるのではなく、ボールが戻る通路や味方が使う安全地帯を確保するために使う。,
Zarya,ザリア,タンク,ブルーザー,8,5,8,10,6,9,5,5,8,"[""frontline_zone_value"", ""setup_or_utility"", ""molten_core_high_value"", ""overload_duel_value""]","[""パーティクル・バリア"", ""バリア・ショット"", ""グラビトン・サージ""]","[""パーティクル・バリア後"", ""バリア・ショット後""]","[""パーティクル・バリア"", ""バリア・ショット"", ""グラビトン・サージ""]","[""側面ルート監視"", ""接近の早期確認"", ""本体と離して設置""]",ザリアが正面のスペースを占拠したら、近距離のリベット・ガンとオーバーロードで押し返す。モルテン・コアは退路と通路を塞ぐ。,パーティクル・バリア後、バリア・ショット後,モルテン・コアはザリアの足元だけに固めず、後ろの回復線と退路を分けるように置く。,
Junker Queen,ジャンカー・クイーン,タンク,ストールワート,8,7,8,10,5,9,5,5,8,"[""frontline_zone_value"", ""setup_or_utility"", ""molten_core_high_value"", ""overload_duel_value""]","[""ランペイジ""]","[""ギザギザブレード後"", ""カーネイジ後""]","[""ランペイジ""]","[""側面ルート監視"", ""接近の早期確認"", ""本体と離して設置""]",ジャンカー・クイーンが正面のスペースを占拠したら、近距離のリベット・ガンとオーバーロードで押し返す。モルテン・コアは退路と通路を塞ぐ。,ギザギザブレード後、カーネイジ後,モルテン・コアはジャンカー・クイーンの足元だけに固めず、後ろの回復線と退路を分けるように置く。,
Domina,ドミナ,タンク,ストールワート,7,6,8,10,6,9,5,6,8,"[""frontline_zone_value"", ""molten_core_high_value"", ""overload_duel_value""]","[""バリア・アレイ"", ""パノプティコン""]","[""クリスタル・チャージ後"", ""ソニック・リパルサー後""]","[""バリア・アレイ"", ""パノプティコン""]","[""側面ルート監視"", ""接近の早期確認"", ""本体と離して設置""]",ドミナが正面のスペースを占拠したら、近距離のリベット・ガンとオーバーロードで押し返す。モルテン・コアは退路と通路を塞ぐ。,クリスタル・チャージ後、ソニック・リパルサー後,モルテン・コアはドミナの足元だけに固めず、後ろの回復線と退路を分けるように置く。,
Mauga,マウガ,タンク,ブルーザー,8,5,8,10,7,10,5,5,8,"[""frontline_zone_value"", ""molten_core_high_value"", ""overload_duel_value""]","[""カーディアック・オーバードライブ"", ""ケージ・ファイト""]","[""オーバーラン後"", ""カーディアック・オーバードライブ後""]","[""カーディアック・オーバードライブ"", ""ケージ・ファイト""]","[""側面ルート監視"", ""接近の早期確認"", ""本体と離して設置""]",マウガが正面のスペースを占拠したら、近距離のリベット・ガンとオーバーロードで押し返す。モルテン・コアは退路と通路を塞ぐ。,オーバーラン後、カーディアック・オーバードライブ後,モルテン・コアはマウガの足元だけに固めず、後ろの回復線と退路を分けるように置く。,
Ramattra,ラマットラ,タンク,ストールワート,7,6,8,10,6,9,5,6,8,"[""frontline_zone_value"", ""molten_core_high_value"", ""overload_duel_value""]","[""ヴォイド・バリア"", ""ブロック"", ""アナイアレーション""]","[""ネメシス・フォーム後"", ""貪欲な渦後""]","[""ヴォイド・バリア"", ""ブロック"", ""アナイアレーション""]","[""側面ルート監視"", ""接近の早期確認"", ""本体と離して設置""]",ラマットラが正面のスペースを占拠したら、近距離のリベット・ガンとオーバーロードで押し返す。モルテン・コアは退路と通路を塞ぐ。,ネメシス・フォーム後、貪欲な渦後,モルテン・コアはラマットラの足元だけに固めず、後ろの回復線と退路を分けるように置く。,
Roadhog,ロードホッグ,タンク,ブルーザー,7,5,8,10,6,9,5,6,7,"[""frontline_zone_value"", ""molten_core_high_value"", ""overload_duel_value""]","[""チェイン・フック""]","[""チェイン・フック後"", ""ピッグペン後""]","[""チェイン・フック""]","[""側面ルート監視"", ""接近の早期確認"", ""本体と離して設置""]",ロードホッグが正面のスペースを占拠したら、近距離のリベット・ガンとオーバーロードで押し返す。モルテン・コアは退路と通路を塞ぐ。,チェイン・フック後、ピッグペン後,モルテン・コアはロードホッグの足元だけに固めず、後ろの回復線と退路を分けるように置く。,
Orisa,オリーサ,タンク,ブルーザー,7,5,8,10,6,9,6,6,7,"[""frontline_zone_value"", ""setup_or_utility"", ""molten_core_high_value"", ""overload_duel_value""]","[""フォーティファイ"", ""ジャベリン・スピン"", ""エネルギー・ジャベリン""]","[""エネルギー・ジャベリン後"", ""フォーティファイ後""]","[""フォーティファイ"", ""ジャベリン・スピン"", ""エネルギー・ジャベリン""]","[""側面ルート監視"", ""接近の早期確認"", ""本体と離して設置""]",オリーサが正面のスペースを占拠したら、近距離のリベット・ガンとオーバーロードで押し返す。モルテン・コアは退路と通路を塞ぐ。,エネルギー・ジャベリン後、フォーティファイ後,モルテン・コアはオリーサの足元だけに固めず、後ろの回復線と退路を分けるように置く。,
Sigma,シグマ,タンク,ストールワート,8,5,7,10,8,8,6,5,8,"[""long_range_threat"", ""frontline_zone_value"", ""setup_or_utility"", ""molten_core_high_value""]","[""エクスペリメンタル・バリア"", ""キネティック・グラスプ"", ""アクリーション""]","[""アクリーション後"", ""エクスペリメンタル・バリア後""]","[""エクスペリメンタル・バリア"", ""キネティック・グラスプ"", ""アクリーション""]","[""側面ルート監視"", ""接近の早期確認"", ""本体と離して設置""]",シグマが遠距離から撃てる位置にいる時は、正面で長く撃ち合わない。遮蔽から1発撃って戻り、タレットは別の射線を作る。,アクリーション後、エクスペリメンタル・バリア後,モルテン・コアはシグマの足元だけに固めず、後ろの回復線と退路を分けるように置く。,
Reinhardt,ラインハルト,タンク,ストールワート,6,5,8,10,5,10,5,7,7,"[""frontline_zone_value"", ""molten_core_high_value"", ""overload_duel_value""]","[""バリア・フィールド"", ""アースシャター""]","[""チャージ後"", ""バリア・フィールド後""]","[""バリア・フィールド"", ""アースシャター""]","[""側面ルート監視"", ""接近の早期確認"", ""本体と離して設置""]",ラインハルトが正面のスペースを占拠したら、近距離のリベット・ガンとオーバーロードで押し返す。モルテン・コアは退路と通路を塞ぐ。,チャージ後、バリア・フィールド後,モルテン・コアはラインハルトの足元だけに固めず、後ろの回復線と退路を分けるように置く。,
Ashe,アッシュ,ダメージ,シャープシューター,10,5,7,6,6,5,3,3,7,"[""long_range_threat""]","[""ダイナマイト"", ""コーチ・ガン"", ""B.O.B.""]","[""コーチ・ガン後"", ""ダイナマイト後""]","[""ダイナマイト"", ""コーチ・ガン"", ""B.O.B.""]","[""側面ルート監視"", ""接近の早期確認"", ""本体と離して設置""]",タレットはアッシュから遠距離で壊されにくい低い位置や側面へ置き、ダイナマイトでまとめて燃やされないよう本体と離す。,コーチ・ガン後、ダイナマイト後,B.O.B.へモルテン・コアを急いで使うより、B.O.B.で狭くなった通路をさらに進みにくくする。,
Widowmaker,ウィドウメイカー,ダメージ,シャープシューター,10,5,8,5,5,5,2,3,7,"[""long_range_threat"", ""overload_duel_value""]","[""グラップリング・フック"", ""ウィドウズ・キス""]","[""グラップリング・フック後"", ""ヴェノム・マイン後""]","[""グラップリング・フック"", ""ウィドウズ・キス""]","[""側面ルート監視"", ""接近の早期確認"", ""本体と離して設置""]",ウィドウメイカーが遠距離から撃てる位置にいる時は、正面で長く撃ち合わない。遮蔽から1発撃って戻り、タレットは別の射線を作る。,グラップリング・フック後、ヴェノム・マイン後,モルテン・コアはウィドウメイカーの遠距離射線を直接消すものではない。敵が前へ出る通路や遮蔽裏を制限する。,
Emre,エムレ,ダメージ,スペシャリスト,9,5,8,6,6,6,3,4,7,"[""long_range_threat"", ""overload_duel_value""]","[""オルタード・バイタル"", ""シンセティック・バースト・ライフル"", ""オーバーライド・プロトコル""]","[""オルタード・バイタル後"", ""サイバー・フラグ後""]","[""オルタード・バイタル"", ""シンセティック・バースト・ライフル"", ""オーバーライド・プロトコル""]","[""側面ルート監視"", ""接近の早期確認"", ""本体と離して設置""]",エムレが遠距離から撃てる位置にいる時は、正面で長く撃ち合わない。遮蔽から1発撃って戻り、タレットは別の射線を作る。,オルタード・バイタル後、サイバー・フラグ後,モルテン・コアはエムレの遠距離射線を直接消すものではない。敵が前へ出る通路や遮蔽裏を制限する。,
Cassidy,キャスディ,ダメージ,シャープシューター,8,4,7,6,6,6,3,4,6,"[""long_range_threat""]","[""フラッシュバン"", ""デッド・アイ"", ""コンバット・ロール""]","[""フラッシュバン後"", ""コンバット・ロール後""]","[""フラッシュバン"", ""デッド・アイ"", ""コンバット・ロール""]","[""側面ルート監視"", ""接近の早期確認"", ""本体と離して設置""]",タレットはキャスディに正面から壊されにくい側面へ置き、本体はフラッシュバン圏内に長く入らない。,フラッシュバン後、コンバット・ロール後,デッド・アイ時は遮蔽へ戻り、モルテン・コアはキャスディを遮蔽から移動させる用途で使う。,
Sojourn,ソジョーン,ダメージ,シャープシューター,10,7,9,5,6,5,3,3,7,"[""long_range_threat"", ""overload_duel_value""]","[""レールガン"", ""パワー・スライド"", ""オーバークロック""]","[""パワー・スライド後"", ""レールガン使用後""]","[""レールガン"", ""パワー・スライド"", ""オーバークロック""]","[""側面ルート監視"", ""接近の早期確認"", ""本体と離して設置""]",タレットはソジョーンの横移動を止める位置より、味方後衛へ入る動きを早めに撃てる位置へ置く。,パワー・スライド後、レールガン使用後,オーバークロック中は遠距離から撃たれる位置に立ち続けず、モルテン・コアで敵の前進ルートを止める。,
Soldier: 76,ソルジャー76,ダメージ,スペシャリスト,8,8,8,6,6,6,4,5,7,"[""long_range_threat"", ""turret_high_value"", ""overload_duel_value""]","[""スプリント"", ""タクティカル・バイザー""]","[""スプリント後"", ""ヘリックス・ロケット後""]","[""スプリント"", ""タクティカル・バイザー""]","[""側面ルート監視"", ""接近の早期確認"", ""本体と離して設置""]",ソルジャー76が遠距離から撃てる位置にいる時は、正面で長く撃ち合わない。遮蔽から1発撃って戻り、タレットは別の射線を作る。,スプリント後、ヘリックス・ロケット後,モルテン・コアはソルジャー76を倒し切る目的だけでなく、通路と退路を制限して味方が前に出る時間を作る。,
Hanzo,ハンゾー,ダメージ,シャープシューター,10,6,8,6,6,6,3,3,7,"[""long_range_threat"", ""overload_duel_value""]","[""鳴響矢水"", ""電光石火"", ""龍撃波""]","[""電光石火後"", ""体術後""]","[""鳴響矢水"", ""電光石火"", ""龍撃波""]","[""側面ルート監視"", ""接近の早期確認"", ""本体と離して設置""]",タレットはハンゾーから見えにくい側面に置き、鳴響矢水で位置を知られたら置き直す。,電光石火後、体術後,龍撃波を避けるため、モルテン・コア中も同じ射線位置に立ち続けない。,
Freja,フレイヤ,ダメージ,リコン,10,9,9,5,5,5,3,4,8,"[""air_or_highground_pressure"", ""long_range_threat"", ""turret_high_value"", ""overload_duel_value""]","[""クイック・ダッシュ"", ""アップドラフト"", ""ボーラ・ショット""]","[""クイック・ダッシュ後"", ""アップドラフト後""]","[""クイック・ダッシュ"", ""アップドラフト"", ""ボーラ・ショット""]","[""側面ルート監視"", ""接近の早期確認"", ""本体と離して設置""]",フレイヤは遠くや空中にいる間だけを追わず、低空・着地・味方へ近づいた瞬間をタレットとリベット・ガンで削る。,クイック・ダッシュ後、アップドラフト後,モルテン・コアはフレイヤを空中で倒すためではなく、着地地点や味方が使う通路を守るために置く。,
Anran,アンラン,ダメージ,フランカー,10,10,10,5,4,6,4,4,8,"[""flank_route_watch"", ""turret_high_value"", ""overload_duel_value""]","[""熠閃舞"", ""朱魂返"", ""焚身焔""]","[""熠閃舞後"", ""朱魂返後""]","[""熠閃舞"", ""朱魂返"", ""焚身焔""]","[""側面ルート監視"", ""接近の早期確認"", ""本体と離して設置""]",アンランにはタレットで側面ルートを見せ、接近されたらオーバーロードで距離を取りながらリベット・ガンを当てる。追いかけず、味方サポート側の遮蔽へ戻る。,熠閃舞後、朱魂返後,モルテン・コアはアンランを追うためではなく、味方後衛へ入る通路と戻る位置を使いにくくする。,
Genji,ゲンジ,ダメージ,フランカー,10,10,10,5,3,6,4,4,9,"[""flank_route_watch"", ""turret_high_value"", ""overload_duel_value""]","[""風斬り"", ""木の葉返し"", ""龍撃剣""]","[""木の葉返し後"", ""風斬り後""]","[""風斬り"", ""木の葉返し"", ""龍撃剣""]","[""側面ルート監視"", ""味方後衛側の接近確認"", ""本体と離して設置""]",タレットはゲンジの横移動を早めに知らせる位置へ置き、味方サポートに近づく前から削る。,風斬り後、木の葉返し後,モルテン・コアは龍撃剣中のゲンジを直接倒すより、味方サポートの足元と退路を守るように置く。,
Shion,シオン,ダメージ,フランカー,10,10,10,5,4,6,4,4,8,"[""flank_route_watch"", ""turret_high_value"", ""overload_duel_value""]","[""回避"", ""凶走"", ""罰""]","[""回避後"", ""凶走後""]","[""回避"", ""凶走"", ""罰""]","[""側面ルート監視"", ""接近の早期確認"", ""本体と離して設置""]",シオンにはタレットで側面ルートを見せ、接近されたらオーバーロードで距離を取りながらリベット・ガンを当てる。追いかけず、味方サポート側の遮蔽へ戻る。,回避後、凶走後,モルテン・コアはシオンを追うためではなく、味方後衛へ入る通路と戻る位置を使いにくくする。,
Sombra,ソンブラ,ダメージ,リコン,10,10,9,5,3,5,5,4,8,"[""flank_route_watch"", ""setup_or_utility"", ""turret_high_value"", ""overload_duel_value""]","[""ハック"", ""トランズロケーター"", ""EMP""]","[""ハック開始中"", ""トランズロケーター後""]","[""ハック"", ""トランズロケーター"", ""EMP""]","[""側面ルート監視"", ""接近の早期確認"", ""本体と離して設置""]",タレットは本体と離した位置に置き、ソンブラが本体へ近づく前に射撃音で気づけるようにする。,ハック開始中、トランズロケーター後,モルテン・コアはEMP後の混乱で急いで使わず、味方が動ける位置を確認してから通路を塞ぐ。,ソンブラ戦ではタレットを本体と同じ遮蔽に置かない。ハック開始音が聞こえたらリベット・ガンを1発当てて中断を狙い、成立したらタレットが撃てる位置まで下がって解除後にオーバーロードで仕切り直す。
Tracer,トレーサー,ダメージ,フランカー,10,10,10,4,3,6,4,4,9,"[""flank_route_watch"", ""turret_high_value"", ""overload_duel_value""]","[""ブリンク"", ""リコール"", ""パルス・ボム""]","[""リコール後"", ""ブリンクを複数使った後""]","[""ブリンク"", ""リコール""]","[""側面ルート監視"", ""味方後衛側の接近確認"", ""本体と離して設置""]",タレットはトレーサーの側面ルートや背後ルートを撃てる位置へ置き、最初の接近を遅らせる。,リコール後、ブリンクを複数使った後,モルテン・コアはトレーサーを追うためではなく、味方後衛へ戻る通路を一時的に使えなくするために置く。,
Venture,ベンチャー,ダメージ,フランカー,9,10,10,6,4,7,4,5,8,"[""flank_route_watch"", ""turret_high_value"", ""overload_duel_value""]","[""バロー"", ""ドリル・ダッシュ"", ""テクトニック・ショック""]","[""バロー後"", ""ドリル・ダッシュ後""]","[""バロー"", ""ドリル・ダッシュ"", ""テクトニック・ショック""]","[""側面ルート監視"", ""接近の早期確認"", ""本体と離して設置""]",ベンチャーにはタレットで側面ルートを見せ、接近されたらオーバーロードで距離を取りながらリベット・ガンを当てる。追いかけず、味方サポート側の遮蔽へ戻る。,バロー後、ドリル・ダッシュ後,モルテン・コアはベンチャーを追うためではなく、味方後衛へ入る通路と戻る位置を使いにくくする。,
Reaper,リーパー,ダメージ,フランカー,9,8,10,7,4,8,4,5,8,"[""flank_route_watch"", ""turret_high_value"", ""overload_duel_value""]","[""レイス・フォーム"", ""シャドウ・ステップ"", ""デス・ブロッサム""]","[""レイス・フォーム後"", ""シャドウ・ステップ後""]","[""レイス・フォーム"", ""シャドウ・ステップ"", ""デス・ブロッサム""]","[""側面ルート監視"", ""接近の早期確認"", ""本体と離して設置""]",タレットはリーパーの背後接近を知らせる位置へ置く。本人はオーバーロードをレイス・フォーム後の撃ち合いに残す。,レイス・フォーム後、シャドウ・ステップ後,デス・ブロッサムを警戒し、モルテン・コアは密集地点ではなく、リーパーが入る前の通路に置く。,
Vendetta,ヴェンデッタ,ダメージ,フランカー,9,10,10,6,4,7,4,5,8,"[""flank_route_watch"", ""turret_high_value"", ""overload_duel_value""]","[""ウォーディング・スタンス"", ""ソアリング・スライス"", ""サンダリング・ブレード""]","[""ソアリング・スライス後"", ""ワールウィンド後""]","[""ウォーディング・スタンス"", ""ソアリング・スライス"", ""サンダリング・ブレード""]","[""側面ルート監視"", ""接近の早期確認"", ""本体と離して設置""]",ヴェンデッタにはタレットで側面ルートを見せ、接近されたらオーバーロードで距離を取りながらリベット・ガンを当てる。追いかけず、味方サポート側の遮蔽へ戻る。,ソアリング・スライス後、ワールウィンド後,モルテン・コアはヴェンデッタを追うためではなく、味方後衛へ入る通路と戻る位置を使いにくくする。,
Echo,エコー,ダメージ,リコン,10,10,9,4,4,6,4,4,8,"[""air_or_highground_pressure"", ""flank_route_watch"", ""turret_high_value"", ""overload_duel_value""]","[""フライト"", ""コピー""]","[""フライト後"", ""スティッキー・ボム後""]","[""フライト"", ""コピー""]","[""側面ルート監視"", ""接近の早期確認"", ""本体と離して設置""]",エコーにはタレットで側面ルートを見せ、接近されたらオーバーロードで距離を取りながらリベット・ガンを当てる。追いかけず、味方サポート側の遮蔽へ戻る。,フライト後、スティッキー・ボム後,モルテン・コアはエコーを空中で倒すためではなく、着地地点や味方が使う通路を守るために置く。,
Pharah,ファラ,ダメージ,リコン,10,10,9,4,5,5,4,4,8,"[""air_or_highground_pressure"", ""turret_high_value"", ""overload_duel_value""]","[""ジャンプ・ジェット"", ""ジェット・ダッシュ"", ""バレッジ""]","[""ジャンプ・ジェット後"", ""ジェット・ダッシュ後""]","[""ジャンプ・ジェット"", ""ジェット・ダッシュ"", ""バレッジ""]","[""側面ルート監視"", ""接近の早期確認"", ""本体と離して設置""]",ファラは遠くや空中にいる間だけを追わず、低空・着地・味方へ近づいた瞬間をタレットとリベット・ガンで削る。,ジャンプ・ジェット後、ジェット・ダッシュ後,モルテン・コアはファラを空中で倒すためではなく、着地地点や味方が使う通路を守るために置く。,
Symmetra,シンメトラ,ダメージ,スペシャリスト,7,6,7,9,6,7,5,6,7,"[""setup_or_utility"", ""molten_core_high_value""]","[""セントリー・タレット"", ""テレポーター"", ""フォトン・バリア""]","[""テレポーター設置後"", ""セントリー・タレット確認後""]","[""セントリー・タレット"", ""テレポーター"", ""フォトン・バリア""]","[""側面ルート監視"", ""接近の早期確認"", ""本体と離して設置""]",タレット同士の撃ち合いに頼り切らず、リベット・ガンでセントリー・タレットを確認してから前へ出る。,テレポーター設置後、セントリー・タレット確認後,モルテン・コアはフォトン・バリアの片側だけへ固めず、敵が回り込みやすい通路にも残す。,
Junkrat,ジャンクラット,ダメージ,スペシャリスト,8,8,8,8,5,6,4,5,8,"[""setup_or_utility"", ""turret_high_value"", ""molten_core_high_value"", ""overload_duel_value""]","[""コンカッション・マイン"", ""RIPタイヤ""]","[""コンカッション・マイン後"", ""スティール・トラップ後""]","[""コンカッション・マイン"", ""RIPタイヤ""]","[""側面ルート監視"", ""接近の早期確認"", ""本体と離して設置""]",ジャンクラットにはタレットで横移動を制限し、リベット・ガンは遮蔽から1発撃って戻る。接近されたらオーバーロードで耐える。,コンカッション・マイン後、スティール・トラップ後,モルテン・コアはジャンクラットを倒し切る目的だけでなく、通路と退路を制限して味方が前に出る時間を作る。,
Torbjörn,トールビョーン,ダメージ,スペシャリスト,7,5,7,9,6,7,5,6,7,"[""setup_or_utility"", ""molten_core_high_value""]","[""タレット設置"", ""オーバーロード"", ""モルテン・コア""]","[""タレット破壊後"", ""オーバーロード後""]","[""タレット設置"", ""オーバーロード"", ""モルテン・コア""]","[""側面ルート監視"", ""接近の早期確認"", ""本体と離して設置""]",ミラーでは先にタレット位置を見つけ、リベット・ガンで壊してから自分のタレットを安全に働かせる。,タレット破壊後、オーバーロード後,モルテン・コアは敵トールビョーンのタレットだけに使わず、敵本体の移動先とタレット修理位置を分断する。,
Bastion,バスティオン,ダメージ,スペシャリスト,9,3,8,7,7,8,3,3,6,"[""long_range_threat"", ""overload_duel_value""]","[""砲台モード""]","[""強襲モード後"", ""A-36タクティカル・グレネード後""]","[""砲台モード""]","[""側面ルート監視"", ""接近の早期確認"", ""本体と離して設置""]",バスティオンが遠距離から撃てる位置にいる時は、正面で長く撃ち合わない。遮蔽から1発撃って戻り、タレットは別の射線を作る。,強襲モード後、A-36タクティカル・グレネード後,モルテン・コアはバスティオンの遠距離射線を直接消すものではない。敵が前へ出る通路や遮蔽裏を制限する。,
Mei,メイ,ダメージ,スペシャリスト,7,5,7,10,6,8,6,6,7,"[""setup_or_utility"", ""molten_core_high_value""]","[""クリオフリーズ"", ""アイス・ウォール"", ""ブリザード""]","[""アイス・ウォール後"", ""クリオフリーズ後""]","[""クリオフリーズ"", ""アイス・ウォール"", ""ブリザード""]","[""側面ルート監視"", ""接近の早期確認"", ""本体と離して設置""]",メイにはタレットで横移動を制限し、リベット・ガンは遮蔽から1発撃って戻る。接近されたらオーバーロードで耐える。,アイス・ウォール後、クリオフリーズ後,モルテン・コアはメイを倒し切る目的だけでなく、通路と退路を制限して味方が前に出る時間を作る。,
Illari,イラリー,サポート,サバイバー,8,6,8,8,6,5,5,5,7,"[""long_range_threat"", ""setup_or_utility"", ""molten_core_high_value"", ""overload_duel_value""]","[""アウトバースト"", ""キャプティブ・サン""]","[""アウトバースト後""]","[""アウトバースト"", ""キャプティブ・サン""]","[""側面ルート監視"", ""接近の早期確認"", ""本体と離して設置""]",イラリーが遠距離から撃てる位置にいる時は、正面で長く撃ち合わない。遮蔽から1発撃って戻り、タレットは別の射線を作る。,アウトバースト後,モルテン・コアはイラリーを倒し切る目的だけでなく、通路と退路を制限して味方が前に出る時間を作る。,
Jetpack Cat,ジェットパック・キャット,サポート,タクティシャン,8,10,8,6,4,5,6,6,8,"[""air_or_highground_pressure"", ""setup_or_utility"", ""turret_high_value"", ""overload_duel_value""]","[""ワイルド・フライト"", ""キャットナッパー""]","[""ワイルド・フライト後"", ""キャットナッパー後""]","[""ワイルド・フライト"", ""キャットナッパー""]","[""側面ルート監視"", ""接近の早期確認"", ""本体と離して設置""]",ジェットパック・キャットは遠くや空中にいる間だけを追わず、低空・着地・味方へ近づいた瞬間をタレットとリベット・ガンで削る。,ワイルド・フライト後、キャットナッパー後,モルテン・コアはジェットパック・キャットを空中で倒すためではなく、着地地点や味方が使う通路を守るために置く。,
Juno,ジュノ,サポート,サバイバー,8,10,8,6,4,5,6,6,8,"[""air_or_highground_pressure"", ""setup_or_utility"", ""turret_high_value"", ""overload_duel_value""]","[""グライド・ブースト"", ""オービタル・レイ""]","[""グライド・ブースト後"", ""パルサー・トーピード後""]","[""グライド・ブースト"", ""オービタル・レイ""]","[""側面ルート監視"", ""接近の早期確認"", ""本体と離して設置""]",ジュノは遠くや空中にいる間だけを追わず、低空・着地・味方へ近づいた瞬間をタレットとリベット・ガンで削る。,グライド・ブースト後、パルサー・トーピード後,モルテン・コアはジュノを空中で倒すためではなく、着地地点や味方が使う通路を守るために置く。,
Baptiste,バティスト,サポート,タクティシャン,8,7,8,9,6,6,6,5,8,"[""long_range_threat"", ""setup_or_utility"", ""molten_core_high_value"", ""overload_duel_value""]","[""イモータリティ・フィールド"", ""アンプリフィケーション・マトリックス""]","[""イモータリティ・フィールド後""]","[""イモータリティ・フィールド"", ""アンプリフィケーション・マトリックス""]","[""側面ルート監視"", ""接近の早期確認"", ""本体と離して設置""]",バティストが遠距離から撃てる位置にいる時は、正面で長く撃ち合わない。遮蔽から1発撃って戻り、タレットは別の射線を作る。,イモータリティ・フィールド後,モルテン・コアはバティストを倒し切る目的だけでなく、通路と退路を制限して味方が前に出る時間を作る。,
Mercy,マーシー,サポート,メディック,6,10,7,7,3,5,7,8,8,"[""air_or_highground_pressure"", ""setup_or_utility"", ""turret_high_value""]","[""ガーディアン・エンジェル"", ""ヴァルキリー""]","[""ガーディアン・エンジェル後""]","[""ガーディアン・エンジェル"", ""ヴァルキリー""]","[""側面ルート監視"", ""接近の早期確認"", ""本体と離して設置""]",マーシーは遠くや空中にいる間だけを追わず、低空・着地・味方へ近づいた瞬間をタレットとリベット・ガンで削る。,ガーディアン・エンジェル後,モルテン・コアはマーシーを空中で倒すためではなく、着地地点や味方が使う通路を守るために置く。,
Lifeweaver,ライフウィーバー,サポート,メディック,6,6,7,9,5,5,7,7,7,"[""setup_or_utility"", ""molten_core_high_value""]","[""ライフグリップ"", ""ペタル・プラットフォーム"", ""若返りの風""]","[""ペタル・プラットフォーム後"", ""若返りの風後""]","[""ライフグリップ"", ""ペタル・プラットフォーム"", ""若返りの風""]","[""側面ルート監視"", ""接近の早期確認"", ""本体と離して設置""]",ライフウィーバーにはタレットで移動先を制限し、リベット・ガンで遮蔽から1発ずつ撃つ。無理に深追いせず、回復先を変えさせる。,ペタル・プラットフォーム後、若返りの風後,モルテン・コアはライフウィーバーを倒し切る目的だけでなく、通路と退路を制限して味方が前に出る時間を作る。,
Kiriko,キリコ,サポート,メディック,9,9,9,7,4,6,6,5,8,"[""setup_or_utility"", ""turret_high_value"", ""overload_duel_value""]","[""鈴のご加護"", ""神出鬼没"", ""狐走り""]","[""神出鬼没後"", ""鈴のご加護後""]","[""鈴のご加護"", ""神出鬼没"", ""狐走り""]","[""側面ルート監視"", ""接近の早期確認"", ""本体と離して設置""]",キリコにはタレットで移動先を制限し、リベット・ガンで遮蔽から1発ずつ撃つ。無理に深追いせず、回復先を変えさせる。,神出鬼没後、鈴のご加護後,モルテン・コアはキリコを倒し切る目的だけでなく、通路と退路を制限して味方が前に出る時間を作る。,
Brigitte,ブリギッテ,サポート,サバイバー,6,5,7,8,4,7,6,7,6,"[""setup_or_utility"", ""molten_core_high_value""]","[""バリア・シールド"", ""ラリー""]","[""シールド・バッシュ後"", ""ウィップ・ショット後""]","[""バリア・シールド"", ""ラリー""]","[""側面ルート監視"", ""接近の早期確認"", ""本体と離して設置""]",ブリギッテにはタレットで移動先を制限し、リベット・ガンで遮蔽から1発ずつ撃つ。無理に深追いせず、回復先を変えさせる。,シールド・バッシュ後、ウィップ・ショット後,モルテン・コアはブリギッテを倒し切る目的だけでなく、通路と退路を制限して味方が前に出る時間を作る。,
Moira,モイラ,サポート,メディック,7,8,8,7,3,6,6,6,7,"[""turret_high_value"", ""overload_duel_value""]","[""フェード"", ""コアレッセンス""]","[""フェード後"", ""バイオティック・オーブ後""]","[""フェード"", ""コアレッセンス""]","[""側面ルート監視"", ""接近の早期確認"", ""本体と離して設置""]",モイラにはタレットで移動先を制限し、リベット・ガンで遮蔽から1発ずつ撃つ。無理に深追いせず、回復先を変えさせる。,フェード後、バイオティック・オーブ後,モルテン・コアはモイラを倒し切る目的だけでなく、通路と退路を制限して味方が前に出る時間を作る。,
Lúcio,ルシオ,サポート,タクティシャン,8,10,8,7,3,6,6,6,8,"[""setup_or_utility"", ""turret_high_value"", ""overload_duel_value""]","[""ウォール・ライド"", ""サウンド・バリア""]","[""ウォール・ライド後"", ""サウンドウェーブ後""]","[""ウォール・ライド"", ""サウンド・バリア""]","[""側面ルート監視"", ""接近の早期確認"", ""本体と離して設置""]",ルシオにはタレットで移動先を制限し、リベット・ガンで遮蔽から1発ずつ撃つ。無理に深追いせず、回復先を変えさせる。,ウォール・ライド後、サウンドウェーブ後,モルテン・コアはルシオを倒し切る目的だけでなく、通路と退路を制限して味方が前に出る時間を作る。,
Ana,アナ,サポート,タクティシャン,7,4,6,7,7,5,6,5,6,"[""long_range_threat"", ""setup_or_utility""]","[""スリープ・ダーツ"", ""ナノ・ブースト""]","[""スリープ・ダーツ後"", ""バイオティック・グレネード後""]","[""スリープ・ダーツ"", ""ナノ・ブースト""]","[""側面ルート監視"", ""接近の早期確認"", ""本体と離して設置""]",アナが遠距離から撃てる位置にいる時は、正面で長く撃ち合わない。遮蔽から1発撃って戻り、タレットは別の射線を作る。,スリープ・ダーツ後、バイオティック・グレネード後,モルテン・コアはアナを倒し切る目的だけでなく、通路と退路を制限して味方が前に出る時間を作る。,
Wuyang,ウーヤン,サポート,サバイバー,7,7,8,9,5,6,6,6,8,"[""setup_or_utility"", ""molten_core_high_value"", ""overload_duel_value""]","[""飛流歩"", ""守衛波浪""]","[""飛流歩後"", ""玄武之杖後""]","[""飛流歩"", ""守衛波浪""]","[""側面ルート監視"", ""接近の早期確認"", ""本体と離して設置""]",ウーヤンにはタレットで移動先を制限し、リベット・ガンで遮蔽から1発ずつ撃つ。無理に深追いせず、回復先を変えさせる。,飛流歩後、玄武之杖後,モルテン・コアはウーヤンを倒し切る目的だけでなく、通路と退路を制限して味方が前に出る時間を作る。,
Zenyatta,ゼニヤッタ,サポート,タクティシャン,7,4,7,7,7,5,5,6,6,"[""long_range_threat"", ""setup_or_utility""]","[""不和のオーブ"", ""心頭滅却""]","[""不和のオーブ後""]","[""不和のオーブ"", ""心頭滅却""]","[""側面ルート監視"", ""接近の早期確認"", ""本体と離して設置""]",ゼニヤッタが遠距離から撃てる位置にいる時は、正面で長く撃ち合わない。遮蔽から1発撃って戻り、タレットは別の射線を作る。,不和のオーブ後,モルテン・コアはゼニヤッタを倒し切る目的だけでなく、通路と退路を制限して味方が前に出る時間を作る。,
Mizuki,ミズキ,サポート,サバイバー,8,7,8,8,5,6,6,5,8,"[""setup_or_utility"", ""molten_core_high_value"", ""overload_duel_value""]","[""霊域結界"", ""形代"", ""癒しの波動""]","[""形代後"", ""呪縛後""]","[""霊域結界"", ""形代"", ""癒しの波動""]","[""側面ルート監視"", ""接近の早期確認"", ""本体と離して設置""]",ミズキにはタレットで移動先を制限し、リベット・ガンで遮蔽から1発ずつ撃つ。無理に深追いせず、回復先を変えさせる。,形代後、呪縛後,モルテン・コアはミズキを倒し切る目的だけでなく、通路と退路を制限して味方が前に出る時間を作る。,
