hero_id,matchup_rating,matchup_type,gameplan,highground,key_enemy_skills.respect,key_enemy_skills.punish_after,key_enemy_skills.dynamite_check,key_enemy_skills.bob_check,source_comp_stats.threat_ashe,source_comp_stats.dynamite_value,source_comp_stats.coach_gun_value,source_comp_stats.viper_value,source_comp_stats.bob_denial,source_comp_stats.highground_value,source_comp_stats.priority_score,source_comp_stats.mirror_matchup_v41,cross_target_recalibration.version,cross_target_recalibration.enemy_threat,cross_target_recalibration.target_matchup_rating,cross_target_recalibration.matchup_type,cross_target_recalibration.reason,cross_target_recalibration.diff_points,mirror_matchup_advice.version,mirror_matchup_advice.summary,key_enemy_skills.ultimate_check,source_status,source_note,cross_target_recalibration,torbjorn_reassessment_note,main,move,sustain,ultimate,cue,practice,targets,forbidden,rank.bronze,rank.silver,rank.gold,rank.platinum,rank.diamond_plus,depth_archetype,depth_first_check,depth_commit_window,depth_reset_rule,depth_practice_question,depth_summary,duplication_guardrail,review_pattern,wave_goal,review_question,success_signal,mistake_signal,next_adjustment,vod_marker,micro_drill
D.Va,5,高台争奪・空中タンク対応,高台に来るD.Vaを倒し切るより、ブースター後の直線移動と着地へザ・ヴァイパーで撃つ。ディフェンス・マトリックス中は無理にダイナマイトを撃ち抜かず、切れた後に燃焼を通す。,高台は強いが、孤立した高台は危険。1〜2発撃ったら遮蔽へ戻り、詰められたらコーチ・ガンで距離を作って再確保する。,"[""ディフェンス・マトリックス"", ""ブースター"", ""自爆""]","[""ブースター""]","[""ディフェンス・マトリックス"", ""ブースター""]","[""ディフェンス・マトリックス"", ""自爆""]",10,7,8,8,10,8,7,,,,,,,,,,,,,,,ザ・ヴァイパーはD.Vaを長く追う武器ではなく、先に体力を削る武器。スコープは短く、胴撃ちでも命中を優先し、撃った後は遮蔽へ戻る。,コーチ・ガンは前進用より、距離作り・高台再確保・リロード時間の安全確保に使う。使った後に孤立しない位置を選ぶ。,ダイナマイトはD.Va本人だけでなく、回復を受ける位置、逃げ道、味方タンクが当たるダイブ経路に使う。単体牽制で毎回使い切らない。,ディフェンス・マトリックス、自爆を確認してからB.O.Bを出す。,ブースターで高台へ接近するかサポートへ攻撃を仕掛けた直後,D.Vaに対しては「ダイナマイトをどこへ通すか」「コーチ・ガンを逃げに残せるか」「B.O.B前に何を確認するか」を毎回確認する。,"[""D.Vaの低空・着地"", ""同伴サポート"", ""敵サポート""]","[""同じ射線でスコープを覗き続けること"", ""ディフェンス・マトリックス、自爆を見ずにB.O.Bを正面へ出すこと"", ""ダイナマイトを単体牽制だけに使い、集団や遮蔽裏へ通さないこと""]",D.Vaをずっと追わない。低空か着地だけ撃ち、外したら地上の敵へ戻す。,ダイナマイトを空中へ無理投げしない。着地先、回復を受ける位置、狭いダイブ経路に使う。,D.Vaの高度が落ちるタイミングにザ・ヴァイパーを合わせ、同伴サポートも見る。,高台を先に取り、空中を見た後すぐ地上の射線へ戻る。視線を固定しすぎない。,D.Vaを倒す射線と、サポートへの回復線を切る射線を分ける。相手の逃げ先を先に燃やしてから撃つ。,接近時のダイブ経路と帰り道を管理するタンク,D.Vaのダイブ経路を撃つ前に、着地点・帰り道・味方サポートへの距離を先に確認する。,D.Vaが防御スキルを見せた直後に倒し切ろうとせず、戻る向きが決まった瞬間へザ・ヴァイパーとダイナマイトを合わせる。,削った後はコーチ・ガンで同じ場所から離れ、敵サポートか孤立ダメージへ視線を切り替える。,試合後に「D.Vaの何を見てから撃ったか」「外した時にどこへ戻ったか」を1回だけ確認する。,アッシュ対D.Vaは、接近時のダイブ経路と帰り道を管理するタンクとして読む。最初に見る情報、撃つ瞬間、失敗時の戻り先を分けると、数値評価以上に安定する。,D.Vaへの説明は「撃つ」「追う」だけで終わらせない。ダイブ確認、倒し切りを狙う条件、撤退先、次の狙いを必ず1文ずつ分け、アッシュのザ・ヴァイパーとダイナマイトとコーチ・ガンの使い道を混同しない。,接近管理,D.Vaのダイブ経路を止めるより、帰り道と味方サポートへの距離を見て被害を小さくする。,この試合で「D.Vaのダイブ経路を撃つ前に、着地点・帰り道・味方サポートへの距離を先に確認する。」を守れたか。守れなかった場合、次は撃つ前に何を1つだけ見るか。,D.Vaが防御スキルを見せた直後に倒し切ろうとせず、戻る向きが決まった瞬間へザ・ヴァイパーとダイナマイトを合わせる。 次に削った後はコーチ・ガンで同じ場所から離れ、敵サポートか孤立ダメージへ視線を切り替える。できていれば成功。,D.Vaを正面で追い続け、敵サポートの回復線まで自分から入ってしまう。,次の試合ではダイブ後の着地を1秒だけ撃ち、戻る向きが決まった瞬間へダイナマイトを残す。,D.Vaが入った瞬間、味方サポートの体力、コーチ・ガンを使った位置を停止して確認する。,次の試合ではD.Vaを倒すことより、確認、攻撃、退避の順番を崩さない。
Winston,4,ダイブ迎撃,ウィンストンには追われる前提で高台を使う。着地にダイナマイトを置き、バリア内へ深追いせず、コーチ・ガンで距離を作って燃焼と胴撃ちを合わせる。,高台は強いが、孤立した高台は危険。1〜2発撃ったら遮蔽へ戻り、詰められたらコーチ・ガンで距離を作って再確保する。,"[""バリア・プロジェクター"", ""ジャンプ・パック"", ""テスラ・キャノン""]","[""ジャンプ・パック""]","[""バリア・プロジェクター"", ""ジャンプ・パック""]","[""バリア・プロジェクター"", ""テスラ・キャノン""]",10,8,9,6,6,7,8,,,,,,,,,,,,,,,ザ・ヴァイパーはウィンストンを長く追う武器ではなく、先に体力を削る武器。スコープは短く、胴撃ちでも命中を優先し、撃った後は遮蔽へ戻る。,コーチ・ガンは前進用より、距離作り・高台再確保・リロード時間の安全確保に使う。使った後に孤立しない位置を選ぶ。,ダイナマイトはウィンストン本人だけでなく、回復を受ける位置、逃げ道、味方タンクが当たるダイブ経路に使う。単体牽制で毎回使い切らない。,バリア・プロジェクター、テスラ・キャノンを確認してからB.O.Bを出す。,ジャンプ・パック着地後、バリア・プロジェクターの内外が分かれた瞬間,ウィンストンに対しては「ダイナマイトをどこへ通すか」「コーチ・ガンを逃げに残せるか」「B.O.B前に何を確認するか」を毎回確認する。,"[""ウィンストンの防御・救助・移動スキル後"", ""敵サポート"", ""横に出たダメージ""]","[""同じ射線でスコープを覗き続けること"", ""B.O.Bを人数差がない正面へ雑に出すこと"", ""ダイナマイトを単体牽制だけに使い、集団や遮蔽裏へ通さないこと""]",ウィンストンだけを撃ち続けない。燃焼を入れたら敵サポートにも照準を移す。,ダイナマイトを盾や防御に吸われる位置へ投げない。角の裏か集団に使う。,ジャンプ・パック着地後、バリア・プロジェクターの内外が分かれた瞬間に合わせてザ・ヴァイパーを撃ち、無理ならすぐ高台を再確保する。,タンクを燃やした後、回復しているサポートを撃つ。正面火力だけで試合を進めない。,相手の防御・救助・移動スキルを先に数え、ダイナマイトで動かしてからB.O.Bで陣形を割る。,接近時のダイブ経路と帰り道を管理するタンク,ウィンストンのダイブ経路を撃つ前に、着地点・帰り道・味方サポートへの距離を先に確認する。,ウィンストンが防御スキルを見せた直後に倒し切ろうとせず、戻る向きが決まった瞬間へザ・ヴァイパーとダイナマイトを合わせる。,削った後はコーチ・ガンで同じ場所から離れ、敵サポートか孤立ダメージへ視線を切り替える。,試合後に「ウィンストンの何を見てから撃ったか」「外した時にどこへ戻ったか」を1回だけ確認する。,アッシュ対ウィンストンは、接近時のダイブ経路と帰り道を管理するタンクとして読む。最初に見る情報、撃つ瞬間、失敗時の戻り先を分けると、数値評価以上に安定する。,ウィンストンへの説明は「撃つ」「追う」だけで終わらせない。ダイブ確認、倒し切りを狙う条件、撤退先、次の狙いを必ず1文ずつ分け、アッシュのザ・ヴァイパーとダイナマイトとコーチ・ガンの使い道を混同しない。,接近管理,ウィンストンのダイブ経路を止めるより、帰り道と味方サポートへの距離を見て被害を小さくする。,この試合で「ウィンストンのダイブ経路を撃つ前に、着地点・帰り道・味方サポートへの距離を先に確認する。」を守れたか。守れなかった場合、次は撃つ前に何を1つだけ見るか。,ウィンストンが防御スキルを見せた直後に倒し切ろうとせず、戻る向きが決まった瞬間へザ・ヴァイパーとダイナマイトを合わせる。 次に削った後はコーチ・ガンで同じ場所から離れ、敵サポートか孤立ダメージへ視線を切り替える。できていれば成功。,ウィンストンを正面で追い続け、敵サポートの回復線まで自分から入ってしまう。,次の試合ではダイブ後の着地を1秒だけ撃ち、戻る向きが決まった瞬間へダイナマイトを残す。,ウィンストンが入った瞬間、味方サポートの体力、コーチ・ガンを使った位置を停止して確認する。,次の試合ではウィンストンを倒すことより、確認、攻撃、退避の順番を崩さない。
Doomfist,2,近距離突入管理,ドゥームフィストは正面で撃ち続けると詰められる。パワー・ブロック中は過剰に撃たず、終わり際にダイナマイトか胴撃ちで先に体力を削る。,高台は強いが、孤立した高台は危険。1〜2発撃ったら遮蔽へ戻り、詰められたらコーチ・ガンで距離を作って再確保する。,"[""パワー・ブロック"", ""サイズミック・スラム"", ""ロケット・パンチ""]","[""サイズミック・スラム"", ""ロケット・パンチ""]","[""パワー・ブロック"", ""サイズミック・スラム""]","[""パワー・ブロック"", ""ロケット・パンチ""]",10,7,10,6,6,7,7,,,,,,,,,,,,,,,ザ・ヴァイパーはドゥームフィストを長く追う武器ではなく、先に体力を削る武器。スコープは短く、胴撃ちでも命中を優先し、撃った後は遮蔽へ戻る。,コーチ・ガンは前進用より、距離作り・高台再確保・リロード時間の安全確保に使う。使った後に孤立しない位置を選ぶ。,ダイナマイトはドゥームフィスト本人だけでなく、回復を受ける位置、逃げ道、味方タンクが当たるダイブ経路に使う。単体牽制で毎回使い切らない。,パワー・ブロック、ロケット・パンチを確認してからB.O.Bを出す。,パワー・ブロック後、パンチを使って味方側へ入った瞬間,ドゥームフィストに対しては「ダイナマイトをどこへ通すか」「コーチ・ガンを逃げに残せるか」「B.O.B前に何を確認するか」を毎回確認する。,"[""ドゥームフィストの接近後"", ""味方サポートへ入る敵"", ""敵サポート""]","[""コーチ・ガンを攻撃目的で先に使い、逃げ道を失うこと"", ""B.O.Bを人数差がない正面へ雑に出すこと"", ""ダイナマイトを単体牽制だけに使い、集団や遮蔽裏へ通さないこと""]",ドゥームフィストを追いかけない。近づかれたらまず遮蔽へ寄り、コーチ・ガンを逃げに使う。,コーチ・ガンを先に使わない。パワー・ブロック後、パンチを使って味方側へ入った瞬間だけ撃ち、外したらすぐ距離を作る。,味方サポートへ入る瞬間にダイナマイトを置き、燃焼で退路を狭くする。,ドゥームフィストを追い返した後、敵サポートや別射線へザ・ヴァイパーを切り替える。,ドゥームフィストの接近ルートを先に消す位置を取り、コーチ・ガンを逃げではなく再配置の資源として残す。,接近時のダイブ経路と帰り道を管理するタンク,ドゥームフィストのダイブ経路を撃つ前に、着地点・帰り道・味方サポートへの距離を先に確認する。,ドゥームフィストが防御スキルを見せた直後に倒し切ろうとせず、戻る向きが決まった瞬間へザ・ヴァイパーとダイナマイトを合わせる。,削った後はコーチ・ガンで同じ場所から離れ、敵サポートか孤立ダメージへ視線を切り替える。,試合後に「ドゥームフィストの何を見てから撃ったか」「外した時にどこへ戻ったか」を1回だけ確認する。,アッシュ対ドゥームフィストは、接近時のダイブ経路と帰り道を管理するタンクとして読む。最初に見る情報、撃つ瞬間、失敗時の戻り先を分けると、数値評価以上に安定する。,ドゥームフィストへの説明は「撃つ」「追う」だけで終わらせない。ダイブ確認、倒し切りを狙う条件、撤退先、次の狙いを必ず1文ずつ分け、アッシュのザ・ヴァイパーとダイナマイトとコーチ・ガンの使い道を混同しない。,接近管理,ドゥームフィストのダイブ経路を止めるより、帰り道と味方サポートへの距離を見て被害を小さくする。,この試合で「ドゥームフィストのダイブ経路を撃つ前に、着地点・帰り道・味方サポートへの距離を先に確認する。」を守れたか。守れなかった場合、次は撃つ前に何を1つだけ見るか。,ドゥームフィストが防御スキルを見せた直後に倒し切ろうとせず、戻る向きが決まった瞬間へザ・ヴァイパーとダイナマイトを合わせる。 次に削った後はコーチ・ガンで同じ場所から離れ、敵サポートか孤立ダメージへ視線を切り替える。できていれば成功。,ドゥームフィストを正面で追い続け、敵サポートの回復線まで自分から入ってしまう。,次の試合ではダイブ後の着地を1秒だけ撃ち、戻る向きが決まった瞬間へダイナマイトを残す。,ドゥームフィストが入った瞬間、味方サポートの体力、コーチ・ガンを使った位置を停止して確認する。,次の試合ではドゥームフィストを倒すことより、確認、攻撃、退避の順番を崩さない。
Hazard,4,分断対策,ハザードには狭い遮蔽付近で撃ち合わない。壁で分断される前に高台から燃焼を入れ、詰められたらコーチ・ガンを逃げに使う。,高台は強いが、孤立した高台は危険。1〜2発撃ったら遮蔽へ戻り、詰められたらコーチ・ガンで距離を作って再確保する。,"[""スパイク・ガード"", ""ヴァイオレント・リープ"", ""ジャギー・ウォール""]","[""ヴァイオレント・リープ"", ""ジャギー・ウォール""]","[""スパイク・ガード"", ""ヴァイオレント・リープ""]","[""スパイク・ガード"", ""ジャギー・ウォール""]",10,8,8,6,6,5,8,,,,,,,,,,,,,,,ザ・ヴァイパーはハザードを長く追う武器ではなく、先に体力を削る武器。スコープは短く、胴撃ちでも命中を優先し、撃った後は遮蔽へ戻る。,コーチ・ガンは前進用より、距離作り・高台再確保・リロード時間の安全確保に使う。使った後に孤立しない位置を選ぶ。,ダイナマイトはハザード本人だけでなく、回復を受ける位置、逃げ道、味方タンクが当たるダイブ経路に使う。単体牽制で毎回使い切らない。,スパイク・ガード、ジャギー・ウォールを確認してからB.O.Bを出す。,ジャギー・ウォールで退路を切られる前後,ハザードに対しては「ダイナマイトをどこへ通すか」「コーチ・ガンを逃げに残せるか」「B.O.B前に何を確認するか」を毎回確認する。,"[""ハザードの防御・救助・移動スキル後"", ""敵サポート"", ""横に出たダメージ""]","[""同じ射線でスコープを覗き続けること"", ""B.O.Bを人数差がない正面へ雑に出すこと"", ""ダイナマイトを単体牽制だけに使い、集団や遮蔽裏へ通さないこと""]",ハザードだけを撃ち続けない。燃焼を入れたら敵サポートにも照準を移す。,ダイナマイトを盾や防御に吸われる位置へ投げない。角の裏か集団に使う。,ジャギー・ウォールで退路を切られる前後に合わせてザ・ヴァイパーを撃ち、無理ならすぐ高台を再確保する。,タンクを燃やした後、回復しているサポートを撃つ。正面火力だけで試合を進めない。,相手の防御・救助・移動スキルを先に数え、ダイナマイトで動かしてからB.O.Bで陣形を割る。,接近時のダイブ経路と帰り道を管理するタンク,ハザードのダイブ経路を撃つ前に、着地点・帰り道・味方サポートへの距離を先に確認する。,ハザードが防御スキルを見せた直後に倒し切ろうとせず、戻る向きが決まった瞬間へザ・ヴァイパーとダイナマイトを合わせる。,削った後はコーチ・ガンで同じ場所から離れ、敵サポートか孤立ダメージへ視線を切り替える。,試合後に「ハザードの何を見てから撃ったか」「外した時にどこへ戻ったか」を1回だけ確認する。,アッシュ対ハザードは、接近時のダイブ経路と帰り道を管理するタンクとして読む。最初に見る情報、撃つ瞬間、失敗時の戻り先を分けると、数値評価以上に安定する。,ハザードへの説明は「撃つ」「追う」だけで終わらせない。ダイブ確認、倒し切りを狙う条件、撤退先、次の狙いを必ず1文ずつ分け、アッシュのザ・ヴァイパーとダイナマイトとコーチ・ガンの使い道を混同しない。,接近管理,ハザードのダイブ経路を止めるより、帰り道と味方サポートへの距離を見て被害を小さくする。,この試合で「ハザードのダイブ経路を撃つ前に、着地点・帰り道・味方サポートへの距離を先に確認する。」を守れたか。守れなかった場合、次は撃つ前に何を1つだけ見るか。,ハザードが防御スキルを見せた直後に倒し切ろうとせず、戻る向きが決まった瞬間へザ・ヴァイパーとダイナマイトを合わせる。 次に削った後はコーチ・ガンで同じ場所から離れ、敵サポートか孤立ダメージへ視線を切り替える。できていれば成功。,ハザードを正面で追い続け、敵サポートの回復線まで自分から入ってしまう。,次の試合ではダイブ後の着地を1秒だけ撃ち、戻る向きが決まった瞬間へダイナマイトを残す。,ハザードが入った瞬間、味方サポートの体力、コーチ・ガンを使った位置を停止して確認する。,次の試合ではハザードを倒すことより、確認、攻撃、退避の順番を崩さない。
Wrecking Ball,2,高機動タンク対策,レッキング・ボールを追い続けず、味方サポートへ入るルートにダイナマイトを置く。パイルドライバー後の着地だけを撃ち、逃げたら敵サポートへ戻す。,高台は強いが、孤立した高台は危険。1〜2発撃ったら遮蔽へ戻り、詰められたらコーチ・ガンで距離を作って再確保する。,"[""アダプティブ・シールド"", ""グラップリング・クロー"", ""ロール""]","[""グラップリング・クロー"", ""ロール"", ""パイルドライバー""]","[""アダプティブ・シールド"", ""グラップリング・クロー"", ""ロール""]","[""アダプティブ・シールド"", ""パイルドライバー""]",10,7,10,6,6,7,7,,,,,,,,,,,,,,,ザ・ヴァイパーはレッキング・ボールを長く追う武器ではなく、先に体力を削る武器。スコープは短く、胴撃ちでも命中を優先し、撃った後は遮蔽へ戻る。,コーチ・ガンは前進用より、距離作り・高台再確保・リロード時間の安全確保に使う。使った後に孤立しない位置を選ぶ。,ダイナマイトはレッキング・ボール本人だけでなく、回復を受ける位置、逃げ道、味方タンクが当たるダイブ経路に使う。単体牽制で毎回使い切らない。,アダプティブ・シールド、パイルドライバーを確認してからB.O.Bを出す。,パイルドライバー後、またはグラップリング・クローで止まった瞬間,レッキング・ボールに対しては「ダイナマイトをどこへ通すか」「コーチ・ガンを逃げに残せるか」「B.O.B前に何を確認するか」を毎回確認する。,"[""レッキング・ボールの接近後"", ""味方サポートへ入る敵"", ""敵サポート""]","[""コーチ・ガンを攻撃目的で先に使い、逃げ道を失うこと"", ""B.O.Bを人数差がない正面へ雑に出すこと"", ""ダイナマイトを単体牽制だけに使い、集団や遮蔽裏へ通さないこと""]",レッキング・ボールを追いかけない。近づかれたらまず遮蔽へ寄り、コーチ・ガンを逃げに使う。,コーチ・ガンを先に使わない。パイルドライバー後、またはグラップリング・クローで止まった瞬間だけ撃ち、外したらすぐ距離を作る。,味方サポートへ入る瞬間にダイナマイトを置き、燃焼で退路を狭くする。,レッキング・ボールを追い返した後、敵サポートや別射線へザ・ヴァイパーを切り替える。,レッキング・ボールの接近ルートを先に消す位置を取り、コーチ・ガンを逃げではなく再配置の資源として残す。,接近時のダイブ経路と帰り道を管理するタンク,レッキング・ボールのダイブ経路を撃つ前に、着地点・帰り道・味方サポートへの距離を先に確認する。,レッキング・ボールが防御スキルを見せた直後に倒し切ろうとせず、戻る向きが決まった瞬間へザ・ヴァイパーとダイナマイトを合わせる。,削った後はコーチ・ガンで同じ場所から離れ、敵サポートか孤立ダメージへ視線を切り替える。,試合後に「レッキング・ボールの何を見てから撃ったか」「外した時にどこへ戻ったか」を1回だけ確認する。,アッシュ対レッキング・ボールは、接近時のダイブ経路と帰り道を管理するタンクとして読む。最初に見る情報、撃つ瞬間、失敗時の戻り先を分けると、数値評価以上に安定する。,レッキング・ボールへの説明は「撃つ」「追う」だけで終わらせない。ダイブ確認、倒し切りを狙う条件、撤退先、次の狙いを必ず1文ずつ分け、アッシュのザ・ヴァイパーとダイナマイトとコーチ・ガンの使い道を混同しない。,接近管理,レッキング・ボールのダイブ経路を止めるより、帰り道と味方サポートへの距離を見て被害を小さくする。,この試合で「レッキング・ボールのダイブ経路を撃つ前に、着地点・帰り道・味方サポートへの距離を先に確認する。」を守れたか。守れなかった場合、次は撃つ前に何を1つだけ見るか。,レッキング・ボールが防御スキルを見せた直後に倒し切ろうとせず、戻る向きが決まった瞬間へザ・ヴァイパーとダイナマイトを合わせる。 次に削った後はコーチ・ガンで同じ場所から離れ、敵サポートか孤立ダメージへ視線を切り替える。できていれば成功。,レッキング・ボールを正面で追い続け、敵サポートの回復線まで自分から入ってしまう。,次の試合ではダイブ後の着地を1秒だけ撃ち、戻る向きが決まった瞬間へダイナマイトを残す。,レッキング・ボールが入った瞬間、味方サポートの体力、コーチ・ガンを使った位置を停止して確認する。,次の試合ではレッキング・ボールを倒すことより、確認、攻撃、退避の順番を崩さない。
Zarya,5,バリア確認,ザリアにはバリア中のダイナマイト起爆を急がない。バリアを見てから燃焼を入れ、エネルギーが高い時は正面を捨てて横のサポートを狙う。,高台は強いが、孤立した高台は危険。1〜2発撃ったら遮蔽へ戻り、詰められたらコーチ・ガンで距離を作って再確保する。,"[""パーティクル・バリア"", ""バリア・ショット"", ""グラビトン・サージ""]","[""パーティクル・バリア"", ""バリア・ショット""]","[""バリア・ショット"", ""パーティクル・バリア""]","[""パーティクル・バリア"", ""バリア・ショット"", ""グラビトン・サージ""]",7,10,6,4,9,5,6,,,,,,,,,,,,,,,ザ・ヴァイパーはザリアを長く追う武器ではなく、先に体力を削る武器。スコープは短く、胴撃ちでも命中を優先し、撃った後は遮蔽へ戻る。,コーチ・ガンは前進用より、距離作り・高台再確保・リロード時間の安全確保に使う。使った後に孤立しない位置を選ぶ。,ダイナマイトはザリア本人だけでなく、回復を受ける位置、逃げ道、味方タンクが当たるダイブ経路に使う。単体牽制で毎回使い切らない。,パーティクル・バリア、バリア・ショット、グラビトン・サージを確認してからB.O.Bを出す。,パーティクル・バリアが切れた直後,ザリアに対しては「ダイナマイトをどこへ通すか」「コーチ・ガンを逃げに残せるか」「B.O.B前に何を確認するか」を毎回確認する。,"[""ザリアの防御・救助・移動スキル後"", ""敵サポート"", ""横に出たダメージ""]","[""同じ射線でスコープを覗き続けること"", ""パーティクル・バリア、バリア・ショットを見ずにB.O.Bを正面へ出すこと"", ""ダイナマイトを単体牽制だけに使い、集団や遮蔽裏へ通さないこと""]",ザリアだけを撃ち続けない。燃焼を入れたら敵サポートにも照準を移す。,ダイナマイトを盾や防御に吸われる位置へ投げない。角の裏か集団に使う。,パーティクル・バリアが切れた直後に合わせてザ・ヴァイパーを撃ち、無理ならすぐ高台を再確保する。,タンクを燃やした後、回復しているサポートを撃つ。正面火力だけで試合を進めない。,相手の防御・救助・移動スキルを先に数え、ダイナマイトで動かしてからB.O.Bで陣形を割る。,高耐久の前線スキルを削って後衛へ切り替えるタンク,ザリアだけを倒す設計にせず、回復線・防御スキル・後衛の露出を同時に見る。,ザリアが前へ出た瞬間は削り、防御・救助・移動スキルを使った直後に後ろのサポートか横のダメージへザ・ヴァイパーとダイナマイトを移す。,正面で長く撃ち続けず、コーチ・ガンで射線を変えて敵の回復と防御を分散させる。,試合後に「ザリアの何を見てから撃ったか」「外した時にどこへ戻ったか」を1回だけ確認する。,アッシュ対ザリアは、高耐久の前線スキルを削って後衛へ切り替えるタンクとして読む。最初に見る情報、撃つ瞬間、失敗時の戻り先を分けると、数値評価以上に安定する。,ザリアへの説明は「撃つ」「追う」だけで終わらせない。ダイブ確認、倒し切りを狙う条件、撤退先、次の狙いを必ず1文ずつ分け、アッシュのザ・ヴァイパーとダイナマイトとコーチ・ガンの使い道を混同しない。,資源削り,ザリアを倒し切るより、防御スキルを吐かせて後衛へ切り替える準備を作る。,この試合で「ザリアだけを倒す設計にせず、回復線・防御スキル・後衛の露出を同時に見る。」を守れたか。守れなかった場合、次は撃つ前に何を1つだけ見るか。,ザリアが前へ出た瞬間は削り、防御・救助・移動スキルを使った直後に後ろのサポートか横のダメージへザ・ヴァイパーとダイナマイトを移す。 次に正面で長く撃ち続けず、コーチ・ガンで射線を変えて敵の回復と防御を分散させる。できていれば成功。,ザリアだけに射撃時間を使い、後衛や横のダメージを見られなくなる。,次の試合ではザリアを削った後、防御・救助・移動スキルを使わせた時点で別の敵へ照準を移す。,ザリアへ撃った時間と、後衛へ切り替えた瞬間を確認する。,次の試合ではザリアを倒すことより、確認、攻撃、退避の順番を崩さない。
Junker Queen,4,ラッシュ制御,ジャンカー・クイーンには近距離まで待たない。シャウト前は中距離からザ・ヴァイパー、シャウト後はコーチ・ガンで距離を作り、集団にダイナマイトを通す。,高台は強いが、孤立した高台は危険。1〜2発撃ったら遮蔽へ戻り、詰められたらコーチ・ガンで距離を作って再確保する。,"[""コマンディング・シャウト"", ""ランペイジ""]","[""ギザギザブレード"", ""カーネイジ""]","[""コマンディング・シャウト""]","[""コマンディング・シャウト"", ""ランペイジ""]",8,10,8,4,6,5,7,,,,,,,,,,,,,,,ザ・ヴァイパーはジャンカー・クイーンを長く追う武器ではなく、先に体力を削る武器。スコープは短く、胴撃ちでも命中を優先し、撃った後は遮蔽へ戻る。,コーチ・ガンは前進用より、距離作り・高台再確保・リロード時間の安全確保に使う。使った後に孤立しない位置を選ぶ。,ダイナマイトはジャンカー・クイーン本人だけでなく、回復を受ける位置、逃げ道、味方タンクが当たるダイブ経路に使う。単体牽制で毎回使い切らない。,コマンディング・シャウト、ランペイジを確認してからB.O.Bを出す。,コマンディング・シャウトで詰めた後、射程に入った瞬間,ジャンカー・クイーンに対しては「ダイナマイトをどこへ通すか」「コーチ・ガンを逃げに残せるか」「B.O.B前に何を確認するか」を毎回確認する。,"[""ジャンカー・クイーンの防御・救助・移動スキル後"", ""敵サポート"", ""横に出たダメージ""]","[""同じ射線でスコープを覗き続けること"", ""B.O.Bを人数差がない正面へ雑に出すこと"", ""ダイナマイトを単体牽制だけに使い、集団や遮蔽裏へ通さないこと""]",ジャンカー・クイーンだけを撃ち続けない。燃焼を入れたら敵サポートにも照準を移す。,ダイナマイトを盾や防御に吸われる位置へ投げない。角の裏か集団に使う。,コマンディング・シャウトで詰めた後、射程に入った瞬間に合わせてザ・ヴァイパーを撃ち、無理ならすぐ高台を再確保する。,タンクを燃やした後、回復しているサポートを撃つ。正面火力だけで試合を進めない。,相手の防御・救助・移動スキルを先に数え、ダイナマイトで動かしてからB.O.Bで陣形を割る。,高耐久の前線スキルを削って後衛へ切り替えるタンク,ジャンカー・クイーンだけを倒す設計にせず、回復線・防御スキル・後衛の露出を同時に見る。,ジャンカー・クイーンが前へ出た瞬間は削り、防御・救助・移動スキルを使った直後に後ろのサポートか横のダメージへザ・ヴァイパーとダイナマイトを移す。,正面で長く撃ち続けず、コーチ・ガンで射線を変えて敵の回復と防御を分散させる。,試合後に「ジャンカー・クイーンの何を見てから撃ったか」「外した時にどこへ戻ったか」を1回だけ確認する。,アッシュ対ジャンカー・クイーンは、高耐久の前線スキルを削って後衛へ切り替えるタンクとして読む。最初に見る情報、撃つ瞬間、失敗時の戻り先を分けると、数値評価以上に安定する。,ジャンカー・クイーンへの説明は「撃つ」「追う」だけで終わらせない。ダイブ確認、倒し切りを狙う条件、撤退先、次の狙いを必ず1文ずつ分け、アッシュのザ・ヴァイパーとダイナマイトとコーチ・ガンの使い道を混同しない。,資源削り,ジャンカー・クイーンを倒し切るより、防御スキルを吐かせて後衛へ切り替える準備を作る。,この試合で「ジャンカー・クイーンだけを倒す設計にせず、回復線・防御スキル・後衛の露出を同時に見る。」を守れたか。守れなかった場合、次は撃つ前に何を1つだけ見るか。,ジャンカー・クイーンが前へ出た瞬間は削り、防御・救助・移動スキルを使った直後に後ろのサポートか横のダメージへザ・ヴァイパーとダイナマイトを移す。 次に正面で長く撃ち続けず、コーチ・ガンで射線を変えて敵の回復と防御を分散させる。できていれば成功。,ジャンカー・クイーンだけに射撃時間を使い、後衛や横のダメージを見られなくなる。,次の試合ではジャンカー・クイーンを削った後、防御・救助・移動スキルを使わせた時点で別の敵へ照準を移す。,ジャンカー・クイーンへ撃った時間と、後衛へ切り替えた瞬間を確認する。,次の試合ではジャンカー・クイーンを倒すことより、確認、攻撃、退避の順番を崩さない。
Domina,5,タンク圧力処理,ドミナを倒し切ることだけを目的にしない。正面にはダイナマイトで燃焼を入れ、ザ・ヴァイパーはサポートやダメージへ切り替えて試合を動かす。,高台は強いが、孤立した高台は危険。1〜2発撃ったら遮蔽へ戻り、詰められたらコーチ・ガンで距離を作って再確保する。,"[""バリア・アレイ"", ""パノプティコン""]","[""クリスタル・チャージ"", ""ソニック・リパルサー""]","[""バリア・アレイ""]","[""バリア・アレイ"", ""パノプティコン""]",8,9,6,4,6,5,7,,,,,,,,,,,,,,,ザ・ヴァイパーはドミナを長く追う武器ではなく、先に体力を削る武器。スコープは短く、胴撃ちでも命中を優先し、撃った後は遮蔽へ戻る。,コーチ・ガンは前進用より、距離作り・高台再確保・リロード時間の安全確保に使う。使った後に孤立しない位置を選ぶ。,ダイナマイトはドミナ本人だけでなく、回復を受ける位置、逃げ道、味方タンクが当たるダイブ経路に使う。単体牽制で毎回使い切らない。,バリア・アレイ、パノプティコンを確認してからB.O.Bを出す。,クリスタル・チャージ、ソニック・リパルサーの後,ドミナに対しては「ダイナマイトをどこへ通すか」「コーチ・ガンを逃げに残せるか」「B.O.B前に何を確認するか」を毎回確認する。,"[""ドミナの防御・救助・移動スキル後"", ""敵サポート"", ""横に出たダメージ""]","[""同じ射線でスコープを覗き続けること"", ""B.O.Bを人数差がない正面へ雑に出すこと"", ""ダイナマイトを単体牽制だけに使い、集団や遮蔽裏へ通さないこと""]",ドミナだけを撃ち続けない。燃焼を入れたら敵サポートにも照準を移す。,ダイナマイトを盾や防御に吸われる位置へ投げない。角の裏か集団に使う。,クリスタル・チャージ、ソニック・リパルサーの後に合わせてザ・ヴァイパーを撃ち、無理ならすぐ高台を再確保する。,タンクを燃やした後、回復しているサポートを撃つ。正面火力だけで試合を進めない。,相手の防御・救助・移動スキルを先に数え、ダイナマイトで動かしてからB.O.Bで陣形を割る。,高耐久の前線スキルを削って後衛へ切り替えるタンク,ドミナだけを倒す設計にせず、回復線・防御スキル・後衛の露出を同時に見る。,ドミナが前へ出た瞬間は削り、防御・救助・移動スキルを使った直後に後ろのサポートか横のダメージへザ・ヴァイパーとダイナマイトを移す。,正面で長く撃ち続けず、コーチ・ガンで射線を変えて敵の回復と防御を分散させる。,試合後に「ドミナの何を見てから撃ったか」「外した時にどこへ戻ったか」を1回だけ確認する。,アッシュ対ドミナは、高耐久の前線スキルを削って後衛へ切り替えるタンクとして読む。最初に見る情報、撃つ瞬間、失敗時の戻り先を分けると、数値評価以上に安定する。,ドミナへの説明は「撃つ」「追う」だけで終わらせない。ダイブ確認、倒し切りを狙う条件、撤退先、次の狙いを必ず1文ずつ分け、アッシュのザ・ヴァイパーとダイナマイトとコーチ・ガンの使い道を混同しない。,資源削り,ドミナを倒し切るより、防御スキルを吐かせて後衛へ切り替える準備を作る。,この試合で「ドミナだけを倒す設計にせず、回復線・防御スキル・後衛の露出を同時に見る。」を守れたか。守れなかった場合、次は撃つ前に何を1つだけ見るか。,ドミナが前へ出た瞬間は削り、防御・救助・移動スキルを使った直後に後ろのサポートか横のダメージへザ・ヴァイパーとダイナマイトを移す。 次に正面で長く撃ち続けず、コーチ・ガンで射線を変えて敵の回復と防御を分散させる。できていれば成功。,ドミナだけに射撃時間を使い、後衛や横のダメージを見られなくなる。,次の試合ではドミナを削った後、防御・救助・移動スキルを使わせた時点で別の敵へ照準を移す。,ドミナへ撃った時間と、後衛へ切り替えた瞬間を確認する。,次の試合ではドミナを倒すことより、確認、攻撃、退避の順番を崩さない。
Mauga,5,高耐久処理,マウガは弾を当てやすいが、正面だけ撃つと試合を動かしにくい。燃焼でサポートの回復を引き出し、B.O.Bはケージ・ファイト前後の分断に使う。,高台は強いが、孤立した高台は危険。1〜2発撃ったら遮蔽へ戻り、詰められたらコーチ・ガンで距離を作って再確保する。,"[""カーディアック・オーバードライブ"", ""ケージ・ファイト""]","[""オーバーラン""]","[""カーディアック・オーバードライブ""]","[""カーディアック・オーバードライブ"", ""ケージ・ファイト""]",7,10,8,4,8,5,6,,,,,,,,,,,,,,,ザ・ヴァイパーはマウガを長く追う武器ではなく、先に体力を削る武器。スコープは短く、胴撃ちでも命中を優先し、撃った後は遮蔽へ戻る。,コーチ・ガンは前進用より、距離作り・高台再確保・リロード時間の安全確保に使う。使った後に孤立しない位置を選ぶ。,ダイナマイトはマウガ本人だけでなく、回復を受ける位置、逃げ道、味方タンクが当たるダイブ経路に使う。単体牽制で毎回使い切らない。,カーディアック・オーバードライブ、ケージ・ファイトを確認してからB.O.Bを出す。,カーディアック・オーバードライブ中に味方が正面で受けている時,マウガに対しては「ダイナマイトをどこへ通すか」「コーチ・ガンを逃げに残せるか」「B.O.B前に何を確認するか」を毎回確認する。,"[""マウガの防御・救助・移動スキル後"", ""敵サポート"", ""横に出たダメージ""]","[""同じ射線でスコープを覗き続けること"", ""カーディアック・オーバードライブ、ケージ・ファイトを見ずにB.O.Bを正面へ出すこと"", ""ダイナマイトを単体牽制だけに使い、集団や遮蔽裏へ通さないこと""]",マウガだけを撃ち続けない。燃焼を入れたら敵サポートにも照準を移す。,ダイナマイトを盾や防御に吸われる位置へ投げない。角の裏か集団に使う。,カーディアック・オーバードライブ中に味方が正面で受けている時に合わせてザ・ヴァイパーを撃ち、無理ならすぐ高台を再確保する。,タンクを燃やした後、回復しているサポートを撃つ。正面火力だけで試合を進めない。,相手の防御・救助・移動スキルを先に数え、ダイナマイトで動かしてからB.O.Bで陣形を割る。,高耐久の前線スキルを削って後衛へ切り替えるタンク,マウガだけを倒す設計にせず、回復線・防御スキル・後衛の露出を同時に見る。,マウガが前へ出た瞬間は削り、防御・救助・移動スキルを使った直後に後ろのサポートか横のダメージへザ・ヴァイパーとダイナマイトを移す。,正面で長く撃ち続けず、コーチ・ガンで射線を変えて敵の回復と防御を分散させる。,試合後に「マウガの何を見てから撃ったか」「外した時にどこへ戻ったか」を1回だけ確認する。,アッシュ対マウガは、高耐久の前線スキルを削って後衛へ切り替えるタンクとして読む。最初に見る情報、撃つ瞬間、失敗時の戻り先を分けると、数値評価以上に安定する。,マウガへの説明は「撃つ」「追う」だけで終わらせない。ダイブ確認、倒し切りを狙う条件、撤退先、次の狙いを必ず1文ずつ分け、アッシュのザ・ヴァイパーとダイナマイトとコーチ・ガンの使い道を混同しない。,資源削り,マウガを倒し切るより、防御スキルを吐かせて後衛へ切り替える準備を作る。,この試合で「マウガだけを倒す設計にせず、回復線・防御スキル・後衛の露出を同時に見る。」を守れたか。守れなかった場合、次は撃つ前に何を1つだけ見るか。,マウガが前へ出た瞬間は削り、防御・救助・移動スキルを使った直後に後ろのサポートか横のダメージへザ・ヴァイパーとダイナマイトを移す。 次に正面で長く撃ち続けず、コーチ・ガンで射線を変えて敵の回復と防御を分散させる。できていれば成功。,マウガだけに射撃時間を使い、後衛や横のダメージを見られなくなる。,次の試合ではマウガを削った後、防御・救助・移動スキルを使わせた時点で別の敵へ照準を移す。,マウガへ撃った時間と、後衛へ切り替えた瞬間を確認する。,次の試合ではマウガを倒すことより、確認、攻撃、退避の順番を崩さない。
Ramattra,5,フォーム管理,ラマットラには正面の持久戦をしない。ネメシス・フォーム中は下がりながら燃焼、通常形態に戻ったらザ・ヴァイパーで頭を狙う。,高台は強いが、孤立した高台は危険。1〜2発撃ったら遮蔽へ戻り、詰められたらコーチ・ガンで距離を作って再確保する。,"[""ヴォイド・バリア"", ""ブロック"", ""アナイアレーション""]","[""ネメシス・フォーム"", ""貪欲な渦""]","[""ヴォイド・バリア"", ""ブロック""]","[""ヴォイド・バリア"", ""ブロック"", ""アナイアレーション""]",8,10,8,4,6,5,7,,,,,,,,,,,,,,,ザ・ヴァイパーはラマットラを長く追う武器ではなく、先に体力を削る武器。スコープは短く、胴撃ちでも命中を優先し、撃った後は遮蔽へ戻る。,コーチ・ガンは前進用より、距離作り・高台再確保・リロード時間の安全確保に使う。使った後に孤立しない位置を選ぶ。,ダイナマイトはラマットラ本人だけでなく、回復を受ける位置、逃げ道、味方タンクが当たるダイブ経路に使う。単体牽制で毎回使い切らない。,ヴォイド・バリア、ブロック、アナイアレーションを確認してからB.O.Bを出す。,ネメシス・フォームで正面のスペースへ入る瞬間,ラマットラに対しては「ダイナマイトをどこへ通すか」「コーチ・ガンを逃げに残せるか」「B.O.B前に何を確認するか」を毎回確認する。,"[""ラマットラの防御・救助・移動スキル後"", ""敵サポート"", ""横に出たダメージ""]","[""同じ射線でスコープを覗き続けること"", ""B.O.Bを人数差がない正面へ雑に出すこと"", ""ダイナマイトを単体牽制だけに使い、集団や遮蔽裏へ通さないこと""]",ラマットラだけを撃ち続けない。燃焼を入れたら敵サポートにも照準を移す。,ダイナマイトを盾や防御に吸われる位置へ投げない。角の裏か集団に使う。,ネメシス・フォームで正面のスペースへ入る瞬間に合わせてザ・ヴァイパーを撃ち、無理ならすぐ高台を再確保する。,タンクを燃やした後、回復しているサポートを撃つ。正面火力だけで試合を進めない。,相手の防御・救助・移動スキルを先に数え、ダイナマイトで動かしてからB.O.Bで陣形を割る。,高耐久の前線スキルを削って後衛へ切り替えるタンク,ラマットラだけを倒す設計にせず、回復線・防御スキル・後衛の露出を同時に見る。,ラマットラが前へ出た瞬間は削り、防御・救助・移動スキルを使った直後に後ろのサポートか横のダメージへザ・ヴァイパーとダイナマイトを移す。,正面で長く撃ち続けず、コーチ・ガンで射線を変えて敵の回復と防御を分散させる。,試合後に「ラマットラの何を見てから撃ったか」「外した時にどこへ戻ったか」を1回だけ確認する。,アッシュ対ラマットラは、高耐久の前線スキルを削って後衛へ切り替えるタンクとして読む。最初に見る情報、撃つ瞬間、失敗時の戻り先を分けると、数値評価以上に安定する。,ラマットラへの説明は「撃つ」「追う」だけで終わらせない。ダイブ確認、倒し切りを狙う条件、撤退先、次の狙いを必ず1文ずつ分け、アッシュのザ・ヴァイパーとダイナマイトとコーチ・ガンの使い道を混同しない。,資源削り,ラマットラを倒し切るより、防御スキルを吐かせて後衛へ切り替える準備を作る。,この試合で「ラマットラだけを倒す設計にせず、回復線・防御スキル・後衛の露出を同時に見る。」を守れたか。守れなかった場合、次は撃つ前に何を1つだけ見るか。,ラマットラが前へ出た瞬間は削り、防御・救助・移動スキルを使った直後に後ろのサポートか横のダメージへザ・ヴァイパーとダイナマイトを移す。 次に正面で長く撃ち続けず、コーチ・ガンで射線を変えて敵の回復と防御を分散させる。できていれば成功。,ラマットラだけに射撃時間を使い、後衛や横のダメージを見られなくなる。,次の試合ではラマットラを削った後、防御・救助・移動スキルを使わせた時点で別の敵へ照準を移す。,ラマットラへ撃った時間と、後衛へ切り替えた瞬間を確認する。,次の試合ではラマットラを倒すことより、確認、攻撃、退避の順番を崩さない。
Roadhog,5,フック管理,ロードホッグにはフック射線に立たない。外した直後にダイナマイトを起爆し、回復中にザ・ヴァイパーで圧を合わせる。,高台は強いが、孤立した高台は危険。1〜2発撃ったら遮蔽へ戻り、詰められたらコーチ・ガンで距離を作って再確保する。,"[""テイク・ア・ブリーザー"", ""チェイン・フック""]","[""チェイン・フック"", ""ピッグペン""]","[""テイク・ア・ブリーザー""]","[""テイク・ア・ブリーザー"", ""チェイン・フック""]",8,10,8,4,8,5,7,,,,,,,,,,,,,,,ザ・ヴァイパーはロードホッグを長く追う武器ではなく、先に体力を削る武器。スコープは短く、胴撃ちでも命中を優先し、撃った後は遮蔽へ戻る。,コーチ・ガンは前進用より、距離作り・高台再確保・リロード時間の安全確保に使う。使った後に孤立しない位置を選ぶ。,ダイナマイトはロードホッグ本人だけでなく、回復を受ける位置、逃げ道、味方タンクが当たるダイブ経路に使う。単体牽制で毎回使い切らない。,テイク・ア・ブリーザー、チェイン・フックを確認してからB.O.Bを出す。,チェイン・フックを外した直後、またはテイク・ア・ブリーザー使用中,ロードホッグに対しては「ダイナマイトをどこへ通すか」「コーチ・ガンを逃げに残せるか」「B.O.B前に何を確認するか」を毎回確認する。,"[""ロードホッグの防御・救助・移動スキル後"", ""敵サポート"", ""横に出たダメージ""]","[""同じ射線でスコープを覗き続けること"", ""テイク・ア・ブリーザー、チェイン・フックを見ずにB.O.Bを正面へ出すこと"", ""ダイナマイトを単体牽制だけに使い、集団や遮蔽裏へ通さないこと""]",ロードホッグだけを撃ち続けない。燃焼を入れたら敵サポートにも照準を移す。,ダイナマイトを盾や防御に吸われる位置へ投げない。角の裏か集団に使う。,チェイン・フックを外した直後、またはテイク・ア・ブリーザー使用中に合わせてザ・ヴァイパーを撃ち、無理ならすぐ高台を再確保する。,タンクを燃やした後、回復しているサポートを撃つ。正面火力だけで試合を進めない。,相手の防御・救助・移動スキルを先に数え、ダイナマイトで動かしてからB.O.Bで陣形を割る。,高耐久の前線スキルを削って後衛へ切り替えるタンク,ロードホッグだけを倒す設計にせず、回復線・防御スキル・後衛の露出を同時に見る。,ロードホッグが前へ出た瞬間は削り、防御・救助・移動スキルを使った直後に後ろのサポートか横のダメージへザ・ヴァイパーとダイナマイトを移す。,正面で長く撃ち続けず、コーチ・ガンで射線を変えて敵の回復と防御を分散させる。,試合後に「ロードホッグの何を見てから撃ったか」「外した時にどこへ戻ったか」を1回だけ確認する。,アッシュ対ロードホッグは、高耐久の前線スキルを削って後衛へ切り替えるタンクとして読む。最初に見る情報、撃つ瞬間、失敗時の戻り先を分けると、数値評価以上に安定する。,ロードホッグへの説明は「撃つ」「追う」だけで終わらせない。ダイブ確認、倒し切りを狙う条件、撤退先、次の狙いを必ず1文ずつ分け、アッシュのザ・ヴァイパーとダイナマイトとコーチ・ガンの使い道を混同しない。,資源削り,ロードホッグを倒し切るより、防御スキルを吐かせて後衛へ切り替える準備を作る。,この試合で「ロードホッグだけを倒す設計にせず、回復線・防御スキル・後衛の露出を同時に見る。」を守れたか。守れなかった場合、次は撃つ前に何を1つだけ見るか。,ロードホッグが前へ出た瞬間は削り、防御・救助・移動スキルを使った直後に後ろのサポートか横のダメージへザ・ヴァイパーとダイナマイトを移す。 次に正面で長く撃ち続けず、コーチ・ガンで射線を変えて敵の回復と防御を分散させる。できていれば成功。,ロードホッグだけに射撃時間を使い、後衛や横のダメージを見られなくなる。,次の試合ではロードホッグを削った後、防御・救助・移動スキルを使わせた時点で別の敵へ照準を移す。,ロードホッグへ撃った時間と、後衛へ切り替えた瞬間を確認する。,次の試合ではロードホッグを倒すことより、確認、攻撃、退避の順番を崩さない。
Orisa,5,防御スキル確認,オリーサ本体を撃ち続けるより、防御・救助・移動スキル後に燃焼を入れて後ろのサポートを動かす。コーチ・ガンはエネルギー・ジャベリンを受けない位置取りに使う。,高台は強いが、孤立した高台は危険。1〜2発撃ったら遮蔽へ戻り、詰められたらコーチ・ガンで距離を作って再確保する。,"[""フォーティファイ"", ""ジャベリン・スピン"", ""エネルギー・ジャベリン""]","[""エネルギー・ジャベリン""]","[""フォーティファイ"", ""ジャベリン・スピン""]","[""フォーティファイ"", ""ジャベリン・スピン"", ""エネルギー・ジャベリン""]",7,10,6,4,10,5,6,,,,,,,,,,,,,,,ザ・ヴァイパーはオリーサを長く追う武器ではなく、先に体力を削る武器。スコープは短く、胴撃ちでも命中を優先し、撃った後は遮蔽へ戻る。,コーチ・ガンは前進用より、距離作り・高台再確保・リロード時間の安全確保に使う。使った後に孤立しない位置を選ぶ。,ダイナマイトはオリーサ本人だけでなく、回復を受ける位置、逃げ道、味方タンクが当たるダイブ経路に使う。単体牽制で毎回使い切らない。,フォーティファイ、ジャベリン・スピン、エネルギー・ジャベリンを確認してからB.O.Bを出す。,ジャベリン・スピン後、フォーティファイが切れた後,オリーサに対しては「ダイナマイトをどこへ通すか」「コーチ・ガンを逃げに残せるか」「B.O.B前に何を確認するか」を毎回確認する。,"[""オリーサの防御・救助・移動スキル後"", ""敵サポート"", ""横に出たダメージ""]","[""同じ射線でスコープを覗き続けること"", ""フォーティファイ、ジャベリン・スピンを見ずにB.O.Bを正面へ出すこと"", ""ダイナマイトを単体牽制だけに使い、集団や遮蔽裏へ通さないこと""]",オリーサだけを撃ち続けない。燃焼を入れたら敵サポートにも照準を移す。,ダイナマイトを盾や防御に吸われる位置へ投げない。角の裏か集団に使う。,ジャベリン・スピン後、フォーティファイが切れた後に合わせてザ・ヴァイパーを撃ち、無理ならすぐ高台を再確保する。,タンクを燃やした後、回復しているサポートを撃つ。正面火力だけで試合を進めない。,相手の防御・救助・移動スキルを先に数え、ダイナマイトで動かしてからB.O.Bで陣形を割る。,高耐久の前線スキルを削って後衛へ切り替えるタンク,オリーサだけを倒す設計にせず、回復線・防御スキル・後衛の露出を同時に見る。,オリーサが前へ出た瞬間は削り、防御・救助・移動スキルを使った直後に後ろのサポートか横のダメージへザ・ヴァイパーとダイナマイトを移す。,正面で長く撃ち続けず、コーチ・ガンで射線を変えて敵の回復と防御を分散させる。,試合後に「オリーサの何を見てから撃ったか」「外した時にどこへ戻ったか」を1回だけ確認する。,アッシュ対オリーサは、高耐久の前線スキルを削って後衛へ切り替えるタンクとして読む。最初に見る情報、撃つ瞬間、失敗時の戻り先を分けると、数値評価以上に安定する。,オリーサへの説明は「撃つ」「追う」だけで終わらせない。ダイブ確認、倒し切りを狙う条件、撤退先、次の狙いを必ず1文ずつ分け、アッシュのザ・ヴァイパーとダイナマイトとコーチ・ガンの使い道を混同しない。,資源削り,オリーサを倒し切るより、防御スキルを吐かせて後衛へ切り替える準備を作る。,この試合で「オリーサだけを倒す設計にせず、回復線・防御スキル・後衛の露出を同時に見る。」を守れたか。守れなかった場合、次は撃つ前に何を1つだけ見るか。,オリーサが前へ出た瞬間は削り、防御・救助・移動スキルを使った直後に後ろのサポートか横のダメージへザ・ヴァイパーとダイナマイトを移す。 次に正面で長く撃ち続けず、コーチ・ガンで射線を変えて敵の回復と防御を分散させる。できていれば成功。,オリーサだけに射撃時間を使い、後衛や横のダメージを見られなくなる。,次の試合ではオリーサを削った後、防御・救助・移動スキルを使わせた時点で別の敵へ照準を移す。,オリーサへ撃った時間と、後衛へ切り替えた瞬間を確認する。,次の試合ではオリーサを倒すことより、確認、攻撃、退避の順番を崩さない。
Sigma,5,ポークミラー,シグマには撃ち込みすぎてキネティック・グラスプへ吸わせない。バリア横からダイナマイトを入れ、遮蔽を動かしてからザ・ヴァイパーを通す。,高台は強いが、孤立した高台は危険。1〜2発撃ったら遮蔽へ戻り、詰められたらコーチ・ガンで距離を作って再確保する。,"[""エクスペリメンタル・バリア"", ""キネティック・グラスプ"", ""アクリーション""]","[""アクリーション""]","[""エクスペリメンタル・バリア"", ""キネティック・グラスプ""]","[""エクスペリメンタル・バリア"", ""キネティック・グラスプ"", ""アクリーション""]",7,10,6,4,10,5,6,,,,,,,,,,,,,,,ザ・ヴァイパーはシグマを長く追う武器ではなく、先に体力を削る武器。スコープは短く、胴撃ちでも命中を優先し、撃った後は遮蔽へ戻る。,コーチ・ガンは前進用より、距離作り・高台再確保・リロード時間の安全確保に使う。使った後に孤立しない位置を選ぶ。,ダイナマイトはシグマ本人だけでなく、回復を受ける位置、逃げ道、味方タンクが当たるダイブ経路に使う。単体牽制で毎回使い切らない。,エクスペリメンタル・バリア、キネティック・グラスプ、アクリーションを確認してからB.O.Bを出す。,キネティック・グラスプ後、エクスペリメンタル・バリアの位置がずれた瞬間,シグマに対しては「ダイナマイトをどこへ通すか」「コーチ・ガンを逃げに残せるか」「B.O.B前に何を確認するか」を毎回確認する。,"[""シグマの防御・救助・移動スキル後"", ""敵サポート"", ""横に出たダメージ""]","[""同じ射線でスコープを覗き続けること"", ""エクスペリメンタル・バリア、キネティック・グラスプを見ずにB.O.Bを正面へ出すこと"", ""ダイナマイトを単体牽制だけに使い、集団や遮蔽裏へ通さないこと""]",シグマだけを撃ち続けない。燃焼を入れたら敵サポートにも照準を移す。,ダイナマイトを盾や防御に吸われる位置へ投げない。角の裏か集団に使う。,キネティック・グラスプ後、エクスペリメンタル・バリアの位置がずれた瞬間に合わせてザ・ヴァイパーを撃ち、無理ならすぐ高台を再確保する。,タンクを燃やした後、回復しているサポートを撃つ。正面火力だけで試合を進めない。,相手の防御・救助・移動スキルを先に数え、ダイナマイトで動かしてからB.O.Bで陣形を割る。,高耐久の前線スキルを削って後衛へ切り替えるタンク,シグマだけを倒す設計にせず、回復線・防御スキル・後衛の露出を同時に見る。,シグマが前へ出た瞬間は削り、防御・救助・移動スキルを使った直後に後ろのサポートか横のダメージへザ・ヴァイパーとダイナマイトを移す。,正面で長く撃ち続けず、コーチ・ガンで射線を変えて敵の回復と防御を分散させる。,試合後に「シグマの何を見てから撃ったか」「外した時にどこへ戻ったか」を1回だけ確認する。,アッシュ対シグマは、高耐久の前線スキルを削って後衛へ切り替えるタンクとして読む。最初に見る情報、撃つ瞬間、失敗時の戻り先を分けると、数値評価以上に安定する。,シグマへの説明は「撃つ」「追う」だけで終わらせない。ダイブ確認、倒し切りを狙う条件、撤退先、次の狙いを必ず1文ずつ分け、アッシュのザ・ヴァイパーとダイナマイトとコーチ・ガンの使い道を混同しない。,資源削り,シグマを倒し切るより、防御スキルを吐かせて後衛へ切り替える準備を作る。,この試合で「シグマだけを倒す設計にせず、回復線・防御スキル・後衛の露出を同時に見る。」を守れたか。守れなかった場合、次は撃つ前に何を1つだけ見るか。,シグマが前へ出た瞬間は削り、防御・救助・移動スキルを使った直後に後ろのサポートか横のダメージへザ・ヴァイパーとダイナマイトを移す。 次に正面で長く撃ち続けず、コーチ・ガンで射線を変えて敵の回復と防御を分散させる。できていれば成功。,シグマだけに射撃時間を使い、後衛や横のダメージを見られなくなる。,次の試合ではシグマを削った後、防御・救助・移動スキルを使わせた時点で別の敵へ照準を移す。,シグマへ撃った時間と、後衛へ切り替えた瞬間を確認する。,次の試合ではシグマを倒すことより、確認、攻撃、退避の順番を崩さない。
Reinhardt,5,ラッシュ前処理,ラインハルトにはバリア前で撃ち続けるだけでは足りない。バリア裏の集団へダイナマイトを投げ、燃焼でラッシュ開始前の先に体力を削る。,高台は強いが、孤立した高台は危険。1〜2発撃ったら遮蔽へ戻り、詰められたらコーチ・ガンで距離を作って再確保する。,"[""バリア・フィールド"", ""アースシャター""]","[""チャージ""]","[""バリア・フィールド""]","[""バリア・フィールド"", ""アースシャター""]",7,10,8,4,8,5,6,,,,,,,,,,,,,,,ザ・ヴァイパーはラインハルトを長く追う武器ではなく、先に体力を削る武器。スコープは短く、胴撃ちでも命中を優先し、撃った後は遮蔽へ戻る。,コーチ・ガンは前進用より、距離作り・高台再確保・リロード時間の安全確保に使う。使った後に孤立しない位置を選ぶ。,ダイナマイトはラインハルト本人だけでなく、回復を受ける位置、逃げ道、味方タンクが当たるダイブ経路に使う。単体牽制で毎回使い切らない。,バリア・フィールド、アースシャターを確認してからB.O.Bを出す。,バリア・フィールドが割れかけた時、またはチャージ後,ラインハルトに対しては「ダイナマイトをどこへ通すか」「コーチ・ガンを逃げに残せるか」「B.O.B前に何を確認するか」を毎回確認する。,"[""ラインハルトの防御・救助・移動スキル後"", ""敵サポート"", ""横に出たダメージ""]","[""同じ射線でスコープを覗き続けること"", ""バリア・フィールド、アースシャターを見ずにB.O.Bを正面へ出すこと"", ""ダイナマイトを単体牽制だけに使い、集団や遮蔽裏へ通さないこと""]",ラインハルトだけを撃ち続けない。燃焼を入れたら敵サポートにも照準を移す。,ダイナマイトを盾や防御に吸われる位置へ投げない。角の裏か集団に使う。,バリア・フィールドが割れかけた時、またはチャージ後に合わせてザ・ヴァイパーを撃ち、無理ならすぐ高台を再確保する。,タンクを燃やした後、回復しているサポートを撃つ。正面火力だけで試合を進めない。,相手の防御・救助・移動スキルを先に数え、ダイナマイトで動かしてからB.O.Bで陣形を割る。,高耐久の前線スキルを削って後衛へ切り替えるタンク,ラインハルトだけを倒す設計にせず、回復線・防御スキル・後衛の露出を同時に見る。,ラインハルトが前へ出た瞬間は削り、防御・救助・移動スキルを使った直後に後ろのサポートか横のダメージへザ・ヴァイパーとダイナマイトを移す。,正面で長く撃ち続けず、コーチ・ガンで射線を変えて敵の回復と防御を分散させる。,試合後に「ラインハルトの何を見てから撃ったか」「外した時にどこへ戻ったか」を1回だけ確認する。,アッシュ対ラインハルトは、高耐久の前線スキルを削って後衛へ切り替えるタンクとして読む。最初に見る情報、撃つ瞬間、失敗時の戻り先を分けると、数値評価以上に安定する。,ラインハルトへの説明は「撃つ」「追う」だけで終わらせない。ダイブ確認、倒し切りを狙う条件、撤退先、次の狙いを必ず1文ずつ分け、アッシュのザ・ヴァイパーとダイナマイトとコーチ・ガンの使い道を混同しない。,資源削り,ラインハルトを倒し切るより、防御スキルを吐かせて後衛へ切り替える準備を作る。,この試合で「ラインハルトだけを倒す設計にせず、回復線・防御スキル・後衛の露出を同時に見る。」を守れたか。守れなかった場合、次は撃つ前に何を1つだけ見るか。,ラインハルトが前へ出た瞬間は削り、防御・救助・移動スキルを使った直後に後ろのサポートか横のダメージへザ・ヴァイパーとダイナマイトを移す。 次に正面で長く撃ち続けず、コーチ・ガンで射線を変えて敵の回復と防御を分散させる。できていれば成功。,ラインハルトだけに射撃時間を使い、後衛や横のダメージを見られなくなる。,次の試合ではラインハルトを削った後、防御・救助・移動スキルを使わせた時点で別の敵へ照準を移す。,ラインハルトへ撃った時間と、後衛へ切り替えた瞬間を確認する。,次の試合ではラインハルトを倒すことより、確認、攻撃、退避の順番を崩さない。
Ashe,5,ダイナマイト・高台差,アッシュミラーは、ダイナマイトを先に当てて相手の高台維持を崩す。ザ・ヴァイパーで同じ位置を見続けず、撃ったら角度を変える。,高台の先取りが重要。相手に同じ高さを取られたら、撃ち合い継続ではなくコーチ・ガンや横移動で角度を変える。,"[""ダイナマイト"", ""コーチ・ガン"", ""B.O.B""]","[""コーチ・ガン"", ""ダイナマイト""]",,"[""コーチ・ガン"", ""遮蔽位置""]",7,,,,,,6,True,v41,7,5,ダイナマイト・高台差,アッシュミラーは、ダイナマイトを先に当てた側が高台と遮蔽を動かしやすい。コーチ・ガンは逃げではなく、高台再確保と距離作りに残す。,"[""ダイナマイトを先に当てる"", ""コーチ・ガンを高台再確保に残す"", ""ザ・ヴァイパーで同じ射線を見続けない""]",v41,アッシュミラーは、ダイナマイトを先に当てた側が高台と遮蔽を動かしやすい。コーチ・ガンは逃げではなく、高台再確保と距離作りに残す。,,,,,,ザ・ヴァイパーは長く覗き続けない。1〜2発撃ったら遮蔽へ戻り、相手の照準が合う前に別の射線へ移る。,コーチ・ガンは焦って先に使わない。相手のダイナマイト後、高台を失った時、または距離を作りたい時に残す。,ダイナマイトは相手の高台、遮蔽裏、回復位置へ使う。相手が燃えたら、同じ遮蔽からもう一度ではなく別射線で追撃する。,B.O.Bは相手のコーチ・ガン後や遮蔽移動スキル使用後に出す。ミラーでは本体を倒すだけでなく、相手の高台を下げる目的が強い。,相手がコーチ・ガンを使った直後、またはダイナマイトを外した直後,ダイナマイト、コーチ・ガン、高台位置の3つで差を見る。,"[""相手アッシュ"", ""燃えている敵"", ""遮蔽から離れたサポート""]","[""相手アッシュと同じ射線で撃ち続けること"", ""コーチ・ガンを先に攻撃利用すること"", ""ダイナマイトを見えやすい正面だけへ投げること""]",同じ射線で撃ち続けない。撃ったら必ず戻る。,ダイナマイトを相手の高台か遮蔽裏に投げる。正面の床だけに使わない。,相手のコーチ・ガン後を狙う。動き終わりにザ・ヴァイパーを合わせる。,高台を取る、燃やす、角度を変えるの順で戦う。,B.O.Bはキル目的だけでなく、相手アッシュの高台と遮蔽を奪うために使う。,長射線で先に体力差を作る敵,アッシュの正面射線へ体を置かず、味方が視線を引いた一拍だけ別射線を使う。,アッシュが照準を別方向へ向けた瞬間、または遮蔽移動中にザ・ヴァイパーとダイナマイトを差し込む。,一度撃った位置は読まれるため、コーチ・ガンで次の遮蔽へ移り、同じ場所から再ピークしない。,試合後に「アッシュの何を見てから撃ったか」「外した時にどこへ戻ったか」を1回だけ確認する。,アッシュ対アッシュは、長射線で先に体力差を作る敵として読む。最初に見る情報、撃つ瞬間、失敗時の戻り先を分けると、数値評価以上に安定する。,アッシュへの説明は「撃つ」「追う」だけで終わらせない。ダイブ確認、倒し切りを狙う条件、撤退先、次の狙いを必ず1文ずつ分け、アッシュのザ・ヴァイパーとダイナマイトとコーチ・ガンの使い道を混同しない。,射線管理,アッシュの正面射線を避け、短い別射線で一度だけ体力差を作る。,この試合で「アッシュの正面射線へ体を置かず、味方が視線を引いた一拍だけ別射線を使う。」を守れたか。守れなかった場合、次は撃つ前に何を1つだけ見るか。,アッシュが照準を別方向へ向けた瞬間、または遮蔽移動中にザ・ヴァイパーとダイナマイトを差し込む。 次に一度撃った位置は読まれるため、コーチ・ガンで次の遮蔽へ移り、同じ場所から再ピークしない。できていれば成功。,同じ場所から再ピークして、アッシュに照準を置かれたまま勝負する。,次の試合では1回撃ったらコーチ・ガンで射線を変え、同じ位置を使わない。,アッシュに見られていた時間、再ピークした場所、射線変更できたかを確認する。,次の試合ではアッシュを倒すことより、確認、攻撃、退避の順番を崩さない。
Widowmaker,2,スナイパー射線管理,ウィドウメイカーと長い頭出し勝負をしない。ダイナマイトで位置を動かし、コーチ・ガンで射線を変えてから短く覗く。,高台は強いが、孤立した高台は危険。1〜2発撃ったら遮蔽へ戻り、詰められたらコーチ・ガンで距離を作って再確保する。,"[""グラップリング・フック"", ""ウィドウズ・キス""]","[""グラップリング・フック"", ""ヴェノム・マイン""]","[""グラップリング・フック""]","[""ウィドウズ・キス""]",10,6,7,7,5,6,8,,,,,,,,,,,,,,,ザ・ヴァイパーはウィドウメイカーを長く追う武器ではなく、先に体力を削る武器。スコープは短く、胴撃ちでも命中を優先し、撃った後は遮蔽へ戻る。,コーチ・ガンは前進用より、距離作り・高台再確保・リロード時間の安全確保に使う。使った後に孤立しない位置を選ぶ。,ダイナマイトはウィドウメイカー本人だけでなく、回復を受ける位置、逃げ道、味方タンクが当たるダイブ経路に使う。単体牽制で毎回使い切らない。,ウィドウズ・キスを確認してからB.O.Bを出す。,ウィドウメイカーが別射線へ移る前、またはグラップリング・フック後,ウィドウメイカーに対しては「ダイナマイトをどこへ通すか」「コーチ・ガンを逃げに残せるか」「B.O.B前に何を確認するか」を毎回確認する。,"[""ウィドウメイカーの再ピーク"", ""敵サポート"", ""射線に残ったダメージ""]","[""同じ射線でスコープを覗き続けること"", ""B.O.Bを人数差がない正面へ雑に出すこと"", ""ダイナマイトを当てにくい相手へ毎回投げ切ること""]",ウィドウメイカーと同じ射線で長く撃ち合わない。1発撃ったら必ず遮蔽へ戻る。,ダイナマイトで角を動かしてから覗く。先にスコープを置かれている場所へ出ない。,ウィドウメイカーが別射線へ移る前、またはグラップリング・フック後にだけ1回のピークし、コーチ・ガンで次の射線へ移る。,相手の射線を避けるだけでなく、味方が前に出る前に燃焼で位置を動かす。,相手スナイパーの次の角を予測し、B.O.Bをキル用ではなく射線破壊と遮蔽強制に使う。,長射線で先に体力差を作る敵,ウィドウメイカーの正面射線へ体を置かず、味方が視線を引いた一拍だけ別射線を使う。,ウィドウメイカーが照準を別方向へ向けた瞬間、または遮蔽移動中にザ・ヴァイパーとダイナマイトを差し込む。,一度撃った位置は読まれるため、コーチ・ガンで次の遮蔽へ移り、同じ場所から再ピークしない。,試合後に「ウィドウメイカーの何を見てから撃ったか」「外した時にどこへ戻ったか」を1回だけ確認する。,アッシュ対ウィドウメイカーは、長射線で先に体力差を作る敵として読む。最初に見る情報、撃つ瞬間、失敗時の戻り先を分けると、数値評価以上に安定する。,ウィドウメイカーへの説明は「撃つ」「追う」だけで終わらせない。ダイブ確認、倒し切りを狙う条件、撤退先、次の狙いを必ず1文ずつ分け、アッシュのザ・ヴァイパーとダイナマイトとコーチ・ガンの使い道を混同しない。,射線管理,ウィドウメイカーの正面射線を避け、短い別射線で一度だけ体力差を作る。,この試合で「ウィドウメイカーの正面射線へ体を置かず、味方が視線を引いた一拍だけ別射線を使う。」を守れたか。守れなかった場合、次は撃つ前に何を1つだけ見るか。,ウィドウメイカーが照準を別方向へ向けた瞬間、または遮蔽移動中にザ・ヴァイパーとダイナマイトを差し込む。 次に一度撃った位置は読まれるため、コーチ・ガンで次の遮蔽へ移り、同じ場所から再ピークしない。できていれば成功。,同じ場所から再ピークして、ウィドウメイカーに照準を置かれたまま勝負する。,次の試合では1回撃ったらコーチ・ガンで射線を変え、同じ位置を使わない。,ウィドウメイカーに見られていた時間、再ピークした場所、射線変更できたかを確認する。,次の試合ではウィドウメイカーを倒すことより、確認、攻撃、退避の順番を崩さない。
Emre,5,中距離デュエル,エムレには中距離の一瞬だけ勝負する。ダイナマイトで遮蔽を動かし、ザ・ヴァイパーで体力差を作ったら同じ位置に居座らない。,高台は強いが、孤立した高台は危険。1〜2発撃ったら遮蔽へ戻り、詰められたらコーチ・ガンで距離を作って再確保する。,"[""オルタード・バイタル"", ""シンセティック・バースト・ライフル"", ""オーバーライド・プロトコル""]","[""オルタード・バイタル"", ""サイバー・フラグ""]","[""オルタード・バイタル""]","[""シンセティック・バースト・ライフル"", ""オーバーライド・プロトコル""]",8,6,7,6,5,5,7,,,,,,,,,,,,,,,ザ・ヴァイパーはエムレを長く追う武器ではなく、先に体力を削る武器。スコープは短く、胴撃ちでも命中を優先し、撃った後は遮蔽へ戻る。,コーチ・ガンは前進用より、距離作り・高台再確保・リロード時間の安全確保に使う。使った後に孤立しない位置を選ぶ。,ダイナマイトはエムレ本人だけでなく、回復を受ける位置、逃げ道、味方タンクが当たるダイブ経路に使う。単体牽制で毎回使い切らない。,シンセティック・バースト・ライフル、オーバーライド・プロトコルを確認してからB.O.Bを出す。,オルタード・バイタル、サイバー・フラグの後,エムレに対しては「ダイナマイトをどこへ通すか」「コーチ・ガンを逃げに残せるか」「B.O.B前に何を確認するか」を毎回確認する。,"[""エムレのスキル後"", ""敵サポート"", ""低体力のダメージ""]","[""同じ射線でスコープを覗き続けること"", ""B.O.Bを人数差がない正面へ雑に出すこと"", ""ダイナマイトを当てにくい相手へ毎回投げ切ること""]",エムレだけを撃ち続けない。燃焼を入れたら敵サポートにも照準を移す。,ダイナマイトを盾や防御に吸われる位置へ投げない。角の裏か集団に使う。,オルタード・バイタル、サイバー・フラグの後に合わせてザ・ヴァイパーを撃ち、無理ならすぐ高台を再確保する。,タンクを燃やした後、回復しているサポートを撃つ。正面火力だけで試合を進めない。,相手の防御・救助・移動スキルを先に数え、ダイナマイトで動かしてからB.O.Bで陣形を割る。,長射線で先に体力差を作る敵,エムレの正面射線へ体を置かず、味方が視線を引いた一拍だけ別射線を使う。,エムレが照準を別方向へ向けた瞬間、または遮蔽移動中にザ・ヴァイパーとダイナマイトを差し込む。,一度撃った位置は読まれるため、コーチ・ガンで次の遮蔽へ移り、同じ場所から再ピークしない。,試合後に「エムレの何を見てから撃ったか」「外した時にどこへ戻ったか」を1回だけ確認する。,アッシュ対エムレは、長射線で先に体力差を作る敵として読む。最初に見る情報、撃つ瞬間、失敗時の戻り先を分けると、数値評価以上に安定する。,エムレへの説明は「撃つ」「追う」だけで終わらせない。ダイブ確認、倒し切りを狙う条件、撤退先、次の狙いを必ず1文ずつ分け、アッシュのザ・ヴァイパーとダイナマイトとコーチ・ガンの使い道を混同しない。,射線管理,エムレの正面射線を避け、短い別射線で一度だけ体力差を作る。,この試合で「エムレの正面射線へ体を置かず、味方が視線を引いた一拍だけ別射線を使う。」を守れたか。守れなかった場合、次は撃つ前に何を1つだけ見るか。,エムレが照準を別方向へ向けた瞬間、または遮蔽移動中にザ・ヴァイパーとダイナマイトを差し込む。 次に一度撃った位置は読まれるため、コーチ・ガンで次の遮蔽へ移り、同じ場所から再ピークしない。できていれば成功。,同じ場所から再ピークして、エムレに照準を置かれたまま勝負する。,次の試合では1回撃ったらコーチ・ガンで射線を変え、同じ位置を使わない。,エムレに見られていた時間、再ピークした場所、射線変更できたかを確認する。,次の試合ではエムレを倒すことより、確認、攻撃、退避の順番を崩さない。
Cassidy,5,中距離距離管理,キャスディに近距離を渡さない。アッシュはフラッシュバン圏外を保ち、ダイナマイトで先に体力を削る。,高台は強いが、孤立した高台は危険。1〜2発撃ったら遮蔽へ戻り、詰められたらコーチ・ガンで距離を作って再確保する。,"[""コンバット・ロール"", ""デッド・アイ""]","[""コンバット・ロール"", ""フラッシュバン""]","[""コンバット・ロール""]","[""デッド・アイ""]",6,6,6,6,5,5,6,,v41,6,5,中距離距離管理,キャスディに近距離を渡さない。アッシュはフラッシュバン圏外を保ち、ダイナマイトで先に体力を削る。,,,,,,,,,ザ・ヴァイパーはキャスディを長く追う武器ではなく、先に体力を削る武器。スコープは短く、胴撃ちでも命中を優先し、撃った後は遮蔽へ戻る。,コーチ・ガンは前進用より、距離作り・高台再確保・リロード時間の安全確保に使う。使った後に孤立しない位置を選ぶ。,ダイナマイトはキャスディ本人だけでなく、回復を受ける位置、逃げ道、味方タンクが当たるダイブ経路に使う。単体牽制で毎回使い切らない。,デッド・アイを確認してからB.O.Bを出す。,コンバット・ロール後、またはフラッシュバンを使った後,キャスディに対しては「ダイナマイトをどこへ通すか」「コーチ・ガンを逃げに残せるか」「B.O.B前に何を確認するか」を毎回確認する。,"[""キャスディのスキル後"", ""敵サポート"", ""低体力のダメージ""]","[""同じ射線でスコープを覗き続けること"", ""B.O.Bを人数差がない正面へ雑に出すこと"", ""ダイナマイトを当てにくい相手へ毎回投げ切ること""]",キャスディだけを撃ち続けない。燃焼を入れたら敵サポートにも照準を移す。,ダイナマイトを盾や防御に吸われる位置へ投げない。角の裏か集団に使う。,コンバット・ロール後、またはフラッシュバンを使った後に合わせてザ・ヴァイパーを撃ち、無理ならすぐ高台を再確保する。,タンクを燃やした後、回復しているサポートを撃つ。正面火力だけで試合を進めない。,相手の防御・救助・移動スキルを先に数え、ダイナマイトで動かしてからB.O.Bで陣形を割る。,長射線で先に体力差を作る敵,キャスディの正面射線へ体を置かず、味方が視線を引いた一拍だけ別射線を使う。,キャスディが照準を別方向へ向けた瞬間、または遮蔽移動中にザ・ヴァイパーとダイナマイトを差し込む。,一度撃った位置は読まれるため、コーチ・ガンで次の遮蔽へ移り、同じ場所から再ピークしない。,試合後に「キャスディの何を見てから撃ったか」「外した時にどこへ戻ったか」を1回だけ確認する。,アッシュ対キャスディは、長射線で先に体力差を作る敵として読む。最初に見る情報、撃つ瞬間、失敗時の戻り先を分けると、数値評価以上に安定する。,キャスディへの説明は「撃つ」「追う」だけで終わらせない。ダイブ確認、倒し切りを狙う条件、撤退先、次の狙いを必ず1文ずつ分け、アッシュのザ・ヴァイパーとダイナマイトとコーチ・ガンの使い道を混同しない。,射線管理,キャスディの正面射線を避け、短い別射線で一度だけ体力差を作る。,この試合で「キャスディの正面射線へ体を置かず、味方が視線を引いた一拍だけ別射線を使う。」を守れたか。守れなかった場合、次は撃つ前に何を1つだけ見るか。,キャスディが照準を別方向へ向けた瞬間、または遮蔽移動中にザ・ヴァイパーとダイナマイトを差し込む。 次に一度撃った位置は読まれるため、コーチ・ガンで次の遮蔽へ移り、同じ場所から再ピークしない。できていれば成功。,同じ場所から再ピークして、キャスディに照準を置かれたまま勝負する。,次の試合では1回撃ったらコーチ・ガンで射線を変え、同じ位置を使わない。,キャスディに見られていた時間、再ピークした場所、射線変更できたかを確認する。,次の試合ではキャスディを倒すことより、確認、攻撃、退避の順番を崩さない。
Sojourn,4,レールガン最警戒,ソジョーンのレールガンが最も危険。アッシュは同じ位置に止まらず、ダイナマイトとコーチ・ガンで位置をずらす。,高台は強いが、孤立した高台は危険。1〜2発撃ったら遮蔽へ戻り、詰められたらコーチ・ガンで距離を作って再確保する。,"[""パワー・スライド"", ""レールガン"", ""オーバークロック""]","[""パワー・スライド"", ""ディスラプター・ショット""]","[""パワー・スライド""]","[""レールガン"", ""オーバークロック""]",9,6,8,6,5,7,8,,v41,9,4,レールガン最警戒,ソジョーンのレールガンが最も危険。アッシュは同じ位置に止まらず、ダイナマイトとコーチ・ガンで位置をずらす。,,,,,,,,,ザ・ヴァイパーはソジョーンを長く追う武器ではなく、先に体力を削る武器。スコープは短く、胴撃ちでも命中を優先し、撃った後は遮蔽へ戻る。,コーチ・ガンは前進用より、距離作り・高台再確保・リロード時間の安全確保に使う。使った後に孤立しない位置を選ぶ。,ダイナマイトはソジョーン本人だけでなく、回復を受ける位置、逃げ道、味方タンクが当たるダイブ経路に使う。単体牽制で毎回使い切らない。,レールガン、オーバークロックを確認してからB.O.Bを出す。,パワー・スライド後、レールガンを撃った直後,ソジョーンに対しては「ダイナマイトをどこへ通すか」「コーチ・ガンを逃げに残せるか」「B.O.B前に何を確認するか」を毎回確認する。,"[""ソジョーンのスキル後"", ""敵サポート"", ""低体力のダメージ""]","[""同じ射線でスコープを覗き続けること"", ""B.O.Bを人数差がない正面へ雑に出すこと"", ""ダイナマイトを当てにくい相手へ毎回投げ切ること""]",ソジョーンだけを撃ち続けない。燃焼を入れたら敵サポートにも照準を移す。,ダイナマイトを盾や防御に吸われる位置へ投げない。角の裏か集団に使う。,パワー・スライド後、レールガンを撃った直後に合わせてザ・ヴァイパーを撃ち、無理ならすぐ高台を再確保する。,タンクを燃やした後、回復しているサポートを撃つ。正面火力だけで試合を進めない。,相手の防御・救助・移動スキルを先に数え、ダイナマイトで動かしてからB.O.Bで陣形を割る。,長射線で先に体力差を作る敵,ソジョーンの正面射線へ体を置かず、味方が視線を引いた一拍だけ別射線を使う。,ソジョーンが照準を別方向へ向けた瞬間、または遮蔽移動中にザ・ヴァイパーとダイナマイトを差し込む。,一度撃った位置は読まれるため、コーチ・ガンで次の遮蔽へ移り、同じ場所から再ピークしない。,試合後に「ソジョーンの何を見てから撃ったか」「外した時にどこへ戻ったか」を1回だけ確認する。,アッシュ対ソジョーンは、長射線で先に体力差を作る敵として読む。最初に見る情報、撃つ瞬間、失敗時の戻り先を分けると、数値評価以上に安定する。,ソジョーンへの説明は「撃つ」「追う」だけで終わらせない。ダイブ確認、倒し切りを狙う条件、撤退先、次の狙いを必ず1文ずつ分け、アッシュのザ・ヴァイパーとダイナマイトとコーチ・ガンの使い道を混同しない。,射線管理,ソジョーンの正面射線を避け、短い別射線で一度だけ体力差を作る。,この試合で「ソジョーンの正面射線へ体を置かず、味方が視線を引いた一拍だけ別射線を使う。」を守れたか。守れなかった場合、次は撃つ前に何を1つだけ見るか。,ソジョーンが照準を別方向へ向けた瞬間、または遮蔽移動中にザ・ヴァイパーとダイナマイトを差し込む。 次に一度撃った位置は読まれるため、コーチ・ガンで次の遮蔽へ移り、同じ場所から再ピークしない。できていれば成功。,同じ場所から再ピークして、ソジョーンに照準を置かれたまま勝負する。,次の試合では1回撃ったらコーチ・ガンで射線を変え、同じ位置を使わない。,ソジョーンに見られていた時間、再ピークした場所、射線変更できたかを確認する。,次の試合ではソジョーンを倒すことより、確認、攻撃、退避の順番を崩さない。
Soldier: 76,6,距離維持・高台管理,ソルジャー76には近すぎる距離を渡さない。アッシュは高台と長い射線を使い、ヘリックス・ロケット後にザ・ヴァイパーで削る。,高台は強いが、孤立した高台は危険。1〜2発撃ったら遮蔽へ戻り、詰められたらコーチ・ガンで距離を作って再確保する。,"[""バイオティック・フィールド"", ""スプリント"", ""タクティカル・バイザー""]","[""スプリント"", ""ヘリックス・ロケット""]","[""バイオティック・フィールド"", ""スプリント""]","[""バイオティック・フィールド"", ""タクティカル・バイザー""]",5,6,7,6,5,5,4,,v41,5,6,距離維持・高台管理,ソルジャー76には近すぎる距離を渡さない。アッシュは高台と長い射線を使い、ヘリックス・ロケット後にザ・ヴァイパーで削る。,,,,,,,,,ザ・ヴァイパーはソルジャー76を長く追う武器ではなく、先に体力を削る武器。スコープは短く、胴撃ちでも命中を優先し、撃った後は遮蔽へ戻る。,コーチ・ガンは前進用より、距離作り・高台再確保・リロード時間の安全確保に使う。使った後に孤立しない位置を選ぶ。,ダイナマイトはソルジャー76本人だけでなく、回復を受ける位置、逃げ道、味方タンクが当たるダイブ経路に使う。単体牽制で毎回使い切らない。,バイオティック・フィールド、タクティカル・バイザーを確認してからB.O.Bを出す。,バイオティック・フィールド使用後、同じ高台で撃ち続ける瞬間,ソルジャー76に対しては「ダイナマイトをどこへ通すか」「コーチ・ガンを逃げに残せるか」「B.O.B前に何を確認するか」を毎回確認する。,"[""ソルジャー76のスキル後"", ""敵サポート"", ""低体力のダメージ""]","[""同じ射線でスコープを覗き続けること"", ""B.O.Bを人数差がない正面へ雑に出すこと"", ""ダイナマイトを当てにくい相手へ毎回投げ切ること""]",ソルジャー76だけを撃ち続けない。燃焼を入れたら敵サポートにも照準を移す。,ダイナマイトを盾や防御に吸われる位置へ投げない。角の裏か集団に使う。,バイオティック・フィールド使用後、同じ高台で撃ち続ける瞬間に合わせてザ・ヴァイパーを撃ち、無理ならすぐ高台を再確保する。,タンクを燃やした後、回復しているサポートを撃つ。正面火力だけで試合を進めない。,相手の防御・救助・移動スキルを先に数え、ダイナマイトで動かしてからB.O.Bで陣形を割る。,長射線で先に体力差を作る敵,ソルジャー76の正面射線へ体を置かず、味方が視線を引いた一拍だけ別射線を使う。,ソルジャー76が照準を別方向へ向けた瞬間、または遮蔽移動中にザ・ヴァイパーとダイナマイトを差し込む。,一度撃った位置は読まれるため、コーチ・ガンで次の遮蔽へ移り、同じ場所から再ピークしない。,試合後に「ソルジャー76の何を見てから撃ったか」「外した時にどこへ戻ったか」を1回だけ確認する。,アッシュ対ソルジャー76は、長射線で先に体力差を作る敵として読む。最初に見る情報、撃つ瞬間、失敗時の戻り先を分けると、数値評価以上に安定する。,ソルジャー76への説明は「撃つ」「追う」だけで終わらせない。ダイブ確認、倒し切りを狙う条件、撤退先、次の狙いを必ず1文ずつ分け、アッシュのザ・ヴァイパーとダイナマイトとコーチ・ガンの使い道を混同しない。,射線管理,ソルジャー76の正面射線を避け、短い別射線で一度だけ体力差を作る。,この試合で「ソルジャー76の正面射線へ体を置かず、味方が視線を引いた一拍だけ別射線を使う。」を守れたか。守れなかった場合、次は撃つ前に何を1つだけ見るか。,ソルジャー76が照準を別方向へ向けた瞬間、または遮蔽移動中にザ・ヴァイパーとダイナマイトを差し込む。 次に一度撃った位置は読まれるため、コーチ・ガンで次の遮蔽へ移り、同じ場所から再ピークしない。できていれば成功。,同じ場所から再ピークして、ソルジャー76に照準を置かれたまま勝負する。,次の試合では1回撃ったらコーチ・ガンで射線を変え、同じ位置を使わない。,ソルジャー76に見られていた時間、再ピークした場所、射線変更できたかを確認する。,次の試合ではソルジャー76を倒すことより、確認、攻撃、退避の順番を崩さない。
Hanzo,5,遠距離ポーク勝負,ハンゾーは一発の圧が高い。アッシュは同じ射線で撃ち合わず、ダイナマイトで遮蔽裏を動かしてから撃つ。,高台は強いが、孤立した高台は危険。1〜2発撃ったら遮蔽へ戻り、詰められたらコーチ・ガンで距離を作って再確保する。,"[""体術"", ""壁登り"", ""龍撃波""]","[""体術"", ""壁登り"", ""電光石火""]","[""体術"", ""壁登り""]",[],8,6,7,7,5,6,6,,v41,8,5,遠距離ポーク勝負,ハンゾーは一発の圧が高い。アッシュは同じ射線で撃ち合わず、ダイナマイトで遮蔽裏を動かしてから撃つ。,,,,,,,,,ザ・ヴァイパーはハンゾーを長く追う武器ではなく、先に体力を削る武器。スコープは短く、胴撃ちでも命中を優先し、撃った後は遮蔽へ戻る。,コーチ・ガンは前進用より、距離作り・高台再確保・リロード時間の安全確保に使う。使った後に孤立しない位置を選ぶ。,ダイナマイトはハンゾー本人だけでなく、回復を受ける位置、逃げ道、味方タンクが当たるダイブ経路に使う。単体牽制で毎回使い切らない。,龍撃波を確認してからB.O.Bを出す。,ハンゾーが遮蔽から出て嵐ノ弓を引き切る瞬間、または体術後,ハンゾーに対しては「ダイナマイトをどこへ通すか」「コーチ・ガンを逃げに残せるか」「B.O.B前に何を確認するか」を毎回確認する。,"[""ハンゾーの再ピーク"", ""敵サポート"", ""射線に残ったダメージ""]","[""同じ射線でスコープを覗き続けること"", ""B.O.Bを人数差がない正面へ雑に出すこと"", ""ダイナマイトを当てにくい相手へ毎回投げ切ること""]",ハンゾーと同じ射線で長く撃ち合わない。1発撃ったら必ず遮蔽へ戻る。,ダイナマイトで角を動かしてから覗く。先にスコープを置かれている場所へ出ない。,ハンゾーが遮蔽から出て嵐ノ弓を引き切る瞬間、または体術後にだけ1回のピークし、コーチ・ガンで次の射線へ移る。,相手の射線を避けるだけでなく、味方が前に出る前に燃焼で位置を動かす。,相手スナイパーの次の角を予測し、B.O.Bをキル用ではなく射線破壊と遮蔽強制に使う。,長射線で先に体力差を作る敵,ハンゾーの正面射線へ体を置かず、味方が視線を引いた一拍だけ別射線を使う。,ハンゾーが照準を別方向へ向けた瞬間、または遮蔽移動中にザ・ヴァイパーとダイナマイトを差し込む。,一度撃った位置は読まれるため、コーチ・ガンで次の遮蔽へ移り、同じ場所から再ピークしない。,試合後に「ハンゾーの何を見てから撃ったか」「外した時にどこへ戻ったか」を1回だけ確認する。,アッシュ対ハンゾーは、長射線で先に体力差を作る敵として読む。最初に見る情報、撃つ瞬間、失敗時の戻り先を分けると、数値評価以上に安定する。,ハンゾーへの説明は「撃つ」「追う」だけで終わらせない。ダイブ確認、倒し切りを狙う条件、撤退先、次の狙いを必ず1文ずつ分け、アッシュのザ・ヴァイパーとダイナマイトとコーチ・ガンの使い道を混同しない。,射線管理,ハンゾーの正面射線を避け、短い別射線で一度だけ体力差を作る。,この試合で「ハンゾーの正面射線へ体を置かず、味方が視線を引いた一拍だけ別射線を使う。」を守れたか。守れなかった場合、次は撃つ前に何を1つだけ見るか。,ハンゾーが照準を別方向へ向けた瞬間、または遮蔽移動中にザ・ヴァイパーとダイナマイトを差し込む。 次に一度撃った位置は読まれるため、コーチ・ガンで次の遮蔽へ移り、同じ場所から再ピークしない。できていれば成功。,同じ場所から再ピークして、ハンゾーに照準を置かれたまま勝負する。,次の試合では1回撃ったらコーチ・ガンで射線を変え、同じ位置を使わない。,ハンゾーに見られていた時間、再ピークした場所、射線変更できたかを確認する。,次の試合ではハンゾーを倒すことより、確認、攻撃、退避の順番を崩さない。
Freja,4,長距離射線管理,フレイヤとは長時間の頭出し勝負をしない。ダイナマイトで角を動かし、コーチ・ガンで別射線へ移ってからザ・ヴァイパーを短く通す。,高台は強いが、孤立した高台は危険。1〜2発撃ったら遮蔽へ戻り、詰められたらコーチ・ガンで距離を作って再確保する。,"[""クイック・ダッシュ"", ""アップドラフト"", ""ボーラ・ショット""]","[""クイック・ダッシュ"", ""アップドラフト"", ""ボーラ・ショット""]","[""クイック・ダッシュ"", ""アップドラフト""]","[""ボーラ・ショット""]",10,6,8,7,5,8,8,,,,,,,,,,,,,,,ザ・ヴァイパーはフレイヤを長く追う武器ではなく、先に体力を削る武器。スコープは短く、胴撃ちでも命中を優先し、撃った後は遮蔽へ戻る。,コーチ・ガンは前進用より、距離作り・高台再確保・リロード時間の安全確保に使う。使った後に孤立しない位置を選ぶ。,ダイナマイトはフレイヤ本人だけでなく、回復を受ける位置、逃げ道、味方タンクが当たるダイブ経路に使う。単体牽制で毎回使い切らない。,ボーラ・ショットを確認してからB.O.Bを出す。,クイック・ダッシュ、アップドラフトの後,フレイヤに対しては「ダイナマイトをどこへ通すか」「コーチ・ガンを逃げに残せるか」「B.O.B前に何を確認するか」を毎回確認する。,"[""フレイヤの再ピーク"", ""敵サポート"", ""射線に残ったダメージ""]","[""同じ射線でスコープを覗き続けること"", ""B.O.Bを人数差がない正面へ雑に出すこと"", ""ダイナマイトを当てにくい相手へ毎回投げ切ること""]",フレイヤと同じ射線で長く撃ち合わない。1発撃ったら必ず遮蔽へ戻る。,ダイナマイトで角を動かしてから覗く。先にスコープを置かれている場所へ出ない。,クイック・ダッシュ、アップドラフトの後にだけ1回のピークし、コーチ・ガンで次の射線へ移る。,相手の射線を避けるだけでなく、味方が前に出る前に燃焼で位置を動かす。,相手スナイパーの次の角を予測し、B.O.Bをキル用ではなく射線破壊と遮蔽強制に使う。,長射線で先に体力差を作る敵,フレイヤの正面射線へ体を置かず、味方が視線を引いた一拍だけ別射線を使う。,フレイヤが照準を別方向へ向けた瞬間、または遮蔽移動中にザ・ヴァイパーとダイナマイトを差し込む。,一度撃った位置は読まれるため、コーチ・ガンで次の遮蔽へ移り、同じ場所から再ピークしない。,試合後に「フレイヤの何を見てから撃ったか」「外した時にどこへ戻ったか」を1回だけ確認する。,アッシュ対フレイヤは、長射線で先に体力差を作る敵として読む。最初に見る情報、撃つ瞬間、失敗時の戻り先を分けると、数値評価以上に安定する。,フレイヤへの説明は「撃つ」「追う」だけで終わらせない。ダイブ確認、倒し切りを狙う条件、撤退先、次の狙いを必ず1文ずつ分け、アッシュのザ・ヴァイパーとダイナマイトとコーチ・ガンの使い道を混同しない。,射線管理,フレイヤの正面射線を避け、短い別射線で一度だけ体力差を作る。,この試合で「フレイヤの正面射線へ体を置かず、味方が視線を引いた一拍だけ別射線を使う。」を守れたか。守れなかった場合、次は撃つ前に何を1つだけ見るか。,フレイヤが照準を別方向へ向けた瞬間、または遮蔽移動中にザ・ヴァイパーとダイナマイトを差し込む。 次に一度撃った位置は読まれるため、コーチ・ガンで次の遮蔽へ移り、同じ場所から再ピークしない。できていれば成功。,同じ場所から再ピークして、フレイヤに照準を置かれたまま勝負する。,次の試合では1回撃ったらコーチ・ガンで射線を変え、同じ位置を使わない。,フレイヤに見られていた時間、再ピークした場所、射線変更できたかを確認する。,次の試合ではフレイヤを倒すことより、確認、攻撃、退避の順番を崩さない。
Anran,2,近距離・奇襲対策,アンランはアッシュが先に距離を失うと危険。接近スキルを使った後にだけ撃つ。コーチ・ガンでショットガン距離や近接圧から逃げる。ダイナマイトは逃げ道か味方サポート周辺に置く。,高台は強いが、孤立した高台は危険。1〜2発撃ったら遮蔽へ戻り、詰められたらコーチ・ガンで距離を作って再確保する。,"[""熠閃舞"", ""朱魂返"", ""焚身焔""]","[""熠閃舞"", ""朱魂返"", ""怒炎衝""]","[""熠閃舞"", ""朱魂返""]","[""焚身焔""]",10,6,10,6,5,5,7,,,,,,,,,,,,,,,ザ・ヴァイパーはアンランを長く追う武器ではなく、先に体力を削る武器。スコープは短く、胴撃ちでも命中を優先し、撃った後は遮蔽へ戻る。,コーチ・ガンは前進用より、距離作り・高台再確保・リロード時間の安全確保に使う。使った後に孤立しない位置を選ぶ。,ダイナマイトはアンラン本人だけでなく、回復を受ける位置、逃げ道、味方タンクが当たるダイブ経路に使う。単体牽制で毎回使い切らない。,焚身焔を確認してからB.O.Bを出す。,熠閃舞、朱魂返の後,アンランに対しては「ダイナマイトをどこへ通すか」「コーチ・ガンを逃げに残せるか」「B.O.B前に何を確認するか」を毎回確認する。,"[""アンランの接近後"", ""味方サポートへ入る敵"", ""敵サポート""]","[""コーチ・ガンを攻撃目的で先に使い、逃げ道を失うこと"", ""B.O.Bを人数差がない正面へ雑に出すこと"", ""ダイナマイトを当てにくい相手へ毎回投げ切ること""]",アンランを追いかけない。近づかれたらまず遮蔽へ寄り、コーチ・ガンを逃げに使う。,コーチ・ガンを先に使わない。熠閃舞、朱魂返の後にだけ撃つ。外したらすぐ距離を作る。,味方サポートへ入る瞬間にダイナマイトを置き、燃焼で退路を狭くする。,アンランを追い返した後、敵サポートや別射線へザ・ヴァイパーを切り替える。,アンランの接近ルートを先に消す位置を取り、コーチ・ガンを逃げではなく再配置の資源として残す。,ダイブ経路・帰り道・再突入を分けるフランカー,アンランの初回接近だけを見ず、帰り道・再突入のダイブ経路・味方サポートへの距離を先に置き照準で管理する。,アンランが移動スキルを切った直後にザ・ヴァイパーとダイナマイトを硬直に合わせ、倒し切れない時は追わない。,追撃で味方から離れず、コーチ・ガンで元の遮蔽へ戻る。倒し切れない時は次の再突入を待ち、同じ通路を追わない。,試合後に「アンランの何を見てから撃ったか」「外した時にどこへ戻ったか」を1回だけ確認する。,アッシュ対アンランは、ダイブ経路・帰り道・再突入を分けるフランカーとして読む。最初に見る情報、撃つ瞬間、失敗時の戻り先を分けると、数値評価以上に安定する。,アンランへの説明は「撃つ」「追う」だけで終わらせない。ダイブ確認、倒し切りを狙う条件、撤退先、次の狙いを必ず1文ずつ分け、アッシュのザ・ヴァイパーとダイナマイトとコーチ・ガンの使い道を混同しない。,再突入確認,アンランの初回接近ではなく、帰り道と再突入のダイブ経路を見て2回目を止める。,この試合で「アンランの初回接近だけを見ず、帰り道・再突入のダイブ経路・味方サポートへの距離を先に置き照準で管理する。」を守れたか。守れなかった場合、次は撃つ前に何を1つだけ見るか。,アンランが移動スキルを切った直後にザ・ヴァイパーとダイナマイトを硬直に合わせ、倒し切れない時は追わない。 次に追撃で味方から離れず、コーチ・ガンで元の遮蔽へ戻る。倒し切れない時は次の再突入を待ち、同じ通路を追わない。できていれば成功。,アンランを深追いして味方から離れ、次の接近を味方サポートに通してしまう。,次の試合では初回接近を移動スキル使用直後の硬直を狙い、逃げ道へダイナマイトを残す。,アンランを追った距離、味方サポートとの距離、再突入時に照準が置けていたかを確認する。,次の試合ではアンランを倒すことより、確認、攻撃、退避の順番を崩さない。
Genji,2,フランカー迎撃,ゲンジには高台端で待たない。木の葉返し中は撃たず、風斬り後に腰撃ちとコーチ・ガンで距離を作る。,高台は強いが、孤立した高台は危険。1〜2発撃ったら遮蔽へ戻り、詰められたらコーチ・ガンで距離を作って再確保する。,"[""風斬り"", ""木の葉返し"", ""龍撃剣""]","[""木の葉返し後"", ""風斬り後""]",,,10,6,10,5,5,7,7,,,,,,,,,,"[""木の葉返し"", ""風斬り"", ""龍撃剣""]",,,,,ザ・ヴァイパーはゲンジを長く追う武器ではなく、先に体力を削る武器。スコープは短く、胴撃ちでも命中を優先し、撃った後は遮蔽へ戻る。,コーチ・ガンは前進より距離作りと高台確保に使う。使った後に孤立しない位置へ戻る。,ダイナマイトはゲンジ本人だけでなく、回復を受ける位置、逃げ道、味方タンクが当たるダイブ経路に使う。単体牽制で毎回使い切らない。,木の葉返し、龍撃剣を確認してからB.O.Bを出す。,木の葉返し後、風斬り後,ゲンジに対しては、木の葉返しの有無、風斬りの使用先、龍撃剣の有無を毎回確認する。追い続けるより、接近を止めて帰らせることを優先する。,"[""ゲンジの接近後"", ""味方サポートへ入る敵"", ""敵サポート""]","[""コーチ・ガンを攻撃目的で先に使い、逃げ道を失うこと"", ""B.O.Bを人数差がない正面へ雑に出すこと"", ""ダイナマイトを当てにくい相手へ毎回投げ切ること""]",ゲンジを追いかけない。近づかれたらまず遮蔽へ寄り、コーチ・ガンを逃げに使う。,木の葉返し中は撃たない。風斬り後、または木の葉返し後だけ撃つ。,ゲンジが味方サポートへ入るダイブ経路を先に見る。撃破よりも帰らせることを優先する。,ゲンジを追い返した後、敵サポートや別射線へザ・ヴァイパーを切り替える。,ゲンジの接近ルートを先に消す位置を取り、コーチ・ガンを逃げではなく再配置の資源として残す。,ダイブ経路・帰り道・再突入を分けるフランカー,ゲンジの初回接近だけを見ず、帰り道・再突入のダイブ経路・味方サポートへの距離を先に置き照準で管理する。,ゲンジが移動スキルを切った直後にザ・ヴァイパーとダイナマイトを硬直に合わせ、倒し切れない時は追わない。,追撃で味方から離れず、コーチ・ガンで元の遮蔽へ戻る。倒し切れない時は次の再突入を待ち、同じ通路を追わない。,試合後に「ゲンジの何を見てから撃ったか」「外した時にどこへ戻ったか」を1回だけ確認する。,アッシュ対ゲンジは、ダイブ経路・帰り道・再突入を分けるフランカーとして読む。最初に見る情報、撃つ瞬間、失敗時の戻り先を分けると、数値評価以上に安定する。,ゲンジへの説明は「撃つ」「追う」だけで終わらせない。ダイブ確認、倒し切りを狙う条件、撤退先、次の狙いを必ず1文ずつ分け、アッシュのザ・ヴァイパーとダイナマイトとコーチ・ガンの使い道を混同しない。,再突入確認,ゲンジの初回接近ではなく、帰り道と再突入のダイブ経路を見て2回目を止める。,この試合で「ゲンジの初回接近だけを見ず、帰り道・再突入のダイブ経路・味方サポートへの距離を先に置き照準で管理する。」を守れたか。守れなかった場合、次は撃つ前に何を1つだけ見るか。,ゲンジが移動スキルを切った直後にザ・ヴァイパーとダイナマイトを硬直に合わせ、倒し切れない時は追わない。 次に追撃で味方から離れず、コーチ・ガンで元の遮蔽へ戻る。倒し切れない時は次の再突入を待ち、同じ通路を追わない。できていれば成功。,ゲンジを深追いして味方から離れ、次の接近を味方サポートに通してしまう。,次の試合では初回接近を移動スキル使用直後の硬直を狙い、逃げ道へダイナマイトを残す。,ゲンジを追った距離、味方サポートとの距離、再突入時に照準が置けていたかを確認する。,次の試合ではゲンジを倒すことより、確認、攻撃、退避の順番を崩さない。
Shion,2,近距離・奇襲対策,シオンはアッシュが先に距離を失うと危険。接近スキルを使った後にだけ撃つ。コーチ・ガンでショットガン距離や近接圧から逃げる。ダイナマイトは逃げ道か味方サポート周辺に置く。,高台は強いが、孤立した高台は危険。1〜2発撃ったら遮蔽へ戻り、詰められたらコーチ・ガンで距離を作って再確保する。,"[""回避"", ""凶走"", ""罰""]","[""凶走"", ""回避""]","[""回避"", ""凶走""]","[""殺戮"", ""罰""]",10,6,10,6,5,5,7,,,,,,,,,,,provisional,シオンは実装直後で情報が薄いため、対面評価は暫定です。,,,ザ・ヴァイパーはシオンを長く追う武器ではなく、先に体力を削る武器。スコープは短く、胴撃ちでも命中を優先し、撃った後は遮蔽へ戻る。,コーチ・ガンは前進用より、距離作り・高台再確保・リロード時間の安全確保に使う。使った後に孤立しない位置を選ぶ。,ダイナマイトはシオン本人だけでなく、回復を受ける位置、逃げ道、味方タンクが当たるダイブ経路に使う。単体牽制で毎回使い切らない。,殺戮、罰を確認してからB.O.Bを出す。,凶走、回避の後,シオンに対しては「ダイナマイトをどこへ通すか」「コーチ・ガンを逃げに残せるか」「B.O.B前に何を確認するか」を毎回確認する。,"[""シオンの接近後"", ""味方サポートへ入る敵"", ""敵サポート""]","[""コーチ・ガンを攻撃目的で先に使い、逃げ道を失うこと"", ""B.O.Bを人数差がない正面へ雑に出すこと"", ""ダイナマイトを当てにくい相手へ毎回投げ切ること""]",シオンを追いかけない。近づかれたらまず遮蔽へ寄り、コーチ・ガンを逃げに使う。,コーチ・ガンを先に使わない。凶走、回避の後にだけ撃つ。外したらすぐ距離を作る。,味方サポートへ入る瞬間にダイナマイトを置き、燃焼で退路を狭くする。,シオンを追い返した後、敵サポートや別射線へザ・ヴァイパーを切り替える。,シオンの接近ルートを先に消す位置を取り、コーチ・ガンを逃げではなく再配置の資源として残す。,ダイブ経路・帰り道・再突入を分けるフランカー,シオンの初回接近だけを見ず、帰り道・再突入のダイブ経路・味方サポートへの距離を先に置き照準で管理する。,シオンが移動スキルを切った直後にザ・ヴァイパーとダイナマイトを硬直に合わせ、倒し切れない時は追わない。,追撃で味方から離れず、コーチ・ガンで元の遮蔽へ戻る。倒し切れない時は次の再突入を待ち、同じ通路を追わない。,試合後に「シオンの何を見てから撃ったか」「外した時にどこへ戻ったか」を1回だけ確認する。,アッシュ対シオンは、ダイブ経路・帰り道・再突入を分けるフランカーとして読む。最初に見る情報、撃つ瞬間、失敗時の戻り先を分けると、数値評価以上に安定する。,シオンへの説明は「撃つ」「追う」だけで終わらせない。ダイブ確認、倒し切りを狙う条件、撤退先、次の狙いを必ず1文ずつ分け、アッシュのザ・ヴァイパーとダイナマイトとコーチ・ガンの使い道を混同しない。,再突入確認,シオンの初回接近ではなく、帰り道と再突入のダイブ経路を見て2回目を止める。,この試合で「シオンの初回接近だけを見ず、帰り道・再突入のダイブ経路・味方サポートへの距離を先に置き照準で管理する。」を守れたか。守れなかった場合、次は撃つ前に何を1つだけ見るか。,シオンが移動スキルを切った直後にザ・ヴァイパーとダイナマイトを硬直に合わせ、倒し切れない時は追わない。 次に追撃で味方から離れず、コーチ・ガンで元の遮蔽へ戻る。倒し切れない時は次の再突入を待ち、同じ通路を追わない。できていれば成功。,シオンを深追いして味方から離れ、次の接近を味方サポートに通してしまう。,次の試合では初回接近を移動スキル使用直後の硬直を狙い、逃げ道へダイナマイトを残す。,シオンを追った距離、味方サポートとの距離、再突入時に照準が置けていたかを確認する。,次の試合ではシオンを倒すことより、確認、攻撃、退避の順番を崩さない。
Sombra,2,奇襲警戒,ソンブラには孤立高台を避ける。ハックを受ける前提で遮蔽を近くに置き、消えた後の逃げ先へ燃焼を入れる。,高台は強いが、孤立した高台は危険。1〜2発撃ったら遮蔽へ戻り、詰められたらコーチ・ガンで距離を作って再確保する。,"[""ハック"", ""EMP"", ""トランズロケーター""]","[""トランズロケーター"", ""ステルス"", ""ハック""]","[""ハック"", ""EMP"", ""トランズロケーター""]","[""ハック"", ""EMP""]",10,6,10,5,10,7,6,,,,,,,,,,,,,,,ザ・ヴァイパーはソンブラを長く追う武器ではなく、先に体力を削る武器。スコープは短く、胴撃ちでも命中を優先し、撃った後は遮蔽へ戻る。,コーチ・ガンは前進用より、距離作り・高台再確保・リロード時間の安全確保に使う。使った後に孤立しない位置を選ぶ。,ダイナマイトはソンブラ本人だけでなく、回復を受ける位置、逃げ道、味方タンクが当たるダイブ経路に使う。単体牽制で毎回使い切らない。,ハック、EMPを確認してからB.O.Bを出す。,トランズロケーター後、またはハックを使った直後,ソンブラに対しては「ダイナマイトをどこへ通すか」「コーチ・ガンを逃げに残せるか」「B.O.B前に何を確認するか」を毎回確認する。,"[""ソンブラの接近後"", ""味方サポートへ入る敵"", ""敵サポート""]","[""コーチ・ガンを攻撃目的で先に使い、逃げ道を失うこと"", ""ハック、EMPを見ずにB.O.Bを正面へ出すこと"", ""ダイナマイトを当てにくい相手へ毎回投げ切ること""]",ソンブラを追いかけない。近づかれたらまず遮蔽へ寄り、コーチ・ガンを逃げに使う。,コーチ・ガンを先に使わない。トランズロケーター後、またはハックを使った直後にだけ撃つ。外したらすぐ距離を作る。,味方サポートへ入る瞬間にダイナマイトを置き、燃焼で退路を狭くする。,ソンブラを追い返した後、敵サポートや別射線へザ・ヴァイパーを切り替える。,ソンブラの接近ルートを先に消す位置を取り、コーチ・ガンを逃げではなく再配置の資源として残す。,ダイブ経路・帰り道・再突入を分けるフランカー,ソンブラの初回接近だけを見ず、帰り道・再突入のダイブ経路・味方サポートへの距離を先に置き照準で管理する。,ソンブラが移動スキルを切った直後にザ・ヴァイパーとダイナマイトを硬直に合わせ、倒し切れない時は追わない。,追撃で味方から離れず、コーチ・ガンで元の遮蔽へ戻る。倒し切れない時は次の再突入を待ち、同じ通路を追わない。,試合後に「ソンブラの何を見てから撃ったか」「外した時にどこへ戻ったか」を1回だけ確認する。,アッシュ対ソンブラは、ダイブ経路・帰り道・再突入を分けるフランカーとして読む。最初に見る情報、撃つ瞬間、失敗時の戻り先を分けると、数値評価以上に安定する。,ソンブラへの説明は「撃つ」「追う」だけで終わらせない。ダイブ確認、倒し切りを狙う条件、撤退先、次の狙いを必ず1文ずつ分け、アッシュのザ・ヴァイパーとダイナマイトとコーチ・ガンの使い道を混同しない。,再突入確認,ソンブラの初回接近ではなく、帰り道と再突入のダイブ経路を見て2回目を止める。,この試合で「ソンブラの初回接近だけを見ず、帰り道・再突入のダイブ経路・味方サポートへの距離を先に置き照準で管理する。」を守れたか。守れなかった場合、次は撃つ前に何を1つだけ見るか。,ソンブラが移動スキルを切った直後にザ・ヴァイパーとダイナマイトを硬直に合わせ、倒し切れない時は追わない。 次に追撃で味方から離れず、コーチ・ガンで元の遮蔽へ戻る。倒し切れない時は次の再突入を待ち、同じ通路を追わない。できていれば成功。,ソンブラを深追いして味方から離れ、次の接近を味方サポートに通してしまう。,次の試合では初回接近を移動スキル使用直後の硬直を狙い、逃げ道へダイナマイトを残す。,ソンブラを追った距離、味方サポートとの距離、再突入時に照準が置けていたかを確認する。,次の試合ではソンブラを倒すことより、確認、攻撃、退避の順番を崩さない。
Tracer,2,フランカー迎撃,トレーサーには高台端で待たない。コーチ・ガンを距離作りに残し、リコール後かブリンクを複数使った後にザ・ヴァイパーで短く撃つ。,高台は強いが、孤立した高台は危険。1〜2発撃ったら遮蔽へ戻り、詰められたらコーチ・ガンで距離を作って再確保する。,"[""ブリンク"", ""リコール"", ""パルス・ボム""]","[""リコール後"", ""ブリンクを複数使った後""]",,,10,6,10,5,5,7,7,,,,,,,,,,"[""ブリンク"", ""リコール""]",,,,,ザ・ヴァイパーはトレーサーを長く追う武器ではなく、先に体力を削る武器。スコープは短く、胴撃ちでも命中を優先し、撃った後は遮蔽へ戻る。,コーチ・ガンは前進より距離作りと高台再確保に使う。使った後に孤立しない位置へ戻る。,ダイナマイトはトレーサー本人だけでなく、回復を受ける位置、逃げ道、味方タンクが当たるダイブ経路に使う。単体牽制で毎回使い切らない。,リコール、パルス・ボムを確認してからB.O.Bを出す。,リコール後、ブリンクを複数使った後,トレーサーに対しては、ブリンク残数、リコール後の位置、パルス・ボムの有無を毎回確認する。追い切るより、接近を止めて帰らせることを優先する。,"[""トレーサーの接近後"", ""味方サポートへ入る敵"", ""敵サポート""]","[""コーチ・ガンを攻撃目的で先に使い、逃げ道を失うこと"", ""B.O.Bを人数差がない正面へ雑に出すこと"", ""ダイナマイトを当てにくい相手へ毎回投げ切ること""]",トレーサーを追いかけない。近づかれたらまず遮蔽へ寄り、コーチ・ガンを逃げに使う。,ブリンクを追いかけない。リコール後、またはブリンクを複数使った後だけ撃つ。,トレーサーが味方サポートへ入るダイブ経路を先に見る。撃破よりも帰らせることを優先する。,トレーサーを追い返した後、敵サポートや別射線へザ・ヴァイパーを切り替える。,トレーサーの接近ルートを先に消す位置を取り、コーチ・ガンを逃げではなく再配置の資源として残す。,ダイブ経路・帰り道・再突入を分けるフランカー,トレーサーの初回接近だけを見ず、帰り道・再突入のダイブ経路・味方サポートへの距離を先に置き照準で管理する。,トレーサーが移動スキルを切った直後にザ・ヴァイパーとダイナマイトを硬直に合わせ、倒し切れない時は追わない。,追撃で味方から離れず、コーチ・ガンで元の遮蔽へ戻る。倒し切れない時は次の再突入を待ち、同じ通路を追わない。,試合後に「トレーサーの何を見てから撃ったか」「外した時にどこへ戻ったか」を1回だけ確認する。,アッシュ対トレーサーは、ダイブ経路・帰り道・再突入を分けるフランカーとして読む。最初に見る情報、撃つ瞬間、失敗時の戻り先を分けると、数値評価以上に安定する。,トレーサーへの説明は「撃つ」「追う」だけで終わらせない。ダイブ確認、倒し切りを狙う条件、撤退先、次の狙いを必ず1文ずつ分け、アッシュのザ・ヴァイパーとダイナマイトとコーチ・ガンの使い道を混同しない。,再突入確認,トレーサーの初回接近ではなく、帰り道と再突入のダイブ経路を見て2回目を止める。,この試合で「トレーサーの初回接近だけを見ず、帰り道・再突入のダイブ経路・味方サポートへの距離を先に置き照準で管理する。」を守れたか。守れなかった場合、次は撃つ前に何を1つだけ見るか。,トレーサーが移動スキルを切った直後にザ・ヴァイパーとダイナマイトを硬直に合わせ、倒し切れない時は追わない。 次に追撃で味方から離れず、コーチ・ガンで元の遮蔽へ戻る。倒し切れない時は次の再突入を待ち、同じ通路を追わない。できていれば成功。,トレーサーを深追いして味方から離れ、次の接近を味方サポートに通してしまう。,次の試合では初回接近を移動スキル使用直後の硬直を狙い、逃げ道へダイナマイトを残す。,トレーサーを追った距離、味方サポートとの距離、再突入時に照準が置けていたかを確認する。,次の試合ではトレーサーを倒すことより、確認、攻撃、退避の順番を崩さない。
Venture,2,接近爆発対策,ベンチャーには近い遮蔽付近で待たない。バロー浮上後かドリル・ダッシュ後にだけ撃つ。コーチ・ガンは逃げ先確保に残す。,高台は強いが、孤立した高台は危険。1〜2発撃ったら遮蔽へ戻り、詰められたらコーチ・ガンで距離を作って再確保する。,"[""バロー"", ""ドリル・ダッシュ"", ""テクトニック・ショック""]","[""バロー"", ""ドリル・ダッシュ""]","[""バロー"", ""ドリル・ダッシュ""]","[""バロー"", ""テクトニック・ショック""]",10,7,10,5,5,7,7,,,,,,,,,,,,,,,ザ・ヴァイパーはベンチャーを長く追う武器ではなく、先に体力を削る武器。スコープは短く、胴撃ちでも命中を優先し、撃った後は遮蔽へ戻る。,コーチ・ガンは前進用より、距離作り・高台再確保・リロード時間の安全確保に使う。使った後に孤立しない位置を選ぶ。,ダイナマイトはベンチャー本人だけでなく、回復を受ける位置、逃げ道、味方タンクが当たるダイブ経路に使う。単体牽制で毎回使い切らない。,バロー、テクトニック・ショックを確認してからB.O.Bを出す。,バロー後、ドリル・ダッシュ後,ベンチャーに対しては「ダイナマイトをどこへ通すか」「コーチ・ガンを逃げに残せるか」「B.O.B前に何を確認するか」を毎回確認する。,"[""ベンチャーの接近後"", ""味方サポートへ入る敵"", ""敵サポート""]","[""コーチ・ガンを攻撃目的で先に使い、逃げ道を失うこと"", ""B.O.Bを人数差がない正面へ雑に出すこと"", ""ダイナマイトを単体牽制だけに使い、集団や遮蔽裏へ通さないこと""]",ベンチャーを追いかけない。近づかれたらまず遮蔽へ寄り、コーチ・ガンを逃げに使う。,コーチ・ガンを先に使わない。バロー後、ドリル・ダッシュ後にだけ撃つ。外したらすぐ距離を作る。,味方サポートへ入る瞬間にダイナマイトを置き、燃焼で退路を狭くする。,ベンチャーを追い返した後、敵サポートや別射線へザ・ヴァイパーを切り替える。,ベンチャーの接近ルートを先に消す位置を取り、コーチ・ガンを逃げではなく再配置の資源として残す。,ダイブ経路・帰り道・再突入を分けるフランカー,ベンチャーの初回接近だけを見ず、帰り道・再突入のダイブ経路・味方サポートへの距離を先に置き照準で管理する。,ベンチャーが移動スキルを切った直後にザ・ヴァイパーとダイナマイトを硬直に合わせ、倒し切れない時は追わない。,追撃で味方から離れず、コーチ・ガンで元の遮蔽へ戻る。倒し切れない時は次の再突入を待ち、同じ通路を追わない。,試合後に「ベンチャーの何を見てから撃ったか」「外した時にどこへ戻ったか」を1回だけ確認する。,アッシュ対ベンチャーは、ダイブ経路・帰り道・再突入を分けるフランカーとして読む。最初に見る情報、撃つ瞬間、失敗時の戻り先を分けると、数値評価以上に安定する。,ベンチャーへの説明は「撃つ」「追う」だけで終わらせない。ダイブ確認、倒し切りを狙う条件、撤退先、次の狙いを必ず1文ずつ分け、アッシュのザ・ヴァイパーとダイナマイトとコーチ・ガンの使い道を混同しない。,再突入確認,ベンチャーの初回接近ではなく、帰り道と再突入のダイブ経路を見て2回目を止める。,この試合で「ベンチャーの初回接近だけを見ず、帰り道・再突入のダイブ経路・味方サポートへの距離を先に置き照準で管理する。」を守れたか。守れなかった場合、次は撃つ前に何を1つだけ見るか。,ベンチャーが移動スキルを切った直後にザ・ヴァイパーとダイナマイトを硬直に合わせ、倒し切れない時は追わない。 次に追撃で味方から離れず、コーチ・ガンで元の遮蔽へ戻る。倒し切れない時は次の再突入を待ち、同じ通路を追わない。できていれば成功。,ベンチャーを深追いして味方から離れ、次の接近を味方サポートに通してしまう。,次の試合では初回接近を移動スキル使用直後の硬直を狙い、逃げ道へダイナマイトを残す。,ベンチャーを追った距離、味方サポートとの距離、再突入時に照準が置けていたかを確認する。,次の試合ではベンチャーを倒すことより、確認、攻撃、退避の順番を崩さない。
Reaper,6,接近拒否・高台維持,リーパーは接近されると危険だが、アッシュはコーチ・ガンで距離を戻せる。音とルートを見て近づかれる前に削る。,高台は強いが、孤立した高台は危険。1〜2発撃ったら遮蔽へ戻り、詰められたらコーチ・ガンで距離を作って再確保する。,"[""レイス・フォーム"", ""シャドウ・ステップ"", ""デス・ブロッサム""]","[""レイス・フォーム"", ""シャドウ・ステップ""]","[""レイス・フォーム"", ""シャドウ・ステップ""]","[""レイス・フォーム"", ""デス・ブロッサム""]",8,7,9,6,5,5,6,,v41,8,6,接近拒否・高台維持,リーパーは接近されると危険だが、アッシュはコーチ・ガンで距離を戻せる。音とルートを見て近づかれる前に削る。,,,,,,,,,ザ・ヴァイパーはリーパーを長く追う武器ではなく、先に体力を削る武器。スコープは短く、胴撃ちでも命中を優先し、撃った後は遮蔽へ戻る。,コーチ・ガンは前進用より、距離作り・高台再確保・リロード時間の安全確保に使う。使った後に孤立しない位置を選ぶ。,ダイナマイトはリーパー本人だけでなく、回復を受ける位置、逃げ道、味方タンクが当たるダイブ経路に使う。単体牽制で毎回使い切らない。,レイス・フォーム、デス・ブロッサムを確認してからB.O.Bを出す。,レイス・フォーム後、またはシャドウ・ステップの着地,リーパーに対しては「ダイナマイトをどこへ通すか」「コーチ・ガンを逃げに残せるか」「B.O.B前に何を確認するか」を毎回確認する。,"[""リーパーの接近後"", ""味方サポートへ入る敵"", ""敵サポート""]","[""コーチ・ガンを攻撃目的で先に使い、逃げ道を失うこと"", ""B.O.Bを人数差がない正面へ雑に出すこと"", ""ダイナマイトを単体牽制だけに使い、集団や遮蔽裏へ通さないこと""]",リーパーを追いかけない。近づかれたらまず遮蔽へ寄り、コーチ・ガンを逃げに使う。,コーチ・ガンを先に使わない。レイス・フォーム後、またはシャドウ・ステップの着地だけ撃ち、外したらすぐ距離を作る。,味方サポートへ入る瞬間にダイナマイトを置き、燃焼で退路を狭くする。,リーパーを追い返した後、敵サポートや別射線へザ・ヴァイパーを切り替える。,リーパーの接近ルートを先に消す位置を取り、コーチ・ガンを逃げではなく再配置の資源として残す。,ダイブ経路・帰り道・再突入を分けるフランカー,リーパーの初回接近だけを見ず、帰り道・再突入のダイブ経路・味方サポートへの距離を先に置き照準で管理する。,リーパーが移動スキルを切った直後にザ・ヴァイパーとダイナマイトを硬直に合わせ、倒し切れない時は追わない。,追撃で味方から離れず、コーチ・ガンで元の遮蔽へ戻る。倒し切れない時は次の再突入を待ち、同じ通路を追わない。,試合後に「リーパーの何を見てから撃ったか」「外した時にどこへ戻ったか」を1回だけ確認する。,アッシュ対リーパーは、ダイブ経路・帰り道・再突入を分けるフランカーとして読む。最初に見る情報、撃つ瞬間、失敗時の戻り先を分けると、数値評価以上に安定する。,リーパーへの説明は「撃つ」「追う」だけで終わらせない。ダイブ確認、倒し切りを狙う条件、撤退先、次の狙いを必ず1文ずつ分け、アッシュのザ・ヴァイパーとダイナマイトとコーチ・ガンの使い道を混同しない。,再突入確認,リーパーの初回接近ではなく、帰り道と再突入のダイブ経路を見て2回目を止める。,この試合で「リーパーの初回接近だけを見ず、帰り道・再突入のダイブ経路・味方サポートへの距離を先に置き照準で管理する。」を守れたか。守れなかった場合、次は撃つ前に何を1つだけ見るか。,リーパーが移動スキルを切った直後にザ・ヴァイパーとダイナマイトを硬直に合わせ、倒し切れない時は追わない。 次に追撃で味方から離れず、コーチ・ガンで元の遮蔽へ戻る。倒し切れない時は次の再突入を待ち、同じ通路を追わない。できていれば成功。,リーパーを深追いして味方から離れ、次の接近を味方サポートに通してしまう。,次の試合では初回接近を移動スキル使用直後の硬直を狙い、逃げ道へダイナマイトを残す。,リーパーを追った距離、味方サポートとの距離、再突入時に照準が置けていたかを確認する。,次の試合ではリーパーを倒すことより、確認、攻撃、退避の順番を崩さない。
Vendetta,2,近距離・奇襲対策,ヴェンデッタはアッシュが先に距離を失うと危険。接近スキルを使った後にだけ撃つ。コーチ・ガンでショットガン距離や近接圧から逃げる。ダイナマイトは逃げ道か味方サポート周辺に置く。,高台は強いが、孤立した高台は危険。1〜2発撃ったら遮蔽へ戻り、詰められたらコーチ・ガンで距離を作って再確保する。,"[""ウォーディング・スタンス"", ""ソアリング・スライス"", ""サンダリング・ブレード""]","[""ソアリング・スライス"", ""ワールウィンド""]","[""ウォーディング・スタンス"", ""ソアリング・スライス""]","[""ウォーディング・スタンス"", ""サンダリング・ブレード""]",10,7,10,6,5,5,8,,,,,,,,,,,,,,,ザ・ヴァイパーはヴェンデッタを長く追う武器ではなく、先に体力を削る武器。スコープは短く、胴撃ちでも命中を優先し、撃った後は遮蔽へ戻る。,コーチ・ガンは前進用より、距離作り・高台再確保・リロード時間の安全確保に使う。使った後に孤立しない位置を選ぶ。,ダイナマイトはヴェンデッタ本人だけでなく、回復を受ける位置、逃げ道、味方タンクが当たるダイブ経路に使う。単体牽制で毎回使い切らない。,ウォーディング・スタンス、サンダリング・ブレードを確認してからB.O.Bを出す。,ソアリング・スライス、ワールウィンドの後,ヴェンデッタに対しては「ダイナマイトをどこへ通すか」「コーチ・ガンを逃げに残せるか」「B.O.B前に何を確認するか」を毎回確認する。,"[""ヴェンデッタの接近後"", ""味方サポートへ入る敵"", ""敵サポート""]","[""コーチ・ガンを攻撃目的で先に使い、逃げ道を失うこと"", ""B.O.Bを人数差がない正面へ雑に出すこと"", ""ダイナマイトを単体牽制だけに使い、集団や遮蔽裏へ通さないこと""]",ヴェンデッタを追いかけない。近づかれたらまず遮蔽へ寄り、コーチ・ガンを逃げに使う。,コーチ・ガンを先に使わない。ソアリング・スライス、ワールウィンドの後にだけ撃つ。外したらすぐ距離を作る。,味方サポートへ入る瞬間にダイナマイトを置き、燃焼で退路を狭くする。,ヴェンデッタを追い返した後、敵サポートや別射線へザ・ヴァイパーを切り替える。,ヴェンデッタの接近ルートを先に消す位置を取り、コーチ・ガンを逃げではなく再配置の資源として残す。,ダイブ経路・帰り道・再突入を分けるフランカー,ヴェンデッタの初回接近だけを見ず、帰り道・再突入のダイブ経路・味方サポートへの距離を先に置き照準で管理する。,ヴェンデッタが移動スキルを切った直後にザ・ヴァイパーとダイナマイトを硬直に合わせ、倒し切れない時は追わない。,追撃で味方から離れず、コーチ・ガンで元の遮蔽へ戻る。倒し切れない時は次の再突入を待ち、同じ通路を追わない。,試合後に「ヴェンデッタの何を見てから撃ったか」「外した時にどこへ戻ったか」を1回だけ確認する。,アッシュ対ヴェンデッタは、ダイブ経路・帰り道・再突入を分けるフランカーとして読む。最初に見る情報、撃つ瞬間、失敗時の戻り先を分けると、数値評価以上に安定する。,ヴェンデッタへの説明は「撃つ」「追う」だけで終わらせない。ダイブ確認、倒し切りを狙う条件、撤退先、次の狙いを必ず1文ずつ分け、アッシュのザ・ヴァイパーとダイナマイトとコーチ・ガンの使い道を混同しない。,再突入確認,ヴェンデッタの初回接近ではなく、帰り道と再突入のダイブ経路を見て2回目を止める。,この試合で「ヴェンデッタの初回接近だけを見ず、帰り道・再突入のダイブ経路・味方サポートへの距離を先に置き照準で管理する。」を守れたか。守れなかった場合、次は撃つ前に何を1つだけ見るか。,ヴェンデッタが移動スキルを切った直後にザ・ヴァイパーとダイナマイトを硬直に合わせ、倒し切れない時は追わない。 次に追撃で味方から離れず、コーチ・ガンで元の遮蔽へ戻る。倒し切れない時は次の再突入を待ち、同じ通路を追わない。できていれば成功。,ヴェンデッタを深追いして味方から離れ、次の接近を味方サポートに通してしまう。,次の試合では初回接近を移動スキル使用直後の硬直を狙い、逃げ道へダイナマイトを残す。,ヴェンデッタを追った距離、味方サポートとの距離、再突入時に照準が置けていたかを確認する。,次の試合ではヴェンデッタを倒すことより、確認、攻撃、退避の順番を崩さない。
Echo,5,空中圧力管理,エコーには空を追い続けず、低空で火力を出しに来た瞬間を撃つ。ダイナマイトは着地先とサポート周辺に置く。,高台は強いが、孤立した高台は危険。1〜2発撃ったら遮蔽へ戻り、詰められたらコーチ・ガンで距離を作って再確保する。,"[""フライト"", ""コピー""]","[""フライト"", ""スティッキー・ボム"", ""フォーカス・ビーム""]","[""フライト""]","[""コピー""]",10,5,8,8,5,8,8,,,,,,,,,,,,,,,ザ・ヴァイパーはエコーを長く追う武器ではなく、先に体力を削る武器。スコープは短く、胴撃ちでも命中を優先し、撃った後は遮蔽へ戻る。,コーチ・ガンは前進用より、距離作り・高台再確保・リロード時間の安全確保に使う。使った後に孤立しない位置を選ぶ。,ダイナマイトはエコー本人だけでなく、回復を受ける位置、逃げ道、味方タンクが当たるダイブ経路に使う。単体牽制で毎回使い切らない。,コピーを確認してからB.O.Bを出す。,フライト後、またはフォーカス・ビームで低空に入った時,エコーに対しては「ダイナマイトをどこへ通すか」「コーチ・ガンを逃げに残せるか」「B.O.B前に何を確認するか」を毎回確認する。,"[""エコーの低空・着地"", ""同伴サポート"", ""敵サポート""]","[""同じ射線でスコープを覗き続けること"", ""B.O.Bを人数差がない正面へ雑に出すこと"", ""ダイナマイトを当てにくい相手へ毎回投げ切ること""]",エコーをずっと追わない。低空か着地だけ撃ち、外したら地上の敵へ戻す。,ダイナマイトを空中へ無理投げしない。着地先、回復を受ける位置、狭いダイブ経路に使う。,エコーの高度が落ちるタイミングにザ・ヴァイパーを合わせ、同伴サポートも見る。,高台を先に取り、空中を見た後すぐ地上の射線へ戻る。視線を固定しすぎない。,エコーを倒す射線と、サポートへの回復線を切る射線を分ける。相手の逃げ先を先に燃やしてから撃つ。,高度・着地・支援線を分ける空中敵,エコーを空中で長く追い続けず、高度が落ちる地点・着地先・支援線を先に決める。,エコーがブーストや高度維持を使った直後、着地先が限定された瞬間へザ・ヴァイパーとダイナマイトを集中する。,見上げ続けて地上の圧を失わず、コーチ・ガンで遮蔽へ戻って次の着地だけを見る。,試合後に「エコーの何を見てから撃ったか」「外した時にどこへ戻ったか」を1回だけ確認する。,アッシュ対エコーは、高度・着地・支援線を分ける空中敵として読む。最初に見る情報、撃つ瞬間、失敗時の戻り先を分けると、数値評価以上に安定する。,エコーへの説明は「撃つ」「追う」だけで終わらせない。ダイブ確認、倒し切りを狙う条件、撤退先、次の狙いを必ず1文ずつ分け、アッシュのザ・ヴァイパーとダイナマイトとコーチ・ガンの使い道を混同しない。,空中圧確認,エコーを空中で追い続けず、着地・高度低下・支援線の切れ目だけを撃つ。,この試合で「エコーを空中で長く追い続けず、高度が落ちる地点・着地先・支援線を先に決める。」を守れたか。守れなかった場合、次は撃つ前に何を1つだけ見るか。,エコーがブーストや高度維持を使った直後、着地先が限定された瞬間へザ・ヴァイパーとダイナマイトを集中する。 次に見上げ続けて地上の圧を失わず、コーチ・ガンで遮蔽へ戻って次の着地だけを見る。できていれば成功。,見上げ続けて地上のダイブ経路や味方後衛への圧を見落とす。,次の試合ではエコーの着地先を先に決め、落ちる瞬間だけダイナマイトを合わせる。,エコーを撃った時の高度、着地先、自分が地上を見失った秒数を確認する。,次の試合ではエコーを倒すことより、確認、攻撃、退避の順番を崩さない。
Pharah,5,空中圧力管理,ファラには最初から落とし切ろうとせず、ザ・ヴァイパーで高度を下げさせる。マーシー付きなら先にマーシーの移動先を撃つ。,高台は強いが、孤立した高台は危険。1〜2発撃ったら遮蔽へ戻り、詰められたらコーチ・ガンで距離を作って再確保する。,"[""ジャンプ・ジェット"", ""ジェット・ダッシュ"", ""バレッジ""]","[""ジャンプ・ジェット"", ""ジェット・ダッシュ"", ""コンカッシブ・ブラスト""]","[""ジャンプ・ジェット"", ""ジェット・ダッシュ""]","[""バレッジ""]",10,5,8,8,5,8,8,,,,,,,,,,,,,,,ザ・ヴァイパーはファラを長く追う武器ではなく、先に体力を削る武器。スコープは短く、胴撃ちでも命中を優先し、撃った後は遮蔽へ戻る。,コーチ・ガンは前進用より、距離作り・高台再確保・リロード時間の安全確保に使う。使った後に孤立しない位置を選ぶ。,ダイナマイトはファラ本人だけでなく、回復を受ける位置、逃げ道、味方タンクが当たるダイブ経路に使う。単体牽制で毎回使い切らない。,バレッジを確認してからB.O.Bを出す。,ジャンプ・ジェット後、ホバーが落ちる瞬間,ファラに対しては「ダイナマイトをどこへ通すか」「コーチ・ガンを逃げに残せるか」「B.O.B前に何を確認するか」を毎回確認する。,"[""ファラの低空・着地"", ""同伴サポート"", ""敵サポート""]","[""同じ射線でスコープを覗き続けること"", ""B.O.Bを人数差がない正面へ雑に出すこと"", ""ダイナマイトを当てにくい相手へ毎回投げ切ること""]",ファラをずっと追わない。低空か着地だけ撃ち、外したら地上の敵へ戻す。,ダイナマイトを空中へ無理投げしない。着地先、回復を受ける位置、狭いダイブ経路に使う。,ファラの高度が落ちるタイミングにザ・ヴァイパーを合わせ、同伴サポートも見る。,高台を先に取り、空中を見た後すぐ地上の射線へ戻る。視線を固定しすぎない。,ファラを倒す射線と、サポートへの回復線を切る射線を分ける。相手の逃げ先を先に燃やしてから撃つ。,高度・着地・支援線を分ける空中敵,ファラを空中で長く追い続けず、高度が落ちる地点・着地先・支援線を先に決める。,ファラがブーストや高度維持を使った直後、着地先が限定された瞬間へザ・ヴァイパーとダイナマイトを集中する。,見上げ続けて地上の圧を失わず、コーチ・ガンで遮蔽へ戻って次の着地だけを見る。,試合後に「ファラの何を見てから撃ったか」「外した時にどこへ戻ったか」を1回だけ確認する。,アッシュ対ファラは、高度・着地・支援線を分ける空中敵として読む。最初に見る情報、撃つ瞬間、失敗時の戻り先を分けると、数値評価以上に安定する。,ファラへの説明は「撃つ」「追う」だけで終わらせない。ダイブ確認、倒し切りを狙う条件、撤退先、次の狙いを必ず1文ずつ分け、アッシュのザ・ヴァイパーとダイナマイトとコーチ・ガンの使い道を混同しない。,空中圧確認,ファラを空中で追い続けず、着地・高度低下・支援線の切れ目だけを撃つ。,この試合で「ファラを空中で長く追い続けず、高度が落ちる地点・着地先・支援線を先に決める。」を守れたか。守れなかった場合、次は撃つ前に何を1つだけ見るか。,ファラがブーストや高度維持を使った直後、着地先が限定された瞬間へザ・ヴァイパーとダイナマイトを集中する。 次に見上げ続けて地上の圧を失わず、コーチ・ガンで遮蔽へ戻って次の着地だけを見る。できていれば成功。,見上げ続けて地上のダイブ経路や味方後衛への圧を見落とす。,次の試合ではファラの着地先を先に決め、落ちる瞬間だけダイナマイトを合わせる。,ファラを撃った時の高度、着地先、自分が地上を見失った秒数を確認する。,次の試合ではファラを倒すことより、確認、攻撃、退避の順番を崩さない。
Symmetra,7,長い射線有利,シンメトラには長い射線で有利を取りやすい。テレポーターで距離を詰められる前に設置物を壊す。,高台は強いが、孤立した高台は危険。1〜2発撃ったら遮蔽へ戻り、詰められたらコーチ・ガンで距離を作って再確保する。,"[""フォトン・バリア"", ""テレポーター""]","[""テレポーター"", ""セントリー・タレット""]","[""フォトン・バリア"", ""テレポーター""]","[""フォトン・バリア""]",4,9,6,6,6,5,4,,v41,4,7,長い射線有利,シンメトラには長い射線で有利を取りやすい。テレポーターで距離を詰められる前に設置物を壊す。,,,,,,,,,ザ・ヴァイパーはシンメトラを長く追う武器ではなく、先に体力を削る武器。スコープは短く、胴撃ちでも命中を優先し、撃った後は遮蔽へ戻る。,コーチ・ガンは前進用より、距離作り・高台再確保・リロード時間の安全確保に使う。使った後に孤立しない位置を選ぶ。,ダイナマイトはシンメトラ本人だけでなく、回復を受ける位置、逃げ道、味方タンクが当たるダイブ経路に使う。単体牽制で毎回使い切らない。,フォトン・バリアを確認してからB.O.Bを出す。,テレポーター、セントリー・タレットの後,シンメトラに対しては「ダイナマイトをどこへ通すか」「コーチ・ガンを逃げに残せるか」「B.O.B前に何を確認するか」を毎回確認する。,"[""シンメトラのスキル後"", ""敵サポート"", ""低体力のダメージ""]","[""同じ射線でスコープを覗き続けること"", ""B.O.Bを人数差がない正面へ雑に出すこと"", ""ダイナマイトを単体牽制だけに使い、集団や遮蔽裏へ通さないこと""]",シンメトラだけを撃ち続けない。燃焼を入れたら敵サポートにも照準を移す。,ダイナマイトを盾や防御に吸われる位置へ投げない。角の裏か集団に使う。,テレポーター、セントリー・タレットの後に合わせてザ・ヴァイパーを撃ち、無理ならすぐ高台を再確保する。,タンクを燃やした後、回復しているサポートを撃つ。正面火力だけで試合を進めない。,相手の防御・救助・移動スキルを先に数え、ダイナマイトで動かしてからB.O.Bで陣形を割る。,通路と設置物で退路を制限する敵,シンメトラの得意な通路を通る前に、設置物・範囲圧・逃げ道・味方が見ている射線を順番に処理する。,設置物や範囲圧を無視して本体へ行かず、通路が空いた瞬間だけザ・ヴァイパーとダイナマイトを使う。,範囲内で粘らず、コーチ・ガンで通路を変えてから次の射線を作る。戻る場所を決めてから本体を撃つ。,試合後に「シンメトラの何を見てから撃ったか」「外した時にどこへ戻ったか」を1回だけ確認する。,アッシュ対シンメトラは、通路と設置物で退路を制限する敵として読む。最初に見る情報、撃つ瞬間、失敗時の戻り先を分けると、数値評価以上に安定する。,シンメトラへの説明は「撃つ」「追う」だけで終わらせない。ダイブ確認、倒し切りを狙う条件、撤退先、次の狙いを必ず1文ずつ分け、アッシュのザ・ヴァイパーとダイナマイトとコーチ・ガンの使い道を混同しない。,通路整理,シンメトラの範囲圧や設置物を整理してから、通路ではなく安全な撃ち場所を作る。,この試合で「シンメトラの得意な通路を通る前に、設置物・範囲圧・逃げ道・味方が見ている射線を順番に処理する。」を守れたか。守れなかった場合、次は撃つ前に何を1つだけ見るか。,設置物や範囲圧を無視して本体へ行かず、通路が空いた瞬間だけザ・ヴァイパーとダイナマイトを使う。 次に範囲内で粘らず、コーチ・ガンで通路を変えてから次の射線を作る。戻る場所を決めてから本体を撃つ。できていれば成功。,設置物・範囲圧を無視して本体だけを追い、退路を狭められる。,次の試合では通路の危険物を先に処理し、空いた瞬間だけダイナマイトを使う。,シンメトラの設置物や範囲圧を処理した順番、踏み込んだ通路、戻れた遮蔽を確認する。,次の試合ではシンメトラを倒すことより、確認、攻撃、退避の順番を崩さない。
Junkrat,4,中距離デュエル,ジャンクラットには中距離の一瞬だけ勝負する。ダイナマイトで遮蔽を動かし、ザ・ヴァイパーで体力差を作ったら同じ位置に居座らない。,高台は強いが、孤立した高台は危険。1〜2発撃ったら遮蔽へ戻り、詰められたらコーチ・ガンで距離を作って再確保する。,"[""コンカッション・マイン"", ""RIPタイヤ""]","[""コンカッション・マイン"", ""スティール・トラップ""]","[""コンカッション・マイン""]","[""RIPタイヤ""]",9,6,7,6,6,5,7,,,,,,,,,,,,,,,ザ・ヴァイパーはジャンクラットを長く追う武器ではなく、先に体力を削る武器。スコープは短く、胴撃ちでも命中を優先し、撃った後は遮蔽へ戻る。,コーチ・ガンは前進用より、距離作り・高台再確保・リロード時間の安全確保に使う。使った後に孤立しない位置を選ぶ。,ダイナマイトはジャンクラット本人だけでなく、回復を受ける位置、逃げ道、味方タンクが当たるダイブ経路に使う。単体牽制で毎回使い切らない。,RIPタイヤを確認してからB.O.Bを出す。,コンカッション・マイン、スティール・トラップの後,ジャンクラットに対しては「ダイナマイトをどこへ通すか」「コーチ・ガンを逃げに残せるか」「B.O.B前に何を確認するか」を毎回確認する。,"[""ジャンクラットのスキル後"", ""敵サポート"", ""低体力のダメージ""]","[""同じ射線でスコープを覗き続けること"", ""B.O.Bを人数差がない正面へ雑に出すこと"", ""ダイナマイトを当てにくい相手へ毎回投げ切ること""]",ジャンクラットだけを撃ち続けない。燃焼を入れたら敵サポートにも照準を移す。,ダイナマイトを盾や防御に吸われる位置へ投げない。角の裏か集団に使う。,コンカッション・マイン、スティール・トラップの後に合わせてザ・ヴァイパーを撃ち、無理ならすぐ高台を再確保する。,タンクを燃やした後、回復しているサポートを撃つ。正面火力だけで試合を進めない。,相手の防御・救助・移動スキルを先に数え、ダイナマイトで動かしてからB.O.Bで陣形を割る。,通路と設置物で退路を制限する敵,ジャンクラットの得意な通路を通る前に、設置物・範囲圧・逃げ道・味方が見ている射線を順番に処理する。,設置物や範囲圧を無視して本体へ行かず、通路が空いた瞬間だけザ・ヴァイパーとダイナマイトを使う。,範囲内で粘らず、コーチ・ガンで通路を変えてから次の射線を作る。戻る場所を決めてから本体を撃つ。,試合後に「ジャンクラットの何を見てから撃ったか」「外した時にどこへ戻ったか」を1回だけ確認する。,アッシュ対ジャンクラットは、通路と設置物で退路を制限する敵として読む。最初に見る情報、撃つ瞬間、失敗時の戻り先を分けると、数値評価以上に安定する。,ジャンクラットへの説明は「撃つ」「追う」だけで終わらせない。ダイブ確認、倒し切りを狙う条件、撤退先、次の狙いを必ず1文ずつ分け、アッシュのザ・ヴァイパーとダイナマイトとコーチ・ガンの使い道を混同しない。,通路整理,ジャンクラットの範囲圧や設置物を整理してから、通路ではなく安全な撃ち場所を作る。,この試合で「ジャンクラットの得意な通路を通る前に、設置物・範囲圧・逃げ道・味方が見ている射線を順番に処理する。」を守れたか。守れなかった場合、次は撃つ前に何を1つだけ見るか。,設置物や範囲圧を無視して本体へ行かず、通路が空いた瞬間だけザ・ヴァイパーとダイナマイトを使う。 次に範囲内で粘らず、コーチ・ガンで通路を変えてから次の射線を作る。戻る場所を決めてから本体を撃つ。できていれば成功。,設置物・範囲圧を無視して本体だけを追い、退路を狭められる。,次の試合では通路の危険物を先に処理し、空いた瞬間だけダイナマイトを使う。,ジャンクラットの設置物や範囲圧を処理した順番、踏み込んだ通路、戻れた遮蔽を確認する。,次の試合ではジャンクラットを倒すことより、確認、攻撃、退避の順番を崩さない。
Torbjörn,6,中距離デュエル,トールビョーンには中距離の一瞬だけ勝負する。ダイナマイトで遮蔽を動かし、ザ・ヴァイパーで体力差を作ったら同じ位置に居座らない。,高台は強いが、孤立した高台は危険。1〜2発撃ったら遮蔽へ戻り、詰められたらコーチ・ガンで距離を作って再確保する。,"[""オーバーロード"", ""モルテン・コア""]","[""タレット""]","[""オーバーロード""]","[""オーバーロード"", ""モルテン・コア""]",7,9,6,6,6,5,7,,,,,,,,,,,,,v47_torbjorn_db_applied,トールビョーンDB v1統合時に、タレット設置・オーバーロード・モルテン・コアの表記と確認タイミングを再点検。,ザ・ヴァイパーはトールビョーンを長く追う武器ではなく、先に体力を削る武器。スコープは短く、胴撃ちでも命中を優先し、撃った後は遮蔽へ戻る。,コーチ・ガンは前進用より、距離作り・高台再確保・リロード時間の安全確保に使う。使った後に孤立しない位置を選ぶ。,ダイナマイトはトールビョーン本人だけでなく、回復を受ける位置、逃げ道、味方タンクが当たるダイブ経路に使う。単体牽制で毎回使い切らない。,オーバーロード、モルテン・コアを確認してからB.O.Bを出す。,タレット設置後,トールビョーンに対しては「ダイナマイトをどこへ通すか」「コーチ・ガンを逃げに残せるか」「B.O.B前に何を確認するか」を毎回確認する。,"[""トールビョーンのスキル後"", ""敵サポート"", ""低体力のダメージ""]","[""同じ射線でスコープを覗き続けること"", ""B.O.Bを人数差がない正面へ雑に出すこと"", ""ダイナマイトを単体牽制だけに使い、集団や遮蔽裏へ通さないこと""]",トールビョーンだけを撃ち続けない。燃焼を入れたら敵サポートにも照準を移す。,ダイナマイトを盾や防御に吸われる位置へ投げない。角の裏か集団に使う。,タレット設置後に合わせてザ・ヴァイパーを撃ち、無理ならすぐ高台を再確保する。,タンクを燃やした後、回復しているサポートを撃つ。正面火力だけで試合を進めない。,相手の防御・救助・移動スキルを先に数え、ダイナマイトで動かしてからB.O.Bで陣形を割る。,通路と設置物で退路を制限する敵,トールビョーンの得意な通路を通る前に、設置物・範囲圧・逃げ道・味方が見ている射線を順番に処理する。,設置物や範囲圧を無視して本体へ行かず、通路が空いた瞬間だけザ・ヴァイパーとダイナマイトを使う。,範囲内で粘らず、コーチ・ガンで通路を変えてから次の射線を作る。戻る場所を決めてから本体を撃つ。,試合後に「トールビョーンの何を見てから撃ったか」「外した時にどこへ戻ったか」を1回だけ確認する。,アッシュ対トールビョーンは、通路と設置物で退路を制限する敵として読む。最初に見る情報、撃つ瞬間、失敗時の戻り先を分けると、数値評価以上に安定する。,トールビョーンへの説明は「撃つ」「追う」だけで終わらせない。ダイブ確認、倒し切りを狙う条件、撤退先、次の狙いを必ず1文ずつ分け、アッシュのザ・ヴァイパーとダイナマイトとコーチ・ガンの使い道を混同しない。,通路整理,トールビョーンの範囲圧や設置物を整理してから、通路ではなく安全な撃ち場所を作る。,この試合で「トールビョーンの得意な通路を通る前に、設置物・範囲圧・逃げ道・味方が見ている射線を順番に処理する。」を守れたか。守れなかった場合、次は撃つ前に何を1つだけ見るか。,設置物や範囲圧を無視して本体へ行かず、通路が空いた瞬間だけザ・ヴァイパーとダイナマイトを使う。 次に範囲内で粘らず、コーチ・ガンで通路を変えてから次の射線を作る。戻る場所を決めてから本体を撃つ。できていれば成功。,設置物・範囲圧を無視して本体だけを追い、退路を狭められる。,次の試合では通路の危険物を先に処理し、空いた瞬間だけダイナマイトを使う。,トールビョーンの設置物や範囲圧を処理した順番、踏み込んだ通路、戻れた遮蔽を確認する。,次の試合ではトールビョーンを倒すことより、確認、攻撃、退避の順番を崩さない。
Bastion,5,中距離デュエル,バスティオンには中距離の一瞬だけ勝負する。ダイナマイトで遮蔽を動かし、ザ・ヴァイパーで体力差を作ったら同じ位置に居座らない。,高台は強いが、孤立した高台は危険。1〜2発撃ったら遮蔽へ戻り、詰められたらコーチ・ガンで距離を作って再確保する。,"[""砲台モード""]","[""強襲モード"", ""A-36タクティカル・グレネード""]","[""砲台モード""]","[""砲台モード""]",8,9,6,6,5,5,7,,,,,,,,,,,,,,,ザ・ヴァイパーはバスティオンを長く追う武器ではなく、先に体力を削る武器。スコープは短く、胴撃ちでも命中を優先し、撃った後は遮蔽へ戻る。,コーチ・ガンは前進用より、距離作り・高台再確保・リロード時間の安全確保に使う。使った後に孤立しない位置を選ぶ。,ダイナマイトはバスティオン本人だけでなく、回復を受ける位置、逃げ道、味方タンクが当たるダイブ経路に使う。単体牽制で毎回使い切らない。,砲台モードを確認してからB.O.Bを出す。,強襲モード、A-36タクティカル・グレネードの後,バスティオンに対しては「ダイナマイトをどこへ通すか」「コーチ・ガンを逃げに残せるか」「B.O.B前に何を確認するか」を毎回確認する。,"[""バスティオンのスキル後"", ""敵サポート"", ""低体力のダメージ""]","[""同じ射線でスコープを覗き続けること"", ""B.O.Bを人数差がない正面へ雑に出すこと"", ""ダイナマイトを単体牽制だけに使い、集団や遮蔽裏へ通さないこと""]",バスティオンだけを撃ち続けない。燃焼を入れたら敵サポートにも照準を移す。,ダイナマイトを盾や防御に吸われる位置へ投げない。角の裏か集団に使う。,強襲モード、A-36タクティカル・グレネードの後に合わせてザ・ヴァイパーを撃ち、無理ならすぐ高台を再確保する。,タンクを燃やした後、回復しているサポートを撃つ。正面火力だけで試合を進めない。,相手の防御・救助・移動スキルを先に数え、ダイナマイトで動かしてからB.O.Bで陣形を割る。,通路と設置物で退路を制限する敵,バスティオンの得意な通路を通る前に、設置物・範囲圧・逃げ道・味方が見ている射線を順番に処理する。,設置物や範囲圧を無視して本体へ行かず、通路が空いた瞬間だけザ・ヴァイパーとダイナマイトを使う。,範囲内で粘らず、コーチ・ガンで通路を変えてから次の射線を作る。戻る場所を決めてから本体を撃つ。,試合後に「バスティオンの何を見てから撃ったか」「外した時にどこへ戻ったか」を1回だけ確認する。,アッシュ対バスティオンは、通路と設置物で退路を制限する敵として読む。最初に見る情報、撃つ瞬間、失敗時の戻り先を分けると、数値評価以上に安定する。,バスティオンへの説明は「撃つ」「追う」だけで終わらせない。ダイブ確認、倒し切りを狙う条件、撤退先、次の狙いを必ず1文ずつ分け、アッシュのザ・ヴァイパーとダイナマイトとコーチ・ガンの使い道を混同しない。,通路整理,バスティオンの範囲圧や設置物を整理してから、通路ではなく安全な撃ち場所を作る。,この試合で「バスティオンの得意な通路を通る前に、設置物・範囲圧・逃げ道・味方が見ている射線を順番に処理する。」を守れたか。守れなかった場合、次は撃つ前に何を1つだけ見るか。,設置物や範囲圧を無視して本体へ行かず、通路が空いた瞬間だけザ・ヴァイパーとダイナマイトを使う。 次に範囲内で粘らず、コーチ・ガンで通路を変えてから次の射線を作る。戻る場所を決めてから本体を撃つ。できていれば成功。,設置物・範囲圧を無視して本体だけを追い、退路を狭められる。,次の試合では通路の危険物を先に処理し、空いた瞬間だけダイナマイトを使う。,バスティオンの設置物や範囲圧を処理した順番、踏み込んだ通路、戻れた遮蔽を確認する。,次の試合ではバスティオンを倒すことより、確認、攻撃、退避の順番を崩さない。
Mei,6,ラッシュ制御,メイには中距離の一瞬だけ勝負する。ダイナマイトで遮蔽を動かし、ザ・ヴァイパーで体力差を作ったら同じ位置に居座らない。,高台は強いが、孤立した高台は危険。1〜2発撃ったら遮蔽へ戻り、詰められたらコーチ・ガンで距離を作って再確保する。,"[""クリオフリーズ"", ""アイス・ウォール"", ""ブリザード""]","[""アイス・ウォール""]","[""アイス・ウォール"", ""クリオフリーズ""]","[""クリオフリーズ"", ""アイス・ウォール"", ""ブリザード""]",7,10,6,6,10,5,6,,,,,,,,,,,,,,,ザ・ヴァイパーはメイを長く追う武器ではなく、先に体力を削る武器。スコープは短く、胴撃ちでも命中を優先し、撃った後は遮蔽へ戻る。,コーチ・ガンは前進用より、距離作り・高台再確保・リロード時間の安全確保に使う。使った後に孤立しない位置を選ぶ。,ダイナマイトはメイ本人だけでなく、回復を受ける位置、逃げ道、味方タンクが当たるダイブ経路に使う。単体牽制で毎回使い切らない。,クリオフリーズ、アイス・ウォール、ブリザードを確認してからB.O.Bを出す。,アイス・ウォールの後,メイに対しては「ダイナマイトをどこへ通すか」「コーチ・ガンを逃げに残せるか」「B.O.B前に何を確認するか」を毎回確認する。,"[""メイのスキル後"", ""敵サポート"", ""低体力のダメージ""]","[""同じ射線でスコープを覗き続けること"", ""クリオフリーズ、アイス・ウォールを見ずにB.O.Bを正面へ出すこと"", ""ダイナマイトを単体牽制だけに使い、集団や遮蔽裏へ通さないこと""]",メイだけを撃ち続けない。燃焼を入れたら敵サポートにも照準を移す。,ダイナマイトを盾や防御に吸われる位置へ投げない。角の裏か集団に使う。,アイス・ウォールの後に合わせてザ・ヴァイパーを撃ち、無理ならすぐ高台を再確保する。,タンクを燃やした後、回復しているサポートを撃つ。正面火力だけで試合を進めない。,相手の防御・救助・移動スキルを先に数え、ダイナマイトで動かしてからB.O.Bで陣形を割る。,通路と設置物で退路を制限する敵,メイの得意な通路を通る前に、設置物・範囲圧・逃げ道・味方が見ている射線を順番に処理する。,設置物や範囲圧を無視して本体へ行かず、通路が空いた瞬間だけザ・ヴァイパーとダイナマイトを使う。,範囲内で粘らず、コーチ・ガンで通路を変えてから次の射線を作る。戻る場所を決めてから本体を撃つ。,試合後に「メイの何を見てから撃ったか」「外した時にどこへ戻ったか」を1回だけ確認する。,アッシュ対メイは、通路と設置物で退路を制限する敵として読む。最初に見る情報、撃つ瞬間、失敗時の戻り先を分けると、数値評価以上に安定する。,メイへの説明は「撃つ」「追う」だけで終わらせない。ダイブ確認、倒し切りを狙う条件、撤退先、次の狙いを必ず1文ずつ分け、アッシュのザ・ヴァイパーとダイナマイトとコーチ・ガンの使い道を混同しない。,通路整理,メイの範囲圧や設置物を整理してから、通路ではなく安全な撃ち場所を作る。,この試合で「メイの得意な通路を通る前に、設置物・範囲圧・逃げ道・味方が見ている射線を順番に処理する。」を守れたか。守れなかった場合、次は撃つ前に何を1つだけ見るか。,設置物や範囲圧を無視して本体へ行かず、通路が空いた瞬間だけザ・ヴァイパーとダイナマイトを使う。 次に範囲内で粘らず、コーチ・ガンで通路を変えてから次の射線を作る。戻る場所を決めてから本体を撃つ。できていれば成功。,設置物・範囲圧を無視して本体だけを追い、退路を狭められる。,次の試合では通路の危険物を先に処理し、空いた瞬間だけダイナマイトを使う。,メイの設置物や範囲圧を処理した順番、踏み込んだ通路、戻れた遮蔽を確認する。,次の試合ではメイを倒すことより、確認、攻撃、退避の順番を崩さない。
Illari,7,後衛圧力・救助スキル確認,イラリーはアッシュが圧をかけたい対象。ダイナマイトで回復や救助を引き出し、移動・防御スキルの後にザ・ヴァイパーで体力差を確定させる。,高台は強いが、孤立した高台は危険。1〜2発撃ったら遮蔽へ戻り、詰められたらコーチ・ガンで距離を作って再確保する。,"[""ヒーリング・パイロン"", ""アウトバースト"", ""キャプティブ・サン""]","[""アウトバースト""]","[""ヒーリング・パイロン"", ""アウトバースト""]","[""ヒーリング・パイロン"", ""キャプティブ・サン""]",6,8,6,8,6,4,7,,,,,,,,,,,,,,,ザ・ヴァイパーはイラリーを長く追う武器ではなく、先に体力を削る武器。スコープは短く、胴撃ちでも命中を優先し、撃った後は遮蔽へ戻る。,コーチ・ガンは前進用より、距離作り・高台再確保・リロード時間の安全確保に使う。使った後に孤立しない位置を選ぶ。,ダイナマイトはイラリー本人だけでなく、回復を受ける位置、逃げ道、味方タンクが当たるダイブ経路に使う。単体牽制で毎回使い切らない。,ヒーリング・パイロン、キャプティブ・サンを確認してからB.O.Bを出す。,アウトバーストの後,イラリーに対しては「ダイナマイトをどこへ通すか」「コーチ・ガンを逃げに残せるか」「B.O.B前に何を確認するか」を毎回確認する。,"[""イラリー本体"", ""救助スキル使用後のサポート"", ""孤立したダメージ""]","[""同じ射線でスコープを覗き続けること"", ""B.O.Bを人数差がない正面へ雑に出すこと"", ""ダイナマイトを単体牽制だけに使い、集団や遮蔽裏へ通さないこと""]",イラリーを見つけたらタンクだけを撃ち続けない。安全な遮蔽からザ・ヴァイパーで先に体力を削る。,ダイナマイトを開幕で雑に投げない。アウトバーストの後を見てから燃焼を入れる。,救助・移動スキルを使わせた後に、B.O.Bかザ・ヴァイパーで同じ場所へ圧を合わせる。,イラリーを動かした後、同じ射線に残らず別遮蔽から再ピークする。,救助を誘うダイナマイトと、本命のザ・ヴァイパー射線を分けて、相手の守りを二段階で使わせる。,救助・回復スキルでキルタイミングを遅らせるサポート,イラリー本人だけでなく、誰を救助・回復しているかを見て撃破対象を分ける。,イラリーの救助・回復スキルを先に使わせ、直後に守られていない敵へザ・ヴァイパーとダイナマイトを合わせる。,救助を吐かせた後に深追いせず、コーチ・ガンで味方射線へ戻って次のキルを狙うタイミングを待つ。,試合後に「イラリーの何を見てから撃ったか」「外した時にどこへ戻ったか」を1回だけ確認する。,アッシュ対イラリーは、救助・回復スキルでキルタイミングを遅らせるサポートとして読む。最初に見る情報、撃つ瞬間、失敗時の戻り先を分けると、数値評価以上に安定する。,イラリーへの説明は「撃つ」「追う」だけで終わらせない。ダイブ確認、倒し切りを狙う条件、撤退先、次の狙いを必ず1文ずつ分け、アッシュのザ・ヴァイパーとダイナマイトとコーチ・ガンの使い道を混同しない。,救助確認,イラリー本人の撃破より、救助・回復の向きと守られていない敵を見つける。,この試合で「イラリー本人だけでなく、誰を救助・回復しているかを見て撃破対象を分ける。」を守れたか。守れなかった場合、次は撃つ前に何を1つだけ見るか。,イラリーの救助・回復スキルを先に使わせ、直後に守られていない敵へザ・ヴァイパーとダイナマイトを合わせる。 次は救助スキル使用後に深追いせず、コーチ・ガンで味方射線へ戻って次のキルを狙うタイミングを待つ。できていれば成功。,イラリーだけを追い、救助スキルを吐かせた後の本命対象を見失う。,次の試合ではイラリーの救助を確認した直後、守られていない敵へダイナマイトを使う。,イラリーが誰を助けたか、助けた後に誰が孤立したかを確認する。,次の試合ではイラリーを倒すことより、確認、攻撃、退避の順番を崩さない。
Jetpack Cat,8,空中圧力管理,ジェットパック・キャットは空中を追い続けず、低空・着地・サポート射線が切れた瞬間を撃つ。ダイナマイトは着地先や回復を受ける位置へ置き、コーチ・ガンは高台再確保に残す。,高台は強いが、孤立した高台は危険。1〜2発撃ったら遮蔽へ戻り、詰められたらコーチ・ガンで距離を作って再確保する。,"["""", ""ゴロゴロ"", ""ワイルド・フライト""]","[""ワイルド・フライト"", ""キャットナッパー""]","["""", ""ゴロゴロ"", ""ワイルド・フライト""]","["""", ""ゴロゴロ"", ""キャットナッパー""]",8,7,7,10,6,7,8,,,,,,,,,,,,,,,ザ・ヴァイパーはジェットパック・キャットを長く追う武器ではなく、先に体力を削る武器。スコープは短く、胴撃ちでも命中を優先し、撃った後は遮蔽へ戻る。,コーチ・ガンは前進用より、距離作り・高台再確保・リロード時間の安全確保に使う。使った後に孤立しない位置を選ぶ。,ダイナマイトはジェットパック・キャット本人だけでなく、回復を受ける位置、逃げ道、味方タンクが当たるダイブ経路に使う。単体牽制で毎回使い切らない。,ゴロゴロ、キャットナッパーを確認してからB.O.Bを出す。,ワイルド・フライト、キャットナッパーの後,ジェットパック・キャットに対しては「ダイナマイトをどこへ通すか」「コーチ・ガンを逃げに残せるか」「B.O.B前に何を確認するか」を毎回確認する。,"[""ジェットパック・キャット本体"", ""救助スキル使用後のサポート"", ""孤立したダメージ""]","[""同じ射線でスコープを覗き続けること"", ""B.O.Bを人数差がない正面へ雑に出すこと"", ""ダイナマイトを単体牽制だけに使い、集団や遮蔽裏へ通さないこと""]",ジェットパック・キャットをずっと追わない。低空か着地だけ撃ち、外したら地上の敵へ戻す。,ダイナマイトを空中へ無理投げしない。着地先、回復を受ける位置、狭いダイブ経路に使う。,ジェットパック・キャットの高度が落ちるタイミングにザ・ヴァイパーを合わせ、同伴サポートも見る。,高台を先に取り、空中を見た後すぐ地上の射線へ戻る。視線を固定しすぎない。,ジェットパック・キャットを倒す射線と、サポートへの回復線を切る射線を分ける。相手の逃げ先を先に燃やしてから撃つ。,支援線を切ると崩れるサポート,ジェットパック・キャット本人だけでなく、誰を救助・回復しているかを見て撃破対象を分ける。,ジェットパック・キャットの救助・回復スキルを先に使わせ、直後に守られていない敵へザ・ヴァイパーとダイナマイトを合わせる。,救助を吐かせた後に深追いせず、コーチ・ガンで味方射線へ戻って次のキルを狙うタイミングを待つ。,試合後に「ジェットパック・キャットの何を見てから撃ったか」「外した時にどこへ戻ったか」を1回だけ確認する。,アッシュ対ジェットパック・キャットは、支援線を切ると崩れるサポートとして読む。最初に見る情報、撃つ瞬間、失敗時の戻り先を分けると、数値評価以上に安定する。,ジェットパック・キャットへの説明は「撃つ」「追う」だけで終わらせない。ダイブ確認、倒し切りを狙う条件、撤退先、次の狙いを必ず1文ずつ分け、アッシュのザ・ヴァイパーとダイナマイトとコーチ・ガンの使い道を混同しない。,支援線管理,ジェットパック・キャット本人の撃破より、救助・回復の向きと守られていない敵を見つける。,この試合で「ジェットパック・キャット本人だけでなく、誰を救助・回復しているかを見て撃破対象を分ける。」を守れたか。守れなかった場合、次は撃つ前に何を1つだけ見るか。,ジェットパック・キャットの救助・回復スキルを先に使わせ、直後に守られていない敵へザ・ヴァイパーとダイナマイトを合わせる。 次は救助スキル使用後に深追いせず、コーチ・ガンで味方射線へ戻って次のキルを狙うタイミングを待つ。できていれば成功。,ジェットパック・キャットだけを追い、救助スキルを吐かせた後の本命対象を見失う。,次の試合ではジェットパック・キャットの救助を確認した直後、守られていない敵へダイナマイトを使う。,ジェットパック・キャットが誰を助けたか、助けた後に誰が孤立したかを確認する。,次の試合ではジェットパック・キャットを倒すことより、確認、攻撃、退避の順番を崩さない。
Juno,7,後衛圧力・救助スキル確認,ジュノはアッシュが圧をかけたい対象。ダイナマイトで回復や救助を引き出し、移動・防御スキルの後にザ・ヴァイパーで体力差を確定させる。,高台は強いが、孤立した高台は危険。1〜2発撃ったら遮蔽へ戻り、詰められたらコーチ・ガンで距離を作って再確保する。,"[""ハイパーリング"", ""オービタル・レイ"", ""グライド・ブースト""]","[""グライド・ブースト"", ""パルサー・トーピード"", ""ハイパーリング""]","[""ハイパーリング"", ""オービタル・レイ"", ""グライド・ブースト""]","[""ハイパーリング"", ""オービタル・レイ""]",8,10,7,8,6,4,8,,,,,,,,,,,,,,,ザ・ヴァイパーはジュノを長く追う武器ではなく、先に体力を削る武器。スコープは短く、胴撃ちでも命中を優先し、撃った後は遮蔽へ戻る。,コーチ・ガンは前進用より、距離作り・高台再確保・リロード時間の安全確保に使う。使った後に孤立しない位置を選ぶ。,ダイナマイトはジュノ本人だけでなく、回復を受ける位置、逃げ道、味方タンクが当たるダイブ経路に使う。単体牽制で毎回使い切らない。,ハイパーリング、オービタル・レイを確認してからB.O.Bを出す。,グライド・ブースト、パルサー・トーピードの後,ジュノに対しては「ダイナマイトをどこへ通すか」「コーチ・ガンを逃げに残せるか」「B.O.B前に何を確認するか」を毎回確認する。,"[""ジュノ本体"", ""救助スキル使用後のサポート"", ""孤立したダメージ""]","[""同じ射線でスコープを覗き続けること"", ""B.O.Bを人数差がない正面へ雑に出すこと"", ""ダイナマイトを単体牽制だけに使い、集団や遮蔽裏へ通さないこと""]",ジュノを見つけたらタンクだけを撃ち続けない。安全な遮蔽からザ・ヴァイパーで先に体力を削る。,ダイナマイトを開幕で雑に投げない。グライド・ブースト、パルサー・トーピードの後を見てから燃焼を入れる。,救助・移動スキルを使わせた後に、B.O.Bかザ・ヴァイパーで同じ場所へ圧を合わせる。,ジュノを動かした後、同じ射線に残らず別遮蔽から再ピークする。,救助を誘うダイナマイトと、本命のザ・ヴァイパー射線を分けて、相手の守りを二段階で使わせる。,支援線を切ると崩れるサポート,ジュノ本人だけでなく、誰を救助・回復しているかを見て撃破対象を分ける。,ジュノの救助・回復スキルを先に使わせ、直後に守られていない敵へザ・ヴァイパーとダイナマイトを合わせる。,救助を吐かせた後に深追いせず、コーチ・ガンで味方射線へ戻って次のキルを狙うタイミングを待つ。,試合後に「ジュノの何を見てから撃ったか」「外した時にどこへ戻ったか」を1回だけ確認する。,アッシュ対ジュノは、支援線を切ると崩れるサポートとして読む。最初に見る情報、撃つ瞬間、失敗時の戻り先を分けると、数値評価以上に安定する。,ジュノへの説明は「撃つ」「追う」だけで終わらせない。ダイブ確認、倒し切りを狙う条件、撤退先、次の狙いを必ず1文ずつ分け、アッシュのザ・ヴァイパーとダイナマイトとコーチ・ガンの使い道を混同しない。,支援線管理,ジュノ本人の撃破より、救助・回復の向きと守られていない敵を見つける。,この試合で「ジュノ本人だけでなく、誰を救助・回復しているかを見て撃破対象を分ける。」を守れたか。守れなかった場合、次は撃つ前に何を1つだけ見るか。,ジュノの救助・回復スキルを先に使わせ、直後に守られていない敵へザ・ヴァイパーとダイナマイトを合わせる。 次は救助スキル使用後に深追いせず、コーチ・ガンで味方射線へ戻って次のキルを狙うタイミングを待つ。できていれば成功。,ジュノだけを追い、救助スキルを吐かせた後の本命対象を見失う。,次の試合ではジュノの救助を確認した直後、守られていない敵へダイナマイトを使う。,ジュノが誰を助けたか、助けた後に誰が孤立したかを確認する。,次の試合ではジュノを倒すことより、確認、攻撃、退避の順番を崩さない。
Baptiste,7,救助スキル確認,バティストには先にダイナマイトで防御・救助・移動スキルを使わせる。イモータリティ・フィールドが出たら本体より装置を優先し、その後にB.O.Bを使う。,高台は強いが、孤立した高台は危険。1〜2発撃ったら遮蔽へ戻り、詰められたらコーチ・ガンで距離を作って再確保する。,"[""イモータリティ・フィールド"", ""リジェネ・バースト"", """"]","[""""]","[""イモータリティ・フィールド"", ""リジェネ・バースト"", """"]","[""イモータリティ・フィールド""]",7,10,7,8,9,4,7,,,,,,,,,,,,,,,ザ・ヴァイパーはバティストを長く追う武器ではなく、先に体力を削る武器。スコープは短く、胴撃ちでも命中を優先し、撃った後は遮蔽へ戻る。,コーチ・ガンは前進用より、距離作り・高台再確保・リロード時間の安全確保に使う。使った後に孤立しない位置を選ぶ。,ダイナマイトはバティスト本人だけでなく、回復を受ける位置、逃げ道、味方タンクが当たるダイブ経路に使う。単体牽制で毎回使い切らない。,イモータリティ・フィールド、リジェネ・バースト、アンプリフィケーション・マトリックスを確認してからB.O.Bを出す。,イモータリティ・フィールド後、リジェネ・バースト後,バティストに対しては「ダイナマイトをどこへ通すか」「コーチ・ガンを逃げに残せるか」「B.O.B前に何を確認するか」を毎回確認する。,"[""バティスト本体"", ""救助スキル使用後のサポート"", ""孤立したダメージ""]","[""同じ射線でスコープを覗き続けること"", ""イモータリティ・フィールド、リジェネ・バーストを見ずにB.O.Bを正面へ出すこと"", ""ダイナマイトを単体牽制だけに使い、集団や遮蔽裏へ通さないこと""]",バティストを見つけたらタンクだけを撃ち続けない。安全な遮蔽からザ・ヴァイパーで先に体力を削る。,ダイナマイトを開幕で雑に投げない。イモータリティ・フィールド後、リジェネ・バースト後を見てから燃焼を入れる。,救助・移動スキルを使わせた後に、B.O.Bかザ・ヴァイパーで同じ場所へ圧を合わせる。,バティストを動かした後、同じ射線に残らず別遮蔽から再ピークする。,救助を誘うダイナマイトと、本命のザ・ヴァイパー射線を分けて、相手の守りを二段階で使わせる。,救助・回復スキルでキルタイミングを遅らせるサポート,バティスト本人だけでなく、誰を救助・回復しているかを見て撃破対象を分ける。,バティストの救助・回復スキルを先に使わせ、直後に守られていない敵へザ・ヴァイパーとダイナマイトを合わせる。,救助を吐かせた後に深追いせず、コーチ・ガンで味方射線へ戻って次のキルを狙うタイミングを待つ。,試合後に「バティストの何を見てから撃ったか」「外した時にどこへ戻ったか」を1回だけ確認する。,アッシュ対バティストは、救助・回復スキルでキルタイミングを遅らせるサポートとして読む。最初に見る情報、撃つ瞬間、失敗時の戻り先を分けると、数値評価以上に安定する。,バティストへの説明は「撃つ」「追う」だけで終わらせない。ダイブ確認、倒し切りを狙う条件、撤退先、次の狙いを必ず1文ずつ分け、アッシュのザ・ヴァイパーとダイナマイトとコーチ・ガンの使い道を混同しない。,救助確認,バティスト本人の撃破より、救助・回復の向きと守られていない敵を見つける。,この試合で「バティスト本人だけでなく、誰を救助・回復しているかを見て撃破対象を分ける。」を守れたか。守れなかった場合、次は撃つ前に何を1つだけ見るか。,バティストの救助・回復スキルを先に使わせ、直後に守られていない敵へザ・ヴァイパーとダイナマイトを合わせる。 次は救助スキル使用後に深追いせず、コーチ・ガンで味方射線へ戻って次のキルを狙うタイミングを待つ。できていれば成功。,バティストだけを追い、救助スキルを吐かせた後の本命対象を見失う。,次の試合ではバティストの救助を確認した直後、守られていない敵へダイナマイトを使う。,バティストが誰を助けたか、助けた後に誰が孤立したかを確認する。,次の試合ではバティストを倒すことより、確認、攻撃、退避の順番を崩さない。
Mercy,8,サポート狙撃,マーシーはアッシュの優先対象。空中移動の終わりとリザレクトにザ・ヴァイパーを合わせ、ダイナマイトで隠れ先を燃やす。,高台は強いが、孤立した高台は危険。1〜2発撃ったら遮蔽へ戻り、詰められたらコーチ・ガンで距離を作って再確保する。,"[""蘇生"", ""ガーディアン・エンジェル"", ""ヴァルキリー""]","[""ガーディアン・エンジェル""]","[""蘇生"", ""ガーディアン・エンジェル""]","[""蘇生"", ""ガーディアン・エンジェル"", ""ヴァルキリー""]",7,7,7,10,6,5,7,,,,,,,,,,,,,,,ザ・ヴァイパーはマーシーを長く追う武器ではなく、先に体力を削る武器。スコープは短く、胴撃ちでも命中を優先し、撃った後は遮蔽へ戻る。,コーチ・ガンは前進用より、距離作り・高台再確保・リロード時間の安全確保に使う。使った後に孤立しない位置を選ぶ。,ダイナマイトはマーシー本人だけでなく、回復を受ける位置、逃げ道、味方タンクが当たるダイブ経路に使う。単体牽制で毎回使い切らない。,蘇生、ガーディアン・エンジェル、ヴァルキリーを確認してからB.O.Bを出す。,ガーディアン・エンジェル後、またはリザレクト開始時,マーシーに対しては「ダイナマイトをどこへ通すか」「コーチ・ガンを逃げに残せるか」「B.O.B前に何を確認するか」を毎回確認する。,"[""マーシー本体"", ""救助スキル使用後のサポート"", ""孤立したダメージ""]","[""同じ射線でスコープを覗き続けること"", ""B.O.Bを人数差がない正面へ雑に出すこと"", ""ダイナマイトを単体牽制だけに使い、集団や遮蔽裏へ通さないこと""]",マーシーをずっと追わない。低空か着地だけ撃ち、外したら地上の敵へ戻す。,ダイナマイトを空中へ無理投げしない。着地先、回復を受ける位置、狭いダイブ経路に使う。,マーシーの高度が落ちるタイミングにザ・ヴァイパーを合わせ、同伴サポートも見る。,高台を先に取り、空中を見た後すぐ地上の射線へ戻る。視線を固定しすぎない。,マーシーを倒す射線と、サポートへの回復線を切る射線を分ける。相手の逃げ先を先に燃やしてから撃つ。,救助・回復スキルでキルタイミングを遅らせるサポート,マーシー本人だけでなく、誰を救助・回復しているかを見て撃破対象を分ける。,マーシーの救助・回復スキルを先に使わせ、直後に守られていない敵へザ・ヴァイパーとダイナマイトを合わせる。,救助を吐かせた後に深追いせず、コーチ・ガンで味方射線へ戻って次のキルを狙うタイミングを待つ。,試合後に「マーシーの何を見てから撃ったか」「外した時にどこへ戻ったか」を1回だけ確認する。,アッシュ対マーシーは、救助・回復スキルでキルタイミングを遅らせるサポートとして読む。最初に見る情報、撃つ瞬間、失敗時の戻り先を分けると、数値評価以上に安定する。,マーシーへの説明は「撃つ」「追う」だけで終わらせない。ダイブ確認、倒し切りを狙う条件、撤退先、次の狙いを必ず1文ずつ分け、アッシュのザ・ヴァイパーとダイナマイトとコーチ・ガンの使い道を混同しない。,救助確認,マーシー本人の撃破より、救助・回復の向きと守られていない敵を見つける。,この試合で「マーシー本人だけでなく、誰を救助・回復しているかを見て撃破対象を分ける。」を守れたか。守れなかった場合、次は撃つ前に何を1つだけ見るか。,マーシーの救助・回復スキルを先に使わせ、直後に守られていない敵へザ・ヴァイパーとダイナマイトを合わせる。 次は救助スキル使用後に深追いせず、コーチ・ガンで味方射線へ戻って次のキルを狙うタイミングを待つ。できていれば成功。,マーシーだけを追い、救助スキルを吐かせた後の本命対象を見失う。,次の試合ではマーシーの救助を確認した直後、守られていない敵へダイナマイトを使う。,マーシーが誰を助けたか、助けた後に誰が孤立したかを確認する。,次の試合ではマーシーを倒すことより、確認、攻撃、退避の順番を崩さない。
Lifeweaver,8,後衛圧力・救助スキル確認,ライフウィーバーはアッシュが圧をかけたい対象。ダイナマイトで回復や救助を引き出し、移動・防御スキルの後にザ・ヴァイパーで体力差を確定させる。,高台は強いが、孤立した高台は危険。1〜2発撃ったら遮蔽へ戻り、詰められたらコーチ・ガンで距離を作って再確保する。,"[""ライフグリップ"", ""ペタル・プラットフォーム"", ""命の樹""]","[""ペタル・プラットフォーム"", ""若返りの風""]","[""ライフグリップ"", ""ペタル・プラットフォーム"", ""命の樹""]","[""ライフグリップ"", ""ペタル・プラットフォーム"", ""命の樹""]",6,9,6,8,9,4,6,,,,,,,,,,,,,,,ザ・ヴァイパーはライフウィーバーを長く追う武器ではなく、先に体力を削る武器。スコープは短く、胴撃ちでも命中を優先し、撃った後は遮蔽へ戻る。,コーチ・ガンは前進用より、距離作り・高台再確保・リロード時間の安全確保に使う。使った後に孤立しない位置を選ぶ。,ダイナマイトはライフウィーバー本人だけでなく、回復を受ける位置、逃げ道、味方タンクが当たるダイブ経路に使う。単体牽制で毎回使い切らない。,ライフグリップ、ペタル・プラットフォーム、命の樹を確認してからB.O.Bを出す。,ペタル・プラットフォーム、若返りの風の後,ライフウィーバーに対しては「ダイナマイトをどこへ通すか」「コーチ・ガンを逃げに残せるか」「B.O.B前に何を確認するか」を毎回確認する。,"[""ライフウィーバー本体"", ""救助スキル使用後のサポート"", ""孤立したダメージ""]","[""同じ射線でスコープを覗き続けること"", ""ライフグリップ、ペタル・プラットフォームを見ずにB.O.Bを正面へ出すこと"", ""ダイナマイトを単体牽制だけに使い、集団や遮蔽裏へ通さないこと""]",ライフウィーバーを見つけたらタンクだけを撃ち続けない。安全な遮蔽からザ・ヴァイパーで先に体力を削る。,ダイナマイトを開幕で雑に投げない。ペタル・プラットフォーム、若返りの風の後を見てから燃焼を入れる。,救助・移動スキルを使わせた後に、B.O.Bかザ・ヴァイパーで同じ場所へ圧を合わせる。,ライフウィーバーを動かした後、同じ射線に残らず別遮蔽から再ピークする。,救助を誘うダイナマイトと、本命のザ・ヴァイパー射線を分けて、相手の守りを二段階で使わせる。,救助・回復スキルでキルタイミングを遅らせるサポート,ライフウィーバー本人だけでなく、誰を救助・回復しているかを見て撃破対象を分ける。,ライフウィーバーの救助・回復スキルを先に使わせ、直後に守られていない敵へザ・ヴァイパーとダイナマイトを合わせる。,救助を吐かせた後に深追いせず、コーチ・ガンで味方射線へ戻って次のキルを狙うタイミングを待つ。,試合後に「ライフウィーバーの何を見てから撃ったか」「外した時にどこへ戻ったか」を1回だけ確認する。,アッシュ対ライフウィーバーは、救助・回復スキルでキルタイミングを遅らせるサポートとして読む。最初に見る情報、撃つ瞬間、失敗時の戻り先を分けると、数値評価以上に安定する。,ライフウィーバーへの説明は「撃つ」「追う」だけで終わらせない。ダイブ確認、倒し切りを狙う条件、撤退先、次の狙いを必ず1文ずつ分け、アッシュのザ・ヴァイパーとダイナマイトとコーチ・ガンの使い道を混同しない。,救助確認,ライフウィーバー本人の撃破より、救助・回復の向きと守られていない敵を見つける。,この試合で「ライフウィーバー本人だけでなく、誰を救助・回復しているかを見て撃破対象を分ける。」を守れたか。守れなかった場合、次は撃つ前に何を1つだけ見るか。,ライフウィーバーの救助・回復スキルを先に使わせ、直後に守られていない敵へザ・ヴァイパーとダイナマイトを合わせる。 次は救助スキル使用後に深追いせず、コーチ・ガンで味方射線へ戻って次のキルを狙うタイミングを待つ。できていれば成功。,ライフウィーバーだけを追い、救助スキルを吐かせた後の本命対象を見失う。,次の試合ではライフウィーバーの救助を確認した直後、守られていない敵へダイナマイトを使う。,ライフウィーバーが誰を助けたか、助けた後に誰が孤立したかを確認する。,次の試合ではライフウィーバーを倒すことより、確認、攻撃、退避の順番を崩さない。
Kiriko,7,救助スキル確認,キリコには一撃で決めようとせず、鈴のご加護をダイナマイトで引き出す。逃げた後の戻り位置をザ・ヴァイパーで見る。,高台は強いが、孤立した高台は危険。1〜2発撃ったら遮蔽へ戻り、詰められたらコーチ・ガンで距離を作って再確保する。,"[""鈴のご加護"", ""神出鬼没"", ""狐走り""]","[""神出鬼没""]","[""鈴のご加護"", ""神出鬼没""]","[""鈴のご加護"", ""神出鬼没"", ""狐走り""]",8,9,8,8,10,4,7,,,,,,,,,,,,,,,ザ・ヴァイパーはキリコを長く追う武器ではなく、先に体力を削る武器。スコープは短く、胴撃ちでも命中を優先し、撃った後は遮蔽へ戻る。,コーチ・ガンは前進用より、距離作り・高台再確保・リロード時間の安全確保に使う。使った後に孤立しない位置を選ぶ。,ダイナマイトはキリコ本人だけでなく、回復を受ける位置、逃げ道、味方タンクが当たるダイブ経路に使う。単体牽制で毎回使い切らない。,鈴のご加護、神出鬼没、狐走りを確認してからB.O.Bを出す。,鈴のご加護後、神出鬼没で逃げた後の再ピーク,キリコに対しては「ダイナマイトをどこへ通すか」「コーチ・ガンを逃げに残せるか」「B.O.B前に何を確認するか」を毎回確認する。,"[""キリコ本体"", ""救助スキル使用後のサポート"", ""孤立したダメージ""]","[""同じ射線でスコープを覗き続けること"", ""鈴のご加護、神出鬼没を見ずにB.O.Bを正面へ出すこと"", ""ダイナマイトを単体牽制だけに使い、集団や遮蔽裏へ通さないこと""]",キリコを見つけたらタンクだけを撃ち続けない。安全な遮蔽からザ・ヴァイパーで先に体力を削る。,ダイナマイトを開幕で雑に投げない。鈴のご加護後、神出鬼没で逃げた後の再ピークを見てから燃焼を入れる。,救助・移動スキルを使わせた後に、B.O.Bかザ・ヴァイパーで同じ場所へ圧を合わせる。,キリコを動かした後、同じ射線に残らず別遮蔽から再ピークする。,救助を誘うダイナマイトと、本命のザ・ヴァイパー射線を分けて、相手の守りを二段階で使わせる。,救助・回復スキルでキルタイミングを遅らせるサポート,キリコ本人だけでなく、誰を救助・回復しているかを見て撃破対象を分ける。,キリコの救助・回復スキルを先に使わせ、直後に守られていない敵へザ・ヴァイパーとダイナマイトを合わせる。,救助を吐かせた後に深追いせず、コーチ・ガンで味方射線へ戻って次のキルを狙うタイミングを待つ。,試合後に「キリコの何を見てから撃ったか」「外した時にどこへ戻ったか」を1回だけ確認する。,アッシュ対キリコは、救助・回復スキルでキルタイミングを遅らせるサポートとして読む。最初に見る情報、撃つ瞬間、失敗時の戻り先を分けると、数値評価以上に安定する。,キリコへの説明は「撃つ」「追う」だけで終わらせない。ダイブ確認、倒し切りを狙う条件、撤退先、次の狙いを必ず1文ずつ分け、アッシュのザ・ヴァイパーとダイナマイトとコーチ・ガンの使い道を混同しない。,救助確認,キリコ本人の撃破より、救助・回復の向きと守られていない敵を見つける。,この試合で「キリコ本人だけでなく、誰を救助・回復しているかを見て撃破対象を分ける。」を守れたか。守れなかった場合、次は撃つ前に何を1つだけ見るか。,キリコの救助・回復スキルを先に使わせ、直後に守られていない敵へザ・ヴァイパーとダイナマイトを合わせる。 次は救助スキル使用後に深追いせず、コーチ・ガンで味方射線へ戻って次のキルを狙うタイミングを待つ。できていれば成功。,キリコだけを追い、救助スキルを吐かせた後の本命対象を見失う。,次の試合ではキリコの救助を確認した直後、守られていない敵へダイナマイトを使う。,キリコが誰を助けたか、助けた後に誰が孤立したかを確認する。,次の試合ではキリコを倒すことより、確認、攻撃、退避の順番を崩さない。
Brigitte,8,後衛圧力・救助スキル確認,ブリギッテはアッシュが圧をかけたい対象。ダイナマイトで回復や救助を引き出し、移動・防御スキルの後にザ・ヴァイパーで体力差を確定させる。,高台は強いが、孤立した高台は危険。1〜2発撃ったら遮蔽へ戻り、詰められたらコーチ・ガンで距離を作って再確保する。,"[""バリア・シールド"", ""ラリー"", ""リペア・パック""]","[""シールド・バッシュ"", ""ウィップ・ショット""]","[""リペア・パック"", ""ラリー"", ""バリア・シールド""]","[""バリア・シールド"", ""ラリー"", ""リペア・パック""]",5,10,6,8,6,4,7,,,,,,,,,,,,,,,ザ・ヴァイパーはブリギッテを長く追う武器ではなく、先に体力を削る武器。スコープは短く、胴撃ちでも命中を優先し、撃った後は遮蔽へ戻る。,コーチ・ガンは前進用より、距離作り・高台再確保・リロード時間の安全確保に使う。使った後に孤立しない位置を選ぶ。,ダイナマイトはブリギッテ本人だけでなく、回復を受ける位置、逃げ道、味方タンクが当たるダイブ経路に使う。単体牽制で毎回使い切らない。,バリア・シールド、ラリー、リペア・パックを確認してからB.O.Bを出す。,シールド・バッシュ、ウィップ・ショットの後,ブリギッテに対しては「ダイナマイトをどこへ通すか」「コーチ・ガンを逃げに残せるか」「B.O.B前に何を確認するか」を毎回確認する。,"[""ブリギッテ本体"", ""救助スキル使用後のサポート"", ""孤立したダメージ""]","[""同じ射線でスコープを覗き続けること"", ""B.O.Bを人数差がない正面へ雑に出すこと"", ""ダイナマイトを単体牽制だけに使い、集団や遮蔽裏へ通さないこと""]",ブリギッテを見つけたらタンクだけを撃ち続けない。安全な遮蔽からザ・ヴァイパーで先に体力を削る。,ダイナマイトを開幕で雑に投げない。シールド・バッシュ、ウィップ・ショットの後を見てから燃焼を入れる。,救助・移動スキルを使わせた後に、B.O.Bかザ・ヴァイパーで同じ場所へ圧を合わせる。,ブリギッテを動かした後、同じ射線に残らず別遮蔽から再ピークする。,救助を誘うダイナマイトと、本命のザ・ヴァイパー射線を分けて、相手の守りを二段階で使わせる。,救助・回復スキルでキルタイミングを遅らせるサポート,ブリギッテ本人だけでなく、誰を救助・回復しているかを見て撃破対象を分ける。,ブリギッテの救助・回復スキルを先に使わせ、直後に守られていない敵へザ・ヴァイパーとダイナマイトを合わせる。,救助を吐かせた後に深追いせず、コーチ・ガンで味方射線へ戻って次のキルを狙うタイミングを待つ。,試合後に「ブリギッテの何を見てから撃ったか」「外した時にどこへ戻ったか」を1回だけ確認する。,アッシュ対ブリギッテは、救助・回復スキルでキルタイミングを遅らせるサポートとして読む。最初に見る情報、撃つ瞬間、失敗時の戻り先を分けると、数値評価以上に安定する。,ブリギッテへの説明は「撃つ」「追う」だけで終わらせない。ダイブ確認、倒し切りを狙う条件、撤退先、次の狙いを必ず1文ずつ分け、アッシュのザ・ヴァイパーとダイナマイトとコーチ・ガンの使い道を混同しない。,救助確認,ブリギッテ本人の撃破より、救助・回復の向きと守られていない敵を見つける。,この試合で「ブリギッテ本人だけでなく、誰を救助・回復しているかを見て撃破対象を分ける。」を守れたか。守れなかった場合、次は撃つ前に何を1つだけ見るか。,ブリギッテの救助・回復スキルを先に使わせ、直後に守られていない敵へザ・ヴァイパーとダイナマイトを合わせる。 次は救助スキル使用後に深追いせず、コーチ・ガンで味方射線へ戻って次のキルを狙うタイミングを待つ。できていれば成功。,ブリギッテだけを追い、救助スキルを吐かせた後の本命対象を見失う。,次の試合ではブリギッテの救助を確認した直後、守られていない敵へダイナマイトを使う。,ブリギッテが誰を助けたか、助けた後に誰が孤立したかを確認する。,次の試合ではブリギッテを倒すことより、確認、攻撃、退避の順番を崩さない。
Moira,8,後衛圧力・救助スキル確認,モイラはアッシュが圧をかけたい対象。ダイナマイトで回復や救助を引き出し、移動・防御スキルの後にザ・ヴァイパーで体力差を確定させる。,高台は強いが、孤立した高台は危険。1〜2発撃ったら遮蔽へ戻り、詰められたらコーチ・ガンで距離を作って再確保する。,"[""フェード"", ""コアレッセンス""]","[""フェード"", ""バイオティック・オーブ""]","[""フェード""]","[""フェード"", ""コアレッセンス""]",6,10,7,8,5,4,7,,,,,,,,,,,,,,,ザ・ヴァイパーはモイラを長く追う武器ではなく、先に体力を削る武器。スコープは短く、胴撃ちでも命中を優先し、撃った後は遮蔽へ戻る。,コーチ・ガンは前進用より、距離作り・高台再確保・リロード時間の安全確保に使う。使った後に孤立しない位置を選ぶ。,ダイナマイトはモイラ本人だけでなく、回復を受ける位置、逃げ道、味方タンクが当たるダイブ経路に使う。単体牽制で毎回使い切らない。,フェード、コアレッセンスを確認してからB.O.Bを出す。,フェード、バイオティック・オーブの後,モイラに対しては「ダイナマイトをどこへ通すか」「コーチ・ガンを逃げに残せるか」「B.O.B前に何を確認するか」を毎回確認する。,"[""モイラ本体"", ""救助スキル使用後のサポート"", ""孤立したダメージ""]","[""同じ射線でスコープを覗き続けること"", ""B.O.Bを人数差がない正面へ雑に出すこと"", ""ダイナマイトを単体牽制だけに使い、集団や遮蔽裏へ通さないこと""]",モイラを見つけたらタンクだけを撃ち続けない。安全な遮蔽からザ・ヴァイパーで先に体力を削る。,ダイナマイトを開幕で雑に投げない。フェード、バイオティック・オーブの後を見てから燃焼を入れる。,救助・移動スキルを使わせた後に、B.O.Bかザ・ヴァイパーで同じ場所へ圧を合わせる。,モイラを動かした後、同じ射線に残らず別遮蔽から再ピークする。,救助を誘うダイナマイトと、本命のザ・ヴァイパー射線を分けて、相手の守りを二段階で使わせる。,救助・回復スキルでキルタイミングを遅らせるサポート,モイラ本人だけでなく、誰を救助・回復しているかを見て撃破対象を分ける。,モイラの救助・回復スキルを先に使わせ、直後に守られていない敵へザ・ヴァイパーとダイナマイトを合わせる。,救助を吐かせた後に深追いせず、コーチ・ガンで味方射線へ戻って次のキルを狙うタイミングを待つ。,試合後に「モイラの何を見てから撃ったか」「外した時にどこへ戻ったか」を1回だけ確認する。,アッシュ対モイラは、救助・回復スキルでキルタイミングを遅らせるサポートとして読む。最初に見る情報、撃つ瞬間、失敗時の戻り先を分けると、数値評価以上に安定する。,モイラへの説明は「撃つ」「追う」だけで終わらせない。ダイブ確認、倒し切りを狙う条件、撤退先、次の狙いを必ず1文ずつ分け、アッシュのザ・ヴァイパーとダイナマイトとコーチ・ガンの使い道を混同しない。,救助確認,モイラ本人の撃破より、救助・回復の向きと守られていない敵を見つける。,この試合で「モイラ本人だけでなく、誰を救助・回復しているかを見て撃破対象を分ける。」を守れたか。守れなかった場合、次は撃つ前に何を1つだけ見るか。,モイラの救助・回復スキルを先に使わせ、直後に守られていない敵へザ・ヴァイパーとダイナマイトを合わせる。 次は救助スキル使用後に深追いせず、コーチ・ガンで味方射線へ戻って次のキルを狙うタイミングを待つ。できていれば成功。,モイラだけを追い、救助スキルを吐かせた後の本命対象を見失う。,次の試合ではモイラの救助を確認した直後、守られていない敵へダイナマイトを使う。,モイラが誰を助けたか、助けた後に誰が孤立したかを確認する。,次の試合ではモイラを倒すことより、確認、攻撃、退避の順番を崩さない。
Lúcio,7,後衛圧力・救助スキル確認,ルシオはアッシュが圧をかけたい対象。ダイナマイトで回復や救助を引き出し、移動・防御スキルの後にザ・ヴァイパーで体力差を確定させる。,高台は強いが、孤立した高台は危険。1〜2発撃ったら遮蔽へ戻り、詰められたらコーチ・ガンで距離を作って再確保する。,"[""サウンド・バリア"", ""ウォール・ライド""]","[""ウォール・ライド"", ""サウンドウェーブ"", ""アンプ・イット・アップ""]","[""サウンド・バリア"", ""ウォール・ライド""]","[""サウンド・バリア""]",7,10,7,8,9,4,7,,,,,,,,,,,,,,,ザ・ヴァイパーはルシオを長く追う武器ではなく、先に体力を削る武器。スコープは短く、胴撃ちでも命中を優先し、撃った後は遮蔽へ戻る。,コーチ・ガンは前進用より、距離作り・高台再確保・リロード時間の安全確保に使う。使った後に孤立しない位置を選ぶ。,ダイナマイトはルシオ本人だけでなく、回復を受ける位置、逃げ道、味方タンクが当たるダイブ経路に使う。単体牽制で毎回使い切らない。,サウンド・バリアを確認してからB.O.Bを出す。,ウォール・ライド、サウンドウェーブの後,ルシオに対しては「ダイナマイトをどこへ通すか」「コーチ・ガンを逃げに残せるか」「B.O.B前に何を確認するか」を毎回確認する。,"[""ルシオ本体"", ""救助スキル使用後のサポート"", ""孤立したダメージ""]","[""同じ射線でスコープを覗き続けること"", ""サウンド・バリアを見ずにB.O.Bを正面へ出すこと"", ""ダイナマイトを単体牽制だけに使い、集団や遮蔽裏へ通さないこと""]",ルシオを見つけたらタンクだけを撃ち続けない。安全な遮蔽からザ・ヴァイパーで先に体力を削る。,ダイナマイトを開幕で雑に投げない。ウォール・ライド、サウンドウェーブの後を見てから燃焼を入れる。,救助・移動スキルを使わせた後に、B.O.Bかザ・ヴァイパーで同じ場所へ圧を合わせる。,ルシオを動かした後、同じ射線に残らず別遮蔽から再ピークする。,救助を誘うダイナマイトと、本命のザ・ヴァイパー射線を分けて、相手の守りを二段階で使わせる。,支援線を切ると崩れるサポート,ルシオ本人だけでなく、誰を救助・回復しているかを見て撃破対象を分ける。,ルシオの救助・回復スキルを先に使わせ、直後に守られていない敵へザ・ヴァイパーとダイナマイトを合わせる。,救助を吐かせた後に深追いせず、コーチ・ガンで味方射線へ戻って次のキルを狙うタイミングを待つ。,試合後に「ルシオの何を見てから撃ったか」「外した時にどこへ戻ったか」を1回だけ確認する。,アッシュ対ルシオは、支援線を切ると崩れるサポートとして読む。最初に見る情報、撃つ瞬間、失敗時の戻り先を分けると、数値評価以上に安定する。,ルシオへの説明は「撃つ」「追う」だけで終わらせない。ダイブ確認、倒し切りを狙う条件、撤退先、次の狙いを必ず1文ずつ分け、アッシュのザ・ヴァイパーとダイナマイトとコーチ・ガンの使い道を混同しない。,支援線管理,ルシオ本人の撃破より、救助・回復の向きと守られていない敵を見つける。,この試合で「ルシオ本人だけでなく、誰を救助・回復しているかを見て撃破対象を分ける。」を守れたか。守れなかった場合、次は撃つ前に何を1つだけ見るか。,ルシオの救助・回復スキルを先に使わせ、直後に守られていない敵へザ・ヴァイパーとダイナマイトを合わせる。 次は救助スキル使用後に深追いせず、コーチ・ガンで味方射線へ戻って次のキルを狙うタイミングを待つ。できていれば成功。,ルシオだけを追い、救助スキルを吐かせた後の本命対象を見失う。,次の試合ではルシオの救助を確認した直後、守られていない敵へダイナマイトを使う。,ルシオが誰を助けたか、助けた後に誰が孤立したかを確認する。,次の試合ではルシオを倒すことより、確認、攻撃、退避の順番を崩さない。
Ana,8,後衛制圧,アナはアッシュが圧をかけたい相手。スリープ・ダーツが残る間のB.O.Bは雑に出さず、使った後に本命を通す。,高台は強いが、孤立した高台は危険。1〜2発撃ったら遮蔽へ戻り、詰められたらコーチ・ガンで距離を作って再確保する。,"[""スリープ・ダーツ"", ""ナノ・ブースト""]","[""スリープ・ダーツ"", ""バイオティック・グレネード""]","[""スリープ・ダーツ""]","[""スリープ・ダーツ"", ""ナノ・ブースト""]",5,8,5,8,10,4,6,,,,,,,,,,,,,,,ザ・ヴァイパーはアナを長く追う武器ではなく、先に体力を削る武器。スコープは短く、胴撃ちでも命中を優先し、撃った後は遮蔽へ戻る。,コーチ・ガンは前進用より、距離作り・高台再確保・リロード時間の安全確保に使う。使った後に孤立しない位置を選ぶ。,ダイナマイトはアナ本人だけでなく、回復を受ける位置、逃げ道、味方タンクが当たるダイブ経路に使う。単体牽制で毎回使い切らない。,スリープ・ダーツ、ナノ・ブーストを確認してからB.O.Bを出す。,スリープ・ダーツ後、またはバイオティック・グレネードを使った後,アナに対しては「ダイナマイトをどこへ通すか」「コーチ・ガンを逃げに残せるか」「B.O.B前に何を確認するか」を毎回確認する。,"[""アナ本体"", ""救助スキル使用後のサポート"", ""孤立したダメージ""]","[""同じ射線でスコープを覗き続けること"", ""スリープ・ダーツ、ナノ・ブーストを見ずにB.O.Bを正面へ出すこと"", ""ダイナマイトを単体牽制だけに使い、集団や遮蔽裏へ通さないこと""]",アナを見つけたらタンクだけを撃ち続けない。安全な遮蔽からザ・ヴァイパーで先に体力を削る。,ダイナマイトを開幕で雑に投げない。スリープ・ダーツ後、またはバイオティック・グレネードを使った後を見てから燃焼を入れる。,救助・移動スキルを使わせた後に、B.O.Bかザ・ヴァイパーで同じ場所へ圧を合わせる。,アナを動かした後、同じ射線に残らず別遮蔽から再ピークする。,救助を誘うダイナマイトと、本命のザ・ヴァイパー射線を分けて、相手の守りを二段階で使わせる。,救助・回復スキルでキルタイミングを遅らせるサポート,アナ本人だけでなく、誰を救助・回復しているかを見て撃破対象を分ける。,アナの救助・回復スキルを先に使わせ、直後に守られていない敵へザ・ヴァイパーとダイナマイトを合わせる。,救助を吐かせた後に深追いせず、コーチ・ガンで味方射線へ戻って次のキルを狙うタイミングを待つ。,試合後に「アナの何を見てから撃ったか」「外した時にどこへ戻ったか」を1回だけ確認する。,アッシュ対アナは、救助・回復スキルでキルタイミングを遅らせるサポートとして読む。最初に見る情報、撃つ瞬間、失敗時の戻り先を分けると、数値評価以上に安定する。,アナへの説明は「撃つ」「追う」だけで終わらせない。ダイブ確認、倒し切りを狙う条件、撤退先、次の狙いを必ず1文ずつ分け、アッシュのザ・ヴァイパーとダイナマイトとコーチ・ガンの使い道を混同しない。,救助確認,アナ本人の撃破より、救助・回復の向きと守られていない敵を見つける。,この試合で「アナ本人だけでなく、誰を救助・回復しているかを見て撃破対象を分ける。」を守れたか。守れなかった場合、次は撃つ前に何を1つだけ見るか。,アナの救助・回復スキルを先に使わせ、直後に守られていない敵へザ・ヴァイパーとダイナマイトを合わせる。 次は救助スキル使用後に深追いせず、コーチ・ガンで味方射線へ戻って次のキルを狙うタイミングを待つ。できていれば成功。,アナだけを追い、救助スキルを吐かせた後の本命対象を見失う。,次の試合ではアナの救助を確認した直後、守られていない敵へダイナマイトを使う。,アナが誰を助けたか、助けた後に誰が孤立したかを確認する。,次の試合ではアナを倒すことより、確認、攻撃、退避の順番を崩さない。
Wuyang,7,後衛圧力・救助スキル確認,ウーヤンはアッシュが圧をかけたい対象。ダイナマイトで回復や救助を引き出し、移動・防御スキルの後にザ・ヴァイパーで体力差を確定させる。,高台は強いが、孤立した高台は危険。1〜2発撃ったら遮蔽へ戻り、詰められたらコーチ・ガンで距離を作って再確保する。,"[""養神泉"", ""驚濤破"", ""飛流歩""]","[""飛流歩"", ""玄武之杖"", ""驚濤破""]","[""養神泉"", ""驚濤破"", ""飛流歩""]","[""養神泉"", ""驚濤破"", ""守衛波浪""]",6,8,6,8,9,4,6,,,,,,,,,,,,,,,ザ・ヴァイパーはウーヤンを長く追う武器ではなく、先に体力を削る武器。スコープは短く、胴撃ちでも命中を優先し、撃った後は遮蔽へ戻る。,コーチ・ガンは前進用より、距離作り・高台再確保・リロード時間の安全確保に使う。使った後に孤立しない位置を選ぶ。,ダイナマイトはウーヤン本人だけでなく、回復を受ける位置、逃げ道、味方タンクが当たるダイブ経路に使う。単体牽制で毎回使い切らない。,養神泉、驚濤破、守衛波浪を確認してからB.O.Bを出す。,飛流歩、玄武之杖の後,ウーヤンに対しては「ダイナマイトをどこへ通すか」「コーチ・ガンを逃げに残せるか」「B.O.B前に何を確認するか」を毎回確認する。,"[""ウーヤン本体"", ""救助スキル使用後のサポート"", ""孤立したダメージ""]","[""同じ射線でスコープを覗き続けること"", ""養神泉、驚濤破を見ずにB.O.Bを正面へ出すこと"", ""ダイナマイトを単体牽制だけに使い、集団や遮蔽裏へ通さないこと""]",ウーヤンを見つけたらタンクだけを撃ち続けない。安全な遮蔽からザ・ヴァイパーで先に体力を削る。,ダイナマイトを開幕で雑に投げない。飛流歩、玄武之杖の後を見てから燃焼を入れる。,救助・移動スキルを使わせた後に、B.O.Bかザ・ヴァイパーで同じ場所へ圧を合わせる。,ウーヤンを動かした後、同じ射線に残らず別遮蔽から再ピークする。,救助を誘うダイナマイトと、本命のザ・ヴァイパー射線を分けて、相手の守りを二段階で使わせる。,救助・回復スキルでキルタイミングを遅らせるサポート,ウーヤン本人だけでなく、誰を救助・回復しているかを見て撃破対象を分ける。,ウーヤンの救助・回復スキルを先に使わせ、直後に守られていない敵へザ・ヴァイパーとダイナマイトを合わせる。,救助を吐かせた後に深追いせず、コーチ・ガンで味方射線へ戻って次のキルを狙うタイミングを待つ。,試合後に「ウーヤンの何を見てから撃ったか」「外した時にどこへ戻ったか」を1回だけ確認する。,アッシュ対ウーヤンは、救助・回復スキルでキルタイミングを遅らせるサポートとして読む。最初に見る情報、撃つ瞬間、失敗時の戻り先を分けると、数値評価以上に安定する。,ウーヤンへの説明は「撃つ」「追う」だけで終わらせない。ダイブ確認、倒し切りを狙う条件、撤退先、次の狙いを必ず1文ずつ分け、アッシュのザ・ヴァイパーとダイナマイトとコーチ・ガンの使い道を混同しない。,救助確認,ウーヤン本人の撃破より、救助・回復の向きと守られていない敵を見つける。,この試合で「ウーヤン本人だけでなく、誰を救助・回復しているかを見て撃破対象を分ける。」を守れたか。守れなかった場合、次は撃つ前に何を1つだけ見るか。,ウーヤンの救助・回復スキルを先に使わせ、直後に守られていない敵へザ・ヴァイパーとダイナマイトを合わせる。 次は救助スキル使用後に深追いせず、コーチ・ガンで味方射線へ戻って次のキルを狙うタイミングを待つ。できていれば成功。,ウーヤンだけを追い、救助スキルを吐かせた後の本命対象を見失う。,次の試合ではウーヤンの救助を確認した直後、守られていない敵へダイナマイトを使う。,ウーヤンが誰を助けたか、助けた後に誰が孤立したかを確認する。,次の試合ではウーヤンを倒すことより、確認、攻撃、退避の順番を崩さない。
Zenyatta,8,後衛射線制圧,ゼニヤッタは射線が通れば倒しやすいが火力も高い。ダイナマイトで動かし、頭出しは短くしてザ・ヴァイパーを当てる。,高台は強いが、孤立した高台は危険。1〜2発撃ったら遮蔽へ戻り、詰められたらコーチ・ガンで距離を作って再確保する。,"[""心頭滅却"", ""不和のオーブ""]","[""不和のオーブ""]","[""心頭滅却""]","[""心頭滅却"", ""不和のオーブ""]",5,8,6,8,9,4,6,,,,,,,,,,,,,,,ザ・ヴァイパーはゼニヤッタを長く追う武器ではなく、先に体力を削る武器。スコープは短く、胴撃ちでも命中を優先し、撃った後は遮蔽へ戻る。,コーチ・ガンは前進用より、距離作り・高台再確保・リロード時間の安全確保に使う。使った後に孤立しない位置を選ぶ。,ダイナマイトはゼニヤッタ本人だけでなく、回復を受ける位置、逃げ道、味方タンクが当たるダイブ経路に使う。単体牽制で毎回使い切らない。,心頭滅却、不和のオーブを確認してからB.O.Bを出す。,不和のオーブが味方タンクに付いた直後、または心頭滅却を切った後,ゼニヤッタに対しては「ダイナマイトをどこへ通すか」「コーチ・ガンを逃げに残せるか」「B.O.B前に何を確認するか」を毎回確認する。,"[""ゼニヤッタ本体"", ""救助スキル使用後のサポート"", ""孤立したダメージ""]","[""同じ射線でスコープを覗き続けること"", ""心頭滅却、不和のオーブを見ずにB.O.Bを正面へ出すこと"", ""ダイナマイトを単体牽制だけに使い、集団や遮蔽裏へ通さないこと""]",ゼニヤッタを見つけたらタンクだけを撃ち続けない。安全な遮蔽からザ・ヴァイパーで先に体力を削る。,ダイナマイトを開幕で雑に投げない。不和のオーブが味方タンクに付いた直後、または心頭滅却を切った後を見てから燃焼を入れる。,救助・移動スキルを使わせた後に、B.O.Bかザ・ヴァイパーで同じ場所へ圧を合わせる。,ゼニヤッタを動かした後、同じ射線に残らず別遮蔽から再ピークする。,救助を誘うダイナマイトと、本命のザ・ヴァイパー射線を分けて、相手の守りを二段階で使わせる。,支援線を切ると崩れるサポート,ゼニヤッタ本人だけでなく、誰を救助・回復しているかを見て撃破対象を分ける。,ゼニヤッタの救助・回復スキルを先に使わせ、直後に守られていない敵へザ・ヴァイパーとダイナマイトを合わせる。,救助を吐かせた後に深追いせず、コーチ・ガンで味方射線へ戻って次のキルを狙うタイミングを待つ。,試合後に「ゼニヤッタの何を見てから撃ったか」「外した時にどこへ戻ったか」を1回だけ確認する。,アッシュ対ゼニヤッタは、支援線を切ると崩れるサポートとして読む。最初に見る情報、撃つ瞬間、失敗時の戻り先を分けると、数値評価以上に安定する。,ゼニヤッタへの説明は「撃つ」「追う」だけで終わらせない。ダイブ確認、倒し切りを狙う条件、撤退先、次の狙いを必ず1文ずつ分け、アッシュのザ・ヴァイパーとダイナマイトとコーチ・ガンの使い道を混同しない。,支援線管理,ゼニヤッタ本人の撃破より、救助・回復の向きと守られていない敵を見つける。,この試合で「ゼニヤッタ本人だけでなく、誰を救助・回復しているかを見て撃破対象を分ける。」を守れたか。守れなかった場合、次は撃つ前に何を1つだけ見るか。,ゼニヤッタの救助・回復スキルを先に使わせ、直後に守られていない敵へザ・ヴァイパーとダイナマイトを合わせる。 次は救助スキル使用後に深追いせず、コーチ・ガンで味方射線へ戻って次のキルを狙うタイミングを待つ。できていれば成功。,ゼニヤッタだけを追い、救助スキルを吐かせた後の本命対象を見失う。,次の試合ではゼニヤッタの救助を確認した直後、守られていない敵へダイナマイトを使う。,ゼニヤッタが誰を助けたか、助けた後に誰が孤立したかを確認する。,次の試合ではゼニヤッタを倒すことより、確認、攻撃、退避の順番を崩さない。
Mizuki,7,後衛圧力・救助スキル確認,ミズキはアッシュが圧をかけたい対象。ダイナマイトで回復や救助を引き出し、移動・防御スキルの後にザ・ヴァイパーで体力差を確定させる。,高台は強いが、孤立した高台は危険。1〜2発撃ったら遮蔽へ戻り、詰められたらコーチ・ガンで距離を作って再確保する。,"[""霊域結界"", ""快気の笠"", ""形代""]","[""形代"", ""呪縛""]","[""霊域結界"", ""快気の笠"", ""形代""]","[""霊域結界"", ""快気の笠"", ""癒しの波動""]",6,8,6,8,6,4,7,,,,,,,,,,,,,,,ザ・ヴァイパーはミズキを長く追う武器ではなく、先に体力を削る武器。スコープは短く、胴撃ちでも命中を優先し、撃った後は遮蔽へ戻る。,コーチ・ガンは前進用より、距離作り・高台再確保・リロード時間の安全確保に使う。使った後に孤立しない位置を選ぶ。,ダイナマイトはミズキ本人だけでなく、回復を受ける位置、逃げ道、味方タンクが当たるダイブ経路に使う。単体牽制で毎回使い切らない。,霊域結界、快気の笠、癒しの波動を確認してからB.O.Bを出す。,形代、呪縛の後,ミズキに対しては「ダイナマイトをどこへ通すか」「コーチ・ガンを逃げに残せるか」「B.O.B前に何を確認するか」を毎回確認する。,"[""ミズキ本体"", ""救助スキル使用後のサポート"", ""孤立したダメージ""]","[""同じ射線でスコープを覗き続けること"", ""B.O.Bを人数差がない正面へ雑に出すこと"", ""ダイナマイトを単体牽制だけに使い、集団や遮蔽裏へ通さないこと""]",ミズキを見つけたらタンクだけを撃ち続けない。安全な遮蔽からザ・ヴァイパーで先に体力を削る。,ダイナマイトを開幕で雑に投げない。形代、呪縛の後を見てから燃焼を入れる。,救助・移動スキルを使わせた後に、B.O.Bかザ・ヴァイパーで同じ場所へ圧を合わせる。,ミズキを動かした後、同じ射線に残らず別遮蔽から再ピークする。,救助を誘うダイナマイトと、本命のザ・ヴァイパー射線を分けて、相手の守りを二段階で使わせる。,救助・回復スキルでキルタイミングを遅らせるサポート,ミズキ本人だけでなく、誰を救助・回復しているかを見て撃破対象を分ける。,ミズキの救助・回復スキルを先に使わせ、直後に守られていない敵へザ・ヴァイパーとダイナマイトを合わせる。,救助を吐かせた後に深追いせず、コーチ・ガンで味方射線へ戻って次のキルを狙うタイミングを待つ。,試合後に「ミズキの何を見てから撃ったか」「外した時にどこへ戻ったか」を1回だけ確認する。,アッシュ対ミズキは、救助・回復スキルでキルタイミングを遅らせるサポートとして読む。最初に見る情報、撃つ瞬間、失敗時の戻り先を分けると、数値評価以上に安定する。,ミズキへの説明は「撃つ」「追う」だけで終わらせない。ダイブ確認、倒し切りを狙う条件、撤退先、次の狙いを必ず1文ずつ分け、アッシュのザ・ヴァイパーとダイナマイトとコーチ・ガンの使い道を混同しない。,救助確認,ミズキ本人の撃破より、救助・回復の向きと守られていない敵を見つける。,この試合で「ミズキ本人だけでなく、誰を救助・回復しているかを見て撃破対象を分ける。」を守れたか。守れなかった場合、次は撃つ前に何を1つだけ見るか。,ミズキの救助・回復スキルを先に使わせ、直後に守られていない敵へザ・ヴァイパーとダイナマイトを合わせる。 次は救助スキル使用後に深追いせず、コーチ・ガンで味方射線へ戻って次のキルを狙うタイミングを待つ。できていれば成功。,ミズキだけを追い、救助スキルを吐かせた後の本命対象を見失う。,次の試合ではミズキの救助を確認した直後、守られていない敵へダイナマイトを使う。,ミズキが誰を助けたか、助けた後に誰が孤立したかを確認する。,次の試合ではミズキを倒すことより、確認、攻撃、退避の順番を崩さない。
