target_id,enemy_id,depth_score,depth_short_fields,duplication_guardrail_length,pack_p_quality_band,pack_p_review_status,one_line_summary
Soldier76,D.Va,100,,95,B,needs_depth,ソルジャー76対D.Va: Pack Qで入る前・撃つ瞬間・失敗時の深掘りメモを追加。
Soldier76,Winston,100,,97,B,needs_depth,ソルジャー76対ウィンストン: Pack Qで入る前・撃つ瞬間・失敗時の深掘りメモを追加。
Soldier76,Doomfist,100,,99,B,needs_depth,ソルジャー76対ドゥームフィスト: Pack Qで入る前・撃つ瞬間・失敗時の深掘りメモを追加。
Soldier76,Hazard,100,,95,B,needs_depth,ソルジャー76対ハザード: Pack Qで入る前・撃つ瞬間・失敗時の深掘りメモを追加。
Soldier76,Wrecking Ball,100,,100,B,needs_depth,ソルジャー76対レッキング・ボール: Pack Qで入る前・撃つ瞬間・失敗時の深掘りメモを追加。
Soldier76,Zarya,100,,94,B,needs_depth,ソルジャー76対ザリア: Pack Qで入る前・撃つ瞬間・失敗時の深掘りメモを追加。
Soldier76,Junker Queen,100,,101,B,needs_depth,ソルジャー76対ジャンカー・クイーン: Pack Qで入る前・撃つ瞬間・失敗時の深掘りメモを追加。
Soldier76,Domina,100,,94,B,needs_depth,ソルジャー76対ドミナ: Pack Qで入る前・撃つ瞬間・失敗時の深掘りメモを追加。
Soldier76,Mauga,100,,94,B,needs_depth,ソルジャー76対マウガ: Pack Qで入る前・撃つ瞬間・失敗時の深掘りメモを追加。
Soldier76,Ramattra,100,,96,B,needs_depth,ソルジャー76対ラマットラ: Pack Qで入る前・撃つ瞬間・失敗時の深掘りメモを追加。
Soldier76,Roadhog,100,,97,B,needs_depth,ソルジャー76対ロードホッグ: Pack Qで入る前・撃つ瞬間・失敗時の深掘りメモを追加。
Soldier76,Orisa,100,,95,B,needs_depth,ソルジャー76対オリーサ: Pack Qで入る前・撃つ瞬間・失敗時の深掘りメモを追加。
Soldier76,Sigma,100,,94,B,needs_depth,ソルジャー76対シグマ: Pack Qで入る前・撃つ瞬間・失敗時の深掘りメモを追加。
Soldier76,Reinhardt,100,,97,B,needs_depth,ソルジャー76対ラインハルト: Pack Qで入る前・撃つ瞬間・失敗時の深掘りメモを追加。
Soldier76,Ashe,100,,95,B,needs_depth,ソルジャー76対アッシュ: Pack Qで入る前・撃つ瞬間・失敗時の深掘りメモを追加。
Soldier76,Widowmaker,100,,99,B,needs_depth,ソルジャー76対ウィドウメイカー: Pack Qで入る前・撃つ瞬間・失敗時の深掘りメモを追加。
Soldier76,Emre,100,,94,B,needs_depth,ソルジャー76対エムレ: Pack Qで入る前・撃つ瞬間・失敗時の深掘りメモを追加。
Soldier76,Cassidy,100,,96,B,needs_depth,ソルジャー76対キャスディ: Pack Qで入る前・撃つ瞬間・失敗時の深掘りメモを追加。
Soldier76,Sojourn,100,,96,B,needs_depth,ソルジャー76対ソジョーン: Pack Qで入る前・撃つ瞬間・失敗時の深掘りメモを追加。
Soldier76,Soldier: 76,100,,98,B,needs_depth,ソルジャー76対ソルジャー76: Pack Qで入る前・撃つ瞬間・失敗時の深掘りメモを追加。
Soldier76,Hanzo,100,,95,B,needs_depth,ソルジャー76対ハンゾー: Pack Qで入る前・撃つ瞬間・失敗時の深掘りメモを追加。
Soldier76,Freja,100,,95,B,needs_depth,ソルジャー76対フレイヤ: Pack Qで入る前・撃つ瞬間・失敗時の深掘りメモを追加。
Soldier76,Anran,100,,95,B,needs_depth,ソルジャー76対アンラン: Pack Qで入る前・撃つ瞬間・失敗時の深掘りメモを追加。
Soldier76,Genji,100,,94,B,needs_depth,ソルジャー76対ゲンジ: Pack Qで入る前・撃つ瞬間・失敗時の深掘りメモを追加。
Soldier76,Shion,100,,94,B,needs_depth,ソルジャー76対シオン: Pack Qで入る前・撃つ瞬間・失敗時の深掘りメモを追加。
Soldier76,Sombra,100,,95,B,needs_depth,ソルジャー76対ソンブラ: Pack Qで入る前・撃つ瞬間・失敗時の深掘りメモを追加。
Soldier76,Tracer,100,,96,B,needs_depth,ソルジャー76対トレーサー: Pack Qで入る前・撃つ瞬間・失敗時の深掘りメモを追加。
Soldier76,Venture,100,,96,B,needs_depth,ソルジャー76対ベンチャー: Pack Qで入る前・撃つ瞬間・失敗時の深掘りメモを追加。
Soldier76,Reaper,100,,95,B,needs_depth,ソルジャー76対リーパー: Pack Qで入る前・撃つ瞬間・失敗時の深掘りメモを追加。
Soldier76,Vendetta,100,,97,B,needs_depth,ソルジャー76対ヴェンデッタ: Pack Qで入る前・撃つ瞬間・失敗時の深掘りメモを追加。
Soldier76,Echo,100,,94,B,needs_depth,ソルジャー76対エコー: Pack Qで入る前・撃つ瞬間・失敗時の深掘りメモを追加。
Soldier76,Pharah,100,,94,B,needs_depth,ソルジャー76対ファラ: Pack Qで入る前・撃つ瞬間・失敗時の深掘りメモを追加。
Soldier76,Symmetra,100,,96,B,needs_depth,ソルジャー76対シンメトラ: Pack Qで入る前・撃つ瞬間・失敗時の深掘りメモを追加。
Soldier76,Junkrat,100,,98,B,needs_depth,ソルジャー76対ジャンクラット: Pack Qで入る前・撃つ瞬間・失敗時の深掘りメモを追加。
Soldier76,Torbjörn,100,,98,B,needs_depth,ソルジャー76対トールビョーン: Pack Qで入る前・撃つ瞬間・失敗時の深掘りメモを追加。
Soldier76,Bastion,100,,97,B,needs_depth,ソルジャー76対バスティオン: Pack Qで入る前・撃つ瞬間・失敗時の深掘りメモを追加。
Soldier76,Mei,100,,93,B,needs_depth,ソルジャー76対メイ: Pack Qで入る前・撃つ瞬間・失敗時の深掘りメモを追加。
Soldier76,Illari,100,,95,B,needs_depth,ソルジャー76対イラリー: Pack Qで入る前・撃つ瞬間・失敗時の深掘りメモを追加。
Soldier76,Jetpack Cat,100,,103,B,needs_depth,ソルジャー76対ジェットパック・キャット: Pack Qで入る前・撃つ瞬間・失敗時の深掘りメモを追加。
Soldier76,Juno,100,,94,B,needs_depth,ソルジャー76対ジュノ: Pack Qで入る前・撃つ瞬間・失敗時の深掘りメモを追加。
Soldier76,Baptiste,100,,96,B,needs_depth,ソルジャー76対バティスト: Pack Qで入る前・撃つ瞬間・失敗時の深掘りメモを追加。
Soldier76,Mercy,100,,95,B,needs_depth,ソルジャー76対マーシー: Pack Qで入る前・撃つ瞬間・失敗時の深掘りメモを追加。
Soldier76,Lifeweaver,100,,99,B,needs_depth,ソルジャー76対ライフウィーバー: Pack Qで入る前・撃つ瞬間・失敗時の深掘りメモを追加。
Soldier76,Kiriko,100,,94,B,needs_depth,ソルジャー76対キリコ: Pack Qで入る前・撃つ瞬間・失敗時の深掘りメモを追加。
Soldier76,Brigitte,100,,96,B,needs_depth,ソルジャー76対ブリギッテ: Pack Qで入る前・撃つ瞬間・失敗時の深掘りメモを追加。
Soldier76,Moira,100,,94,B,needs_depth,ソルジャー76対モイラ: Pack Qで入る前・撃つ瞬間・失敗時の深掘りメモを追加。
Soldier76,Lúcio,100,,94,B,needs_depth,ソルジャー76対ルシオ: Pack Qで入る前・撃つ瞬間・失敗時の深掘りメモを追加。
Soldier76,Ana,92,first_check,93,B,needs_depth,ソルジャー76対アナ: Pack Qで入る前・撃つ瞬間・失敗時の深掘りメモを追加。
Soldier76,Wuyang,100,,95,B,needs_depth,ソルジャー76対ウーヤン: Pack Qで入る前・撃つ瞬間・失敗時の深掘りメモを追加。
Soldier76,Zenyatta,100,,96,B,needs_depth,ソルジャー76対ゼニヤッタ: Pack Qで入る前・撃つ瞬間・失敗時の深掘りメモを追加。
Soldier76,Mizuki,100,,94,B,needs_depth,ソルジャー76対ミズキ: Pack Qで入る前・撃つ瞬間・失敗時の深掘りメモを追加。
Sojourn,D.Va,100,,98,B,needs_depth,ソジョーン対D.Va: Pack Qで入る前・撃つ瞬間・失敗時の深掘りメモを追加。
Sojourn,Winston,100,,100,B,needs_depth,ソジョーン対ウィンストン: Pack Qで入る前・撃つ瞬間・失敗時の深掘りメモを追加。
Sojourn,Doomfist,100,,102,B,needs_depth,ソジョーン対ドゥームフィスト: Pack Qで入る前・撃つ瞬間・失敗時の深掘りメモを追加。
Sojourn,Hazard,100,,98,B,needs_depth,ソジョーン対ハザード: Pack Qで入る前・撃つ瞬間・失敗時の深掘りメモを追加。
Sojourn,Wrecking Ball,100,,103,B,needs_depth,ソジョーン対レッキング・ボール: Pack Qで入る前・撃つ瞬間・失敗時の深掘りメモを追加。
Sojourn,Zarya,100,,97,B,needs_depth,ソジョーン対ザリア: Pack Qで入る前・撃つ瞬間・失敗時の深掘りメモを追加。
Sojourn,Junker Queen,100,,104,B,needs_depth,ソジョーン対ジャンカー・クイーン: Pack Qで入る前・撃つ瞬間・失敗時の深掘りメモを追加。
Sojourn,Domina,100,,97,B,needs_depth,ソジョーン対ドミナ: Pack Qで入る前・撃つ瞬間・失敗時の深掘りメモを追加。
Sojourn,Mauga,100,,97,B,needs_depth,ソジョーン対マウガ: Pack Qで入る前・撃つ瞬間・失敗時の深掘りメモを追加。
Sojourn,Ramattra,100,,99,B,needs_depth,ソジョーン対ラマットラ: Pack Qで入る前・撃つ瞬間・失敗時の深掘りメモを追加。
Sojourn,Roadhog,100,,100,B,needs_depth,ソジョーン対ロードホッグ: Pack Qで入る前・撃つ瞬間・失敗時の深掘りメモを追加。
Sojourn,Orisa,100,,98,B,needs_depth,ソジョーン対オリーサ: Pack Qで入る前・撃つ瞬間・失敗時の深掘りメモを追加。
Sojourn,Sigma,100,,97,B,needs_depth,ソジョーン対シグマ: Pack Qで入る前・撃つ瞬間・失敗時の深掘りメモを追加。
Sojourn,Reinhardt,100,,100,B,needs_depth,ソジョーン対ラインハルト: Pack Qで入る前・撃つ瞬間・失敗時の深掘りメモを追加。
Sojourn,Ashe,100,,98,B,needs_depth,ソジョーン対アッシュ: Pack Qで入る前・撃つ瞬間・失敗時の深掘りメモを追加。
Sojourn,Widowmaker,100,,102,B,needs_depth,ソジョーン対ウィドウメイカー: Pack Qで入る前・撃つ瞬間・失敗時の深掘りメモを追加。
Sojourn,Emre,100,,97,B,needs_depth,ソジョーン対エムレ: Pack Qで入る前・撃つ瞬間・失敗時の深掘りメモを追加。
Sojourn,Cassidy,100,,99,B,needs_depth,ソジョーン対キャスディ: Pack Qで入る前・撃つ瞬間・失敗時の深掘りメモを追加。
Sojourn,Sojourn,100,,99,B,needs_depth,ソジョーン対ソジョーン: Pack Qで入る前・撃つ瞬間・失敗時の深掘りメモを追加。
Sojourn,Soldier: 76,100,,101,B,needs_depth,ソジョーン対ソルジャー76: Pack Qで入る前・撃つ瞬間・失敗時の深掘りメモを追加。
Sojourn,Hanzo,100,,98,B,needs_depth,ソジョーン対ハンゾー: Pack Qで入る前・撃つ瞬間・失敗時の深掘りメモを追加。
Sojourn,Freja,100,,98,B,needs_depth,ソジョーン対フレイヤ: Pack Qで入る前・撃つ瞬間・失敗時の深掘りメモを追加。
Sojourn,Anran,100,,98,B,needs_depth,ソジョーン対アンラン: Pack Qで入る前・撃つ瞬間・失敗時の深掘りメモを追加。
Sojourn,Genji,100,,97,B,needs_depth,ソジョーン対ゲンジ: Pack Qで入る前・撃つ瞬間・失敗時の深掘りメモを追加。
Sojourn,Shion,100,,97,B,needs_depth,ソジョーン対シオン: Pack Qで入る前・撃つ瞬間・失敗時の深掘りメモを追加。
Sojourn,Sombra,100,,98,B,needs_depth,ソジョーン対ソンブラ: Pack Qで入る前・撃つ瞬間・失敗時の深掘りメモを追加。
Sojourn,Tracer,100,,99,B,needs_depth,ソジョーン対トレーサー: Pack Qで入る前・撃つ瞬間・失敗時の深掘りメモを追加。
Sojourn,Venture,100,,99,B,needs_depth,ソジョーン対ベンチャー: Pack Qで入る前・撃つ瞬間・失敗時の深掘りメモを追加。
Sojourn,Reaper,100,,98,B,needs_depth,ソジョーン対リーパー: Pack Qで入る前・撃つ瞬間・失敗時の深掘りメモを追加。
Sojourn,Vendetta,100,,100,B,needs_depth,ソジョーン対ヴェンデッタ: Pack Qで入る前・撃つ瞬間・失敗時の深掘りメモを追加。
Sojourn,Echo,100,,97,B,needs_depth,ソジョーン対エコー: Pack Qで入る前・撃つ瞬間・失敗時の深掘りメモを追加。
Sojourn,Pharah,100,,97,B,needs_depth,ソジョーン対ファラ: Pack Qで入る前・撃つ瞬間・失敗時の深掘りメモを追加。
Sojourn,Symmetra,100,,99,B,needs_depth,ソジョーン対シンメトラ: Pack Qで入る前・撃つ瞬間・失敗時の深掘りメモを追加。
Sojourn,Junkrat,100,,101,B,needs_depth,ソジョーン対ジャンクラット: Pack Qで入る前・撃つ瞬間・失敗時の深掘りメモを追加。
Sojourn,Torbjörn,100,,101,B,needs_depth,ソジョーン対トールビョーン: Pack Qで入る前・撃つ瞬間・失敗時の深掘りメモを追加。
Sojourn,Bastion,100,,100,B,needs_depth,ソジョーン対バスティオン: Pack Qで入る前・撃つ瞬間・失敗時の深掘りメモを追加。
Sojourn,Mei,100,,96,B,needs_depth,ソジョーン対メイ: Pack Qで入る前・撃つ瞬間・失敗時の深掘りメモを追加。
Sojourn,Illari,100,,98,B,needs_depth,ソジョーン対イラリー: Pack Qで入る前・撃つ瞬間・失敗時の深掘りメモを追加。
Sojourn,Jetpack Cat,100,,106,B,needs_depth,ソジョーン対ジェットパック・キャット: Pack Qで入る前・撃つ瞬間・失敗時の深掘りメモを追加。
Sojourn,Juno,100,,97,B,needs_depth,ソジョーン対ジュノ: Pack Qで入る前・撃つ瞬間・失敗時の深掘りメモを追加。
Sojourn,Baptiste,100,,99,B,needs_depth,ソジョーン対バティスト: Pack Qで入る前・撃つ瞬間・失敗時の深掘りメモを追加。
Sojourn,Mercy,100,,98,B,needs_depth,ソジョーン対マーシー: Pack Qで入る前・撃つ瞬間・失敗時の深掘りメモを追加。
Sojourn,Lifeweaver,100,,102,B,needs_depth,ソジョーン対ライフウィーバー: Pack Qで入る前・撃つ瞬間・失敗時の深掘りメモを追加。
Sojourn,Kiriko,100,,97,B,needs_depth,ソジョーン対キリコ: Pack Qで入る前・撃つ瞬間・失敗時の深掘りメモを追加。
Sojourn,Brigitte,100,,99,B,needs_depth,ソジョーン対ブリギッテ: Pack Qで入る前・撃つ瞬間・失敗時の深掘りメモを追加。
Sojourn,Moira,100,,97,B,needs_depth,ソジョーン対モイラ: Pack Qで入る前・撃つ瞬間・失敗時の深掘りメモを追加。
Sojourn,Lúcio,100,,97,B,needs_depth,ソジョーン対ルシオ: Pack Qで入る前・撃つ瞬間・失敗時の深掘りメモを追加。
Sojourn,Ana,92,first_check,96,B,needs_depth,ソジョーン対アナ: Pack Qで入る前・撃つ瞬間・失敗時の深掘りメモを追加。
Sojourn,Wuyang,100,,98,B,needs_depth,ソジョーン対ウーヤン: Pack Qで入る前・撃つ瞬間・失敗時の深掘りメモを追加。
Sojourn,Zenyatta,100,,99,B,needs_depth,ソジョーン対ゼニヤッタ: Pack Qで入る前・撃つ瞬間・失敗時の深掘りメモを追加。
Sojourn,Mizuki,100,,97,B,needs_depth,ソジョーン対ミズキ: Pack Qで入る前・撃つ瞬間・失敗時の深掘りメモを追加。
Cassidy,D.Va,100,,96,B,needs_depth,キャスディ対D.Va: Pack Qで入る前・撃つ瞬間・失敗時の深掘りメモを追加。
Cassidy,Winston,100,,98,B,needs_depth,キャスディ対ウィンストン: Pack Qで入る前・撃つ瞬間・失敗時の深掘りメモを追加。
Cassidy,Doomfist,100,,100,B,needs_depth,キャスディ対ドゥームフィスト: Pack Qで入る前・撃つ瞬間・失敗時の深掘りメモを追加。
Cassidy,Hazard,100,,96,B,needs_depth,キャスディ対ハザード: Pack Qで入る前・撃つ瞬間・失敗時の深掘りメモを追加。
Cassidy,Wrecking Ball,100,,101,B,needs_depth,キャスディ対レッキング・ボール: Pack Qで入る前・撃つ瞬間・失敗時の深掘りメモを追加。
Cassidy,Zarya,100,,95,B,needs_depth,キャスディ対ザリア: Pack Qで入る前・撃つ瞬間・失敗時の深掘りメモを追加。
Cassidy,Junker Queen,100,,102,B,needs_depth,キャスディ対ジャンカー・クイーン: Pack Qで入る前・撃つ瞬間・失敗時の深掘りメモを追加。
Cassidy,Domina,100,,95,B,needs_depth,キャスディ対ドミナ: Pack Qで入る前・撃つ瞬間・失敗時の深掘りメモを追加。
Cassidy,Mauga,100,,95,B,needs_depth,キャスディ対マウガ: Pack Qで入る前・撃つ瞬間・失敗時の深掘りメモを追加。
Cassidy,Ramattra,100,,97,B,needs_depth,キャスディ対ラマットラ: Pack Qで入る前・撃つ瞬間・失敗時の深掘りメモを追加。
Cassidy,Roadhog,100,,98,B,needs_depth,キャスディ対ロードホッグ: Pack Qで入る前・撃つ瞬間・失敗時の深掘りメモを追加。
Cassidy,Orisa,100,,96,B,needs_depth,キャスディ対オリーサ: Pack Qで入る前・撃つ瞬間・失敗時の深掘りメモを追加。
Cassidy,Sigma,100,,95,B,needs_depth,キャスディ対シグマ: Pack Qで入る前・撃つ瞬間・失敗時の深掘りメモを追加。
Cassidy,Reinhardt,100,,98,B,needs_depth,キャスディ対ラインハルト: Pack Qで入る前・撃つ瞬間・失敗時の深掘りメモを追加。
Cassidy,Ashe,100,,96,B,needs_depth,キャスディ対アッシュ: Pack Qで入る前・撃つ瞬間・失敗時の深掘りメモを追加。
Cassidy,Widowmaker,100,,100,B,needs_depth,キャスディ対ウィドウメイカー: Pack Qで入る前・撃つ瞬間・失敗時の深掘りメモを追加。
Cassidy,Emre,100,,95,B,needs_depth,キャスディ対エムレ: Pack Qで入る前・撃つ瞬間・失敗時の深掘りメモを追加。
Cassidy,Cassidy,100,,97,B,needs_depth,キャスディ対キャスディ: Pack Qで入る前・撃つ瞬間・失敗時の深掘りメモを追加。
Cassidy,Sojourn,100,,97,B,needs_depth,キャスディ対ソジョーン: Pack Qで入る前・撃つ瞬間・失敗時の深掘りメモを追加。
Cassidy,Soldier: 76,100,,99,B,needs_depth,キャスディ対ソルジャー76: Pack Qで入る前・撃つ瞬間・失敗時の深掘りメモを追加。
Cassidy,Hanzo,100,,96,B,needs_depth,キャスディ対ハンゾー: Pack Qで入る前・撃つ瞬間・失敗時の深掘りメモを追加。
Cassidy,Freja,100,,96,B,needs_depth,キャスディ対フレイヤ: Pack Qで入る前・撃つ瞬間・失敗時の深掘りメモを追加。
Cassidy,Anran,100,,96,B,needs_depth,キャスディ対アンラン: Pack Qで入る前・撃つ瞬間・失敗時の深掘りメモを追加。
Cassidy,Genji,100,,95,B,needs_depth,キャスディ対ゲンジ: Pack Qで入る前・撃つ瞬間・失敗時の深掘りメモを追加。
Cassidy,Shion,100,,95,B,needs_depth,キャスディ対シオン: Pack Qで入る前・撃つ瞬間・失敗時の深掘りメモを追加。
Cassidy,Sombra,100,,96,B,needs_depth,キャスディ対ソンブラ: Pack Qで入る前・撃つ瞬間・失敗時の深掘りメモを追加。
Cassidy,Tracer,100,,97,B,needs_depth,キャスディ対トレーサー: Pack Qで入る前・撃つ瞬間・失敗時の深掘りメモを追加。
Cassidy,Venture,100,,97,B,needs_depth,キャスディ対ベンチャー: Pack Qで入る前・撃つ瞬間・失敗時の深掘りメモを追加。
Cassidy,Reaper,100,,96,B,needs_depth,キャスディ対リーパー: Pack Qで入る前・撃つ瞬間・失敗時の深掘りメモを追加。
Cassidy,Vendetta,100,,98,B,needs_depth,キャスディ対ヴェンデッタ: Pack Qで入る前・撃つ瞬間・失敗時の深掘りメモを追加。
Cassidy,Echo,100,,95,B,needs_depth,キャスディ対エコー: Pack Qで入る前・撃つ瞬間・失敗時の深掘りメモを追加。
Cassidy,Pharah,100,,95,B,needs_depth,キャスディ対ファラ: Pack Qで入る前・撃つ瞬間・失敗時の深掘りメモを追加。
Cassidy,Symmetra,100,,97,B,needs_depth,キャスディ対シンメトラ: Pack Qで入る前・撃つ瞬間・失敗時の深掘りメモを追加。
Cassidy,Junkrat,100,,99,B,needs_depth,キャスディ対ジャンクラット: Pack Qで入る前・撃つ瞬間・失敗時の深掘りメモを追加。
Cassidy,Torbjörn,100,,99,B,needs_depth,キャスディ対トールビョーン: Pack Qで入る前・撃つ瞬間・失敗時の深掘りメモを追加。
Cassidy,Bastion,100,,98,B,needs_depth,キャスディ対バスティオン: Pack Qで入る前・撃つ瞬間・失敗時の深掘りメモを追加。
Cassidy,Mei,100,,94,B,needs_depth,キャスディ対メイ: Pack Qで入る前・撃つ瞬間・失敗時の深掘りメモを追加。
Cassidy,Illari,100,,96,B,needs_depth,キャスディ対イラリー: Pack Qで入る前・撃つ瞬間・失敗時の深掘りメモを追加。
Cassidy,Jetpack Cat,100,,104,B,needs_depth,キャスディ対ジェットパック・キャット: Pack Qで入る前・撃つ瞬間・失敗時の深掘りメモを追加。
Cassidy,Juno,100,,95,B,needs_depth,キャスディ対ジュノ: Pack Qで入る前・撃つ瞬間・失敗時の深掘りメモを追加。
Cassidy,Baptiste,100,,97,B,needs_depth,キャスディ対バティスト: Pack Qで入る前・撃つ瞬間・失敗時の深掘りメモを追加。
Cassidy,Mercy,100,,96,B,needs_depth,キャスディ対マーシー: Pack Qで入る前・撃つ瞬間・失敗時の深掘りメモを追加。
Cassidy,Lifeweaver,100,,100,B,needs_depth,キャスディ対ライフウィーバー: Pack Qで入る前・撃つ瞬間・失敗時の深掘りメモを追加。
Cassidy,Kiriko,100,,95,B,needs_depth,キャスディ対キリコ: Pack Qで入る前・撃つ瞬間・失敗時の深掘りメモを追加。
Cassidy,Brigitte,100,,97,B,needs_depth,キャスディ対ブリギッテ: Pack Qで入る前・撃つ瞬間・失敗時の深掘りメモを追加。
Cassidy,Moira,100,,95,B,needs_depth,キャスディ対モイラ: Pack Qで入る前・撃つ瞬間・失敗時の深掘りメモを追加。
Cassidy,Lúcio,100,,95,B,needs_depth,キャスディ対ルシオ: Pack Qで入る前・撃つ瞬間・失敗時の深掘りメモを追加。
Cassidy,Ana,92,first_check,94,B,needs_depth,キャスディ対アナ: Pack Qで入る前・撃つ瞬間・失敗時の深掘りメモを追加。
Cassidy,Wuyang,100,,96,B,needs_depth,キャスディ対ウーヤン: Pack Qで入る前・撃つ瞬間・失敗時の深掘りメモを追加。
Cassidy,Zenyatta,100,,97,B,needs_depth,キャスディ対ゼニヤッタ: Pack Qで入る前・撃つ瞬間・失敗時の深掘りメモを追加。
Cassidy,Mizuki,100,,95,B,needs_depth,キャスディ対ミズキ: Pack Qで入る前・撃つ瞬間・失敗時の深掘りメモを追加。
Ashe,D.Va,100,,91,B,needs_depth,アッシュ対D.Va: Pack Qで入る前・撃つ瞬間・失敗時の深掘りメモを追加。
Ashe,Winston,100,,93,B,needs_depth,アッシュ対ウィンストン: Pack Qで入る前・撃つ瞬間・失敗時の深掘りメモを追加。
Ashe,Doomfist,100,,95,B,needs_depth,アッシュ対ドゥームフィスト: Pack Qで入る前・撃つ瞬間・失敗時の深掘りメモを追加。
Ashe,Hazard,100,,91,B,needs_depth,アッシュ対ハザード: Pack Qで入る前・撃つ瞬間・失敗時の深掘りメモを追加。
Ashe,Wrecking Ball,100,,96,B,needs_depth,アッシュ対レッキング・ボール: Pack Qで入る前・撃つ瞬間・失敗時の深掘りメモを追加。
Ashe,Zarya,100,,90,B,needs_depth,アッシュ対ザリア: Pack Qで入る前・撃つ瞬間・失敗時の深掘りメモを追加。
Ashe,Junker Queen,100,,97,B,needs_depth,アッシュ対ジャンカー・クイーン: Pack Qで入る前・撃つ瞬間・失敗時の深掘りメモを追加。
Ashe,Domina,100,,90,B,needs_depth,アッシュ対ドミナ: Pack Qで入る前・撃つ瞬間・失敗時の深掘りメモを追加。
Ashe,Mauga,100,,90,B,needs_depth,アッシュ対マウガ: Pack Qで入る前・撃つ瞬間・失敗時の深掘りメモを追加。
Ashe,Ramattra,100,,92,B,needs_depth,アッシュ対ラマットラ: Pack Qで入る前・撃つ瞬間・失敗時の深掘りメモを追加。
Ashe,Roadhog,100,,93,B,needs_depth,アッシュ対ロードホッグ: Pack Qで入る前・撃つ瞬間・失敗時の深掘りメモを追加。
Ashe,Orisa,100,,91,B,needs_depth,アッシュ対オリーサ: Pack Qで入る前・撃つ瞬間・失敗時の深掘りメモを追加。
Ashe,Sigma,100,,90,B,needs_depth,アッシュ対シグマ: Pack Qで入る前・撃つ瞬間・失敗時の深掘りメモを追加。
Ashe,Reinhardt,100,,93,B,needs_depth,アッシュ対ラインハルト: Pack Qで入る前・撃つ瞬間・失敗時の深掘りメモを追加。
Ashe,Ashe,100,,91,B,needs_depth,アッシュ対アッシュ: Pack Qで入る前・撃つ瞬間・失敗時の深掘りメモを追加。
Ashe,Widowmaker,100,,95,B,needs_depth,アッシュ対ウィドウメイカー: Pack Qで入る前・撃つ瞬間・失敗時の深掘りメモを追加。
Ashe,Emre,100,,90,B,needs_depth,アッシュ対エムレ: Pack Qで入る前・撃つ瞬間・失敗時の深掘りメモを追加。
Ashe,Cassidy,100,,92,B,needs_depth,アッシュ対キャスディ: Pack Qで入る前・撃つ瞬間・失敗時の深掘りメモを追加。
Ashe,Sojourn,100,,92,B,needs_depth,アッシュ対ソジョーン: Pack Qで入る前・撃つ瞬間・失敗時の深掘りメモを追加。
Ashe,Soldier: 76,100,,94,B,needs_depth,アッシュ対ソルジャー76: Pack Qで入る前・撃つ瞬間・失敗時の深掘りメモを追加。
Ashe,Hanzo,100,,91,B,needs_depth,アッシュ対ハンゾー: Pack Qで入る前・撃つ瞬間・失敗時の深掘りメモを追加。
Ashe,Freja,100,,91,B,needs_depth,アッシュ対フレイヤ: Pack Qで入る前・撃つ瞬間・失敗時の深掘りメモを追加。
Ashe,Anran,100,,91,B,needs_depth,アッシュ対アンラン: Pack Qで入る前・撃つ瞬間・失敗時の深掘りメモを追加。
Ashe,Genji,100,,90,B,needs_depth,アッシュ対ゲンジ: Pack Qで入る前・撃つ瞬間・失敗時の深掘りメモを追加。
Ashe,Shion,100,,90,B,needs_depth,アッシュ対シオン: Pack Qで入る前・撃つ瞬間・失敗時の深掘りメモを追加。
Ashe,Sombra,100,,91,B,needs_depth,アッシュ対ソンブラ: Pack Qで入る前・撃つ瞬間・失敗時の深掘りメモを追加。
Ashe,Tracer,100,,92,B,needs_depth,アッシュ対トレーサー: Pack Qで入る前・撃つ瞬間・失敗時の深掘りメモを追加。
Ashe,Venture,100,,92,B,needs_depth,アッシュ対ベンチャー: Pack Qで入る前・撃つ瞬間・失敗時の深掘りメモを追加。
Ashe,Reaper,100,,91,B,needs_depth,アッシュ対リーパー: Pack Qで入る前・撃つ瞬間・失敗時の深掘りメモを追加。
Ashe,Vendetta,100,,93,B,needs_depth,アッシュ対ヴェンデッタ: Pack Qで入る前・撃つ瞬間・失敗時の深掘りメモを追加。
Ashe,Echo,100,,90,B,needs_depth,アッシュ対エコー: Pack Qで入る前・撃つ瞬間・失敗時の深掘りメモを追加。
Ashe,Pharah,100,,90,B,needs_depth,アッシュ対ファラ: Pack Qで入る前・撃つ瞬間・失敗時の深掘りメモを追加。
Ashe,Symmetra,100,,92,B,needs_depth,アッシュ対シンメトラ: Pack Qで入る前・撃つ瞬間・失敗時の深掘りメモを追加。
Ashe,Junkrat,100,,94,B,needs_depth,アッシュ対ジャンクラット: Pack Qで入る前・撃つ瞬間・失敗時の深掘りメモを追加。
Ashe,Torbjörn,100,,94,B,needs_depth,アッシュ対トールビョーン: Pack Qで入る前・撃つ瞬間・失敗時の深掘りメモを追加。
Ashe,Bastion,100,,93,B,needs_depth,アッシュ対バスティオン: Pack Qで入る前・撃つ瞬間・失敗時の深掘りメモを追加。
Ashe,Mei,100,,89,B,needs_depth,アッシュ対メイ: Pack Qで入る前・撃つ瞬間・失敗時の深掘りメモを追加。
Ashe,Illari,100,,91,B,needs_depth,アッシュ対イラリー: Pack Qで入る前・撃つ瞬間・失敗時の深掘りメモを追加。
Ashe,Jetpack Cat,100,,99,B,needs_depth,アッシュ対ジェットパック・キャット: Pack Qで入る前・撃つ瞬間・失敗時の深掘りメモを追加。
Ashe,Juno,100,,90,B,needs_depth,アッシュ対ジュノ: Pack Qで入る前・撃つ瞬間・失敗時の深掘りメモを追加。
Ashe,Baptiste,100,,92,B,needs_depth,アッシュ対バティスト: Pack Qで入る前・撃つ瞬間・失敗時の深掘りメモを追加。
Ashe,Mercy,100,,91,B,needs_depth,アッシュ対マーシー: Pack Qで入る前・撃つ瞬間・失敗時の深掘りメモを追加。
Ashe,Lifeweaver,100,,95,B,needs_depth,アッシュ対ライフウィーバー: Pack Qで入る前・撃つ瞬間・失敗時の深掘りメモを追加。
Ashe,Kiriko,100,,90,B,needs_depth,アッシュ対キリコ: Pack Qで入る前・撃つ瞬間・失敗時の深掘りメモを追加。
Ashe,Brigitte,100,,92,B,needs_depth,アッシュ対ブリギッテ: Pack Qで入る前・撃つ瞬間・失敗時の深掘りメモを追加。
Ashe,Moira,100,,90,B,needs_depth,アッシュ対モイラ: Pack Qで入る前・撃つ瞬間・失敗時の深掘りメモを追加。
Ashe,Lúcio,100,,90,B,needs_depth,アッシュ対ルシオ: Pack Qで入る前・撃つ瞬間・失敗時の深掘りメモを追加。
Ashe,Ana,92,first_check,89,B,needs_depth,アッシュ対アナ: Pack Qで入る前・撃つ瞬間・失敗時の深掘りメモを追加。
Ashe,Wuyang,100,,91,B,needs_depth,アッシュ対ウーヤン: Pack Qで入る前・撃つ瞬間・失敗時の深掘りメモを追加。
Ashe,Zenyatta,100,,92,B,needs_depth,アッシュ対ゼニヤッタ: Pack Qで入る前・撃つ瞬間・失敗時の深掘りメモを追加。
Ashe,Mizuki,100,,90,B,needs_depth,アッシュ対ミズキ: Pack Qで入る前・撃つ瞬間・失敗時の深掘りメモを追加。
Reaper,D.Va,100,,92,B,needs_depth,リーパー対D.Va: Pack Qで入る前・撃つ瞬間・失敗時の深掘りメモを追加。
Reaper,Winston,100,,94,B,needs_depth,リーパー対ウィンストン: Pack Qで入る前・撃つ瞬間・失敗時の深掘りメモを追加。
Reaper,Doomfist,100,,96,B,needs_depth,リーパー対ドゥームフィスト: Pack Qで入る前・撃つ瞬間・失敗時の深掘りメモを追加。
Reaper,Hazard,100,,92,B,needs_depth,リーパー対ハザード: Pack Qで入る前・撃つ瞬間・失敗時の深掘りメモを追加。
Reaper,Wrecking Ball,100,,97,B,needs_depth,リーパー対レッキング・ボール: Pack Qで入る前・撃つ瞬間・失敗時の深掘りメモを追加。
Reaper,Zarya,100,,91,B,needs_depth,リーパー対ザリア: Pack Qで入る前・撃つ瞬間・失敗時の深掘りメモを追加。
Reaper,Junker Queen,100,,98,B,needs_depth,リーパー対ジャンカー・クイーン: Pack Qで入る前・撃つ瞬間・失敗時の深掘りメモを追加。
Reaper,Domina,100,,91,B,needs_depth,リーパー対ドミナ: Pack Qで入る前・撃つ瞬間・失敗時の深掘りメモを追加。
Reaper,Mauga,100,,91,B,needs_depth,リーパー対マウガ: Pack Qで入る前・撃つ瞬間・失敗時の深掘りメモを追加。
Reaper,Ramattra,100,,93,B,needs_depth,リーパー対ラマットラ: Pack Qで入る前・撃つ瞬間・失敗時の深掘りメモを追加。
Reaper,Roadhog,100,,94,B,needs_depth,リーパー対ロードホッグ: Pack Qで入る前・撃つ瞬間・失敗時の深掘りメモを追加。
Reaper,Orisa,100,,92,B,needs_depth,リーパー対オリーサ: Pack Qで入る前・撃つ瞬間・失敗時の深掘りメモを追加。
Reaper,Sigma,100,,91,B,needs_depth,リーパー対シグマ: Pack Qで入る前・撃つ瞬間・失敗時の深掘りメモを追加。
Reaper,Reinhardt,100,,94,B,needs_depth,リーパー対ラインハルト: Pack Qで入る前・撃つ瞬間・失敗時の深掘りメモを追加。
Reaper,Ashe,100,,92,B,needs_depth,リーパー対アッシュ: Pack Qで入る前・撃つ瞬間・失敗時の深掘りメモを追加。
Reaper,Widowmaker,100,,96,B,needs_depth,リーパー対ウィドウメイカー: Pack Qで入る前・撃つ瞬間・失敗時の深掘りメモを追加。
Reaper,Emre,100,,91,B,needs_depth,リーパー対エムレ: Pack Qで入る前・撃つ瞬間・失敗時の深掘りメモを追加。
Reaper,Cassidy,100,,93,B,needs_depth,リーパー対キャスディ: Pack Qで入る前・撃つ瞬間・失敗時の深掘りメモを追加。
Reaper,Sojourn,100,,93,B,needs_depth,リーパー対ソジョーン: Pack Qで入る前・撃つ瞬間・失敗時の深掘りメモを追加。
Reaper,Soldier: 76,100,,95,B,needs_depth,リーパー対ソルジャー76: Pack Qで入る前・撃つ瞬間・失敗時の深掘りメモを追加。
Reaper,Hanzo,100,,92,B,needs_depth,リーパー対ハンゾー: Pack Qで入る前・撃つ瞬間・失敗時の深掘りメモを追加。
Reaper,Freja,100,,92,B,needs_depth,リーパー対フレイヤ: Pack Qで入る前・撃つ瞬間・失敗時の深掘りメモを追加。
Reaper,Anran,100,,92,B,needs_depth,リーパー対アンラン: Pack Qで入る前・撃つ瞬間・失敗時の深掘りメモを追加。
Reaper,Genji,100,,91,B,needs_depth,リーパー対ゲンジ: Pack Qで入る前・撃つ瞬間・失敗時の深掘りメモを追加。
Reaper,Shion,100,,91,B,needs_depth,リーパー対シオン: Pack Qで入る前・撃つ瞬間・失敗時の深掘りメモを追加。
Reaper,Sombra,100,,92,B,needs_depth,リーパー対ソンブラ: Pack Qで入る前・撃つ瞬間・失敗時の深掘りメモを追加。
Reaper,Tracer,100,,93,B,needs_depth,リーパー対トレーサー: Pack Qで入る前・撃つ瞬間・失敗時の深掘りメモを追加。
Reaper,Venture,100,,93,B,needs_depth,リーパー対ベンチャー: Pack Qで入る前・撃つ瞬間・失敗時の深掘りメモを追加。
Reaper,Reaper,100,,92,B,needs_depth,リーパー対リーパー: Pack Qで入る前・撃つ瞬間・失敗時の深掘りメモを追加。
Reaper,Vendetta,100,,94,B,needs_depth,リーパー対ヴェンデッタ: Pack Qで入る前・撃つ瞬間・失敗時の深掘りメモを追加。
Reaper,Echo,100,,91,B,needs_depth,リーパー対エコー: Pack Qで入る前・撃つ瞬間・失敗時の深掘りメモを追加。
Reaper,Pharah,100,,91,B,needs_depth,リーパー対ファラ: Pack Qで入る前・撃つ瞬間・失敗時の深掘りメモを追加。
Reaper,Symmetra,100,,93,B,needs_depth,リーパー対シンメトラ: Pack Qで入る前・撃つ瞬間・失敗時の深掘りメモを追加。
Reaper,Junkrat,100,,95,B,needs_depth,リーパー対ジャンクラット: Pack Qで入る前・撃つ瞬間・失敗時の深掘りメモを追加。
Reaper,Torbjörn,100,,95,B,needs_depth,リーパー対トールビョーン: Pack Qで入る前・撃つ瞬間・失敗時の深掘りメモを追加。
Reaper,Bastion,100,,94,B,needs_depth,リーパー対バスティオン: Pack Qで入る前・撃つ瞬間・失敗時の深掘りメモを追加。
Reaper,Mei,100,,90,B,needs_depth,リーパー対メイ: Pack Qで入る前・撃つ瞬間・失敗時の深掘りメモを追加。
Reaper,Illari,100,,92,B,needs_depth,リーパー対イラリー: Pack Qで入る前・撃つ瞬間・失敗時の深掘りメモを追加。
Reaper,Jetpack Cat,100,,100,B,needs_depth,リーパー対ジェットパック・キャット: Pack Qで入る前・撃つ瞬間・失敗時の深掘りメモを追加。
Reaper,Juno,100,,91,B,needs_depth,リーパー対ジュノ: Pack Qで入る前・撃つ瞬間・失敗時の深掘りメモを追加。
Reaper,Baptiste,100,,93,B,needs_depth,リーパー対バティスト: Pack Qで入る前・撃つ瞬間・失敗時の深掘りメモを追加。
Reaper,Mercy,100,,92,B,needs_depth,リーパー対マーシー: Pack Qで入る前・撃つ瞬間・失敗時の深掘りメモを追加。
Reaper,Lifeweaver,100,,96,B,needs_depth,リーパー対ライフウィーバー: Pack Qで入る前・撃つ瞬間・失敗時の深掘りメモを追加。
Reaper,Kiriko,100,,91,B,needs_depth,リーパー対キリコ: Pack Qで入る前・撃つ瞬間・失敗時の深掘りメモを追加。
Reaper,Brigitte,100,,93,B,needs_depth,リーパー対ブリギッテ: Pack Qで入る前・撃つ瞬間・失敗時の深掘りメモを追加。
Reaper,Moira,100,,91,B,needs_depth,リーパー対モイラ: Pack Qで入る前・撃つ瞬間・失敗時の深掘りメモを追加。
Reaper,Lúcio,100,,91,B,needs_depth,リーパー対ルシオ: Pack Qで入る前・撃つ瞬間・失敗時の深掘りメモを追加。
Reaper,Ana,92,first_check,90,B,needs_depth,リーパー対アナ: Pack Qで入る前・撃つ瞬間・失敗時の深掘りメモを追加。
Reaper,Wuyang,100,,92,B,needs_depth,リーパー対ウーヤン: Pack Qで入る前・撃つ瞬間・失敗時の深掘りメモを追加。
Reaper,Zenyatta,100,,93,B,needs_depth,リーパー対ゼニヤッタ: Pack Qで入る前・撃つ瞬間・失敗時の深掘りメモを追加。
Reaper,Mizuki,100,,91,B,needs_depth,リーパー対ミズキ: Pack Qで入る前・撃つ瞬間・失敗時の深掘りメモを追加。
Symmetra,D.Va,100,,101,B,needs_depth,シンメトラ対D.Va: Pack Qで入る前・撃つ瞬間・失敗時の深掘りメモを追加。
Symmetra,Winston,100,,103,B,needs_depth,シンメトラ対ウィンストン: Pack Qで入る前・撃つ瞬間・失敗時の深掘りメモを追加。
Symmetra,Doomfist,100,,105,B,needs_depth,シンメトラ対ドゥームフィスト: Pack Qで入る前・撃つ瞬間・失敗時の深掘りメモを追加。
Symmetra,Hazard,100,,101,B,needs_depth,シンメトラ対ハザード: Pack Qで入る前・撃つ瞬間・失敗時の深掘りメモを追加。
Symmetra,Wrecking Ball,100,,106,B,needs_depth,シンメトラ対レッキング・ボール: Pack Qで入る前・撃つ瞬間・失敗時の深掘りメモを追加。
Symmetra,Zarya,100,,100,B,needs_depth,シンメトラ対ザリア: Pack Qで入る前・撃つ瞬間・失敗時の深掘りメモを追加。
Symmetra,Junker Queen,100,,107,B,needs_depth,シンメトラ対ジャンカー・クイーン: Pack Qで入る前・撃つ瞬間・失敗時の深掘りメモを追加。
Symmetra,Domina,100,,100,B,needs_depth,シンメトラ対ドミナ: Pack Qで入る前・撃つ瞬間・失敗時の深掘りメモを追加。
Symmetra,Mauga,100,,100,B,needs_depth,シンメトラ対マウガ: Pack Qで入る前・撃つ瞬間・失敗時の深掘りメモを追加。
Symmetra,Ramattra,100,,102,B,needs_depth,シンメトラ対ラマットラ: Pack Qで入る前・撃つ瞬間・失敗時の深掘りメモを追加。
Symmetra,Roadhog,100,,103,B,needs_depth,シンメトラ対ロードホッグ: Pack Qで入る前・撃つ瞬間・失敗時の深掘りメモを追加。
Symmetra,Orisa,100,,101,B,needs_depth,シンメトラ対オリーサ: Pack Qで入る前・撃つ瞬間・失敗時の深掘りメモを追加。
Symmetra,Sigma,100,,100,B,needs_depth,シンメトラ対シグマ: Pack Qで入る前・撃つ瞬間・失敗時の深掘りメモを追加。
Symmetra,Reinhardt,100,,103,B,needs_depth,シンメトラ対ラインハルト: Pack Qで入る前・撃つ瞬間・失敗時の深掘りメモを追加。
Symmetra,Ashe,100,,101,B,needs_depth,シンメトラ対アッシュ: Pack Qで入る前・撃つ瞬間・失敗時の深掘りメモを追加。
Symmetra,Widowmaker,100,,105,B,needs_depth,シンメトラ対ウィドウメイカー: Pack Qで入る前・撃つ瞬間・失敗時の深掘りメモを追加。
Symmetra,Emre,100,,100,B,needs_depth,シンメトラ対エムレ: Pack Qで入る前・撃つ瞬間・失敗時の深掘りメモを追加。
Symmetra,Cassidy,100,,102,B,needs_depth,シンメトラ対キャスディ: Pack Qで入る前・撃つ瞬間・失敗時の深掘りメモを追加。
Symmetra,Sojourn,100,,102,B,needs_depth,シンメトラ対ソジョーン: Pack Qで入る前・撃つ瞬間・失敗時の深掘りメモを追加。
Symmetra,Soldier: 76,100,,104,B,needs_depth,シンメトラ対ソルジャー76: Pack Qで入る前・撃つ瞬間・失敗時の深掘りメモを追加。
Symmetra,Hanzo,100,,101,B,needs_depth,シンメトラ対ハンゾー: Pack Qで入る前・撃つ瞬間・失敗時の深掘りメモを追加。
Symmetra,Freja,100,,101,B,needs_depth,シンメトラ対フレイヤ: Pack Qで入る前・撃つ瞬間・失敗時の深掘りメモを追加。
Symmetra,Anran,100,,101,B,needs_depth,シンメトラ対アンラン: Pack Qで入る前・撃つ瞬間・失敗時の深掘りメモを追加。
Symmetra,Genji,100,,100,B,needs_depth,シンメトラ対ゲンジ: Pack Qで入る前・撃つ瞬間・失敗時の深掘りメモを追加。
Symmetra,Shion,100,,100,B,needs_depth,シンメトラ対シオン: Pack Qで入る前・撃つ瞬間・失敗時の深掘りメモを追加。
Symmetra,Sombra,100,,101,B,needs_depth,シンメトラ対ソンブラ: Pack Qで入る前・撃つ瞬間・失敗時の深掘りメモを追加。
Symmetra,Tracer,100,,102,B,needs_depth,シンメトラ対トレーサー: Pack Qで入る前・撃つ瞬間・失敗時の深掘りメモを追加。
Symmetra,Venture,100,,102,B,needs_depth,シンメトラ対ベンチャー: Pack Qで入る前・撃つ瞬間・失敗時の深掘りメモを追加。
Symmetra,Reaper,100,,101,B,needs_depth,シンメトラ対リーパー: Pack Qで入る前・撃つ瞬間・失敗時の深掘りメモを追加。
Symmetra,Vendetta,100,,103,B,needs_depth,シンメトラ対ヴェンデッタ: Pack Qで入る前・撃つ瞬間・失敗時の深掘りメモを追加。
Symmetra,Echo,100,,100,B,needs_depth,シンメトラ対エコー: Pack Qで入る前・撃つ瞬間・失敗時の深掘りメモを追加。
Symmetra,Pharah,100,,100,B,needs_depth,シンメトラ対ファラ: Pack Qで入る前・撃つ瞬間・失敗時の深掘りメモを追加。
Symmetra,Symmetra,100,,102,B,needs_depth,シンメトラ対シンメトラ: Pack Qで入る前・撃つ瞬間・失敗時の深掘りメモを追加。
Symmetra,Junkrat,100,,104,B,needs_depth,シンメトラ対ジャンクラット: Pack Qで入る前・撃つ瞬間・失敗時の深掘りメモを追加。
Symmetra,Torbjörn,100,,104,B,needs_depth,シンメトラ対トールビョーン: Pack Qで入る前・撃つ瞬間・失敗時の深掘りメモを追加。
Symmetra,Bastion,100,,103,B,needs_depth,シンメトラ対バスティオン: Pack Qで入る前・撃つ瞬間・失敗時の深掘りメモを追加。
Symmetra,Mei,100,,99,B,needs_depth,シンメトラ対メイ: Pack Qで入る前・撃つ瞬間・失敗時の深掘りメモを追加。
Symmetra,Illari,100,,101,B,needs_depth,シンメトラ対イラリー: Pack Qで入る前・撃つ瞬間・失敗時の深掘りメモを追加。
Symmetra,Jetpack Cat,100,,109,B,needs_depth,シンメトラ対ジェットパック・キャット: Pack Qで入る前・撃つ瞬間・失敗時の深掘りメモを追加。
Symmetra,Juno,100,,100,B,needs_depth,シンメトラ対ジュノ: Pack Qで入る前・撃つ瞬間・失敗時の深掘りメモを追加。
Symmetra,Baptiste,100,,102,B,needs_depth,シンメトラ対バティスト: Pack Qで入る前・撃つ瞬間・失敗時の深掘りメモを追加。
Symmetra,Mercy,100,,101,B,needs_depth,シンメトラ対マーシー: Pack Qで入る前・撃つ瞬間・失敗時の深掘りメモを追加。
Symmetra,Lifeweaver,100,,105,B,needs_depth,シンメトラ対ライフウィーバー: Pack Qで入る前・撃つ瞬間・失敗時の深掘りメモを追加。
Symmetra,Kiriko,100,,100,B,needs_depth,シンメトラ対キリコ: Pack Qで入る前・撃つ瞬間・失敗時の深掘りメモを追加。
Symmetra,Brigitte,100,,102,B,needs_depth,シンメトラ対ブリギッテ: Pack Qで入る前・撃つ瞬間・失敗時の深掘りメモを追加。
Symmetra,Moira,100,,100,B,needs_depth,シンメトラ対モイラ: Pack Qで入る前・撃つ瞬間・失敗時の深掘りメモを追加。
Symmetra,Lúcio,100,,100,B,needs_depth,シンメトラ対ルシオ: Pack Qで入る前・撃つ瞬間・失敗時の深掘りメモを追加。
Symmetra,Ana,92,first_check,99,B,needs_depth,シンメトラ対アナ: Pack Qで入る前・撃つ瞬間・失敗時の深掘りメモを追加。
Symmetra,Wuyang,100,,101,B,needs_depth,シンメトラ対ウーヤン: Pack Qで入る前・撃つ瞬間・失敗時の深掘りメモを追加。
Symmetra,Zenyatta,100,,102,B,needs_depth,シンメトラ対ゼニヤッタ: Pack Qで入る前・撃つ瞬間・失敗時の深掘りメモを追加。
Symmetra,Mizuki,100,,100,B,needs_depth,シンメトラ対ミズキ: Pack Qで入る前・撃つ瞬間・失敗時の深掘りメモを追加。
Hanzo,D.Va,100,,85,B,needs_depth,ハンゾー対D.Va: Pack Qで入る前・撃つ瞬間・失敗時の深掘りメモを追加。
Hanzo,Winston,100,,87,B,needs_depth,ハンゾー対ウィンストン: Pack Qで入る前・撃つ瞬間・失敗時の深掘りメモを追加。
Hanzo,Doomfist,100,,89,B,needs_depth,ハンゾー対ドゥームフィスト: Pack Qで入る前・撃つ瞬間・失敗時の深掘りメモを追加。
Hanzo,Hazard,100,,85,B,needs_depth,ハンゾー対ハザード: Pack Qで入る前・撃つ瞬間・失敗時の深掘りメモを追加。
Hanzo,Wrecking Ball,100,,90,B,needs_depth,ハンゾー対レッキング・ボール: Pack Qで入る前・撃つ瞬間・失敗時の深掘りメモを追加。
Hanzo,Zarya,100,,84,B,needs_depth,ハンゾー対ザリア: Pack Qで入る前・撃つ瞬間・失敗時の深掘りメモを追加。
Hanzo,Junker Queen,100,,91,B,needs_depth,ハンゾー対ジャンカー・クイーン: Pack Qで入る前・撃つ瞬間・失敗時の深掘りメモを追加。
Hanzo,Domina,100,,84,B,needs_depth,ハンゾー対ドミナ: Pack Qで入る前・撃つ瞬間・失敗時の深掘りメモを追加。
Hanzo,Mauga,100,,84,B,needs_depth,ハンゾー対マウガ: Pack Qで入る前・撃つ瞬間・失敗時の深掘りメモを追加。
Hanzo,Ramattra,100,,86,B,needs_depth,ハンゾー対ラマットラ: Pack Qで入る前・撃つ瞬間・失敗時の深掘りメモを追加。
Hanzo,Roadhog,100,,87,B,needs_depth,ハンゾー対ロードホッグ: Pack Qで入る前・撃つ瞬間・失敗時の深掘りメモを追加。
Hanzo,Orisa,100,,85,B,needs_depth,ハンゾー対オリーサ: Pack Qで入る前・撃つ瞬間・失敗時の深掘りメモを追加。
Hanzo,Sigma,100,,84,B,needs_depth,ハンゾー対シグマ: Pack Qで入る前・撃つ瞬間・失敗時の深掘りメモを追加。
Hanzo,Reinhardt,100,,87,B,needs_depth,ハンゾー対ラインハルト: Pack Qで入る前・撃つ瞬間・失敗時の深掘りメモを追加。
Hanzo,Ashe,100,,85,B,needs_depth,ハンゾー対アッシュ: Pack Qで入る前・撃つ瞬間・失敗時の深掘りメモを追加。
Hanzo,Widowmaker,100,,89,B,needs_depth,ハンゾー対ウィドウメイカー: Pack Qで入る前・撃つ瞬間・失敗時の深掘りメモを追加。
Hanzo,Emre,100,,84,B,needs_depth,ハンゾー対エムレ: Pack Qで入る前・撃つ瞬間・失敗時の深掘りメモを追加。
Hanzo,Cassidy,100,,86,B,needs_depth,ハンゾー対キャスディ: Pack Qで入る前・撃つ瞬間・失敗時の深掘りメモを追加。
Hanzo,Sojourn,100,,86,B,needs_depth,ハンゾー対ソジョーン: Pack Qで入る前・撃つ瞬間・失敗時の深掘りメモを追加。
Hanzo,Soldier: 76,100,,88,B,needs_depth,ハンゾー対ソルジャー76: Pack Qで入る前・撃つ瞬間・失敗時の深掘りメモを追加。
Hanzo,Hanzo,100,,85,B,needs_depth,ハンゾー対ハンゾー: Pack Qで入る前・撃つ瞬間・失敗時の深掘りメモを追加。
Hanzo,Freja,100,,85,B,needs_depth,ハンゾー対フレイヤ: Pack Qで入る前・撃つ瞬間・失敗時の深掘りメモを追加。
Hanzo,Anran,100,,85,B,needs_depth,ハンゾー対アンラン: Pack Qで入る前・撃つ瞬間・失敗時の深掘りメモを追加。
Hanzo,Genji,100,,84,B,needs_depth,ハンゾー対ゲンジ: Pack Qで入る前・撃つ瞬間・失敗時の深掘りメモを追加。
Hanzo,Shion,100,,84,B,needs_depth,ハンゾー対シオン: Pack Qで入る前・撃つ瞬間・失敗時の深掘りメモを追加。
Hanzo,Sombra,100,,85,B,needs_depth,ハンゾー対ソンブラ: Pack Qで入る前・撃つ瞬間・失敗時の深掘りメモを追加。
Hanzo,Tracer,100,,86,B,needs_depth,ハンゾー対トレーサー: Pack Qで入る前・撃つ瞬間・失敗時の深掘りメモを追加。
Hanzo,Venture,100,,86,B,needs_depth,ハンゾー対ベンチャー: Pack Qで入る前・撃つ瞬間・失敗時の深掘りメモを追加。
Hanzo,Reaper,100,,85,B,needs_depth,ハンゾー対リーパー: Pack Qで入る前・撃つ瞬間・失敗時の深掘りメモを追加。
Hanzo,Vendetta,100,,87,B,needs_depth,ハンゾー対ヴェンデッタ: Pack Qで入る前・撃つ瞬間・失敗時の深掘りメモを追加。
Hanzo,Echo,100,,84,B,needs_depth,ハンゾー対エコー: Pack Qで入る前・撃つ瞬間・失敗時の深掘りメモを追加。
Hanzo,Pharah,100,,84,B,needs_depth,ハンゾー対ファラ: Pack Qで入る前・撃つ瞬間・失敗時の深掘りメモを追加。
Hanzo,Symmetra,100,,86,B,needs_depth,ハンゾー対シンメトラ: Pack Qで入る前・撃つ瞬間・失敗時の深掘りメモを追加。
Hanzo,Junkrat,100,,88,B,needs_depth,ハンゾー対ジャンクラット: Pack Qで入る前・撃つ瞬間・失敗時の深掘りメモを追加。
Hanzo,Torbjörn,100,,88,B,needs_depth,ハンゾー対トールビョーン: Pack Qで入る前・撃つ瞬間・失敗時の深掘りメモを追加。
Hanzo,Bastion,100,,87,B,needs_depth,ハンゾー対バスティオン: Pack Qで入る前・撃つ瞬間・失敗時の深掘りメモを追加。
Hanzo,Mei,100,,83,B,needs_depth,ハンゾー対メイ: Pack Qで入る前・撃つ瞬間・失敗時の深掘りメモを追加。
Hanzo,Illari,100,,85,B,needs_depth,ハンゾー対イラリー: Pack Qで入る前・撃つ瞬間・失敗時の深掘りメモを追加。
Hanzo,Jetpack Cat,100,,93,B,needs_depth,ハンゾー対ジェットパック・キャット: Pack Qで入る前・撃つ瞬間・失敗時の深掘りメモを追加。
Hanzo,Juno,100,,84,B,needs_depth,ハンゾー対ジュノ: Pack Qで入る前・撃つ瞬間・失敗時の深掘りメモを追加。
Hanzo,Baptiste,100,,86,B,needs_depth,ハンゾー対バティスト: Pack Qで入る前・撃つ瞬間・失敗時の深掘りメモを追加。
Hanzo,Mercy,100,,85,B,needs_depth,ハンゾー対マーシー: Pack Qで入る前・撃つ瞬間・失敗時の深掘りメモを追加。
Hanzo,Lifeweaver,100,,89,B,needs_depth,ハンゾー対ライフウィーバー: Pack Qで入る前・撃つ瞬間・失敗時の深掘りメモを追加。
Hanzo,Kiriko,100,,84,B,needs_depth,ハンゾー対キリコ: Pack Qで入る前・撃つ瞬間・失敗時の深掘りメモを追加。
Hanzo,Brigitte,100,,86,B,needs_depth,ハンゾー対ブリギッテ: Pack Qで入る前・撃つ瞬間・失敗時の深掘りメモを追加。
Hanzo,Moira,100,,84,B,needs_depth,ハンゾー対モイラ: Pack Qで入る前・撃つ瞬間・失敗時の深掘りメモを追加。
Hanzo,Lúcio,100,,84,B,needs_depth,ハンゾー対ルシオ: Pack Qで入る前・撃つ瞬間・失敗時の深掘りメモを追加。
Hanzo,Ana,92,first_check,83,B,needs_depth,ハンゾー対アナ: Pack Qで入る前・撃つ瞬間・失敗時の深掘りメモを追加。
Hanzo,Wuyang,100,,85,B,needs_depth,ハンゾー対ウーヤン: Pack Qで入る前・撃つ瞬間・失敗時の深掘りメモを追加。
Hanzo,Zenyatta,100,,86,B,needs_depth,ハンゾー対ゼニヤッタ: Pack Qで入る前・撃つ瞬間・失敗時の深掘りメモを追加。
Hanzo,Mizuki,100,,84,B,needs_depth,ハンゾー対ミズキ: Pack Qで入る前・撃つ瞬間・失敗時の深掘りメモを追加。
Torbjorn,D.Va,100,,93,B,needs_depth,トールビョーン対D.Va: Pack Qで入る前・撃つ瞬間・失敗時の深掘りメモを追加。
Torbjorn,Winston,100,,95,B,needs_depth,トールビョーン対ウィンストン: Pack Qで入る前・撃つ瞬間・失敗時の深掘りメモを追加。
Torbjorn,Doomfist,100,,97,B,needs_depth,トールビョーン対ドゥームフィスト: Pack Qで入る前・撃つ瞬間・失敗時の深掘りメモを追加。
Torbjorn,Hazard,100,,93,B,needs_depth,トールビョーン対ハザード: Pack Qで入る前・撃つ瞬間・失敗時の深掘りメモを追加。
Torbjorn,Wrecking Ball,100,,98,B,needs_depth,トールビョーン対レッキング・ボール: Pack Qで入る前・撃つ瞬間・失敗時の深掘りメモを追加。
Torbjorn,Zarya,100,,92,B,needs_depth,トールビョーン対ザリア: Pack Qで入る前・撃つ瞬間・失敗時の深掘りメモを追加。
Torbjorn,Junker Queen,100,,99,B,needs_depth,トールビョーン対ジャンカー・クイーン: Pack Qで入る前・撃つ瞬間・失敗時の深掘りメモを追加。
Torbjorn,Domina,100,,92,B,needs_depth,トールビョーン対ドミナ: Pack Qで入る前・撃つ瞬間・失敗時の深掘りメモを追加。
Torbjorn,Mauga,100,,92,B,needs_depth,トールビョーン対マウガ: Pack Qで入る前・撃つ瞬間・失敗時の深掘りメモを追加。
Torbjorn,Ramattra,100,,94,B,needs_depth,トールビョーン対ラマットラ: Pack Qで入る前・撃つ瞬間・失敗時の深掘りメモを追加。
Torbjorn,Roadhog,100,,95,B,needs_depth,トールビョーン対ロードホッグ: Pack Qで入る前・撃つ瞬間・失敗時の深掘りメモを追加。
Torbjorn,Orisa,100,,93,B,needs_depth,トールビョーン対オリーサ: Pack Qで入る前・撃つ瞬間・失敗時の深掘りメモを追加。
Torbjorn,Sigma,100,,92,B,needs_depth,トールビョーン対シグマ: Pack Qで入る前・撃つ瞬間・失敗時の深掘りメモを追加。
Torbjorn,Reinhardt,100,,95,B,needs_depth,トールビョーン対ラインハルト: Pack Qで入る前・撃つ瞬間・失敗時の深掘りメモを追加。
Torbjorn,Ashe,100,,93,B,needs_depth,トールビョーン対アッシュ: Pack Qで入る前・撃つ瞬間・失敗時の深掘りメモを追加。
Torbjorn,Widowmaker,100,,97,B,needs_depth,トールビョーン対ウィドウメイカー: Pack Qで入る前・撃つ瞬間・失敗時の深掘りメモを追加。
Torbjorn,Emre,100,,92,B,needs_depth,トールビョーン対エムレ: Pack Qで入る前・撃つ瞬間・失敗時の深掘りメモを追加。
Torbjorn,Cassidy,100,,94,B,needs_depth,トールビョーン対キャスディ: Pack Qで入る前・撃つ瞬間・失敗時の深掘りメモを追加。
Torbjorn,Sojourn,100,,94,B,needs_depth,トールビョーン対ソジョーン: Pack Qで入る前・撃つ瞬間・失敗時の深掘りメモを追加。
Torbjorn,Soldier: 76,100,,96,B,needs_depth,トールビョーン対ソルジャー76: Pack Qで入る前・撃つ瞬間・失敗時の深掘りメモを追加。
Torbjorn,Hanzo,100,,93,B,needs_depth,トールビョーン対ハンゾー: Pack Qで入る前・撃つ瞬間・失敗時の深掘りメモを追加。
Torbjorn,Freja,100,,93,B,needs_depth,トールビョーン対フレイヤ: Pack Qで入る前・撃つ瞬間・失敗時の深掘りメモを追加。
Torbjorn,Anran,100,,93,B,needs_depth,トールビョーン対アンラン: Pack Qで入る前・撃つ瞬間・失敗時の深掘りメモを追加。
Torbjorn,Genji,100,,92,B,needs_depth,トールビョーン対ゲンジ: Pack Qで入る前・撃つ瞬間・失敗時の深掘りメモを追加。
Torbjorn,Shion,100,,92,B,needs_depth,トールビョーン対シオン: Pack Qで入る前・撃つ瞬間・失敗時の深掘りメモを追加。
Torbjorn,Sombra,100,,93,B,needs_depth,トールビョーン対ソンブラ: Pack Qで入る前・撃つ瞬間・失敗時の深掘りメモを追加。
Torbjorn,Tracer,100,,94,B,needs_depth,トールビョーン対トレーサー: Pack Qで入る前・撃つ瞬間・失敗時の深掘りメモを追加。
Torbjorn,Venture,100,,94,B,needs_depth,トールビョーン対ベンチャー: Pack Qで入る前・撃つ瞬間・失敗時の深掘りメモを追加。
Torbjorn,Reaper,100,,93,B,needs_depth,トールビョーン対リーパー: Pack Qで入る前・撃つ瞬間・失敗時の深掘りメモを追加。
Torbjorn,Vendetta,100,,95,B,needs_depth,トールビョーン対ヴェンデッタ: Pack Qで入る前・撃つ瞬間・失敗時の深掘りメモを追加。
Torbjorn,Echo,100,,92,B,needs_depth,トールビョーン対エコー: Pack Qで入る前・撃つ瞬間・失敗時の深掘りメモを追加。
Torbjorn,Pharah,100,,92,B,needs_depth,トールビョーン対ファラ: Pack Qで入る前・撃つ瞬間・失敗時の深掘りメモを追加。
Torbjorn,Symmetra,100,,94,B,needs_depth,トールビョーン対シンメトラ: Pack Qで入る前・撃つ瞬間・失敗時の深掘りメモを追加。
Torbjorn,Junkrat,100,,96,B,needs_depth,トールビョーン対ジャンクラット: Pack Qで入る前・撃つ瞬間・失敗時の深掘りメモを追加。
Torbjorn,Torbjörn,100,,96,B,needs_depth,トールビョーン対トールビョーン: Pack Qで入る前・撃つ瞬間・失敗時の深掘りメモを追加。
Torbjorn,Bastion,100,,95,B,needs_depth,トールビョーン対バスティオン: Pack Qで入る前・撃つ瞬間・失敗時の深掘りメモを追加。
Torbjorn,Mei,100,,91,B,needs_depth,トールビョーン対メイ: Pack Qで入る前・撃つ瞬間・失敗時の深掘りメモを追加。
Torbjorn,Illari,100,,93,B,needs_depth,トールビョーン対イラリー: Pack Qで入る前・撃つ瞬間・失敗時の深掘りメモを追加。
Torbjorn,Jetpack Cat,100,,101,B,needs_depth,トールビョーン対ジェットパック・キャット: Pack Qで入る前・撃つ瞬間・失敗時の深掘りメモを追加。
Torbjorn,Juno,100,,92,B,needs_depth,トールビョーン対ジュノ: Pack Qで入る前・撃つ瞬間・失敗時の深掘りメモを追加。
Torbjorn,Baptiste,100,,94,B,needs_depth,トールビョーン対バティスト: Pack Qで入る前・撃つ瞬間・失敗時の深掘りメモを追加。
Torbjorn,Mercy,100,,93,B,needs_depth,トールビョーン対マーシー: Pack Qで入る前・撃つ瞬間・失敗時の深掘りメモを追加。
Torbjorn,Lifeweaver,100,,97,B,needs_depth,トールビョーン対ライフウィーバー: Pack Qで入る前・撃つ瞬間・失敗時の深掘りメモを追加。
Torbjorn,Kiriko,100,,92,B,needs_depth,トールビョーン対キリコ: Pack Qで入る前・撃つ瞬間・失敗時の深掘りメモを追加。
Torbjorn,Brigitte,100,,94,B,needs_depth,トールビョーン対ブリギッテ: Pack Qで入る前・撃つ瞬間・失敗時の深掘りメモを追加。
Torbjorn,Moira,100,,92,B,needs_depth,トールビョーン対モイラ: Pack Qで入る前・撃つ瞬間・失敗時の深掘りメモを追加。
Torbjorn,Lúcio,100,,92,B,needs_depth,トールビョーン対ルシオ: Pack Qで入る前・撃つ瞬間・失敗時の深掘りメモを追加。
Torbjorn,Ana,92,first_check,91,B,needs_depth,トールビョーン対アナ: Pack Qで入る前・撃つ瞬間・失敗時の深掘りメモを追加。
Torbjorn,Wuyang,100,,93,B,needs_depth,トールビョーン対ウーヤン: Pack Qで入る前・撃つ瞬間・失敗時の深掘りメモを追加。
Torbjorn,Zenyatta,100,,94,B,needs_depth,トールビョーン対ゼニヤッタ: Pack Qで入る前・撃つ瞬間・失敗時の深掘りメモを追加。
Torbjorn,Mizuki,100,,92,B,needs_depth,トールビョーン対ミズキ: Pack Qで入る前・撃つ瞬間・失敗時の深掘りメモを追加。
Bastion,D.Va,100,,105,A,stable,バスティオン対D.Va: Pack Qで入る前・撃つ瞬間・失敗時の深掘りメモを追加。
Bastion,Winston,100,,107,A,stable,バスティオン対ウィンストン: Pack Qで入る前・撃つ瞬間・失敗時の深掘りメモを追加。
Bastion,Doomfist,100,,109,A,stable,バスティオン対ドゥームフィスト: Pack Qで入る前・撃つ瞬間・失敗時の深掘りメモを追加。
Bastion,Hazard,100,,105,A,stable,バスティオン対ハザード: Pack Qで入る前・撃つ瞬間・失敗時の深掘りメモを追加。
Bastion,Wrecking Ball,100,,110,A,stable,バスティオン対レッキング・ボール: Pack Qで入る前・撃つ瞬間・失敗時の深掘りメモを追加。
Bastion,Zarya,100,,104,A,stable,バスティオン対ザリア: Pack Qで入る前・撃つ瞬間・失敗時の深掘りメモを追加。
Bastion,Junker Queen,100,,111,A,stable,バスティオン対ジャンカー・クイーン: Pack Qで入る前・撃つ瞬間・失敗時の深掘りメモを追加。
Bastion,Domina,100,,104,A,stable,バスティオン対ドミナ: Pack Qで入る前・撃つ瞬間・失敗時の深掘りメモを追加。
Bastion,Mauga,100,,104,A,stable,バスティオン対マウガ: Pack Qで入る前・撃つ瞬間・失敗時の深掘りメモを追加。
Bastion,Ramattra,100,,106,A,stable,バスティオン対ラマットラ: Pack Qで入る前・撃つ瞬間・失敗時の深掘りメモを追加。
Bastion,Roadhog,100,,107,A,stable,バスティオン対ロードホッグ: Pack Qで入る前・撃つ瞬間・失敗時の深掘りメモを追加。
Bastion,Orisa,100,,105,A,stable,バスティオン対オリーサ: Pack Qで入る前・撃つ瞬間・失敗時の深掘りメモを追加。
Bastion,Sigma,100,,104,A,stable,バスティオン対シグマ: Pack Qで入る前・撃つ瞬間・失敗時の深掘りメモを追加。
Bastion,Reinhardt,100,,107,A,stable,バスティオン対ラインハルト: Pack Qで入る前・撃つ瞬間・失敗時の深掘りメモを追加。
Bastion,Ashe,100,,105,A,stable,バスティオン対アッシュ: Pack Qで入る前・撃つ瞬間・失敗時の深掘りメモを追加。
Bastion,Widowmaker,100,,109,A,stable,バスティオン対ウィドウメイカー: Pack Qで入る前・撃つ瞬間・失敗時の深掘りメモを追加。
Bastion,Emre,100,,104,A,stable,バスティオン対エムレ: Pack Qで入る前・撃つ瞬間・失敗時の深掘りメモを追加。
Bastion,Cassidy,100,,106,A,stable,バスティオン対キャスディ: Pack Qで入る前・撃つ瞬間・失敗時の深掘りメモを追加。
Bastion,Sojourn,100,,106,A,stable,バスティオン対ソジョーン: Pack Qで入る前・撃つ瞬間・失敗時の深掘りメモを追加。
Bastion,Soldier: 76,100,,108,A,stable,バスティオン対ソルジャー76: Pack Qで入る前・撃つ瞬間・失敗時の深掘りメモを追加。
Bastion,Hanzo,100,,105,A,stable,バスティオン対ハンゾー: Pack Qで入る前・撃つ瞬間・失敗時の深掘りメモを追加。
Bastion,Freja,100,,105,A,stable,バスティオン対フレイヤ: Pack Qで入る前・撃つ瞬間・失敗時の深掘りメモを追加。
Bastion,Anran,100,,105,A,stable,バスティオン対アンラン: Pack Qで入る前・撃つ瞬間・失敗時の深掘りメモを追加。
Bastion,Genji,100,,104,A,stable,バスティオン対ゲンジ: Pack Qで入る前・撃つ瞬間・失敗時の深掘りメモを追加。
Bastion,Shion,100,,104,A,stable,バスティオン対シオン: Pack Qで入る前・撃つ瞬間・失敗時の深掘りメモを追加。
Bastion,Sombra,100,,105,A,stable,バスティオン対ソンブラ: Pack Qで入る前・撃つ瞬間・失敗時の深掘りメモを追加。
Bastion,Tracer,100,,106,A,stable,バスティオン対トレーサー: Pack Qで入る前・撃つ瞬間・失敗時の深掘りメモを追加。
Bastion,Venture,100,,106,A,stable,バスティオン対ベンチャー: Pack Qで入る前・撃つ瞬間・失敗時の深掘りメモを追加。
Bastion,Reaper,100,,105,A,stable,バスティオン対リーパー: Pack Qで入る前・撃つ瞬間・失敗時の深掘りメモを追加。
Bastion,Vendetta,100,,107,A,stable,バスティオン対ヴェンデッタ: Pack Qで入る前・撃つ瞬間・失敗時の深掘りメモを追加。
Bastion,Echo,100,,104,A,stable,バスティオン対エコー: Pack Qで入る前・撃つ瞬間・失敗時の深掘りメモを追加。
Bastion,Pharah,100,,104,A,stable,バスティオン対ファラ: Pack Qで入る前・撃つ瞬間・失敗時の深掘りメモを追加。
Bastion,Symmetra,100,,106,A,stable,バスティオン対シンメトラ: Pack Qで入る前・撃つ瞬間・失敗時の深掘りメモを追加。
Bastion,Junkrat,100,,108,A,stable,バスティオン対ジャンクラット: Pack Qで入る前・撃つ瞬間・失敗時の深掘りメモを追加。
Bastion,Torbjörn,100,,108,A,stable,バスティオン対トールビョーン: Pack Qで入る前・撃つ瞬間・失敗時の深掘りメモを追加。
Bastion,Bastion,100,,107,A,stable,バスティオン対バスティオン: Pack Qで入る前・撃つ瞬間・失敗時の深掘りメモを追加。
Bastion,Mei,100,,103,A,stable,バスティオン対メイ: Pack Qで入る前・撃つ瞬間・失敗時の深掘りメモを追加。
Bastion,Illari,100,,105,A,stable,バスティオン対イラリー: Pack Qで入る前・撃つ瞬間・失敗時の深掘りメモを追加。
Bastion,Jetpack Cat,100,,113,A,stable,バスティオン対ジェットパック・キャット: Pack Qで入る前・撃つ瞬間・失敗時の深掘りメモを追加。
Bastion,Juno,100,,104,A,stable,バスティオン対ジュノ: Pack Qで入る前・撃つ瞬間・失敗時の深掘りメモを追加。
Bastion,Baptiste,100,,106,A,stable,バスティオン対バティスト: Pack Qで入る前・撃つ瞬間・失敗時の深掘りメモを追加。
Bastion,Mercy,100,,105,A,stable,バスティオン対マーシー: Pack Qで入る前・撃つ瞬間・失敗時の深掘りメモを追加。
Bastion,Lifeweaver,100,,109,A,stable,バスティオン対ライフウィーバー: Pack Qで入る前・撃つ瞬間・失敗時の深掘りメモを追加。
Bastion,Kiriko,100,,104,A,stable,バスティオン対キリコ: Pack Qで入る前・撃つ瞬間・失敗時の深掘りメモを追加。
Bastion,Brigitte,100,,106,A,stable,バスティオン対ブリギッテ: Pack Qで入る前・撃つ瞬間・失敗時の深掘りメモを追加。
Bastion,Moira,100,,104,A,stable,バスティオン対モイラ: Pack Qで入る前・撃つ瞬間・失敗時の深掘りメモを追加。
Bastion,Lúcio,100,,104,A,stable,バスティオン対ルシオ: Pack Qで入る前・撃つ瞬間・失敗時の深掘りメモを追加。
Bastion,Ana,92,first_check,103,A,stable,バスティオン対アナ: Pack Qで入る前・撃つ瞬間・失敗時の深掘りメモを追加。
Bastion,Wuyang,100,,105,A,stable,バスティオン対ウーヤン: Pack Qで入る前・撃つ瞬間・失敗時の深掘りメモを追加。
Bastion,Zenyatta,100,,106,A,stable,バスティオン対ゼニヤッタ: Pack Qで入る前・撃つ瞬間・失敗時の深掘りメモを追加。
Bastion,Mizuki,100,,104,A,stable,バスティオン対ミズキ: Pack Qで入る前・撃つ瞬間・失敗時の深掘りメモを追加。
Mei,D.Va,100,,92,A,stable,メイ対D.Va: Pack Qで入る前・撃つ瞬間・失敗時の深掘りメモを追加。
Mei,Winston,100,,94,A,stable,メイ対ウィンストン: Pack Qで入る前・撃つ瞬間・失敗時の深掘りメモを追加。
Mei,Doomfist,100,,96,A,stable,メイ対ドゥームフィスト: Pack Qで入る前・撃つ瞬間・失敗時の深掘りメモを追加。
Mei,Hazard,100,,92,A,stable,メイ対ハザード: Pack Qで入る前・撃つ瞬間・失敗時の深掘りメモを追加。
Mei,Wrecking Ball,100,,97,A,stable,メイ対レッキング・ボール: Pack Qで入る前・撃つ瞬間・失敗時の深掘りメモを追加。
Mei,Zarya,100,,91,A,stable,メイ対ザリア: Pack Qで入る前・撃つ瞬間・失敗時の深掘りメモを追加。
Mei,Junker Queen,100,,98,A,stable,メイ対ジャンカー・クイーン: Pack Qで入る前・撃つ瞬間・失敗時の深掘りメモを追加。
Mei,Domina,100,,91,A,stable,メイ対ドミナ: Pack Qで入る前・撃つ瞬間・失敗時の深掘りメモを追加。
Mei,Mauga,100,,91,A,stable,メイ対マウガ: Pack Qで入る前・撃つ瞬間・失敗時の深掘りメモを追加。
Mei,Ramattra,100,,93,A,stable,メイ対ラマットラ: Pack Qで入る前・撃つ瞬間・失敗時の深掘りメモを追加。
Mei,Roadhog,100,,94,A,stable,メイ対ロードホッグ: Pack Qで入る前・撃つ瞬間・失敗時の深掘りメモを追加。
Mei,Orisa,100,,92,A,stable,メイ対オリーサ: Pack Qで入る前・撃つ瞬間・失敗時の深掘りメモを追加。
Mei,Sigma,100,,91,A,stable,メイ対シグマ: Pack Qで入る前・撃つ瞬間・失敗時の深掘りメモを追加。
Mei,Reinhardt,100,,94,A,stable,メイ対ラインハルト: Pack Qで入る前・撃つ瞬間・失敗時の深掘りメモを追加。
Mei,Ashe,100,,92,A,stable,メイ対アッシュ: Pack Qで入る前・撃つ瞬間・失敗時の深掘りメモを追加。
Mei,Widowmaker,100,,96,A,stable,メイ対ウィドウメイカー: Pack Qで入る前・撃つ瞬間・失敗時の深掘りメモを追加。
Mei,Emre,100,,91,A,stable,メイ対エムレ: Pack Qで入る前・撃つ瞬間・失敗時の深掘りメモを追加。
Mei,Cassidy,100,,93,A,stable,メイ対キャスディ: Pack Qで入る前・撃つ瞬間・失敗時の深掘りメモを追加。
Mei,Sojourn,100,,93,A,stable,メイ対ソジョーン: Pack Qで入る前・撃つ瞬間・失敗時の深掘りメモを追加。
Mei,Soldier: 76,100,,95,A,stable,メイ対ソルジャー76: Pack Qで入る前・撃つ瞬間・失敗時の深掘りメモを追加。
Mei,Hanzo,100,,92,A,stable,メイ対ハンゾー: Pack Qで入る前・撃つ瞬間・失敗時の深掘りメモを追加。
Mei,Freja,100,,92,A,stable,メイ対フレイヤ: Pack Qで入る前・撃つ瞬間・失敗時の深掘りメモを追加。
Mei,Anran,100,,92,A,stable,メイ対アンラン: Pack Qで入る前・撃つ瞬間・失敗時の深掘りメモを追加。
Mei,Genji,100,,91,A,stable,メイ対ゲンジ: Pack Qで入る前・撃つ瞬間・失敗時の深掘りメモを追加。
Mei,Shion,100,,91,A,stable,メイ対シオン: Pack Qで入る前・撃つ瞬間・失敗時の深掘りメモを追加。
Mei,Sombra,100,,92,A,stable,メイ対ソンブラ: Pack Qで入る前・撃つ瞬間・失敗時の深掘りメモを追加。
Mei,Tracer,100,,93,A,stable,メイ対トレーサー: Pack Qで入る前・撃つ瞬間・失敗時の深掘りメモを追加。
Mei,Venture,100,,93,A,stable,メイ対ベンチャー: Pack Qで入る前・撃つ瞬間・失敗時の深掘りメモを追加。
Mei,Reaper,100,,92,A,stable,メイ対リーパー: Pack Qで入る前・撃つ瞬間・失敗時の深掘りメモを追加。
Mei,Vendetta,100,,94,A,stable,メイ対ヴェンデッタ: Pack Qで入る前・撃つ瞬間・失敗時の深掘りメモを追加。
Mei,Echo,100,,91,A,stable,メイ対エコー: Pack Qで入る前・撃つ瞬間・失敗時の深掘りメモを追加。
Mei,Pharah,100,,91,A,stable,メイ対ファラ: Pack Qで入る前・撃つ瞬間・失敗時の深掘りメモを追加。
Mei,Symmetra,100,,93,A,stable,メイ対シンメトラ: Pack Qで入る前・撃つ瞬間・失敗時の深掘りメモを追加。
Mei,Junkrat,100,,95,A,stable,メイ対ジャンクラット: Pack Qで入る前・撃つ瞬間・失敗時の深掘りメモを追加。
Mei,Torbjörn,100,,95,A,stable,メイ対トールビョーン: Pack Qで入る前・撃つ瞬間・失敗時の深掘りメモを追加。
Mei,Bastion,100,,94,A,stable,メイ対バスティオン: Pack Qで入る前・撃つ瞬間・失敗時の深掘りメモを追加。
Mei,Mei,100,,90,A,stable,メイ対メイ: Pack Qで入る前・撃つ瞬間・失敗時の深掘りメモを追加。
Mei,Illari,100,,92,A,stable,メイ対イラリー: Pack Qで入る前・撃つ瞬間・失敗時の深掘りメモを追加。
Mei,Jetpack Cat,100,,100,A,stable,メイ対ジェットパック・キャット: Pack Qで入る前・撃つ瞬間・失敗時の深掘りメモを追加。
Mei,Juno,100,,91,A,stable,メイ対ジュノ: Pack Qで入る前・撃つ瞬間・失敗時の深掘りメモを追加。
Mei,Baptiste,100,,93,A,stable,メイ対バティスト: Pack Qで入る前・撃つ瞬間・失敗時の深掘りメモを追加。
Mei,Mercy,100,,92,A,stable,メイ対マーシー: Pack Qで入る前・撃つ瞬間・失敗時の深掘りメモを追加。
Mei,Lifeweaver,100,,96,A,stable,メイ対ライフウィーバー: Pack Qで入る前・撃つ瞬間・失敗時の深掘りメモを追加。
Mei,Kiriko,100,,91,A,stable,メイ対キリコ: Pack Qで入る前・撃つ瞬間・失敗時の深掘りメモを追加。
Mei,Brigitte,100,,93,A,stable,メイ対ブリギッテ: Pack Qで入る前・撃つ瞬間・失敗時の深掘りメモを追加。
Mei,Moira,100,,91,A,stable,メイ対モイラ: Pack Qで入る前・撃つ瞬間・失敗時の深掘りメモを追加。
Mei,Lúcio,100,,91,A,stable,メイ対ルシオ: Pack Qで入る前・撃つ瞬間・失敗時の深掘りメモを追加。
Mei,Ana,92,first_check,90,A,stable,メイ対アナ: Pack Qで入る前・撃つ瞬間・失敗時の深掘りメモを追加。
Mei,Wuyang,100,,92,A,stable,メイ対ウーヤン: Pack Qで入る前・撃つ瞬間・失敗時の深掘りメモを追加。
Mei,Zenyatta,100,,93,A,stable,メイ対ゼニヤッタ: Pack Qで入る前・撃つ瞬間・失敗時の深掘りメモを追加。
Mei,Mizuki,100,,91,A,stable,メイ対ミズキ: Pack Qで入る前・撃つ瞬間・失敗時の深掘りメモを追加。
Sombra,D.Va,100,,88,A,stable,ソンブラ対D.Va: Pack Qで入る前・撃つ瞬間・失敗時の深掘りメモを追加。
Sombra,Winston,100,,90,A,stable,ソンブラ対ウィンストン: Pack Qで入る前・撃つ瞬間・失敗時の深掘りメモを追加。
Sombra,Doomfist,100,,92,A,stable,ソンブラ対ドゥームフィスト: Pack Qで入る前・撃つ瞬間・失敗時の深掘りメモを追加。
Sombra,Hazard,100,,88,A,stable,ソンブラ対ハザード: Pack Qで入る前・撃つ瞬間・失敗時の深掘りメモを追加。
Sombra,Wrecking Ball,100,,93,A,stable,ソンブラ対レッキング・ボール: Pack Qで入る前・撃つ瞬間・失敗時の深掘りメモを追加。
Sombra,Zarya,100,,87,A,stable,ソンブラ対ザリア: Pack Qで入る前・撃つ瞬間・失敗時の深掘りメモを追加。
Sombra,Junker Queen,100,,94,A,stable,ソンブラ対ジャンカー・クイーン: Pack Qで入る前・撃つ瞬間・失敗時の深掘りメモを追加。
Sombra,Domina,100,,87,A,stable,ソンブラ対ドミナ: Pack Qで入る前・撃つ瞬間・失敗時の深掘りメモを追加。
Sombra,Mauga,100,,87,A,stable,ソンブラ対マウガ: Pack Qで入る前・撃つ瞬間・失敗時の深掘りメモを追加。
Sombra,Ramattra,100,,89,A,stable,ソンブラ対ラマットラ: Pack Qで入る前・撃つ瞬間・失敗時の深掘りメモを追加。
Sombra,Roadhog,100,,90,A,stable,ソンブラ対ロードホッグ: Pack Qで入る前・撃つ瞬間・失敗時の深掘りメモを追加。
Sombra,Orisa,100,,88,A,stable,ソンブラ対オリーサ: Pack Qで入る前・撃つ瞬間・失敗時の深掘りメモを追加。
Sombra,Sigma,100,,87,A,stable,ソンブラ対シグマ: Pack Qで入る前・撃つ瞬間・失敗時の深掘りメモを追加。
Sombra,Reinhardt,100,,90,A,stable,ソンブラ対ラインハルト: Pack Qで入る前・撃つ瞬間・失敗時の深掘りメモを追加。
Sombra,Ashe,100,,88,A,stable,ソンブラ対アッシュ: Pack Qで入る前・撃つ瞬間・失敗時の深掘りメモを追加。
Sombra,Widowmaker,100,,92,A,stable,ソンブラ対ウィドウメイカー: Pack Qで入る前・撃つ瞬間・失敗時の深掘りメモを追加。
Sombra,Emre,100,,87,A,stable,ソンブラ対エムレ: Pack Qで入る前・撃つ瞬間・失敗時の深掘りメモを追加。
Sombra,Cassidy,100,,89,A,stable,ソンブラ対キャスディ: Pack Qで入る前・撃つ瞬間・失敗時の深掘りメモを追加。
Sombra,Sojourn,100,,89,A,stable,ソンブラ対ソジョーン: Pack Qで入る前・撃つ瞬間・失敗時の深掘りメモを追加。
Sombra,Soldier: 76,100,,91,A,stable,ソンブラ対ソルジャー76: Pack Qで入る前・撃つ瞬間・失敗時の深掘りメモを追加。
Sombra,Hanzo,100,,88,A,stable,ソンブラ対ハンゾー: Pack Qで入る前・撃つ瞬間・失敗時の深掘りメモを追加。
Sombra,Freja,100,,88,A,stable,ソンブラ対フレイヤ: Pack Qで入る前・撃つ瞬間・失敗時の深掘りメモを追加。
Sombra,Anran,100,,88,A,stable,ソンブラ対アンラン: Pack Qで入る前・撃つ瞬間・失敗時の深掘りメモを追加。
Sombra,Genji,100,,87,A,stable,ソンブラ対ゲンジ: Pack Qで入る前・撃つ瞬間・失敗時の深掘りメモを追加。
Sombra,Shion,100,,87,A,stable,ソンブラ対シオン: Pack Qで入る前・撃つ瞬間・失敗時の深掘りメモを追加。
Sombra,Sombra,100,,88,A,stable,ソンブラ対ソンブラ: Pack Qで入る前・撃つ瞬間・失敗時の深掘りメモを追加。
Sombra,Tracer,100,,89,A,stable,ソンブラ対トレーサー: Pack Qで入る前・撃つ瞬間・失敗時の深掘りメモを追加。
Sombra,Venture,100,,89,A,stable,ソンブラ対ベンチャー: Pack Qで入る前・撃つ瞬間・失敗時の深掘りメモを追加。
Sombra,Reaper,100,,88,A,stable,ソンブラ対リーパー: Pack Qで入る前・撃つ瞬間・失敗時の深掘りメモを追加。
Sombra,Vendetta,100,,90,A,stable,ソンブラ対ヴェンデッタ: Pack Qで入る前・撃つ瞬間・失敗時の深掘りメモを追加。
Sombra,Echo,100,,87,A,stable,ソンブラ対エコー: Pack Qで入る前・撃つ瞬間・失敗時の深掘りメモを追加。
Sombra,Pharah,100,,87,A,stable,ソンブラ対ファラ: Pack Qで入る前・撃つ瞬間・失敗時の深掘りメモを追加。
Sombra,Symmetra,100,,89,A,stable,ソンブラ対シンメトラ: Pack Qで入る前・撃つ瞬間・失敗時の深掘りメモを追加。
Sombra,Junkrat,100,,91,A,stable,ソンブラ対ジャンクラット: Pack Qで入る前・撃つ瞬間・失敗時の深掘りメモを追加。
Sombra,Torbjörn,100,,91,A,stable,ソンブラ対トールビョーン: Pack Qで入る前・撃つ瞬間・失敗時の深掘りメモを追加。
Sombra,Bastion,100,,90,A,stable,ソンブラ対バスティオン: Pack Qで入る前・撃つ瞬間・失敗時の深掘りメモを追加。
Sombra,Mei,100,,86,A,stable,ソンブラ対メイ: Pack Qで入る前・撃つ瞬間・失敗時の深掘りメモを追加。
Sombra,Illari,100,,88,A,stable,ソンブラ対イラリー: Pack Qで入る前・撃つ瞬間・失敗時の深掘りメモを追加。
Sombra,Jetpack Cat,100,,96,A,stable,ソンブラ対ジェットパック・キャット: Pack Qで入る前・撃つ瞬間・失敗時の深掘りメモを追加。
Sombra,Juno,100,,87,A,stable,ソンブラ対ジュノ: Pack Qで入る前・撃つ瞬間・失敗時の深掘りメモを追加。
Sombra,Baptiste,100,,89,A,stable,ソンブラ対バティスト: Pack Qで入る前・撃つ瞬間・失敗時の深掘りメモを追加。
Sombra,Mercy,100,,88,A,stable,ソンブラ対マーシー: Pack Qで入る前・撃つ瞬間・失敗時の深掘りメモを追加。
Sombra,Lifeweaver,100,,92,A,stable,ソンブラ対ライフウィーバー: Pack Qで入る前・撃つ瞬間・失敗時の深掘りメモを追加。
Sombra,Kiriko,100,,87,A,stable,ソンブラ対キリコ: Pack Qで入る前・撃つ瞬間・失敗時の深掘りメモを追加。
Sombra,Brigitte,100,,89,A,stable,ソンブラ対ブリギッテ: Pack Qで入る前・撃つ瞬間・失敗時の深掘りメモを追加。
Sombra,Moira,100,,87,A,stable,ソンブラ対モイラ: Pack Qで入る前・撃つ瞬間・失敗時の深掘りメモを追加。
Sombra,Lúcio,100,,87,A,stable,ソンブラ対ルシオ: Pack Qで入る前・撃つ瞬間・失敗時の深掘りメモを追加。
Sombra,Ana,92,first_check,86,A,stable,ソンブラ対アナ: Pack Qで入る前・撃つ瞬間・失敗時の深掘りメモを追加。
Sombra,Wuyang,100,,88,A,stable,ソンブラ対ウーヤン: Pack Qで入る前・撃つ瞬間・失敗時の深掘りメモを追加。
Sombra,Zenyatta,100,,89,A,stable,ソンブラ対ゼニヤッタ: Pack Qで入る前・撃つ瞬間・失敗時の深掘りメモを追加。
Sombra,Mizuki,100,,87,A,stable,ソンブラ対ミズキ: Pack Qで入る前・撃つ瞬間・失敗時の深掘りメモを追加。
Tracer,D.Va,100,,94,B,needs_depth,トレーサー対D.Va: Pack Qで入る前・撃つ瞬間・失敗時の深掘りメモを追加。
Tracer,Winston,100,,96,B,needs_depth,トレーサー対ウィンストン: Pack Qで入る前・撃つ瞬間・失敗時の深掘りメモを追加。
Tracer,Doomfist,100,,98,B,needs_depth,トレーサー対ドゥームフィスト: Pack Qで入る前・撃つ瞬間・失敗時の深掘りメモを追加。
Tracer,Hazard,100,,94,B,needs_depth,トレーサー対ハザード: Pack Qで入る前・撃つ瞬間・失敗時の深掘りメモを追加。
Tracer,Wrecking Ball,100,,99,B,needs_depth,トレーサー対レッキング・ボール: Pack Qで入る前・撃つ瞬間・失敗時の深掘りメモを追加。
Tracer,Zarya,100,,93,B,needs_depth,トレーサー対ザリア: Pack Qで入る前・撃つ瞬間・失敗時の深掘りメモを追加。
Tracer,Junker Queen,100,,100,B,needs_depth,トレーサー対ジャンカー・クイーン: Pack Qで入る前・撃つ瞬間・失敗時の深掘りメモを追加。
Tracer,Domina,100,,93,B,needs_depth,トレーサー対ドミナ: Pack Qで入る前・撃つ瞬間・失敗時の深掘りメモを追加。
Tracer,Mauga,100,,93,B,needs_depth,トレーサー対マウガ: Pack Qで入る前・撃つ瞬間・失敗時の深掘りメモを追加。
Tracer,Ramattra,100,,95,B,needs_depth,トレーサー対ラマットラ: Pack Qで入る前・撃つ瞬間・失敗時の深掘りメモを追加。
Tracer,Roadhog,100,,96,B,needs_depth,トレーサー対ロードホッグ: Pack Qで入る前・撃つ瞬間・失敗時の深掘りメモを追加。
Tracer,Orisa,100,,94,B,needs_depth,トレーサー対オリーサ: Pack Qで入る前・撃つ瞬間・失敗時の深掘りメモを追加。
Tracer,Sigma,100,,93,B,needs_depth,トレーサー対シグマ: Pack Qで入る前・撃つ瞬間・失敗時の深掘りメモを追加。
Tracer,Reinhardt,100,,96,B,needs_depth,トレーサー対ラインハルト: Pack Qで入る前・撃つ瞬間・失敗時の深掘りメモを追加。
Tracer,Ashe,100,,94,B,needs_depth,トレーサー対アッシュ: Pack Qで入る前・撃つ瞬間・失敗時の深掘りメモを追加。
Tracer,Widowmaker,100,,98,B,needs_depth,トレーサー対ウィドウメイカー: Pack Qで入る前・撃つ瞬間・失敗時の深掘りメモを追加。
Tracer,Emre,100,,93,B,needs_depth,トレーサー対エムレ: Pack Qで入る前・撃つ瞬間・失敗時の深掘りメモを追加。
Tracer,Cassidy,100,,95,B,needs_depth,トレーサー対キャスディ: Pack Qで入る前・撃つ瞬間・失敗時の深掘りメモを追加。
Tracer,Sojourn,100,,95,B,needs_depth,トレーサー対ソジョーン: Pack Qで入る前・撃つ瞬間・失敗時の深掘りメモを追加。
Tracer,Soldier: 76,100,,97,B,needs_depth,トレーサー対ソルジャー76: Pack Qで入る前・撃つ瞬間・失敗時の深掘りメモを追加。
Tracer,Hanzo,100,,94,B,needs_depth,トレーサー対ハンゾー: Pack Qで入る前・撃つ瞬間・失敗時の深掘りメモを追加。
Tracer,Freja,100,,94,B,needs_depth,トレーサー対フレイヤ: Pack Qで入る前・撃つ瞬間・失敗時の深掘りメモを追加。
Tracer,Anran,100,,94,B,needs_depth,トレーサー対アンラン: Pack Qで入る前・撃つ瞬間・失敗時の深掘りメモを追加。
Tracer,Genji,100,,93,B,needs_depth,トレーサー対ゲンジ: Pack Qで入る前・撃つ瞬間・失敗時の深掘りメモを追加。
Tracer,Shion,100,,93,B,needs_depth,トレーサー対シオン: Pack Qで入る前・撃つ瞬間・失敗時の深掘りメモを追加。
Tracer,Sombra,100,,94,B,needs_depth,トレーサー対ソンブラ: Pack Qで入る前・撃つ瞬間・失敗時の深掘りメモを追加。
Tracer,Tracer,100,,95,B,needs_depth,トレーサー対トレーサー: Pack Qで入る前・撃つ瞬間・失敗時の深掘りメモを追加。
Tracer,Venture,100,,95,B,needs_depth,トレーサー対ベンチャー: Pack Qで入る前・撃つ瞬間・失敗時の深掘りメモを追加。
Tracer,Reaper,100,,94,B,needs_depth,トレーサー対リーパー: Pack Qで入る前・撃つ瞬間・失敗時の深掘りメモを追加。
Tracer,Vendetta,100,,96,B,needs_depth,トレーサー対ヴェンデッタ: Pack Qで入る前・撃つ瞬間・失敗時の深掘りメモを追加。
Tracer,Echo,100,,93,B,needs_depth,トレーサー対エコー: Pack Qで入る前・撃つ瞬間・失敗時の深掘りメモを追加。
Tracer,Pharah,100,,93,B,needs_depth,トレーサー対ファラ: Pack Qで入る前・撃つ瞬間・失敗時の深掘りメモを追加。
Tracer,Symmetra,100,,95,B,needs_depth,トレーサー対シンメトラ: Pack Qで入る前・撃つ瞬間・失敗時の深掘りメモを追加。
Tracer,Junkrat,100,,97,B,needs_depth,トレーサー対ジャンクラット: Pack Qで入る前・撃つ瞬間・失敗時の深掘りメモを追加。
Tracer,Torbjörn,100,,97,B,needs_depth,トレーサー対トールビョーン: Pack Qで入る前・撃つ瞬間・失敗時の深掘りメモを追加。
Tracer,Bastion,100,,96,B,needs_depth,トレーサー対バスティオン: Pack Qで入る前・撃つ瞬間・失敗時の深掘りメモを追加。
Tracer,Mei,100,,92,B,needs_depth,トレーサー対メイ: Pack Qで入る前・撃つ瞬間・失敗時の深掘りメモを追加。
Tracer,Illari,100,,94,B,needs_depth,トレーサー対イラリー: Pack Qで入る前・撃つ瞬間・失敗時の深掘りメモを追加。
Tracer,Jetpack Cat,100,,102,B,needs_depth,トレーサー対ジェットパック・キャット: Pack Qで入る前・撃つ瞬間・失敗時の深掘りメモを追加。
Tracer,Juno,100,,93,B,needs_depth,トレーサー対ジュノ: Pack Qで入る前・撃つ瞬間・失敗時の深掘りメモを追加。
Tracer,Baptiste,100,,95,B,needs_depth,トレーサー対バティスト: Pack Qで入る前・撃つ瞬間・失敗時の深掘りメモを追加。
Tracer,Mercy,100,,94,B,needs_depth,トレーサー対マーシー: Pack Qで入る前・撃つ瞬間・失敗時の深掘りメモを追加。
Tracer,Lifeweaver,100,,98,B,needs_depth,トレーサー対ライフウィーバー: Pack Qで入る前・撃つ瞬間・失敗時の深掘りメモを追加。
Tracer,Kiriko,100,,93,B,needs_depth,トレーサー対キリコ: Pack Qで入る前・撃つ瞬間・失敗時の深掘りメモを追加。
Tracer,Brigitte,100,,95,B,needs_depth,トレーサー対ブリギッテ: Pack Qで入る前・撃つ瞬間・失敗時の深掘りメモを追加。
Tracer,Moira,100,,93,B,needs_depth,トレーサー対モイラ: Pack Qで入る前・撃つ瞬間・失敗時の深掘りメモを追加。
Tracer,Lúcio,100,,93,B,needs_depth,トレーサー対ルシオ: Pack Qで入る前・撃つ瞬間・失敗時の深掘りメモを追加。
Tracer,Ana,92,first_check,92,B,needs_depth,トレーサー対アナ: Pack Qで入る前・撃つ瞬間・失敗時の深掘りメモを追加。
Tracer,Wuyang,100,,94,B,needs_depth,トレーサー対ウーヤン: Pack Qで入る前・撃つ瞬間・失敗時の深掘りメモを追加。
Tracer,Zenyatta,100,,95,B,needs_depth,トレーサー対ゼニヤッタ: Pack Qで入る前・撃つ瞬間・失敗時の深掘りメモを追加。
Tracer,Mizuki,100,,93,B,needs_depth,トレーサー対ミズキ: Pack Qで入る前・撃つ瞬間・失敗時の深掘りメモを追加。
Genji,D.Va,100,,84,B,needs_depth,ゲンジ対D.Va: Pack Qで入る前・撃つ瞬間・失敗時の深掘りメモを追加。
Genji,Winston,100,,86,B,needs_depth,ゲンジ対ウィンストン: Pack Qで入る前・撃つ瞬間・失敗時の深掘りメモを追加。
Genji,Doomfist,100,,88,B,needs_depth,ゲンジ対ドゥームフィスト: Pack Qで入る前・撃つ瞬間・失敗時の深掘りメモを追加。
Genji,Hazard,100,,84,B,needs_depth,ゲンジ対ハザード: Pack Qで入る前・撃つ瞬間・失敗時の深掘りメモを追加。
Genji,Wrecking Ball,100,,89,B,needs_depth,ゲンジ対レッキング・ボール: Pack Qで入る前・撃つ瞬間・失敗時の深掘りメモを追加。
Genji,Zarya,100,,83,B,needs_depth,ゲンジ対ザリア: Pack Qで入る前・撃つ瞬間・失敗時の深掘りメモを追加。
Genji,Junker Queen,100,,90,B,needs_depth,ゲンジ対ジャンカー・クイーン: Pack Qで入る前・撃つ瞬間・失敗時の深掘りメモを追加。
Genji,Domina,100,,83,B,needs_depth,ゲンジ対ドミナ: Pack Qで入る前・撃つ瞬間・失敗時の深掘りメモを追加。
Genji,Mauga,100,,83,B,needs_depth,ゲンジ対マウガ: Pack Qで入る前・撃つ瞬間・失敗時の深掘りメモを追加。
Genji,Ramattra,100,,85,B,needs_depth,ゲンジ対ラマットラ: Pack Qで入る前・撃つ瞬間・失敗時の深掘りメモを追加。
Genji,Roadhog,100,,86,B,needs_depth,ゲンジ対ロードホッグ: Pack Qで入る前・撃つ瞬間・失敗時の深掘りメモを追加。
Genji,Orisa,100,,84,B,needs_depth,ゲンジ対オリーサ: Pack Qで入る前・撃つ瞬間・失敗時の深掘りメモを追加。
Genji,Sigma,100,,83,B,needs_depth,ゲンジ対シグマ: Pack Qで入る前・撃つ瞬間・失敗時の深掘りメモを追加。
Genji,Reinhardt,100,,86,B,needs_depth,ゲンジ対ラインハルト: Pack Qで入る前・撃つ瞬間・失敗時の深掘りメモを追加。
Genji,Ashe,100,,84,B,needs_depth,ゲンジ対アッシュ: Pack Qで入る前・撃つ瞬間・失敗時の深掘りメモを追加。
Genji,Widowmaker,100,,88,B,needs_depth,ゲンジ対ウィドウメイカー: Pack Qで入る前・撃つ瞬間・失敗時の深掘りメモを追加。
Genji,Emre,100,,83,B,needs_depth,ゲンジ対エムレ: Pack Qで入る前・撃つ瞬間・失敗時の深掘りメモを追加。
Genji,Cassidy,100,,85,B,needs_depth,ゲンジ対キャスディ: Pack Qで入る前・撃つ瞬間・失敗時の深掘りメモを追加。
Genji,Sojourn,100,,85,B,needs_depth,ゲンジ対ソジョーン: Pack Qで入る前・撃つ瞬間・失敗時の深掘りメモを追加。
Genji,Soldier: 76,100,,87,B,needs_depth,ゲンジ対ソルジャー76: Pack Qで入る前・撃つ瞬間・失敗時の深掘りメモを追加。
Genji,Hanzo,100,,84,B,needs_depth,ゲンジ対ハンゾー: Pack Qで入る前・撃つ瞬間・失敗時の深掘りメモを追加。
Genji,Freja,100,,84,B,needs_depth,ゲンジ対フレイヤ: Pack Qで入る前・撃つ瞬間・失敗時の深掘りメモを追加。
Genji,Anran,100,,84,B,needs_depth,ゲンジ対アンラン: Pack Qで入る前・撃つ瞬間・失敗時の深掘りメモを追加。
Genji,Genji,100,,83,B,needs_depth,ゲンジ対ゲンジ: Pack Qで入る前・撃つ瞬間・失敗時の深掘りメモを追加。
Genji,Shion,100,,83,B,needs_depth,ゲンジ対シオン: Pack Qで入る前・撃つ瞬間・失敗時の深掘りメモを追加。
Genji,Sombra,100,,84,B,needs_depth,ゲンジ対ソンブラ: Pack Qで入る前・撃つ瞬間・失敗時の深掘りメモを追加。
Genji,Tracer,100,,85,B,needs_depth,ゲンジ対トレーサー: Pack Qで入る前・撃つ瞬間・失敗時の深掘りメモを追加。
Genji,Venture,100,,85,B,needs_depth,ゲンジ対ベンチャー: Pack Qで入る前・撃つ瞬間・失敗時の深掘りメモを追加。
Genji,Reaper,100,,84,B,needs_depth,ゲンジ対リーパー: Pack Qで入る前・撃つ瞬間・失敗時の深掘りメモを追加。
Genji,Vendetta,100,,86,B,needs_depth,ゲンジ対ヴェンデッタ: Pack Qで入る前・撃つ瞬間・失敗時の深掘りメモを追加。
Genji,Echo,100,,83,B,needs_depth,ゲンジ対エコー: Pack Qで入る前・撃つ瞬間・失敗時の深掘りメモを追加。
Genji,Pharah,100,,83,B,needs_depth,ゲンジ対ファラ: Pack Qで入る前・撃つ瞬間・失敗時の深掘りメモを追加。
Genji,Symmetra,100,,85,B,needs_depth,ゲンジ対シンメトラ: Pack Qで入る前・撃つ瞬間・失敗時の深掘りメモを追加。
Genji,Junkrat,100,,87,B,needs_depth,ゲンジ対ジャンクラット: Pack Qで入る前・撃つ瞬間・失敗時の深掘りメモを追加。
Genji,Torbjörn,100,,87,B,needs_depth,ゲンジ対トールビョーン: Pack Qで入る前・撃つ瞬間・失敗時の深掘りメモを追加。
Genji,Bastion,100,,86,B,needs_depth,ゲンジ対バスティオン: Pack Qで入る前・撃つ瞬間・失敗時の深掘りメモを追加。
Genji,Mei,100,,82,B,needs_depth,ゲンジ対メイ: Pack Qで入る前・撃つ瞬間・失敗時の深掘りメモを追加。
Genji,Illari,100,,84,B,needs_depth,ゲンジ対イラリー: Pack Qで入る前・撃つ瞬間・失敗時の深掘りメモを追加。
Genji,Jetpack Cat,100,,92,B,needs_depth,ゲンジ対ジェットパック・キャット: Pack Qで入る前・撃つ瞬間・失敗時の深掘りメモを追加。
Genji,Juno,100,,83,B,needs_depth,ゲンジ対ジュノ: Pack Qで入る前・撃つ瞬間・失敗時の深掘りメモを追加。
Genji,Baptiste,100,,85,B,needs_depth,ゲンジ対バティスト: Pack Qで入る前・撃つ瞬間・失敗時の深掘りメモを追加。
Genji,Mercy,100,,84,B,needs_depth,ゲンジ対マーシー: Pack Qで入る前・撃つ瞬間・失敗時の深掘りメモを追加。
Genji,Lifeweaver,100,,88,B,needs_depth,ゲンジ対ライフウィーバー: Pack Qで入る前・撃つ瞬間・失敗時の深掘りメモを追加。
Genji,Kiriko,100,,83,B,needs_depth,ゲンジ対キリコ: Pack Qで入る前・撃つ瞬間・失敗時の深掘りメモを追加。
Genji,Brigitte,100,,85,B,needs_depth,ゲンジ対ブリギッテ: Pack Qで入る前・撃つ瞬間・失敗時の深掘りメモを追加。
Genji,Moira,100,,83,B,needs_depth,ゲンジ対モイラ: Pack Qで入る前・撃つ瞬間・失敗時の深掘りメモを追加。
Genji,Lúcio,100,,83,B,needs_depth,ゲンジ対ルシオ: Pack Qで入る前・撃つ瞬間・失敗時の深掘りメモを追加。
Genji,Ana,92,first_check,82,B,needs_depth,ゲンジ対アナ: Pack Qで入る前・撃つ瞬間・失敗時の深掘りメモを追加。
Genji,Wuyang,100,,84,B,needs_depth,ゲンジ対ウーヤン: Pack Qで入る前・撃つ瞬間・失敗時の深掘りメモを追加。
Genji,Zenyatta,100,,85,B,needs_depth,ゲンジ対ゼニヤッタ: Pack Qで入る前・撃つ瞬間・失敗時の深掘りメモを追加。
Genji,Mizuki,100,,83,B,needs_depth,ゲンジ対ミズキ: Pack Qで入る前・撃つ瞬間・失敗時の深掘りメモを追加。
Junkrat,D.Va,100,,106,A,stable,ジャンクラット対D.Va: Pack Qで入る前・撃つ瞬間・失敗時の深掘りメモを追加。
Junkrat,Winston,100,,108,A,stable,ジャンクラット対ウィンストン: Pack Qで入る前・撃つ瞬間・失敗時の深掘りメモを追加。
Junkrat,Doomfist,100,,110,A,stable,ジャンクラット対ドゥームフィスト: Pack Qで入る前・撃つ瞬間・失敗時の深掘りメモを追加。
Junkrat,Hazard,100,,106,A,stable,ジャンクラット対ハザード: Pack Qで入る前・撃つ瞬間・失敗時の深掘りメモを追加。
Junkrat,Wrecking Ball,100,,111,A,stable,ジャンクラット対レッキング・ボール: Pack Qで入る前・撃つ瞬間・失敗時の深掘りメモを追加。
Junkrat,Zarya,100,,105,A,stable,ジャンクラット対ザリア: Pack Qで入る前・撃つ瞬間・失敗時の深掘りメモを追加。
Junkrat,Junker Queen,100,,112,A,stable,ジャンクラット対ジャンカー・クイーン: Pack Qで入る前・撃つ瞬間・失敗時の深掘りメモを追加。
Junkrat,Domina,100,,105,A,stable,ジャンクラット対ドミナ: Pack Qで入る前・撃つ瞬間・失敗時の深掘りメモを追加。
Junkrat,Mauga,100,,105,A,stable,ジャンクラット対マウガ: Pack Qで入る前・撃つ瞬間・失敗時の深掘りメモを追加。
Junkrat,Ramattra,100,,107,A,stable,ジャンクラット対ラマットラ: Pack Qで入る前・撃つ瞬間・失敗時の深掘りメモを追加。
Junkrat,Roadhog,100,,108,A,stable,ジャンクラット対ロードホッグ: Pack Qで入る前・撃つ瞬間・失敗時の深掘りメモを追加。
Junkrat,Orisa,100,,106,A,stable,ジャンクラット対オリーサ: Pack Qで入る前・撃つ瞬間・失敗時の深掘りメモを追加。
Junkrat,Sigma,100,,105,A,stable,ジャンクラット対シグマ: Pack Qで入る前・撃つ瞬間・失敗時の深掘りメモを追加。
Junkrat,Reinhardt,100,,108,A,stable,ジャンクラット対ラインハルト: Pack Qで入る前・撃つ瞬間・失敗時の深掘りメモを追加。
Junkrat,Ashe,100,,106,A,stable,ジャンクラット対アッシュ: Pack Qで入る前・撃つ瞬間・失敗時の深掘りメモを追加。
Junkrat,Widowmaker,100,,110,A,stable,ジャンクラット対ウィドウメイカー: Pack Qで入る前・撃つ瞬間・失敗時の深掘りメモを追加。
Junkrat,Emre,100,,105,A,stable,ジャンクラット対エムレ: Pack Qで入る前・撃つ瞬間・失敗時の深掘りメモを追加。
Junkrat,Cassidy,100,,107,A,stable,ジャンクラット対キャスディ: Pack Qで入る前・撃つ瞬間・失敗時の深掘りメモを追加。
Junkrat,Sojourn,100,,107,A,stable,ジャンクラット対ソジョーン: Pack Qで入る前・撃つ瞬間・失敗時の深掘りメモを追加。
Junkrat,Soldier: 76,100,,109,A,stable,ジャンクラット対ソルジャー76: Pack Qで入る前・撃つ瞬間・失敗時の深掘りメモを追加。
Junkrat,Hanzo,100,,106,A,stable,ジャンクラット対ハンゾー: Pack Qで入る前・撃つ瞬間・失敗時の深掘りメモを追加。
Junkrat,Freja,100,,106,A,stable,ジャンクラット対フレイヤ: Pack Qで入る前・撃つ瞬間・失敗時の深掘りメモを追加。
Junkrat,Anran,100,,106,A,stable,ジャンクラット対アンラン: Pack Qで入る前・撃つ瞬間・失敗時の深掘りメモを追加。
Junkrat,Genji,100,,105,A,stable,ジャンクラット対ゲンジ: Pack Qで入る前・撃つ瞬間・失敗時の深掘りメモを追加。
Junkrat,Shion,100,,105,A,stable,ジャンクラット対シオン: Pack Qで入る前・撃つ瞬間・失敗時の深掘りメモを追加。
Junkrat,Sombra,100,,106,A,stable,ジャンクラット対ソンブラ: Pack Qで入る前・撃つ瞬間・失敗時の深掘りメモを追加。
Junkrat,Tracer,100,,107,A,stable,ジャンクラット対トレーサー: Pack Qで入る前・撃つ瞬間・失敗時の深掘りメモを追加。
Junkrat,Venture,100,,107,A,stable,ジャンクラット対ベンチャー: Pack Qで入る前・撃つ瞬間・失敗時の深掘りメモを追加。
Junkrat,Reaper,100,,106,A,stable,ジャンクラット対リーパー: Pack Qで入る前・撃つ瞬間・失敗時の深掘りメモを追加。
Junkrat,Vendetta,100,,108,A,stable,ジャンクラット対ヴェンデッタ: Pack Qで入る前・撃つ瞬間・失敗時の深掘りメモを追加。
Junkrat,Echo,100,,105,A,stable,ジャンクラット対エコー: Pack Qで入る前・撃つ瞬間・失敗時の深掘りメモを追加。
Junkrat,Pharah,100,,105,A,stable,ジャンクラット対ファラ: Pack Qで入る前・撃つ瞬間・失敗時の深掘りメモを追加。
Junkrat,Symmetra,100,,107,A,stable,ジャンクラット対シンメトラ: Pack Qで入る前・撃つ瞬間・失敗時の深掘りメモを追加。
Junkrat,Junkrat,100,,109,A,stable,ジャンクラット対ジャンクラット: Pack Qで入る前・撃つ瞬間・失敗時の深掘りメモを追加。
Junkrat,Torbjörn,100,,109,A,stable,ジャンクラット対トールビョーン: Pack Qで入る前・撃つ瞬間・失敗時の深掘りメモを追加。
Junkrat,Bastion,100,,108,A,stable,ジャンクラット対バスティオン: Pack Qで入る前・撃つ瞬間・失敗時の深掘りメモを追加。
Junkrat,Mei,100,,104,A,stable,ジャンクラット対メイ: Pack Qで入る前・撃つ瞬間・失敗時の深掘りメモを追加。
Junkrat,Illari,100,,106,A,stable,ジャンクラット対イラリー: Pack Qで入る前・撃つ瞬間・失敗時の深掘りメモを追加。
Junkrat,Jetpack Cat,100,,114,A,stable,ジャンクラット対ジェットパック・キャット: Pack Qで入る前・撃つ瞬間・失敗時の深掘りメモを追加。
Junkrat,Juno,100,,105,A,stable,ジャンクラット対ジュノ: Pack Qで入る前・撃つ瞬間・失敗時の深掘りメモを追加。
Junkrat,Baptiste,100,,107,A,stable,ジャンクラット対バティスト: Pack Qで入る前・撃つ瞬間・失敗時の深掘りメモを追加。
Junkrat,Mercy,100,,106,A,stable,ジャンクラット対マーシー: Pack Qで入る前・撃つ瞬間・失敗時の深掘りメモを追加。
Junkrat,Lifeweaver,100,,110,A,stable,ジャンクラット対ライフウィーバー: Pack Qで入る前・撃つ瞬間・失敗時の深掘りメモを追加。
Junkrat,Kiriko,100,,105,A,stable,ジャンクラット対キリコ: Pack Qで入る前・撃つ瞬間・失敗時の深掘りメモを追加。
Junkrat,Brigitte,100,,107,A,stable,ジャンクラット対ブリギッテ: Pack Qで入る前・撃つ瞬間・失敗時の深掘りメモを追加。
Junkrat,Moira,100,,105,A,stable,ジャンクラット対モイラ: Pack Qで入る前・撃つ瞬間・失敗時の深掘りメモを追加。
Junkrat,Lúcio,100,,105,A,stable,ジャンクラット対ルシオ: Pack Qで入る前・撃つ瞬間・失敗時の深掘りメモを追加。
Junkrat,Ana,92,first_check,104,A,stable,ジャンクラット対アナ: Pack Qで入る前・撃つ瞬間・失敗時の深掘りメモを追加。
Junkrat,Wuyang,100,,106,A,stable,ジャンクラット対ウーヤン: Pack Qで入る前・撃つ瞬間・失敗時の深掘りメモを追加。
Junkrat,Zenyatta,100,,107,A,stable,ジャンクラット対ゼニヤッタ: Pack Qで入る前・撃つ瞬間・失敗時の深掘りメモを追加。
Junkrat,Mizuki,100,,105,A,stable,ジャンクラット対ミズキ: Pack Qで入る前・撃つ瞬間・失敗時の深掘りメモを追加。
Pharah,D.Va,100,,101,A,stable,ファラ対D.Va: Pack Qで入る前・撃つ瞬間・失敗時の深掘りメモを追加。
Pharah,Winston,100,,103,A,stable,ファラ対ウィンストン: Pack Qで入る前・撃つ瞬間・失敗時の深掘りメモを追加。
Pharah,Doomfist,100,,105,A,stable,ファラ対ドゥームフィスト: Pack Qで入る前・撃つ瞬間・失敗時の深掘りメモを追加。
Pharah,Hazard,100,,101,A,stable,ファラ対ハザード: Pack Qで入る前・撃つ瞬間・失敗時の深掘りメモを追加。
Pharah,Wrecking Ball,100,,106,A,stable,ファラ対レッキング・ボール: Pack Qで入る前・撃つ瞬間・失敗時の深掘りメモを追加。
Pharah,Zarya,100,,100,A,stable,ファラ対ザリア: Pack Qで入る前・撃つ瞬間・失敗時の深掘りメモを追加。
Pharah,Junker Queen,100,,107,A,stable,ファラ対ジャンカー・クイーン: Pack Qで入る前・撃つ瞬間・失敗時の深掘りメモを追加。
Pharah,Domina,100,,100,A,stable,ファラ対ドミナ: Pack Qで入る前・撃つ瞬間・失敗時の深掘りメモを追加。
Pharah,Mauga,100,,100,A,stable,ファラ対マウガ: Pack Qで入る前・撃つ瞬間・失敗時の深掘りメモを追加。
Pharah,Ramattra,100,,102,A,stable,ファラ対ラマットラ: Pack Qで入る前・撃つ瞬間・失敗時の深掘りメモを追加。
Pharah,Roadhog,100,,103,A,stable,ファラ対ロードホッグ: Pack Qで入る前・撃つ瞬間・失敗時の深掘りメモを追加。
Pharah,Orisa,100,,101,A,stable,ファラ対オリーサ: Pack Qで入る前・撃つ瞬間・失敗時の深掘りメモを追加。
Pharah,Sigma,100,,100,A,stable,ファラ対シグマ: Pack Qで入る前・撃つ瞬間・失敗時の深掘りメモを追加。
Pharah,Reinhardt,100,,103,A,stable,ファラ対ラインハルト: Pack Qで入る前・撃つ瞬間・失敗時の深掘りメモを追加。
Pharah,Ashe,100,,101,A,stable,ファラ対アッシュ: Pack Qで入る前・撃つ瞬間・失敗時の深掘りメモを追加。
Pharah,Widowmaker,100,,105,A,stable,ファラ対ウィドウメイカー: Pack Qで入る前・撃つ瞬間・失敗時の深掘りメモを追加。
Pharah,Emre,100,,100,A,stable,ファラ対エムレ: Pack Qで入る前・撃つ瞬間・失敗時の深掘りメモを追加。
Pharah,Cassidy,100,,102,A,stable,ファラ対キャスディ: Pack Qで入る前・撃つ瞬間・失敗時の深掘りメモを追加。
Pharah,Sojourn,100,,102,A,stable,ファラ対ソジョーン: Pack Qで入る前・撃つ瞬間・失敗時の深掘りメモを追加。
Pharah,Soldier: 76,100,,104,A,stable,ファラ対ソルジャー76: Pack Qで入る前・撃つ瞬間・失敗時の深掘りメモを追加。
Pharah,Hanzo,100,,101,A,stable,ファラ対ハンゾー: Pack Qで入る前・撃つ瞬間・失敗時の深掘りメモを追加。
Pharah,Freja,100,,101,A,stable,ファラ対フレイヤ: Pack Qで入る前・撃つ瞬間・失敗時の深掘りメモを追加。
Pharah,Anran,100,,101,A,stable,ファラ対アンラン: Pack Qで入る前・撃つ瞬間・失敗時の深掘りメモを追加。
Pharah,Genji,100,,100,A,stable,ファラ対ゲンジ: Pack Qで入る前・撃つ瞬間・失敗時の深掘りメモを追加。
Pharah,Shion,100,,100,A,stable,ファラ対シオン: Pack Qで入る前・撃つ瞬間・失敗時の深掘りメモを追加。
Pharah,Sombra,100,,101,A,stable,ファラ対ソンブラ: Pack Qで入る前・撃つ瞬間・失敗時の深掘りメモを追加。
Pharah,Tracer,100,,102,A,stable,ファラ対トレーサー: Pack Qで入る前・撃つ瞬間・失敗時の深掘りメモを追加。
Pharah,Venture,100,,102,A,stable,ファラ対ベンチャー: Pack Qで入る前・撃つ瞬間・失敗時の深掘りメモを追加。
Pharah,Reaper,100,,101,A,stable,ファラ対リーパー: Pack Qで入る前・撃つ瞬間・失敗時の深掘りメモを追加。
Pharah,Vendetta,100,,103,A,stable,ファラ対ヴェンデッタ: Pack Qで入る前・撃つ瞬間・失敗時の深掘りメモを追加。
Pharah,Echo,100,,100,A,stable,ファラ対エコー: Pack Qで入る前・撃つ瞬間・失敗時の深掘りメモを追加。
Pharah,Pharah,100,,100,A,stable,ファラ対ファラ: Pack Qで入る前・撃つ瞬間・失敗時の深掘りメモを追加。
Pharah,Symmetra,100,,102,A,stable,ファラ対シンメトラ: Pack Qで入る前・撃つ瞬間・失敗時の深掘りメモを追加。
Pharah,Junkrat,100,,104,A,stable,ファラ対ジャンクラット: Pack Qで入る前・撃つ瞬間・失敗時の深掘りメモを追加。
Pharah,Torbjörn,100,,104,A,stable,ファラ対トールビョーン: Pack Qで入る前・撃つ瞬間・失敗時の深掘りメモを追加。
Pharah,Bastion,100,,103,A,stable,ファラ対バスティオン: Pack Qで入る前・撃つ瞬間・失敗時の深掘りメモを追加。
Pharah,Mei,100,,99,A,stable,ファラ対メイ: Pack Qで入る前・撃つ瞬間・失敗時の深掘りメモを追加。
Pharah,Illari,100,,101,A,stable,ファラ対イラリー: Pack Qで入る前・撃つ瞬間・失敗時の深掘りメモを追加。
Pharah,Jetpack Cat,100,,109,A,stable,ファラ対ジェットパック・キャット: Pack Qで入る前・撃つ瞬間・失敗時の深掘りメモを追加。
Pharah,Juno,100,,100,A,stable,ファラ対ジュノ: Pack Qで入る前・撃つ瞬間・失敗時の深掘りメモを追加。
Pharah,Baptiste,100,,102,A,stable,ファラ対バティスト: Pack Qで入る前・撃つ瞬間・失敗時の深掘りメモを追加。
Pharah,Mercy,100,,101,A,stable,ファラ対マーシー: Pack Qで入る前・撃つ瞬間・失敗時の深掘りメモを追加。
Pharah,Lifeweaver,100,,105,A,stable,ファラ対ライフウィーバー: Pack Qで入る前・撃つ瞬間・失敗時の深掘りメモを追加。
Pharah,Kiriko,100,,100,A,stable,ファラ対キリコ: Pack Qで入る前・撃つ瞬間・失敗時の深掘りメモを追加。
Pharah,Brigitte,100,,102,A,stable,ファラ対ブリギッテ: Pack Qで入る前・撃つ瞬間・失敗時の深掘りメモを追加。
Pharah,Moira,100,,100,A,stable,ファラ対モイラ: Pack Qで入る前・撃つ瞬間・失敗時の深掘りメモを追加。
Pharah,Lúcio,100,,100,A,stable,ファラ対ルシオ: Pack Qで入る前・撃つ瞬間・失敗時の深掘りメモを追加。
Pharah,Ana,92,first_check,99,A,stable,ファラ対アナ: Pack Qで入る前・撃つ瞬間・失敗時の深掘りメモを追加。
Pharah,Wuyang,100,,101,A,stable,ファラ対ウーヤン: Pack Qで入る前・撃つ瞬間・失敗時の深掘りメモを追加。
Pharah,Zenyatta,100,,102,A,stable,ファラ対ゼニヤッタ: Pack Qで入る前・撃つ瞬間・失敗時の深掘りメモを追加。
Pharah,Mizuki,100,,100,A,stable,ファラ対ミズキ: Pack Qで入る前・撃つ瞬間・失敗時の深掘りメモを追加。
Echo,D.Va,100,,92,A,stable,エコー対D.Va: Pack Qで入る前・撃つ瞬間・失敗時の深掘りメモを追加。
Echo,Winston,100,,94,A,stable,エコー対ウィンストン: Pack Qで入る前・撃つ瞬間・失敗時の深掘りメモを追加。
Echo,Doomfist,100,,96,A,stable,エコー対ドゥームフィスト: Pack Qで入る前・撃つ瞬間・失敗時の深掘りメモを追加。
Echo,Hazard,100,,92,A,stable,エコー対ハザード: Pack Qで入る前・撃つ瞬間・失敗時の深掘りメモを追加。
Echo,Wrecking Ball,100,,97,A,stable,エコー対レッキング・ボール: Pack Qで入る前・撃つ瞬間・失敗時の深掘りメモを追加。
Echo,Zarya,100,,91,A,stable,エコー対ザリア: Pack Qで入る前・撃つ瞬間・失敗時の深掘りメモを追加。
Echo,Junker Queen,100,,98,A,stable,エコー対ジャンカー・クイーン: Pack Qで入る前・撃つ瞬間・失敗時の深掘りメモを追加。
Echo,Domina,100,,91,A,stable,エコー対ドミナ: Pack Qで入る前・撃つ瞬間・失敗時の深掘りメモを追加。
Echo,Mauga,100,,91,A,stable,エコー対マウガ: Pack Qで入る前・撃つ瞬間・失敗時の深掘りメモを追加。
Echo,Ramattra,100,,93,A,stable,エコー対ラマットラ: Pack Qで入る前・撃つ瞬間・失敗時の深掘りメモを追加。
Echo,Roadhog,100,,94,A,stable,エコー対ロードホッグ: Pack Qで入る前・撃つ瞬間・失敗時の深掘りメモを追加。
Echo,Orisa,100,,92,A,stable,エコー対オリーサ: Pack Qで入る前・撃つ瞬間・失敗時の深掘りメモを追加。
Echo,Sigma,100,,91,A,stable,エコー対シグマ: Pack Qで入る前・撃つ瞬間・失敗時の深掘りメモを追加。
Echo,Reinhardt,100,,94,A,stable,エコー対ラインハルト: Pack Qで入る前・撃つ瞬間・失敗時の深掘りメモを追加。
Echo,Ashe,100,,92,A,stable,エコー対アッシュ: Pack Qで入る前・撃つ瞬間・失敗時の深掘りメモを追加。
Echo,Widowmaker,100,,96,A,stable,エコー対ウィドウメイカー: Pack Qで入る前・撃つ瞬間・失敗時の深掘りメモを追加。
Echo,Emre,100,,91,A,stable,エコー対エムレ: Pack Qで入る前・撃つ瞬間・失敗時の深掘りメモを追加。
Echo,Cassidy,100,,93,A,stable,エコー対キャスディ: Pack Qで入る前・撃つ瞬間・失敗時の深掘りメモを追加。
Echo,Sojourn,100,,93,A,stable,エコー対ソジョーン: Pack Qで入る前・撃つ瞬間・失敗時の深掘りメモを追加。
Echo,Soldier: 76,100,,95,A,stable,エコー対ソルジャー76: Pack Qで入る前・撃つ瞬間・失敗時の深掘りメモを追加。
Echo,Hanzo,100,,92,A,stable,エコー対ハンゾー: Pack Qで入る前・撃つ瞬間・失敗時の深掘りメモを追加。
Echo,Freja,100,,92,A,stable,エコー対フレイヤ: Pack Qで入る前・撃つ瞬間・失敗時の深掘りメモを追加。
Echo,Anran,100,,92,A,stable,エコー対アンラン: Pack Qで入る前・撃つ瞬間・失敗時の深掘りメモを追加。
Echo,Genji,100,,91,A,stable,エコー対ゲンジ: Pack Qで入る前・撃つ瞬間・失敗時の深掘りメモを追加。
Echo,Shion,100,,91,A,stable,エコー対シオン: Pack Qで入る前・撃つ瞬間・失敗時の深掘りメモを追加。
Echo,Sombra,100,,92,A,stable,エコー対ソンブラ: Pack Qで入る前・撃つ瞬間・失敗時の深掘りメモを追加。
Echo,Tracer,100,,93,A,stable,エコー対トレーサー: Pack Qで入る前・撃つ瞬間・失敗時の深掘りメモを追加。
Echo,Venture,100,,93,A,stable,エコー対ベンチャー: Pack Qで入る前・撃つ瞬間・失敗時の深掘りメモを追加。
Echo,Reaper,100,,92,A,stable,エコー対リーパー: Pack Qで入る前・撃つ瞬間・失敗時の深掘りメモを追加。
Echo,Vendetta,100,,94,A,stable,エコー対ヴェンデッタ: Pack Qで入る前・撃つ瞬間・失敗時の深掘りメモを追加。
Echo,Echo,100,,91,A,stable,エコー対エコー: Pack Qで入る前・撃つ瞬間・失敗時の深掘りメモを追加。
Echo,Pharah,100,,91,A,stable,エコー対ファラ: Pack Qで入る前・撃つ瞬間・失敗時の深掘りメモを追加。
Echo,Symmetra,100,,93,A,stable,エコー対シンメトラ: Pack Qで入る前・撃つ瞬間・失敗時の深掘りメモを追加。
Echo,Junkrat,100,,95,A,stable,エコー対ジャンクラット: Pack Qで入る前・撃つ瞬間・失敗時の深掘りメモを追加。
Echo,Torbjörn,100,,95,A,stable,エコー対トールビョーン: Pack Qで入る前・撃つ瞬間・失敗時の深掘りメモを追加。
Echo,Bastion,100,,94,A,stable,エコー対バスティオン: Pack Qで入る前・撃つ瞬間・失敗時の深掘りメモを追加。
Echo,Mei,100,,90,A,stable,エコー対メイ: Pack Qで入る前・撃つ瞬間・失敗時の深掘りメモを追加。
Echo,Illari,100,,92,A,stable,エコー対イラリー: Pack Qで入る前・撃つ瞬間・失敗時の深掘りメモを追加。
Echo,Jetpack Cat,100,,100,A,stable,エコー対ジェットパック・キャット: Pack Qで入る前・撃つ瞬間・失敗時の深掘りメモを追加。
Echo,Juno,100,,91,A,stable,エコー対ジュノ: Pack Qで入る前・撃つ瞬間・失敗時の深掘りメモを追加。
Echo,Baptiste,100,,93,A,stable,エコー対バティスト: Pack Qで入る前・撃つ瞬間・失敗時の深掘りメモを追加。
Echo,Mercy,100,,92,A,stable,エコー対マーシー: Pack Qで入る前・撃つ瞬間・失敗時の深掘りメモを追加。
Echo,Lifeweaver,100,,96,A,stable,エコー対ライフウィーバー: Pack Qで入る前・撃つ瞬間・失敗時の深掘りメモを追加。
Echo,Kiriko,100,,91,A,stable,エコー対キリコ: Pack Qで入る前・撃つ瞬間・失敗時の深掘りメモを追加。
Echo,Brigitte,100,,93,A,stable,エコー対ブリギッテ: Pack Qで入る前・撃つ瞬間・失敗時の深掘りメモを追加。
Echo,Moira,100,,91,A,stable,エコー対モイラ: Pack Qで入る前・撃つ瞬間・失敗時の深掘りメモを追加。
Echo,Lúcio,100,,91,A,stable,エコー対ルシオ: Pack Qで入る前・撃つ瞬間・失敗時の深掘りメモを追加。
Echo,Ana,92,first_check,90,A,stable,エコー対アナ: Pack Qで入る前・撃つ瞬間・失敗時の深掘りメモを追加。
Echo,Wuyang,100,,92,A,stable,エコー対ウーヤン: Pack Qで入る前・撃つ瞬間・失敗時の深掘りメモを追加。
Echo,Zenyatta,100,,93,A,stable,エコー対ゼニヤッタ: Pack Qで入る前・撃つ瞬間・失敗時の深掘りメモを追加。
Echo,Mizuki,100,,91,A,stable,エコー対ミズキ: Pack Qで入る前・撃つ瞬間・失敗時の深掘りメモを追加。
Emre,D.Va,100,,89,A,stable,エムレ対D.Va: Pack Qで入る前・撃つ瞬間・失敗時の深掘りメモを追加。
Emre,Winston,100,,91,A,stable,エムレ対ウィンストン: Pack Qで入る前・撃つ瞬間・失敗時の深掘りメモを追加。
Emre,Doomfist,100,,93,A,stable,エムレ対ドゥームフィスト: Pack Qで入る前・撃つ瞬間・失敗時の深掘りメモを追加。
Emre,Hazard,100,,89,A,stable,エムレ対ハザード: Pack Qで入る前・撃つ瞬間・失敗時の深掘りメモを追加。
Emre,Wrecking Ball,100,,94,A,stable,エムレ対レッキング・ボール: Pack Qで入る前・撃つ瞬間・失敗時の深掘りメモを追加。
Emre,Zarya,100,,88,A,stable,エムレ対ザリア: Pack Qで入る前・撃つ瞬間・失敗時の深掘りメモを追加。
Emre,Junker Queen,100,,95,A,stable,エムレ対ジャンカー・クイーン: Pack Qで入る前・撃つ瞬間・失敗時の深掘りメモを追加。
Emre,Domina,100,,88,A,stable,エムレ対ドミナ: Pack Qで入る前・撃つ瞬間・失敗時の深掘りメモを追加。
Emre,Mauga,100,,88,A,stable,エムレ対マウガ: Pack Qで入る前・撃つ瞬間・失敗時の深掘りメモを追加。
Emre,Ramattra,100,,90,A,stable,エムレ対ラマットラ: Pack Qで入る前・撃つ瞬間・失敗時の深掘りメモを追加。
Emre,Roadhog,100,,91,A,stable,エムレ対ロードホッグ: Pack Qで入る前・撃つ瞬間・失敗時の深掘りメモを追加。
Emre,Orisa,100,,89,A,stable,エムレ対オリーサ: Pack Qで入る前・撃つ瞬間・失敗時の深掘りメモを追加。
Emre,Sigma,100,,88,A,stable,エムレ対シグマ: Pack Qで入る前・撃つ瞬間・失敗時の深掘りメモを追加。
Emre,Reinhardt,100,,91,A,stable,エムレ対ラインハルト: Pack Qで入る前・撃つ瞬間・失敗時の深掘りメモを追加。
Emre,Ashe,100,,89,A,stable,エムレ対アッシュ: Pack Qで入る前・撃つ瞬間・失敗時の深掘りメモを追加。
Emre,Widowmaker,100,,93,A,stable,エムレ対ウィドウメイカー: Pack Qで入る前・撃つ瞬間・失敗時の深掘りメモを追加。
Emre,Emre,100,,88,A,stable,エムレ対エムレ: Pack Qで入る前・撃つ瞬間・失敗時の深掘りメモを追加。
Emre,Cassidy,100,,90,A,stable,エムレ対キャスディ: Pack Qで入る前・撃つ瞬間・失敗時の深掘りメモを追加。
Emre,Sojourn,100,,90,A,stable,エムレ対ソジョーン: Pack Qで入る前・撃つ瞬間・失敗時の深掘りメモを追加。
Emre,Soldier: 76,100,,92,A,stable,エムレ対ソルジャー76: Pack Qで入る前・撃つ瞬間・失敗時の深掘りメモを追加。
Emre,Hanzo,100,,89,A,stable,エムレ対ハンゾー: Pack Qで入る前・撃つ瞬間・失敗時の深掘りメモを追加。
Emre,Freja,100,,89,A,stable,エムレ対フレイヤ: Pack Qで入る前・撃つ瞬間・失敗時の深掘りメモを追加。
Emre,Anran,100,,89,A,stable,エムレ対アンラン: Pack Qで入る前・撃つ瞬間・失敗時の深掘りメモを追加。
Emre,Genji,100,,88,A,stable,エムレ対ゲンジ: Pack Qで入る前・撃つ瞬間・失敗時の深掘りメモを追加。
Emre,Shion,100,,88,A,stable,エムレ対シオン: Pack Qで入る前・撃つ瞬間・失敗時の深掘りメモを追加。
Emre,Sombra,100,,89,A,stable,エムレ対ソンブラ: Pack Qで入る前・撃つ瞬間・失敗時の深掘りメモを追加。
Emre,Tracer,100,,90,A,stable,エムレ対トレーサー: Pack Qで入る前・撃つ瞬間・失敗時の深掘りメモを追加。
Emre,Venture,100,,90,A,stable,エムレ対ベンチャー: Pack Qで入る前・撃つ瞬間・失敗時の深掘りメモを追加。
Emre,Reaper,100,,89,A,stable,エムレ対リーパー: Pack Qで入る前・撃つ瞬間・失敗時の深掘りメモを追加。
Emre,Vendetta,100,,91,A,stable,エムレ対ヴェンデッタ: Pack Qで入る前・撃つ瞬間・失敗時の深掘りメモを追加。
Emre,Echo,100,,88,A,stable,エムレ対エコー: Pack Qで入る前・撃つ瞬間・失敗時の深掘りメモを追加。
Emre,Pharah,100,,88,A,stable,エムレ対ファラ: Pack Qで入る前・撃つ瞬間・失敗時の深掘りメモを追加。
Emre,Symmetra,100,,90,A,stable,エムレ対シンメトラ: Pack Qで入る前・撃つ瞬間・失敗時の深掘りメモを追加。
Emre,Junkrat,100,,92,A,stable,エムレ対ジャンクラット: Pack Qで入る前・撃つ瞬間・失敗時の深掘りメモを追加。
Emre,Torbjörn,100,,92,A,stable,エムレ対トールビョーン: Pack Qで入る前・撃つ瞬間・失敗時の深掘りメモを追加。
Emre,Bastion,100,,91,A,stable,エムレ対バスティオン: Pack Qで入る前・撃つ瞬間・失敗時の深掘りメモを追加。
Emre,Mei,100,,87,A,stable,エムレ対メイ: Pack Qで入る前・撃つ瞬間・失敗時の深掘りメモを追加。
Emre,Illari,100,,89,A,stable,エムレ対イラリー: Pack Qで入る前・撃つ瞬間・失敗時の深掘りメモを追加。
Emre,Jetpack Cat,100,,97,A,stable,エムレ対ジェットパック・キャット: Pack Qで入る前・撃つ瞬間・失敗時の深掘りメモを追加。
Emre,Juno,100,,88,A,stable,エムレ対ジュノ: Pack Qで入る前・撃つ瞬間・失敗時の深掘りメモを追加。
Emre,Baptiste,100,,90,A,stable,エムレ対バティスト: Pack Qで入る前・撃つ瞬間・失敗時の深掘りメモを追加。
Emre,Mercy,100,,89,A,stable,エムレ対マーシー: Pack Qで入る前・撃つ瞬間・失敗時の深掘りメモを追加。
Emre,Lifeweaver,100,,93,A,stable,エムレ対ライフウィーバー: Pack Qで入る前・撃つ瞬間・失敗時の深掘りメモを追加。
Emre,Kiriko,100,,88,A,stable,エムレ対キリコ: Pack Qで入る前・撃つ瞬間・失敗時の深掘りメモを追加。
Emre,Brigitte,100,,90,A,stable,エムレ対ブリギッテ: Pack Qで入る前・撃つ瞬間・失敗時の深掘りメモを追加。
Emre,Moira,100,,88,A,stable,エムレ対モイラ: Pack Qで入る前・撃つ瞬間・失敗時の深掘りメモを追加。
Emre,Lúcio,100,,88,A,stable,エムレ対ルシオ: Pack Qで入る前・撃つ瞬間・失敗時の深掘りメモを追加。
Emre,Ana,92,first_check,87,A,stable,エムレ対アナ: Pack Qで入る前・撃つ瞬間・失敗時の深掘りメモを追加。
Emre,Wuyang,100,,89,A,stable,エムレ対ウーヤン: Pack Qで入る前・撃つ瞬間・失敗時の深掘りメモを追加。
Emre,Zenyatta,100,,90,A,stable,エムレ対ゼニヤッタ: Pack Qで入る前・撃つ瞬間・失敗時の深掘りメモを追加。
Emre,Mizuki,100,,88,A,stable,エムレ対ミズキ: Pack Qで入る前・撃つ瞬間・失敗時の深掘りメモを追加。
