hero_id,reaper_comp_stats.threat_reaper,reaper_comp_stats.close_range_value,reaper_comp_stats.wraith_form_value,reaper_comp_stats.shadow_step_value,reaper_comp_stats.death_blossom_denial,reaper_comp_stats.frontline_pressure_value,reaper_comp_stats.matchup_rating,reaper_comp_stats.priority_score,reaper_comp_stats.self_heal_duel_value,composition_tags,key_enemy_skills.respect,key_enemy_skills.punish_after,key_enemy_skills.death_blossom_check,diagnosis_snippets.core_plan,diagnosis_snippets.watch_moment,diagnosis_snippets.ultimate_note,diagnosis_snippets.sombra_hack_note,diagnosis_snippets.cross_target_note,diagnosis_snippets.self_heal_policy,cross_target_recalibration.version,cross_target_recalibration.enemy_threat,cross_target_recalibration.target_matchup_rating,cross_target_recalibration.matchup_type,cross_target_recalibration,torbjorn_reassessment_note,reaper_comp_stats.mirror_matchup_v41,diagnosis_snippets.mirror_matchup_note,diagnosis_snippets.mirror_diff_points,cross_target_recalibration.diff_points
D.Va,6,8,6,4,6,8,7,7,7,"[""frontline_farm"", ""mobility_threat"", ""self_heal_favorable""]","[""ディフェンス・マトリックス"", ""ブースター""]","[""ブースター"", ""ディフェンス・マトリックス""]","[""ディフェンス・マトリックス"", ""ブースター""]",D.Vaは体が大きく、近距離でヘルファイア・ショットガンを当て続けやすい。相手の継続火力が低い場面では通常射撃の回復込みで有利を作りやすいが、退路のレイス・フォームは残す。,ブースター、ディフェンス・マトリックスの後,デス・ブロッサムはD.Vaのディフェンス・マトリックス、ブースターを確認してから使う。キル目的だけでなく、敵を遮蔽から下げる制圧にも使う。,,,,,,,,,,,,,
Winston,6,9,6,4,5,9,8,5,8,"[""frontline_farm"", ""mobility_threat"", ""self_heal_favorable""]","[""バリア・プロジェクター"", ""ジャンプ・パック"", ""テスラ・キャノン""]","[""ジャンプ・パック"", ""バリア・プロジェクター""]","[""バリア・プロジェクター"", ""テスラ・キャノン"", ""ジャンプ・パック""]",ウィンストンは体が大きく、近距離でヘルファイア・ショットガンを当て続けやすい。相手の継続火力が低い場面では通常射撃の回復込みで有利を作りやすいが、退路のレイス・フォームは残す。,ジャンプ・パック、バリア・プロジェクターの後,デス・ブロッサムはウィンストンのバリア・プロジェクター、テスラ・キャノン、ジャンプ・パックを確認してから使う。キル目的だけでなく、敵を遮蔽から下げる制圧にも使う。,,,,,,,,,,,,,
Orisa,5,9,8,5,6,9,8,8,5,"[""frontline_farm""]","[""フォーティファイ"", ""ジャベリン・スピン"", ""エネルギー・ジャベリン""]","[""エネルギー・ジャベリン"", ""フォーティファイ"", ""ジャベリン・スピン""]","[""フォーティファイ"", ""ジャベリン・スピン"", ""エネルギー・ジャベリン""]",オリーサはリーパーが圧を出しやすい対象。正面で無理に追い切らず、味方タンクが当たる瞬間に近距離へ入り、ヘルファイア・ショットガンで体力と回復リソースを削る。,エネルギー・ジャベリン、フォーティファイ、ジャベリン・スピンの後,デス・ブロッサムはオリーサのフォーティファイ、ジャベリン・スピン、エネルギー・ジャベリンを確認してから使う。キル目的だけでなく、敵を遮蔽から下げる制圧にも使う。,,,,,,,,,,,,,
Zarya,3,9,7,5,7,9,9,7,7,"[""frontline_farm"", ""self_heal_favorable""]","[""パーティクル・バリア"", ""バリア・ショット"", ""グラビトン・サージ""]","[""パーティクル・バリア"", ""バリア・ショット""]","[""パーティクル・バリア"", ""バリア・ショット"", ""グラビトン・サージ""]",ザリアは体が大きく、近距離でヘルファイア・ショットガンを当て続けやすい。相手の継続火力が低い場面では通常射撃の回復込みで有利を作りやすいが、退路のレイス・フォームは残す。,パーティクル・バリア、バリア・ショットの後,デス・ブロッサムはザリアのパーティクル・バリア、バリア・ショット、グラビトン・サージを確認してから使う。キル目的だけでなく、敵を遮蔽から下げる制圧にも使う。,,,,,,,,,,,,,
Sigma,5,9,8,5,7,9,8,8,7,"[""frontline_farm"", ""self_heal_favorable""]","[""エクスペリメンタル・バリア"", ""キネティック・グラスプ"", ""アクリーション""]","[""アクリーション"", ""エクスペリメンタル・バリア"", ""キネティック・グラスプ""]","[""エクスペリメンタル・バリア"", ""キネティック・グラスプ"", ""アクリーション""]",シグマは体が大きく、近距離でヘルファイア・ショットガンを当て続けやすい。相手の継続火力が低い場面では通常射撃の回復込みで有利を作りやすいが、退路のレイス・フォームは残す。,アクリーション、エクスペリメンタル・バリア、キネティック・グラスプの後,デス・ブロッサムはシグマのエクスペリメンタル・バリア、キネティック・グラスプ、アクリーションを確認してから使う。キル目的だけでなく、敵を遮蔽から下げる制圧にも使う。,,,,,,,,,,,,,
Junker Queen,5,9,9,5,4,9,8,8,5,"[""frontline_farm""]","[""ランペイジ""]","[""ギザギザブレード"", ""カーネイジ""]","[""ランペイジ""]",ジャンカー・クイーンはリーパーが圧を出しやすい対象。正面で無理に追い切らず、味方タンクが当たる瞬間に近距離へ入り、ヘルファイア・ショットガンで体力と回復リソースを削る。,ギザギザブレード、カーネイジの後,デス・ブロッサムはジャンカー・クイーンのランペイジを確認してから使う。キル目的だけでなく、敵を遮蔽から下げる制圧にも使う。,,,,,,,,,,,,,
Doomfist,8,7,9,4,4,7,6,6,6,"[""frontline_farm"", ""mobility_threat"", ""self_heal_favorable""]","[""パワー・ブロック"", ""サイズミック・スラム"", ""ロケット・パンチ""]","[""ロケット・パンチ"", ""サイズミック・スラム"", ""パワー・ブロック""]","[""パワー・ブロック"", ""ロケット・パンチ"", ""サイズミック・スラム""]",ドゥームフィストは体が大きく、近距離でヘルファイア・ショットガンを当て続けやすい。相手の継続火力が低い場面では通常射撃の回復込みで有利を作りやすいが、退路のレイス・フォームは残す。,ロケット・パンチ、サイズミック・スラム、パワー・ブロックの後,デス・ブロッサムはドゥームフィストのパワー・ブロック、ロケット・パンチ、サイズミック・スラムを確認してから使う。キル目的だけでなく、敵を遮蔽から下げる制圧にも使う。,,,,,,,,,,,,,
Domina,3,9,6,5,4,9,9,7,8,"[""frontline_farm"", ""self_heal_favorable""]","[""バリア・アレイ"", ""パノプティコン""]","[""クリスタル・チャージ"", ""ソニック・リパルサー"", ""バリア・アレイ""]","[""バリア・アレイ"", ""パノプティコン""]",ドミナは体が大きく、近距離でヘルファイア・ショットガンを当て続けやすい。相手の継続火力が低い場面では通常射撃の回復込みで有利を作りやすいが、退路のレイス・フォームは残す。,クリスタル・チャージ、ソニック・リパルサー、バリア・アレイの後,デス・ブロッサムはドミナのバリア・アレイ、パノプティコンを確認してから使う。キル目的だけでなく、敵を遮蔽から下げる制圧にも使う。,,,,,,,,,,,,,
Hazard,6,8,7,4,4,8,7,5,7,"[""frontline_farm"", ""mobility_threat"", ""self_heal_favorable""]","[""スパイク・ガード"", ""ヴァイオレント・リープ"", ""ジャギー・ウォール""]","[""ヴァイオレント・リープ"", ""ジャギー・ウォール"", ""スパイク・ガード""]","[""スパイク・ガード"", ""ジャギー・ウォール"", ""ヴァイオレント・リープ""]",ハザードは体が大きく、近距離でヘルファイア・ショットガンを当て続けやすい。相手の継続火力が低い場面では通常射撃の回復込みで有利を作りやすいが、退路のレイス・フォームは残す。,ヴァイオレント・リープ、ジャギー・ウォール、スパイク・ガードの後,デス・ブロッサムはハザードのスパイク・ガード、ジャギー・ウォール、ヴァイオレント・リープを確認してから使う。キル目的だけでなく、敵を遮蔽から下げる制圧にも使う。,,,,,,,,,,,,,
Mauga,5,9,9,5,4,9,8,8,5,"[""frontline_farm""]","[""カーディアック・オーバードライブ"", ""ケージ・ファイト""]","[""オーバーラン"", ""カーディアック・オーバードライブ""]","[""カーディアック・オーバードライブ"", ""ケージ・ファイト""]",マウガはリーパーが圧を出しやすい対象。正面で無理に追い切らず、味方タンクが当たる瞬間に近距離へ入り、ヘルファイア・ショットガンで体力と回復リソースを削る。,オーバーラン、カーディアック・オーバードライブの後,デス・ブロッサムはマウガのカーディアック・オーバードライブ、ケージ・ファイトを確認してから使う。キル目的だけでなく、敵を遮蔽から下げる制圧にも使う。,,,,,,,,,,,,,
Reinhardt,3,9,7,5,6,9,9,7,9,"[""frontline_farm"", ""self_heal_favorable""]","[""バリア・フィールド"", ""アースシャター""]","[""チャージ"", ""バリア・フィールド""]","[""バリア・フィールド"", ""アースシャター""]",ラインハルトは体が大きく、近距離でヘルファイア・ショットガンを当て続けやすい。相手の継続火力が低い場面では通常射撃の回復込みで有利を作りやすいが、退路のレイス・フォームは残す。,チャージ、バリア・フィールドの後,デス・ブロッサムはラインハルトのバリア・フィールド、アースシャターを確認してから使う。キル目的だけでなく、敵を遮蔽から下げる制圧にも使う。,,,,,,,,,,,,,
Ramattra,3,9,6,5,4,9,9,7,8,"[""frontline_farm"", ""self_heal_favorable""]","[""ヴォイド・バリア"", ""ブロック"", ""アナイアレーション""]","[""ネメシス・フォーム"", ""貪欲な渦"", ""ヴォイド・バリア""]","[""ヴォイド・バリア"", ""ブロック"", ""アナイアレーション""]",ラマットラは体が大きく、近距離でヘルファイア・ショットガンを当て続けやすい。相手の継続火力が低い場面では通常射撃の回復込みで有利を作りやすいが、退路のレイス・フォームは残す。,ネメシス・フォーム、貪欲な渦、ヴォイド・バリアの後,デス・ブロッサムはラマットラのヴォイド・バリア、ブロック、アナイアレーションを確認してから使う。キル目的だけでなく、敵を遮蔽から下げる制圧にも使う。,,,,,,,,,,,,,
Wrecking Ball,6,8,6,4,4,8,7,5,7,"[""frontline_farm"", ""mobility_threat"", ""self_heal_favorable""]","[""アダプティブ・シールド"", ""グラップリング・クロー"", ""ロール""]","[""グラップリング・クロー"", ""パイルドライバー"", ""ロール""]","[""アダプティブ・シールド"", ""パイルドライバー"", ""グラップリング・クロー""]",レッキング・ボールは体が大きく、近距離でヘルファイア・ショットガンを当て続けやすい。相手の継続火力が低い場面では通常射撃の回復込みで有利を作りやすいが、退路のレイス・フォームは残す。,グラップリング・クロー、パイルドライバー、ロールの後,デス・ブロッサムはレッキング・ボールのアダプティブ・シールド、パイルドライバー、グラップリング・クローを確認してから使う。キル目的だけでなく、敵を遮蔽から下げる制圧にも使う。,,,,,,,,,,,,,
Roadhog,5,9,9,5,4,9,8,8,5,"[""frontline_farm""]","[""チェイン・フック""]","[""チェイン・フック"", ""ピッグペン""]","[""チェイン・フック""]",ロードホッグはリーパーが圧を出しやすい対象。正面で無理に追い切らず、味方タンクが当たる瞬間に近距離へ入り、ヘルファイア・ショットガンで体力と回復リソースを削る。,チェイン・フック、ピッグペンの後,デス・ブロッサムはロードホッグのチェイン・フックを確認してから使う。キル目的だけでなく、敵を遮蔽から下げる制圧にも使う。,,,,,,,,,,,,,
Ashe,7,7,7,8,4,5,5,6,4,"[""long_sightline_avoid"", ""cross_target_recalibrated_v41""]","[""コーチ・ガン"", ""B.O.B""]","[""ダイナマイト"", ""コーチ・ガン""]","[""B.O.B"", ""コーチ・ガン""]",アッシュの長い射線では撃ち合わない。正面移動ではなく、遮蔽裏のルートからシャドウ・ステップで近い遮蔽位置を取り、接近できた時だけ一気に削る。,ダイナマイト、コーチ・ガンの後,デス・ブロッサムはアッシュのB.O.B、コーチ・ガンを確認してから使う。キル目的だけでなく、敵を遮蔽から下げる制圧にも使う。,,アッシュの高台とコーチ・ガンが危険。リーパーは見られた正面移動を避け、シャドウ・ステップで近い遮蔽位置を取る。,通常射撃回復は接近後に有効。高台から削られる時間を短くし、コーチ・ガン後に詰め直す。,v41,7,5,高台接近・距離詰め,,,,,,
Anran,6,4,6,4,4,5,6,5,5,"[""mobility_threat""]","[""熠閃舞"", ""朱魂返"", ""焚身焔""]","[""怒炎衝"", ""朱羽焚"", ""熠閃舞""]","[""焚身焔"", ""熠閃舞"", ""朱魂返""]",アンランは動き出しを追うより、近づいてきた瞬間を撃つ。レイス・フォームを先に使わず、相手の接近スキル後に体力差を作ってから退く。,怒炎衝、朱羽焚、熠閃舞の後,デス・ブロッサムはアンランの焚身焔、熠閃舞、朱魂返を確認してから使う。キル目的だけでなく、敵を遮蔽から下げる制圧にも使う。,,,,,,,,,,,,,
Widowmaker,7,4,6,7,4,5,4,5,5,"[""long_sightline_avoid""]","[""グラップリング・フック"", ""ウィドウズ・キス""]","[""ヴェノム・マイン"", ""グラップリング・フック""]","[""ウィドウズ・キス"", ""グラップリング・フック""]",ウィドウメイカーの長い射線では撃ち合わない。正面移動ではなく、遮蔽裏のルートからシャドウ・ステップで近い遮蔽位置を取り、接近できた時だけ一気に削る。,ヴェノム・マイン、グラップリング・フックの後,デス・ブロッサムはウィドウメイカーのウィドウズ・キス、グラップリング・フックを確認してから使う。キル目的だけでなく、敵を遮蔽から下げる制圧にも使う。,,,,,,,,,,,,,
Echo,8,2,6,4,4,5,4,5,5,"[""mobility_threat"", ""air_control_limited""]","[""フライト"", ""コピー""]","[""スティッキー・ボム"", ""フォーカス・ビーム"", ""フライト""]","[""コピー"", ""フライト""]",エコーを空中で長く追わない。味方が着地や低空を作った瞬間だけ撃ち、普段は敵タンクや地上サポートを近距離で削って圧を作る。,スティッキー・ボム、フォーカス・ビーム、フライトの後,デス・ブロッサムはエコーのコピー、フライトを確認してから使う。キル目的だけでなく、敵を遮蔽から下げる制圧にも使う。,,,,,,,,,,,,,
Emre,5,5,6,5,4,5,6,5,5,"[""mobility_threat""]","[""オルタード・バイタル"", ""シンセティック・バースト・ライフル"", ""オーバーライド・プロトコル""]","[""サイバー・フラグ"", ""オルタード・バイタル""]","[""シンセティック・バースト・ライフル"", ""オーバーライド・プロトコル"", ""オルタード・バイタル""]",エムレは動き出しを追うより、近づいてきた瞬間を撃つ。レイス・フォームを先に使わず、相手の接近スキル後に体力差を作ってから退く。,サイバー・フラグ、オルタード・バイタルの後,デス・ブロッサムはエムレのシンセティック・バースト・ライフル、オーバーライド・プロトコル、オルタード・バイタルを確認してから使う。キル目的だけでなく、敵を遮蔽から下げる制圧にも使う。,,,,,,,,,,,,,
Cassidy,8,5,8,5,4,5,4,7,4,"[""cross_target_recalibrated_v41""]","[""コンバット・ロール"", ""デッド・アイ""]","[""フラッシュバン"", ""コンバット・ロール""]","[""デッド・アイ"", ""コンバット・ロール""]",キャスディには遮蔽を使って近距離だけ戦う。開けた場所で長く撃ち合わず、2発撃つ、隠れる、詰め直すの順で先に体力を削る。,フラッシュバン、コンバット・ロールの後,デス・ブロッサムはキャスディのデッド・アイ、コンバット・ロールを確認してから使う。キル目的だけでなく、敵を遮蔽から下げる制圧にも使う。,,キャスディは近距離迎撃が強い。リーパーはフラッシュバンが残っている時は正面から入らず、使わせた後に詰める。,通常射撃回復よりフラッシュバン回避を優先する。残っている間は正面から入らない。,v41,8,4,フラッシュバン警戒,,,,,,
Genji,6,4,6,4,4,5,6,6,5,"[""mobility_threat""]","[""風斬り"", ""木の葉返し"", ""龍撃剣""]","[""木の葉返し後"", ""風斬り後""]","[""風斬り"", ""木の葉返し"", ""龍撃剣""]",ゲンジは動き出しを追うより、近づいてきた瞬間を撃つ。レイス・フォームを先に使わず、相手の接近スキル後に体力差を作ってから退く。,風斬り、木の葉返しの後,デス・ブロッサムはゲンジの木の葉返し、龍撃剣、風斬りを確認してから使う。キル目的だけでなく、敵を遮蔽から下げる制圧にも使う。,,,,,,,,,,,,,
Shion,6,4,6,4,4,5,6,5,5,"[""mobility_threat""]","[""回避"", ""凶走"", ""罰""]","[""凶走"", ""回避""]","[""罰"", ""殺戮"", ""回避""]",シオンは動き出しを追うより、近づいてきた瞬間を撃つ。レイス・フォームを先に使わず、相手の接近スキル後に体力差を作ってから退く。,凶走、回避の後,デス・ブロッサムはシオンの罰、殺戮、回避を確認してから使う。キル目的だけでなく、敵を遮蔽から下げる制圧にも使う。,,,,,,,,,,,,,
Symmetra,6,6,6,6,4,7,5,6,6,"[""self_heal_favorable"", ""cross_target_recalibrated_v41""]","[""フォトン・バリア"", ""テレポーター""]","[""セントリー・タレット"", ""テレポーター"", ""フォトン・バリア""]","[""フォトン・バリア"", ""テレポーター""]",シンメトラは単独で追いすぎず、相手の継続火力が低い場面だけ近距離を長めに戦う。ヘルファイア・ショットガンの回復を見込みつつ、逃げ道は残す。,セントリー・タレット、テレポーター、フォトン・バリアの後,デス・ブロッサムはシンメトラのフォトン・バリア、テレポーターを確認してから使う。キル目的だけでなく、敵を遮蔽から下げる制圧にも使う。,,シンメトラのビームが伸びる前に短く倒し切る。セントリー・タレットとテレポーター周辺では長く戦わない。,通常射撃回復で押し切れる場面はあるが、ビームが伸びる前に短く決める。,v41,6,5,ビーム警戒・短期決着,,,,,,
Junkrat,5,7,6,5,4,7,6,5,6,"[""self_heal_favorable""]","[""コンカッション・マイン"", ""RIPタイヤ""]","[""スティール・トラップ"", ""コンカッション・マイン""]","[""RIPタイヤ"", ""コンカッション・マイン""]",ジャンクラットは単独で追いすぎず、相手の継続火力が低い場面だけ近距離を長めに戦う。ヘルファイア・ショットガンの回復を見込みつつ、逃げ道は残す。,スティール・トラップ、コンカッション・マインの後,デス・ブロッサムはジャンクラットのRIPタイヤ、コンカッション・マインを確認してから使う。キル目的だけでなく、敵を遮蔽から下げる制圧にも使う。,,,,,,,,,,,,,
Sojourn,6,7,7,7,4,5,6,5,5,"[""cross_target_recalibrated_v41""]","[""パワー・スライド"", ""レールガン"", ""オーバークロック""]","[""ディスラプター・ショット"", ""パワー・スライド""]","[""レールガン"", ""オーバークロック"", ""パワー・スライド""]",ソジョーンには遮蔽を使って近距離だけ戦う。開けた場所で長く撃ち合わず、2発撃つ、隠れる、詰め直すの順で先に体力を削る。,ディスラプター・ショット、パワー・スライドの後,デス・ブロッサムはソジョーンのレールガン、オーバークロック、パワー・スライドを確認してから使う。キル目的だけでなく、敵を遮蔽から下げる制圧にも使う。,,ソジョーンには開けた場所で撃たれない。リーパーは遮蔽裏から近い遮蔽位置を取り、パワー・スライド後に削る。,通常射撃回復は近距離限定。レールガンが溜まっている時は無理に出ず、パワー・スライド後を狙う。,v41,6,6,接近設計・射線回避,,,,,,
Soldier: 76,5,7,7,6,4,5,6,4,6,"[""cross_target_recalibrated_v41""]","[""スプリント"", ""タクティカル・バイザー""]","[""ヘリックス・ロケット"", ""スプリント""]","[""タクティカル・バイザー"", ""スプリント""]",ソルジャー76には遮蔽を使って近距離だけ戦う。開けた場所で長く撃ち合わず、2発撃つ、隠れる、詰め直すの順で先に体力を削る。,ヘリックス・ロケット、スプリントの後,デス・ブロッサムはソルジャー76のタクティカル・バイザー、スプリントを確認してから使う。キル目的だけでなく、敵を遮蔽から下げる制圧にも使う。,,ソルジャー76は中距離では危険だが、近距離ならリーパーの通常射撃回復込みで戦いやすい。ヘリックス・ロケット後に詰める。,通常射撃回復を活かすなら、ヘリックス・ロケット後の近距離だけ戦う。継続火力を長く浴びる位置では粘らない。,v41,5,6,近距離回復勝負,,,,,,
Sombra,8,4,8,4,6,5,5,6,5,"[""mobility_threat"", ""sombra_hack_cast_start"", ""sombra_hack_confirmed""]","[""ハック"", ""EMP"", ""トランズロケーター""]","[""ハック"", ""トランズロケーター"", ""ステルス""]","[""ハック"", ""EMP"", ""トランズロケーター""]",ソンブラには、ハック開始時と成立後で行動を分ける。開始時はヘルファイア・ショットガンを1発当てて中断を狙い、成立したらレイス・フォームやシャドウ・ステップに頼らず遮蔽へ戻る。,ハックの線が見えた瞬間、またはトランズロケーター後に再出現した瞬間,デス・ブロッサムはハック、EMPを確認してから使う。ハック開始時に発動を急ぐより、まず中断か遮蔽切りを優先する。,ハック開始時はヘルファイア・ショットガンで中断を狙い、成立後はレイス・フォーム・シャドウ・ステップ・デス・ブロッサムを使えない前提で徒歩退避する。,,,,,,,,,,,,
Tracer,6,4,7,4,4,5,6,6,5,"[""mobility_threat""]","[""ブリンク"", ""リコール"", ""パルス・ボム""]","[""リコール後"", ""ブリンクを複数使った後""]","[""ブリンク"", ""リコール"", ""パルス・ボム""]",トレーサーは動き出しを追うより、近づいてきた瞬間を撃つ。レイス・フォームを先に使わず、相手の接近スキル後に体力差を作ってから退く。,ブリンク、リコールの後,デス・ブロッサムはトレーサーのリコール、パルス・ボム、ブリンクを確認してから使う。キル目的だけでなく、敵を遮蔽から下げる制圧にも使う。,,,,,,,,,,,,,
Torbjörn,5,7,5,5,5,7,6,5,6,"[""self_heal_favorable""]","[""オーバーロード"", ""モルテン・コア""]","[""タレット"", ""オーバーロード""]","[""オーバーロード"", ""モルテン・コア""]",トールビョーンは単独で追いすぎず、相手の継続火力が低い場面だけ近距離を長めに戦う。ヘルファイア・ショットガンの回復を見込みつつ、逃げ道は残す。,タレット設置、オーバーロードの後,デス・ブロッサムはトールビョーンのオーバーロード、モルテン・コアを確認してから使う。キル目的だけでなく、敵を遮蔽から下げる制圧にも使う。,,,,,,,,v47_torbjorn_db_applied,トールビョーンDB v1統合時に、タレット設置・オーバーロード・モルテン・コアの表記と確認タイミングを再点検。,,,,
Hanzo,7,6,7,8,4,5,4,6,4,"[""long_sightline_avoid"", ""cross_target_recalibrated_v41""]","[""体術"", ""壁登り"", ""龍撃波""]","[""電光石火"", ""鳴響矢水"", ""体術""]","[""龍撃波"", ""体術"", ""壁登り""]",ハンゾーの長い射線では撃ち合わない。正面移動ではなく、遮蔽裏のルートからシャドウ・ステップで近い遮蔽位置を取り、接近できた時だけ一気に削る。,電光石火、鳴響矢水、体術の後,デス・ブロッサムはハンゾーの龍撃波、体術、壁登りを確認してから使う。キル目的だけでなく、敵を遮蔽から下げる制圧にも使う。,,ハンゾーの鳴響矢水が残っている時は奇襲が通りにくい。リーパーは見られていない遮蔽側から接近し、外したらレイス・フォームで戻る。,通常射撃回復では一発の大ダメージを相殺しにくい。見られていない遮蔽側から接近する。,v41,7,4,索敵警戒・奇襲設計,,,,,,
Bastion,5,5,6,5,4,5,6,5,4,[],"[""砲台モード""]","[""強襲モード"", ""A-36タクティカル・グレネード""]","[""砲台モード""]",バスティオンには遮蔽を使って近距離だけ戦う。開けた場所で長く撃ち合わず、2発撃つ、隠れる、詰め直すの順で先に体力を削る。,強襲モード、A-36タクティカル・グレネードの後,デス・ブロッサムはバスティオンの砲台モードを確認してから使う。キル目的だけでなく、敵を遮蔽から下げる制圧にも使う。,,,,,,,,,,,,,
Pharah,8,2,6,4,4,5,4,5,5,"[""mobility_threat"", ""air_control_limited""]","[""ジャンプ・ジェット"", ""ジェット・ダッシュ"", ""バレッジ""]","[""コンカッシブ・ブラスト"", ""ジャンプ・ジェット"", ""ジェット・ダッシュ""]","[""バレッジ"", ""ジャンプ・ジェット"", ""ジェット・ダッシュ""]",ファラを空中で長く追わない。味方が着地や低空を作った瞬間だけ撃ち、普段は敵タンクや地上サポートを近距離で削って圧を作る。,コンカッシブ・ブラスト、ジャンプ・ジェット、ジェット・ダッシュの後,デス・ブロッサムはファラのバレッジ、ジャンプ・ジェット、ジェット・ダッシュを確認してから使う。キル目的だけでなく、敵を遮蔽から下げる制圧にも使う。,,,,,,,,,,,,,
Freja,5,5,6,6,4,5,6,5,5,"[""mobility_threat""]","[""クイック・ダッシュ"", ""アップドラフト"", ""ボーラ・ショット""]","[""ボーラ・ショット"", ""テイク・エイム"", ""クイック・ダッシュ""]","[""ボーラ・ショット"", ""クイック・ダッシュ"", ""アップドラフト""]",フレイヤは動き出しを追うより、近づいてきた瞬間を撃つ。レイス・フォームを先に使わず、相手の接近スキル後に体力差を作ってから退く。,ボーラ・ショット、テイク・エイム、クイック・ダッシュの後,デス・ブロッサムはフレイヤのボーラ・ショット、クイック・ダッシュ、アップドラフトを確認してから使う。キル目的だけでなく、敵を遮蔽から下げる制圧にも使う。,,,,,,,,,,,,,
Venture,8,4,8,4,4,5,5,6,5,"[""mobility_threat""]","[""バロー"", ""ドリル・ダッシュ"", ""テクトニック・ショック""]","[""ドリル・ダッシュ"", ""バロー""]","[""バロー"", ""テクトニック・ショック"", ""ドリル・ダッシュ""]",ベンチャーは動き出しを追うより、近づいてきた瞬間を撃つ。レイス・フォームを先に使わず、相手の接近スキル後に体力差を作ってから退く。,ドリル・ダッシュ、バローの後,デス・ブロッサムはベンチャーのバロー、テクトニック・ショック、ドリル・ダッシュを確認してから使う。キル目的だけでなく、敵を遮蔽から下げる制圧にも使う。,,,,,,,,,,,,,
Mei,7,7,7,5,5,7,6,6,6,"[""self_heal_favorable""]","[""クリオフリーズ"", ""アイス・ウォール"", ""ブリザード""]","[""アイス・ウォール"", ""クリオフリーズ""]","[""クリオフリーズ"", ""アイス・ウォール"", ""ブリザード""]",メイは単独で追いすぎず、相手の継続火力が低い場面だけ近距離を長めに戦う。ヘルファイア・ショットガンの回復を見込みつつ、逃げ道は残す。,アイス・ウォール、クリオフリーズの後,デス・ブロッサムはメイのクリオフリーズ、アイス・ウォール、ブリザードを確認してから使う。キル目的だけでなく、敵を遮蔽から下げる制圧にも使う。,,,,,,,,,,,,,
Reaper,7,9,9,5,8,6,5,6,7,"[""cross_target_recalibrated_v41"", ""mirror_matchup_v41""]","[""レイス・フォーム"", ""デス・ブロッサム""]","[""レイス・フォーム"", ""シャドウ・ステップ""]","[""レイス・フォーム"", ""遮蔽位置""]",リーパーには遮蔽を使って近距離だけ戦う。開けた場所で長く撃ち合わず、2発撃つ、隠れる、詰め直すの順で先に体力を削る。,シャドウ・ステップ、レイス・フォームの後,デス・ブロッサムはリーパーのレイス・フォーム、デス・ブロッサム、シャドウ・ステップを確認してから使う。キル目的だけでなく、敵を遮蔽から下げる制圧にも使う。,,リーパーミラーは、レイス・フォームを先に使った側が不利になりやすい。遮蔽付近でヘルファイア・ショットガンを2発当て、相手のレイス・フォーム後に深追いしない。,,v41,7,5,レイス・フォーム差,,,True,リーパーミラーは、レイス・フォームを先に使った側が不利になりやすい。遮蔽付近でヘルファイア・ショットガンを2発当て、相手のレイス・フォーム後に深追いしない。,レイス・フォームを先に使わない / 遮蔽付近で2発当てる距離を作る / デス・ブロッサムは相手のレイス・フォーム後に使う,"[""レイス・フォームを先に使わない"", ""遮蔽付近で2発当てる距離を作る"", ""デス・ブロッサムは相手のレイス・フォーム後に使う""]"
Vendetta,6,4,6,3,4,5,6,5,5,"[""mobility_threat""]","[""ウォーディング・スタンス"", ""ソアリング・スライス"", ""サンダリング・ブレード""]","[""ワールウィンド"", ""ソアリング・スライス"", ""ウォーディング・スタンス""]","[""ウォーディング・スタンス"", ""サンダリング・ブレード"", ""ソアリング・スライス""]",ヴェンデッタは動き出しを追うより、近づいてきた瞬間を撃つ。レイス・フォームを先に使わず、相手の接近スキル後に体力差を作ってから退く。,ワールウィンド、ソアリング・スライス、ウォーディング・スタンスの後,デス・ブロッサムはヴェンデッタのウォーディング・スタンス、サンダリング・ブレード、ソアリング・スライスを確認してから使う。キル目的だけでなく、敵を遮蔽から下げる制圧にも使う。,,,,,,,,,,,,,
Ana,7,5,7,7,9,6,5,7,4,"[""save_skill_check""]","[""スリープ・ダーツ"", ""ナノ・ブースト""]","[""スリープ・ダーツ"", ""バイオティック・グレネード""]","[""スリープ・ダーツ"", ""ナノ・ブースト""]",アナは単独で追いすぎず、救助や移動スキルを使った直後に詰める。シャドウ・ステップは見える場所への先入りではなく、逃げ道を残せる遮蔽位置取りに使う。,スリープ・ダーツ、バイオティック・グレネードの後,デス・ブロッサムはアナのスリープ・ダーツ、ナノ・ブーストを確認してから使う。キル目的だけでなく、敵を遮蔽から下げる制圧にも使う。,,,,,,,,,,,,,
Illari,5,5,5,7,4,5,6,5,5,[],"[""アウトバースト"", ""キャプティブ・サン""]","[""アウトバースト""]","[""キャプティブ・サン"", ""アウトバースト""]",イラリーは単独で追いすぎず、救助や移動スキルを使った直後に詰める。シャドウ・ステップは見える場所への先入りではなく、逃げ道を残せる遮蔽位置取りに使う。,アウトバーストの後,デス・ブロッサムはイラリーのキャプティブ・サン、アウトバーストを確認してから使う。キル目的だけでなく、敵を遮蔽から下げる制圧にも使う。,,,,,,,,,,,,,
Wuyang,5,5,5,7,6,6,6,6,5,"[""save_skill_check""]","[""飛流歩"", ""守衛波浪""]","[""玄武之杖"", ""驚濤破"", ""飛流歩""]","[""守衛波浪"", ""飛流歩""]",ウーヤンは単独で追いすぎず、救助や移動スキルを使った直後に詰める。シャドウ・ステップは見える場所への先入りではなく、逃げ道を残せる遮蔽位置取りに使う。,玄武之杖、驚濤破、飛流歩の後,デス・ブロッサムはウーヤンの守衛波浪、飛流歩を確認してから使う。キル目的だけでなく、敵を遮蔽から下げる制圧にも使う。,,,,,,,,,,,,,
Kiriko,6,4,6,6,9,6,6,6,5,"[""save_skill_check""]","[""鈴のご加護"", ""神出鬼没"", ""狐走り""]","[""神出鬼没"", ""鈴のご加護""]","[""鈴のご加護"", ""狐走り"", ""神出鬼没""]",キリコは単独で追いすぎず、救助や移動スキルを使った直後に詰める。シャドウ・ステップは見える場所への先入りではなく、逃げ道を残せる遮蔽位置取りに使う。,神出鬼没、鈴のご加護の後,デス・ブロッサムはキリコの鈴のご加護、狐走り、神出鬼没を確認してから使う。キル目的だけでなく、敵を遮蔽から下げる制圧にも使う。,,,,,,,,,,,,,
Jetpack Cat,8,2,5,6,4,6,4,5,5,"[""mobility_threat"", ""air_control_limited""]","[""ワイルド・フライト"", ""キャットナッパー""]","[""キャットナッパー"", ""ワイルド・フライト""]","[""キャットナッパー""]",ジェットパック・キャットを空中で長く追わない。味方が着地や低空を作った瞬間だけ撃ち、普段は敵タンクや地上サポートを近距離で削って圧を作る。,キャットナッパー、ワイルド・フライトの後,デス・ブロッサムはジェットパック・キャットのキャットナッパー、ワイルド・フライトを確認してから使う。キル目的だけでなく、敵を遮蔽から下げる制圧にも使う。,,,,,,,,,,,,,
Juno,8,2,5,6,6,6,4,6,5,"[""mobility_threat"", ""air_control_limited"", ""save_skill_check""]","[""グライド・ブースト"", ""オービタル・レイ""]","[""パルサー・トーピード"", ""ハイパーリング"", ""グライド・ブースト""]","[""オービタル・レイ"", ""グライド・ブースト""]",ジュノを空中で長く追わない。味方が着地や低空を作った瞬間だけ撃ち、普段は敵タンクや地上サポートを近距離で削って圧を作る。,パルサー・トーピード、ハイパーリング、グライド・ブーストの後,デス・ブロッサムはジュノのオービタル・レイ、グライド・ブーストを確認してから使う。キル目的だけでなく、敵を遮蔽から下げる制圧にも使う。,,,,,,,,,,,,,
Zenyatta,5,5,6,7,6,5,6,6,4,"[""save_skill_check""]","[""不和のオーブ"", ""心頭滅却""]","[""不和のオーブ""]","[""不和のオーブ"", ""心頭滅却""]",ゼニヤッタは単独で追いすぎず、救助や移動スキルを使った直後に詰める。シャドウ・ステップは見える場所への先入りではなく、逃げ道を残せる遮蔽位置取りに使う。,不和のオーブの後,デス・ブロッサムはゼニヤッタの不和のオーブ、心頭滅却を確認してから使う。キル目的だけでなく、敵を遮蔽から下げる制圧にも使う。,,,,,,,,,,,,,
Baptiste,5,5,5,8,9,6,6,6,4,"[""save_skill_check""]","[""イモータリティ・フィールド"", """", ""アンプリフィケーション・マトリックス""]","["""", ""イモータリティ・フィールド""]","[""イモータリティ・フィールド"", """"]",バティストは単独で追いすぎず、救助や移動スキルを使った直後に詰める。シャドウ・ステップは見える場所への先入りではなく、逃げ道を残せる遮蔽位置取りに使う。,イモータリティ・フィールドの後,デス・ブロッサムはバティストのイモータリティ・フィールドを確認してから使う。キル目的だけでなく、敵を遮蔽から下げる制圧にも使う。,,,,,,,,,,,,,
Brigitte,7,7,7,7,7,7,6,6,6,"[""self_heal_favorable""]","[""バリア・シールド"", ""ラリー""]","[""シールド・バッシュ"", ""ウィップ・ショット"", ""バリア・シールド""]","[""バリア・シールド"", ""ラリー""]",ブリギッテは単独で追いすぎず、相手の継続火力が低い場面だけ近距離を長めに戦う。ヘルファイア・ショットガンの回復を見込みつつ、逃げ道は残す。,シールド・バッシュ、ウィップ・ショット、バリア・シールドの後,デス・ブロッサムはブリギッテのバリア・シールド、ラリーを確認してから使う。キル目的だけでなく、敵を遮蔽から下げる制圧にも使う。,,,,,,,,,,,,,
Mercy,8,8,5,6,7,8,7,6,7,"[""mobility_threat"", ""air_control_limited"", ""save_skill_check"", ""self_heal_favorable""]","[""ガーディアン・エンジェル"", ""ヴァルキリー""]","[""ガーディアン・エンジェル""]","[""ヴァルキリー"", ""ガーディアン・エンジェル""]",マーシーは単独で追いすぎず、相手の継続火力が低い場面だけ近距離を長めに戦う。ヘルファイア・ショットガンの回復を見込みつつ、逃げ道は残す。,ガーディアン・エンジェルの後,デス・ブロッサムはマーシーのヴァルキリー、ガーディアン・エンジェルを確認してから使う。キル目的だけでなく、敵を遮蔽から下げる制圧にも使う。,,,,,,,,,,,,,
Mizuki,5,5,5,7,7,6,6,6,5,"[""save_skill_check""]","[""霊域結界"", ""形代"", ""癒しの波動""]","[""呪縛"", ""形代"", ""霊域結界""]","[""霊域結界"", ""癒しの波動"", ""形代""]",ミズキは単独で追いすぎず、救助や移動スキルを使った直後に詰める。シャドウ・ステップは見える場所への先入りではなく、逃げ道を残せる遮蔽位置取りに使う。,呪縛、形代、霊域結界の後,デス・ブロッサムはミズキの霊域結界、癒しの波動、形代を確認してから使う。キル目的だけでなく、敵を遮蔽から下げる制圧にも使う。,,,,,,,,,,,,,
Moira,5,7,5,7,4,7,6,5,6,"[""self_heal_favorable""]","[""フェード"", ""コアレッセンス""]","[""バイオティック・オーブ"", ""フェード""]","[""フェード"", ""コアレッセンス""]",モイラは単独で追いすぎず、相手の継続火力が低い場面だけ近距離を長めに戦う。ヘルファイア・ショットガンの回復を見込みつつ、逃げ道は残す。,バイオティック・オーブ、フェードの後,デス・ブロッサムはモイラのフェード、コアレッセンスを確認してから使う。キル目的だけでなく、敵を遮蔽から下げる制圧にも使う。,,,,,,,,,,,,,
Lifeweaver,5,8,5,7,9,8,7,6,7,"[""save_skill_check"", ""self_heal_favorable""]","[""ライフグリップ"", ""ペタル・プラットフォーム"", ""若返りの風""]","[""ペタル・プラットフォーム"", ""若返りの風"", ""ライフグリップ""]","[""ライフグリップ"", ""命の樹"", ""ペタル・プラットフォーム""]",ライフウィーバーは単独で追いすぎず、相手の継続火力が低い場面だけ近距離を長めに戦う。ヘルファイア・ショットガンの回復を見込みつつ、逃げ道は残す。,ペタル・プラットフォーム、若返りの風、ライフグリップの後,デス・ブロッサムはライフウィーバーのライフグリップ、命の樹、ペタル・プラットフォームを確認してから使う。キル目的だけでなく、敵を遮蔽から下げる制圧にも使う。,,,,,,,,,,,,,
Lúcio,6,7,5,5,9,7,6,6,6,"[""mobility_threat"", ""save_skill_check"", ""self_heal_favorable""]","[""ウォール・ライド"", ""サウンド・バリア""]","[""サウンドウェーブ"", ""アンプ・イット・アップ"", ""ウォール・ライド""]","[""サウンド・バリア"", ""ウォール・ライド""]",ルシオは単独で追いすぎず、相手の継続火力が低い場面だけ近距離を長めに戦う。ヘルファイア・ショットガンの回復を見込みつつ、逃げ道は残す。,サウンドウェーブ、アンプ・イット・アップ、ウォール・ライドの後,デス・ブロッサムはルシオのサウンド・バリア、ウォール・ライドを確認してから使う。キル目的だけでなく、敵を遮蔽から下げる制圧にも使う。,,,,,,,,,,,,,
