hero_id,matchup_rating,matchup_type,gameplan,cyber_agility,key_enemy_skills.respect,key_enemy_skills.punish_after,key_enemy_skills.dragonblade_check,key_enemy_skills.route_plan,source_comp_stats.threat_genji,source_comp_stats.shuriken_value,source_comp_stats.deflect_value,source_comp_stats.swift_strike_value,source_comp_stats.dragonblade_value,source_comp_stats.cyber_agility_value,source_comp_stats.backline_pressure_value,source_comp_stats.priority_score,main,move,sustain,ultimate,cue,practice,targets,forbidden,rank.bronze,rank.silver,rank.gold,rank.platinum,rank.diamond_plus,depth_archetype,depth_first_check,depth_commit_window,depth_reset_rule,depth_practice_question,depth_summary,duplication_guardrail,review_pattern,wave_goal,review_question,success_signal,mistake_signal,next_adjustment,vod_marker,micro_drill
D.Va,6,タンク固執禁止・後衛切替,D.Va本体へ居座らない。手裏剣でアルティメットを溜めつつ、敵サポートが孤立した瞬間に風斬りで圧を切り替える。,サイバー体術は逃げにも攻めにも使う。壁登りで後衛側へ回ることで、正面の射線を避けながら手裏剣を通す射線を作る。,"[""ブースター"", ""ディフェンス・マトリックス""]","[""ブースター後"", ""ディフェンス・マトリックス後""]","[""ディフェンス・マトリックス"", ""ブースター""]","[""タンク正面に居座らない"", ""壁登りで後衛側へ回る"", ""龍撃剣はタンク単体へ振らない""]",5,5,5,5,4,8,5,6,手裏剣は先に体力差を作るために使う。ブースター後、ディフェンス・マトリックス後、または遮蔽から出る一歩目に当て、命中を確認してから風斬りを選ぶ。,風斬りは接近・撃破確認後の追撃・離脱のどれに使うかを事前に決める。タンク正面に居座らないを基本に、リセットが取れない時は深追いしない。,木の葉返しは攻めの始点ではなく、相手の反撃をずらす保険として使う。ブースターを見てから使い、終わり際に立ち止まらない。,龍撃剣はD.Va本人に固執しない。ディフェンス・マトリックス、ブースターを確認し、孤立した後衛か体力が減った敵から切る。,ブースター後、ディフェンス・マトリックス後,D.Vaに対しては「風斬りを使う目的」「木の葉返しで返せる攻撃か」「龍撃剣前に確認する防御・救助・移動スキル」を毎回確認する。,"[""敵サポート"", ""孤立したダメージ"", ""D.Va""]","[""手裏剣を当てる前に風斬りで入り、離脱手段を失うこと。"", ""ブースター、ディフェンス・マトリックスが残っている相手へ、防御・救助・移動スキルが残る正面へ龍撃剣で入ること。"", ""木の葉返し後に安心して立ち止まり、次の被弾で倒されること。""]",D.Vaを倒し切るより、風斬りを離脱手段として残す。手裏剣を当ててから入る癖を作る。,入る前に「戻る先の遮蔽」と「確認するスキル」を決める。ブースター後、ディフェンス・マトリックスを使わせた後に詰める。倒し切れない時は壁登りで戻る。,D.Vaのブースターを使わせた後、同じ相手を追うか敵サポートへ切り替えるかを即決する。,龍撃剣は単独で使わない。ディフェンス・マトリックス、ブースターを確認し、味方の攻撃開始と同じタイミングで抜く。,D.Vaだけを見ず、敵後衛の防御・救助・移動スキルと味方の圧を合わせる。風斬りリセット後の次対象まで先に決める。,接近時のダイブ経路と帰り道を管理するタンク,D.Vaのダイブ経路を撃つ前に、着地点・帰り道・味方サポートへの距離を先に確認する。,D.Vaが防御スキルを見せた直後に倒し切ろうとせず、戻る向きが決まった瞬間へ手裏剣と風斬りを合わせる。,削った後は風斬りと壁登りで同じ場所から離れ、敵サポートか孤立ダメージへ視線を切り替える。,試合後に「D.Vaの何を見てから撃ったか」「外した時にどこへ戻ったか」を1回だけ確認する。,ゲンジ対D.Vaは、接近時のダイブ経路と帰り道を管理するタンクとして読む。最初に見る情報、撃つ瞬間、失敗時の戻り先を分けると、数値評価以上に安定する。,D.Vaへの説明は「撃つ」「追う」だけで終わらせない。ダイブ確認、倒し切りを狙う条件、撤退先、次の狙いを必ず1文ずつ分け、ゲンジの手裏剣と風斬りと風斬りと壁登りの使い道を混同しない。,接近管理,D.Vaのダイブ経路を止めるより、帰り道と味方サポートへの距離を見て被害を小さくする。,この試合で「D.Vaのダイブ経路を撃つ前に、着地点・帰り道・味方サポートへの距離を先に確認する。」を守れたか。守れなかった場合、次は撃つ前に何を1つだけ見るか。,D.Vaが防御スキルを見せた直後に倒し切ろうとせず、戻る向きが決まった瞬間へ手裏剣と風斬りを合わせる。 次に削った後は風斬りと壁登りで同じ場所から離れ、敵サポートか孤立ダメージへ視線を切り替える。できていれば成功。,D.Vaを正面で追い続け、敵サポートの回復線まで自分から入ってしまう。,次の試合ではダイブ後の着地を1秒だけ撃ち、戻る向きが決まった瞬間へ手裏剣と風斬りを残す。,D.Vaが入った瞬間、味方サポートの体力、風斬りか壁登りを使った位置を停止して確認する。,次の試合ではD.Vaを倒すことより、確認、攻撃、退避の順番を崩さない。
Winston,4,木の葉返し過信注意,ウィンストン相手は、テスラ・キャノンを木の葉返しで返せない前提で動く。バリア内へ深く入りすぎず、ジャンプ・パック後に敵サポート側へ圧を切り替える。,サイバー体術は逃げにも攻めにも使う。壁登りで後衛側へ回ることで、正面の射線を避けながら手裏剣を通す射線を作る。,"[""ジャンプ・パック"", ""バリア・プロジェクター"", ""テスラ・キャノン""]","[""ジャンプ・パック後"", ""バリア・プロジェクター後""]","[""バリア・プロジェクター"", ""ジャンプ・パック"", ""テスラ・キャノン""]","[""タンク正面に居座らない"", ""壁登りで後衛側へ回る"", ""龍撃剣はタンク単体へ振らない""]",8,6,2,5,5,8,5,8,手裏剣は先に体力差を作るために使う。ジャンプ・パック後、バリア・プロジェクター後、または遮蔽から出る一歩目に当て、命中を確認してから風斬りを選ぶ。,風斬りは接近・撃破確認後の追撃・離脱のどれに使うかを事前に決める。タンク正面に居座らないを基本に、リセットが取れない時は深追いしない。,木の葉返しは攻めの始点ではなく、相手の反撃をずらす保険として使う。ジャンプ・パックを見てから使い、終わり際に立ち止まらない。,龍撃剣はウィンストン本人に固執しない。バリア・プロジェクター、ジャンプ・パックを確認し、孤立した後衛か体力が減った敵から切る。,ジャンプ・パック後、バリア・プロジェクター後,ウィンストンに対しては「風斬りを使う目的」「木の葉返しで返せる攻撃か」「龍撃剣前に確認する防御・救助・移動スキル」を毎回確認する。,"[""敵サポート"", ""孤立したダメージ"", ""ウィンストン""]","[""手裏剣を当てる前に風斬りで入り、離脱手段を失うこと。"", ""ジャンプ・パック、バリア・プロジェクターが残っている相手へ、防御・救助・移動スキルが残る正面へ龍撃剣で入ること。"", ""木の葉返しで解決できる前提で、ビーム・設置物・行動阻害の射程に居続けること。""]",ウィンストンを倒し切るより、風斬りを離脱手段として残す。手裏剣を当ててから入る癖を作る。,入る前に「戻る先の遮蔽」と「確認するスキル」を決める。ジャンプ・パック後、バリア・プロジェクターを使わせた後に詰める。倒し切れない時は壁登りで戻る。,ウィンストンのジャンプ・パックを使わせた後、同じ相手を追うか敵サポートへ切り替えるかを即決する。,龍撃剣は単独で使わない。バリア・プロジェクター、ジャンプ・パックを確認し、味方の攻撃開始と同じタイミングで抜く。,ウィンストンだけを見ず、敵後衛の防御・救助・移動スキルと味方の圧を合わせる。風斬りリセット後の次対象まで先に決める。,接近時のダイブ経路と帰り道を管理するタンク,ウィンストンのダイブ経路を撃つ前に、着地点・帰り道・味方サポートへの距離を先に確認する。,ウィンストンが防御スキルを見せた直後に倒し切ろうとせず、戻る向きが決まった瞬間へ手裏剣と風斬りを合わせる。,削った後は風斬りと壁登りで同じ場所から離れ、敵サポートか孤立ダメージへ視線を切り替える。,試合後に「ウィンストンの何を見てから撃ったか」「外した時にどこへ戻ったか」を1回だけ確認する。,ゲンジ対ウィンストンは、接近時のダイブ経路と帰り道を管理するタンクとして読む。最初に見る情報、撃つ瞬間、失敗時の戻り先を分けると、数値評価以上に安定する。,ウィンストンへの説明は「撃つ」「追う」だけで終わらせない。ダイブ確認、倒し切りを狙う条件、撤退先、次の狙いを必ず1文ずつ分け、ゲンジの手裏剣と風斬りと風斬りと壁登りの使い道を混同しない。,接近管理,ウィンストンのダイブ経路を止めるより、帰り道と味方サポートへの距離を見て被害を小さくする。,この試合で「ウィンストンのダイブ経路を撃つ前に、着地点・帰り道・味方サポートへの距離を先に確認する。」を守れたか。守れなかった場合、次は撃つ前に何を1つだけ見るか。,ウィンストンが防御スキルを見せた直後に倒し切ろうとせず、戻る向きが決まった瞬間へ手裏剣と風斬りを合わせる。 次に削った後は風斬りと壁登りで同じ場所から離れ、敵サポートか孤立ダメージへ視線を切り替える。できていれば成功。,ウィンストンを正面で追い続け、敵サポートの回復線まで自分から入ってしまう。,次の試合ではダイブ後の着地を1秒だけ撃ち、戻る向きが決まった瞬間へ手裏剣と風斬りを残す。,ウィンストンが入った瞬間、味方サポートの体力、風斬りか壁登りを使った位置を停止して確認する。,次の試合ではウィンストンを倒すことより、確認、攻撃、退避の順番を崩さない。
Doomfist,4,行動阻害・迎撃注意,ドゥームフィスト相手は、迎撃スキルを残したまま風斬りで入らない。手裏剣で体力差かスキル消費を作り、サイズミック・スラムを使わせた後に詰める。,サイバー体術は逃げにも攻めにも使う。壁登りで後衛側へ回ることで、正面の射線を避けながら手裏剣を通す射線を作る。,"[""サイズミック・スラム"", ""パワー・ブロック"", ""ロケット・パンチ""]","[""サイズミック・スラム後"", ""パワー・ブロック後""]","[""パワー・ブロック"", ""サイズミック・スラム"", ""ロケット・パンチ""]","[""タンク正面に居座らない"", ""壁登りで後衛側へ回る"", ""龍撃剣はタンク単体へ振らない""]",7,5,6,5,5,8,5,7,手裏剣は先に体力差を作るために使う。サイズミック・スラム後、パワー・ブロック後、または遮蔽から出る一歩目に当て、命中を確認してから風斬りを選ぶ。,風斬りは接近・撃破確認後の追撃・離脱のどれに使うかを事前に決める。タンク正面に居座らないを基本に、リセットが取れない時は深追いしない。,木の葉返しは攻めの始点ではなく、相手の反撃をずらす保険として使う。サイズミック・スラムを見てから使い、終わり際に立ち止まらない。,龍撃剣はドゥームフィスト本人に固執しない。パワー・ブロック、サイズミック・スラムを確認し、孤立した後衛か体力が減った敵から切る。,サイズミック・スラム後、パワー・ブロック後,ドゥームフィストに対しては「風斬りを使う目的」「木の葉返しで返せる攻撃か」「龍撃剣前に確認する防御・救助・移動スキル」を毎回確認する。,"[""敵サポート"", ""孤立したダメージ"", ""ドゥームフィスト""]","[""手裏剣を当てる前に風斬りで入り、離脱手段を失うこと。"", ""サイズミック・スラム、パワー・ブロックが残っている相手へ、防御・救助・移動スキルが残る正面へ龍撃剣で入ること。"", ""木の葉返し後に安心して立ち止まり、次の被弾で倒されること。""]",ドゥームフィストを倒し切るより、風斬りを離脱手段として残す。手裏剣を当ててから入る癖を作る。,入る前に「戻る先の遮蔽」と「確認するスキル」を決める。サイズミック・スラム後、パワー・ブロックを使わせた後に詰める。倒し切れない時は壁登りで戻る。,ドゥームフィストのサイズミック・スラムを使わせた後、同じ相手を追うか敵サポートへ切り替えるかを即決する。,龍撃剣は単独で使わない。パワー・ブロック、サイズミック・スラムを確認し、味方の攻撃開始と同じタイミングで抜く。,ドゥームフィストだけを見ず、敵後衛の防御・救助・移動スキルと味方の圧を合わせる。風斬りリセット後の次対象まで先に決める。,接近時のダイブ経路と帰り道を管理するタンク,ドゥームフィストのダイブ経路を撃つ前に、着地点・帰り道・味方サポートへの距離を先に確認する。,ドゥームフィストが防御スキルを見せた直後に倒し切ろうとせず、戻る向きが決まった瞬間へ手裏剣と風斬りを合わせる。,削った後は風斬りと壁登りで同じ場所から離れ、敵サポートか孤立ダメージへ視線を切り替える。,試合後に「ドゥームフィストの何を見てから撃ったか」「外した時にどこへ戻ったか」を1回だけ確認する。,ゲンジ対ドゥームフィストは、接近時のダイブ経路と帰り道を管理するタンクとして読む。最初に見る情報、撃つ瞬間、失敗時の戻り先を分けると、数値評価以上に安定する。,ドゥームフィストへの説明は「撃つ」「追う」だけで終わらせない。ダイブ確認、倒し切りを狙う条件、撤退先、次の狙いを必ず1文ずつ分け、ゲンジの手裏剣と風斬りと風斬りと壁登りの使い道を混同しない。,接近管理,ドゥームフィストのダイブ経路を止めるより、帰り道と味方サポートへの距離を見て被害を小さくする。,この試合で「ドゥームフィストのダイブ経路を撃つ前に、着地点・帰り道・味方サポートへの距離を先に確認する。」を守れたか。守れなかった場合、次は撃つ前に何を1つだけ見るか。,ドゥームフィストが防御スキルを見せた直後に倒し切ろうとせず、戻る向きが決まった瞬間へ手裏剣と風斬りを合わせる。 次に削った後は風斬りと壁登りで同じ場所から離れ、敵サポートか孤立ダメージへ視線を切り替える。できていれば成功。,ドゥームフィストを正面で追い続け、敵サポートの回復線まで自分から入ってしまう。,次の試合ではダイブ後の着地を1秒だけ撃ち、戻る向きが決まった瞬間へ手裏剣と風斬りを残す。,ドゥームフィストが入った瞬間、味方サポートの体力、風斬りか壁登りを使った位置を停止して確認する。,次の試合ではドゥームフィストを倒すことより、確認、攻撃、退避の順番を崩さない。
Hazard,6,タンク固執禁止・後衛切替,ハザード本体へ居座らない。手裏剣でアルティメットを溜めつつ、敵サポートが孤立した瞬間に風斬りで圧を切り替える。,サイバー体術は逃げにも攻めにも使う。壁登りで後衛側へ回ることで、正面の射線を避けながら手裏剣を通す射線を作る。,"[""ヴァイオレント・リープ"", ""スパイク・ガード"", ""ジャギー・ウォール""]","[""ヴァイオレント・リープ後"", ""スパイク・ガード後""]","[""スパイク・ガード"", ""ヴァイオレント・リープ"", ""ジャギー・ウォール""]","[""タンク正面に居座らない"", ""壁登りで後衛側へ回る"", ""龍撃剣はタンク単体へ振らない""]",6,5,6,5,6,7,5,7,手裏剣は先に体力差を作るために使う。ヴァイオレント・リープ後、スパイク・ガード後、または遮蔽から出る一歩目に当て、命中を確認してから風斬りを選ぶ。,風斬りは接近・撃破確認後の追撃・離脱のどれに使うかを事前に決める。タンク正面に居座らないを基本に、リセットが取れない時は深追いしない。,木の葉返しは攻めの始点ではなく、相手の反撃をずらす保険として使う。ヴァイオレント・リープを見てから使い、終わり際に立ち止まらない。,龍撃剣はハザード本人に固執しない。スパイク・ガード、ヴァイオレント・リープを確認し、孤立した後衛か体力が減った敵から切る。,ヴァイオレント・リープ後、スパイク・ガード後,ハザードに対しては「風斬りを使う目的」「木の葉返しで返せる攻撃か」「龍撃剣前に確認する防御・救助・移動スキル」を毎回確認する。,"[""敵サポート"", ""孤立したダメージ"", ""ハザード""]","[""手裏剣を当てる前に風斬りで入り、離脱手段を失うこと。"", ""ヴァイオレント・リープ、スパイク・ガードが残っている相手へ、防御・救助・移動スキルが残る正面へ龍撃剣で入ること。"", ""木の葉返し後に安心して立ち止まり、次の被弾で倒されること。""]",ハザードを倒し切るより、風斬りを離脱手段として残す。手裏剣を当ててから入る癖を作る。,入る前に「戻る先の遮蔽」と「確認するスキル」を決める。ヴァイオレント・リープ後、スパイク・ガードを使わせた後に詰める。倒し切れない時は壁登りで戻る。,ハザードのヴァイオレント・リープを使わせた後、同じ相手を追うか敵サポートへ切り替えるかを即決する。,龍撃剣は単独で使わない。スパイク・ガード、ヴァイオレント・リープを確認し、味方の攻撃開始と同じタイミングで抜く。,ハザードだけを見ず、敵後衛の防御・救助・移動スキルと味方の圧を合わせる。風斬りリセット後の次対象まで先に決める。,接近時のダイブ経路と帰り道を管理するタンク,ハザードのダイブ経路を撃つ前に、着地点・帰り道・味方サポートへの距離を先に確認する。,ハザードが防御スキルを見せた直後に倒し切ろうとせず、戻る向きが決まった瞬間へ手裏剣と風斬りを合わせる。,削った後は風斬りと壁登りで同じ場所から離れ、敵サポートか孤立ダメージへ視線を切り替える。,試合後に「ハザードの何を見てから撃ったか」「外した時にどこへ戻ったか」を1回だけ確認する。,ゲンジ対ハザードは、接近時のダイブ経路と帰り道を管理するタンクとして読む。最初に見る情報、撃つ瞬間、失敗時の戻り先を分けると、数値評価以上に安定する。,ハザードへの説明は「撃つ」「追う」だけで終わらせない。ダイブ確認、倒し切りを狙う条件、撤退先、次の狙いを必ず1文ずつ分け、ゲンジの手裏剣と風斬りと風斬りと壁登りの使い道を混同しない。,接近管理,ハザードのダイブ経路を止めるより、帰り道と味方サポートへの距離を見て被害を小さくする。,この試合で「ハザードのダイブ経路を撃つ前に、着地点・帰り道・味方サポートへの距離を先に確認する。」を守れたか。守れなかった場合、次は撃つ前に何を1つだけ見るか。,ハザードが防御スキルを見せた直後に倒し切ろうとせず、戻る向きが決まった瞬間へ手裏剣と風斬りを合わせる。 次に削った後は風斬りと壁登りで同じ場所から離れ、敵サポートか孤立ダメージへ視線を切り替える。できていれば成功。,ハザードを正面で追い続け、敵サポートの回復線まで自分から入ってしまう。,次の試合ではダイブ後の着地を1秒だけ撃ち、戻る向きが決まった瞬間へ手裏剣と風斬りを残す。,ハザードが入った瞬間、味方サポートの体力、風斬りか壁登りを使った位置を停止して確認する。,次の試合ではハザードを倒すことより、確認、攻撃、退避の順番を崩さない。
Wrecking Ball,6,タンク固執禁止・後衛切替,レッキング・ボール本体へ居座らない。手裏剣でアルティメットを溜めつつ、敵サポートが孤立した瞬間に風斬りで圧を切り替える。,サイバー体術は逃げにも攻めにも使う。壁登りで後衛側へ回ることで、正面の射線を避けながら手裏剣を通す射線を作る。,"[""グラップリング・クロー"", ""ロール"", ""アダプティブ・シールド""]","[""グラップリング・クロー後"", ""ロール後""]","[""アダプティブ・シールド"", ""グラップリング・クロー"", ""ロール""]","[""タンク正面に居座らない"", ""壁登りで後衛側へ回る"", ""龍撃剣はタンク単体へ振らない""]",4,5,5,5,5,8,5,6,手裏剣は先に体力差を作るために使う。グラップリング・クロー後、ロール後、または遮蔽から出る一歩目に当て、命中を確認してから風斬りを選ぶ。,風斬りは接近・撃破確認後の追撃・離脱のどれに使うかを事前に決める。タンク正面に居座らないを基本に、リセットが取れない時は深追いしない。,木の葉返しは攻めの始点ではなく、相手の反撃をずらす保険として使う。グラップリング・クローを見てから使い、終わり際に立ち止まらない。,龍撃剣はレッキング・ボール本人に固執しない。アダプティブ・シールド、グラップリング・クローを確認し、孤立した後衛か体力が減った敵から切る。,グラップリング・クロー後、ロール後,レッキング・ボールに対しては「風斬りを使う目的」「木の葉返しで返せる攻撃か」「龍撃剣前に確認する防御・救助・移動スキル」を毎回確認する。,"[""敵サポート"", ""孤立したダメージ"", ""レッキング・ボール""]","[""手裏剣を当てる前に風斬りで入り、離脱手段を失うこと。"", ""グラップリング・クロー、ロールが残っている相手へ、防御・救助・移動スキルが残る正面へ龍撃剣で入ること。"", ""木の葉返し後に安心して立ち止まり、次の被弾で倒されること。""]",レッキング・ボールを倒し切るより、風斬りを離脱手段として残す。手裏剣を当ててから入る癖を作る。,入る前に「戻る先の遮蔽」と「確認するスキル」を決める。グラップリング・クロー後、ロールを使わせた後に詰める。倒し切れない時は壁登りで戻る。,レッキング・ボールのグラップリング・クローを使わせた後、同じ相手を追うか敵サポートへ切り替えるかを即決する。,龍撃剣は単独で使わない。アダプティブ・シールド、グラップリング・クローを確認し、味方の攻撃開始と同じタイミングで抜く。,レッキング・ボールだけを見ず、敵後衛の防御・救助・移動スキルと味方の圧を合わせる。風斬りリセット後の次対象まで先に決める。,接近時のダイブ経路と帰り道を管理するタンク,レッキング・ボールのダイブ経路を撃つ前に、着地点・帰り道・味方サポートへの距離を先に確認する。,レッキング・ボールが防御スキルを見せた直後に倒し切ろうとせず、戻る向きが決まった瞬間へ手裏剣と風斬りを合わせる。,削った後は風斬りと壁登りで同じ場所から離れ、敵サポートか孤立ダメージへ視線を切り替える。,試合後に「レッキング・ボールの何を見てから撃ったか」「外した時にどこへ戻ったか」を1回だけ確認する。,ゲンジ対レッキング・ボールは、接近時のダイブ経路と帰り道を管理するタンクとして読む。最初に見る情報、撃つ瞬間、失敗時の戻り先を分けると、数値評価以上に安定する。,レッキング・ボールへの説明は「撃つ」「追う」だけで終わらせない。ダイブ確認、倒し切りを狙う条件、撤退先、次の狙いを必ず1文ずつ分け、ゲンジの手裏剣と風斬りと風斬りと壁登りの使い道を混同しない。,接近管理,レッキング・ボールのダイブ経路を止めるより、帰り道と味方サポートへの距離を見て被害を小さくする。,この試合で「レッキング・ボールのダイブ経路を撃つ前に、着地点・帰り道・味方サポートへの距離を先に確認する。」を守れたか。守れなかった場合、次は撃つ前に何を1つだけ見るか。,レッキング・ボールが防御スキルを見せた直後に倒し切ろうとせず、戻る向きが決まった瞬間へ手裏剣と風斬りを合わせる。 次に削った後は風斬りと壁登りで同じ場所から離れ、敵サポートか孤立ダメージへ視線を切り替える。できていれば成功。,レッキング・ボールを正面で追い続け、敵サポートの回復線まで自分から入ってしまう。,次の試合ではダイブ後の着地を1秒だけ撃ち、戻る向きが決まった瞬間へ手裏剣と風斬りを残す。,レッキング・ボールが入った瞬間、味方サポートの体力、風斬りか壁登りを使った位置を停止して確認する。,次の試合ではレッキング・ボールを倒すことより、確認、攻撃、退避の順番を崩さない。
Zarya,5,木の葉返し過信注意,ザリア相手は、バリア中に風斬りや龍撃剣を当ててエネルギーを渡さない。バリアを見てから対象を変え、孤立した後衛へ攻撃を仕掛ける。,サイバー体術は逃げにも攻めにも使う。壁登りで後衛側へ回ることで、正面の射線を避けながら手裏剣を通す射線を作る。,"[""パーティクル・バリア"", ""バリア・ショット"", ""グラビトン・サージ""]","[""バリア消費後"", ""高エネルギーでない時""]","[""バリア・ショット"", ""パーティクル・バリア"", ""グラビトン・サージ""]","[""タンク正面に居座らない"", ""壁登りで後衛側へ回る"", ""龍撃剣はタンク単体へ振らない""]",9,6,3,7,5,5,5,9,手裏剣は先に体力差を作るために使う。バリア消費後、高エネルギーでない時、または遮蔽から出る一歩目に当て、命中を確認してから風斬りを選ぶ。,風斬りは接近・撃破確認後の追撃・離脱のどれに使うかを事前に決める。タンク正面に居座らないを基本に、リセットが取れない時は深追いしない。,木の葉返しは攻めの始点ではなく、相手の反撃をずらす保険として使う。パーティクル・バリアを見てから使い、終わり際に立ち止まらない。,龍撃剣はザリア本人に固執しない。バリア・ショット、パーティクル・バリアを確認し、孤立した後衛か体力が減った敵から切る。,バリア消費後、高エネルギーでない時,ザリアに対しては「風斬りを使う目的」「木の葉返しで返せる攻撃か」「龍撃剣前に確認する防御・救助・移動スキル」を毎回確認する。,"[""敵サポート"", ""孤立したダメージ"", ""ザリア""]","[""手裏剣を当てる前に風斬りで入り、離脱手段を失うこと。"", ""パーティクル・バリア、バリア・ショットが残っている相手へ、防御・救助・移動スキルが残る正面へ龍撃剣で入ること。"", ""木の葉返しで解決できる前提で、ビーム・設置物・行動阻害の射程に居続けること。""]",ザリアを倒し切るより、風斬りを離脱手段として残す。手裏剣を当ててから入る癖を作る。,入る前に「戻る先の遮蔽」と「確認するスキル」を決める。バリア消費後、高エネルギーでない時だけ詰め、外したら壁登りで戻る。,ザリアのパーティクル・バリアを使わせた後、同じ相手を追うか敵サポートへ切り替えるかを即決する。,龍撃剣は単独で使わない。バリア・ショット、パーティクル・バリアを確認し、味方の攻撃開始と同じタイミングで抜く。,ザリアだけを見ず、敵後衛の防御・救助・移動スキルと味方の圧を合わせる。風斬りリセット後の次対象まで先に決める。,高耐久の前線スキルを削って後衛へ切り替えるタンク,ザリアだけを倒す設計にせず、回復線・防御スキル・後衛の露出を同時に見る。,ザリアが前へ出た瞬間は削り、防御・救助・移動スキルを使った直後に後ろのサポートか横のダメージへ手裏剣と風斬りを移す。,正面で長く撃ち続けず、風斬りと壁登りで射線を変えて敵の回復と防御を分散させる。,試合後に「ザリアの何を見てから撃ったか」「外した時にどこへ戻ったか」を1回だけ確認する。,ゲンジ対ザリアは、高耐久の前線スキルを削って後衛へ切り替えるタンクとして読む。最初に見る情報、撃つ瞬間、失敗時の戻り先を分けると、数値評価以上に安定する。,ザリアへの説明は「撃つ」「追う」だけで終わらせない。ダイブ確認、倒し切りを狙う条件、撤退先、次の狙いを必ず1文ずつ分け、ゲンジの手裏剣と風斬りと風斬りと壁登りの使い道を混同しない。,資源削り,ザリアを倒し切るより、防御スキルを吐かせて後衛へ切り替える準備を作る。,この試合で「ザリアだけを倒す設計にせず、回復線・防御スキル・後衛の露出を同時に見る。」を守れたか。守れなかった場合、次は撃つ前に何を1つだけ見るか。,ザリアが前へ出た瞬間は削り、防御・救助・移動スキルを使った直後に後ろのサポートか横のダメージへ手裏剣と風斬りを移す。 次に正面で長く撃ち続けず、風斬りと壁登りで射線を変えて敵の回復と防御を分散させる。できていれば成功。,ザリアだけに射撃時間を使い、後衛や横のダメージを見られなくなる。,次の試合ではザリアを削った後、防御・救助・移動スキルを使わせた時点で別の敵へ照準を移す。,ザリアへ撃った時間と、後衛へ切り替えた瞬間を確認する。,次の試合ではザリアを倒すことより、確認、攻撃、退避の順番を崩さない。
Junker Queen,6,タンク固執禁止・後衛切替,ジャンカー・クイーン本体へ居座らない。手裏剣でアルティメットを溜めつつ、敵サポートが孤立した瞬間に風斬りで圧を切り替える。,サイバー体術は逃げにも攻めにも使う。壁登りで後衛側へ回ることで、正面の射線を避けながら手裏剣を通す射線を作る。,"[""コマンディング・シャウト"", ""ギザギザブレード"", ""カーネイジ""]","[""コマンディング・シャウト後"", ""ギザギザブレード後""]","[""コマンディング・シャウト"", ""ギザギザブレード"", ""カーネイジ""]","[""タンク正面に居座らない"", ""壁登りで後衛側へ回る"", ""龍撃剣はタンク単体へ振らない""]",5,6,6,7,6,5,5,8,手裏剣は先に体力差を作るために使う。コマンディング・シャウト後、ギザギザブレード後、または遮蔽から出る一歩目に当て、命中を確認してから風斬りを選ぶ。,風斬りは接近・撃破確認後の追撃・離脱のどれに使うかを事前に決める。タンク正面に居座らないを基本に、リセットが取れない時は深追いしない。,木の葉返しは攻めの始点ではなく、相手の反撃をずらす保険として使う。コマンディング・シャウトを見てから使い、終わり際に立ち止まらない。,龍撃剣はジャンカー・クイーン本人に固執しない。コマンディング・シャウト、ギザギザブレードを確認し、孤立した後衛か体力が減った敵から切る。,コマンディング・シャウト後、ギザギザブレード後,ジャンカー・クイーンに対しては「風斬りを使う目的」「木の葉返しで返せる攻撃か」「龍撃剣前に確認する防御・救助・移動スキル」を毎回確認する。,"[""敵サポート"", ""孤立したダメージ"", ""ジャンカー・クイーン""]","[""手裏剣を当てる前に風斬りで入り、離脱手段を失うこと。"", ""コマンディング・シャウト、ギザギザブレードが残っている相手へ、防御・救助・移動スキルが残る正面へ龍撃剣で入ること。"", ""木の葉返し後に安心して立ち止まり、次の被弾で倒されること。""]",ジャンカー・クイーンを倒し切るより、風斬りを離脱手段として残す。手裏剣を当ててから入る癖を作る。,入る前に「戻る先の遮蔽」と「確認するスキル」を決める。コマンディング・シャウト後、ギザギザブレードを使わせた後に詰める。倒し切れない時は壁登りで戻る。,ジャンカー・クイーンのコマンディング・シャウトを使わせた後、同じ相手を追うか敵サポートへ切り替えるかを即決する。,龍撃剣は単独で使わない。コマンディング・シャウト、ギザギザブレードを確認し、味方の攻撃開始と同じタイミングで抜く。,ジャンカー・クイーンだけを見ず、敵後衛の防御・救助・移動スキルと味方の圧を合わせる。風斬りリセット後の次対象まで先に決める。,高耐久の前線スキルを削って後衛へ切り替えるタンク,ジャンカー・クイーンだけを倒す設計にせず、回復線・防御スキル・後衛の露出を同時に見る。,ジャンカー・クイーンが前へ出た瞬間は削り、防御・救助・移動スキルを使った直後に後ろのサポートか横のダメージへ手裏剣と風斬りを移す。,正面で長く撃ち続けず、風斬りと壁登りで射線を変えて敵の回復と防御を分散させる。,試合後に「ジャンカー・クイーンの何を見てから撃ったか」「外した時にどこへ戻ったか」を1回だけ確認する。,ゲンジ対ジャンカー・クイーンは、高耐久の前線スキルを削って後衛へ切り替えるタンクとして読む。最初に見る情報、撃つ瞬間、失敗時の戻り先を分けると、数値評価以上に安定する。,ジャンカー・クイーンへの説明は「撃つ」「追う」だけで終わらせない。ダイブ確認、倒し切りを狙う条件、撤退先、次の狙いを必ず1文ずつ分け、ゲンジの手裏剣と風斬りと風斬りと壁登りの使い道を混同しない。,資源削り,ジャンカー・クイーンを倒し切るより、防御スキルを吐かせて後衛へ切り替える準備を作る。,この試合で「ジャンカー・クイーンだけを倒す設計にせず、回復線・防御スキル・後衛の露出を同時に見る。」を守れたか。守れなかった場合、次は撃つ前に何を1つだけ見るか。,ジャンカー・クイーンが前へ出た瞬間は削り、防御・救助・移動スキルを使った直後に後ろのサポートか横のダメージへ手裏剣と風斬りを移す。 次に正面で長く撃ち続けず、風斬りと壁登りで射線を変えて敵の回復と防御を分散させる。できていれば成功。,ジャンカー・クイーンだけに射撃時間を使い、後衛や横のダメージを見られなくなる。,次の試合ではジャンカー・クイーンを削った後、防御・救助・移動スキルを使わせた時点で別の敵へ照準を移す。,ジャンカー・クイーンへ撃った時間と、後衛へ切り替えた瞬間を確認する。,次の試合ではジャンカー・クイーンを倒すことより、確認、攻撃、退避の順番を崩さない。
Domina,6,タンク固執禁止・後衛切替,ドミナ本体へ居座らない。手裏剣でアルティメットを溜めつつ、敵サポートが孤立した瞬間に風斬りで圧を切り替える。,サイバー体術は逃げにも攻めにも使う。壁登りで後衛側へ回ることで、正面の射線を避けながら手裏剣を通す射線を作る。,"[""バリア・アレイ"", ""クリスタル・チャージ"", ""ソニック・リパルサー""]","[""バリア・アレイ後"", ""クリスタル・チャージ後""]","[""バリア・アレイ"", ""クリスタル・チャージ"", ""ソニック・リパルサー""]","[""タンク正面に居座らない"", ""壁登りで後衛側へ回る"", ""龍撃剣はタンク単体へ振らない""]",4,6,6,7,6,5,5,8,手裏剣は先に体力差を作るために使う。バリア・アレイ後、クリスタル・チャージ後、または遮蔽から出る一歩目に当て、命中を確認してから風斬りを選ぶ。,風斬りは接近・撃破確認後の追撃・離脱のどれに使うかを事前に決める。タンク正面に居座らないを基本に、リセットが取れない時は深追いしない。,木の葉返しは攻めの始点ではなく、相手の反撃をずらす保険として使う。バリア・アレイを見てから使い、終わり際に立ち止まらない。,龍撃剣はドミナ本人に固執しない。バリア・アレイ、クリスタル・チャージを確認し、孤立した後衛か体力が減った敵から切る。,バリア・アレイ後、クリスタル・チャージ後,ドミナに対しては「風斬りを使う目的」「木の葉返しで返せる攻撃か」「龍撃剣前に確認する防御・救助・移動スキル」を毎回確認する。,"[""敵サポート"", ""孤立したダメージ"", ""ドミナ""]","[""手裏剣を当てる前に風斬りで入り、離脱手段を失うこと。"", ""バリア・アレイ、クリスタル・チャージが残っている相手へ、防御・救助・移動スキルが残る正面へ龍撃剣で入ること。"", ""木の葉返し後に安心して立ち止まり、次の被弾で倒されること。""]",ドミナを倒し切るより、風斬りを離脱手段として残す。手裏剣を当ててから入る癖を作る。,入る前に「戻る先の遮蔽」と「確認するスキル」を決める。バリア・アレイ後、クリスタル・チャージを使わせた後に詰める。倒し切れない時は壁登りで戻る。,ドミナのバリア・アレイを使わせた後、同じ相手を追うか敵サポートへ切り替えるかを即決する。,龍撃剣は単独で使わない。バリア・アレイ、クリスタル・チャージを確認し、味方の攻撃開始と同じタイミングで抜く。,ドミナだけを見ず、敵後衛の防御・救助・移動スキルと味方の圧を合わせる。風斬りリセット後の次対象まで先に決める。,高耐久の前線スキルを削って後衛へ切り替えるタンク,ドミナだけを倒す設計にせず、回復線・防御スキル・後衛の露出を同時に見る。,ドミナが前へ出た瞬間は削り、防御・救助・移動スキルを使った直後に後ろのサポートか横のダメージへ手裏剣と風斬りを移す。,正面で長く撃ち続けず、風斬りと壁登りで射線を変えて敵の回復と防御を分散させる。,試合後に「ドミナの何を見てから撃ったか」「外した時にどこへ戻ったか」を1回だけ確認する。,ゲンジ対ドミナは、高耐久の前線スキルを削って後衛へ切り替えるタンクとして読む。最初に見る情報、撃つ瞬間、失敗時の戻り先を分けると、数値評価以上に安定する。,ドミナへの説明は「撃つ」「追う」だけで終わらせない。ダイブ確認、倒し切りを狙う条件、撤退先、次の狙いを必ず1文ずつ分け、ゲンジの手裏剣と風斬りと風斬りと壁登りの使い道を混同しない。,資源削り,ドミナを倒し切るより、防御スキルを吐かせて後衛へ切り替える準備を作る。,この試合で「ドミナだけを倒す設計にせず、回復線・防御スキル・後衛の露出を同時に見る。」を守れたか。守れなかった場合、次は撃つ前に何を1つだけ見るか。,ドミナが前へ出た瞬間は削り、防御・救助・移動スキルを使った直後に後ろのサポートか横のダメージへ手裏剣と風斬りを移す。 次に正面で長く撃ち続けず、風斬りと壁登りで射線を変えて敵の回復と防御を分散させる。できていれば成功。,ドミナだけに射撃時間を使い、後衛や横のダメージを見られなくなる。,次の試合ではドミナを削った後、防御・救助・移動スキルを使わせた時点で別の敵へ照準を移す。,ドミナへ撃った時間と、後衛へ切り替えた瞬間を確認する。,次の試合ではドミナを倒すことより、確認、攻撃、退避の順番を崩さない。
Mauga,6,タンク固執禁止・後衛切替,マウガ本体へ居座らない。手裏剣でアルティメットを溜めつつ、敵サポートが孤立した瞬間に風斬りで圧を切り替える。,サイバー体術は逃げにも攻めにも使う。壁登りで後衛側へ回ることで、正面の射線を避けながら手裏剣を通す射線を作る。,"[""カーディアック・オーバードライブ"", ""オーバーラン"", ""ケージ・ファイト""]","[""カーディアック・オーバードライブ後"", ""オーバーラン後""]","[""カーディアック・オーバードライブ"", ""オーバーラン"", ""ケージ・ファイト""]","[""タンク正面に居座らない"", ""壁登りで後衛側へ回る"", ""龍撃剣はタンク単体へ振らない""]",5,7,7,7,6,5,5,8,手裏剣は先に体力差を作るために使う。カーディアック・オーバードライブ後、オーバーラン後、または遮蔽から出る一歩目に当て、命中を確認してから風斬りを選ぶ。,風斬りは接近・撃破確認後の追撃・離脱のどれに使うかを事前に決める。タンク正面に居座らないを基本に、リセットが取れない時は深追いしない。,木の葉返しは攻めの始点ではなく、相手の反撃をずらす保険として使う。カーディアック・オーバードライブを見てから使い、終わり際に立ち止まらない。,龍撃剣はマウガ本人に固執しない。カーディアック・オーバードライブ、オーバーランを確認し、孤立した後衛か体力が減った敵から切る。,カーディアック・オーバードライブ後、オーバーラン後,マウガに対しては「風斬りを使う目的」「木の葉返しで返せる攻撃か」「龍撃剣前に確認する防御・救助・移動スキル」を毎回確認する。,"[""敵サポート"", ""孤立したダメージ"", ""マウガ""]","[""手裏剣を当てる前に風斬りで入り、離脱手段を失うこと。"", ""カーディアック・オーバードライブ、オーバーランが残っている相手へ、防御・救助・移動スキルが残る正面へ龍撃剣で入ること。"", ""木の葉返し後に安心して立ち止まり、次の被弾で倒されること。""]",マウガを倒し切るより、風斬りを離脱手段として残す。手裏剣を当ててから入る癖を作る。,入る前に「戻る先の遮蔽」と「確認するスキル」を決める。カーディアック・オーバードライブ後、オーバーランを使わせた後に詰める。倒し切れない時は壁登りで戻る。,マウガのカーディアック・オーバードライブを使わせた後、同じ相手を追うか敵サポートへ切り替えるかを即決する。,龍撃剣は単独で使わない。カーディアック・オーバードライブ、オーバーランを確認し、味方の攻撃開始と同じタイミングで抜く。,マウガだけを見ず、敵後衛の防御・救助・移動スキルと味方の圧を合わせる。風斬りリセット後の次対象まで先に決める。,高耐久の前線スキルを削って後衛へ切り替えるタンク,マウガだけを倒す設計にせず、回復線・防御スキル・後衛の露出を同時に見る。,マウガが前へ出た瞬間は削り、防御・救助・移動スキルを使った直後に後ろのサポートか横のダメージへ手裏剣と風斬りを移す。,正面で長く撃ち続けず、風斬りと壁登りで射線を変えて敵の回復と防御を分散させる。,試合後に「マウガの何を見てから撃ったか」「外した時にどこへ戻ったか」を1回だけ確認する。,ゲンジ対マウガは、高耐久の前線スキルを削って後衛へ切り替えるタンクとして読む。最初に見る情報、撃つ瞬間、失敗時の戻り先を分けると、数値評価以上に安定する。,マウガへの説明は「撃つ」「追う」だけで終わらせない。ダイブ確認、倒し切りを狙う条件、撤退先、次の狙いを必ず1文ずつ分け、ゲンジの手裏剣と風斬りと風斬りと壁登りの使い道を混同しない。,資源削り,マウガを倒し切るより、防御スキルを吐かせて後衛へ切り替える準備を作る。,この試合で「マウガだけを倒す設計にせず、回復線・防御スキル・後衛の露出を同時に見る。」を守れたか。守れなかった場合、次は撃つ前に何を1つだけ見るか。,マウガが前へ出た瞬間は削り、防御・救助・移動スキルを使った直後に後ろのサポートか横のダメージへ手裏剣と風斬りを移す。 次に正面で長く撃ち続けず、風斬りと壁登りで射線を変えて敵の回復と防御を分散させる。できていれば成功。,マウガだけに射撃時間を使い、後衛や横のダメージを見られなくなる。,次の試合ではマウガを削った後、防御・救助・移動スキルを使わせた時点で別の敵へ照準を移す。,マウガへ撃った時間と、後衛へ切り替えた瞬間を確認する。,次の試合ではマウガを倒すことより、確認、攻撃、退避の順番を崩さない。
Ramattra,5,木の葉返し過信注意,ラマットラ相手は、木の葉返しで返せない攻撃を受ける距離に居続けない。手裏剣で反応を見て、ヴォイド・バリア後だけ風斬りの圧をかける。,サイバー体術は逃げにも攻めにも使う。壁登りで後衛側へ回ることで、正面の射線を避けながら手裏剣を通す射線を作る。,"[""ヴォイド・バリア"", ""ブロック"", ""ネメシス・フォーム""]","[""ヴォイド・バリア後"", ""ブロック後""]","[""ヴォイド・バリア"", ""ブロック"", ""ネメシス・フォーム""]","[""タンク正面に居座らない"", ""壁登りで後衛側へ回る"", ""龍撃剣はタンク単体へ振らない""]",6,6,4,7,6,5,5,8,手裏剣は先に体力差を作るために使う。ヴォイド・バリア後、ブロック後、または遮蔽から出る一歩目に当て、命中を確認してから風斬りを選ぶ。,風斬りは接近・撃破確認後の追撃・離脱のどれに使うかを事前に決める。タンク正面に居座らないを基本に、リセットが取れない時は深追いしない。,木の葉返しは攻めの始点ではなく、相手の反撃をずらす保険として使う。ヴォイド・バリアを見てから使い、終わり際に立ち止まらない。,龍撃剣はラマットラ本人に固執しない。ヴォイド・バリア、ブロックを確認し、孤立した後衛か体力が減った敵から切る。,ヴォイド・バリア後、ブロック後,ラマットラに対しては「風斬りを使う目的」「木の葉返しで返せる攻撃か」「龍撃剣前に確認する防御・救助・移動スキル」を毎回確認する。,"[""敵サポート"", ""孤立したダメージ"", ""ラマットラ""]","[""手裏剣を当てる前に風斬りで入り、離脱手段を失うこと。"", ""ヴォイド・バリア、ブロックが残っている相手へ、防御・救助・移動スキルが残る正面へ龍撃剣で入ること。"", ""木の葉返しで解決できる前提で、ビーム・設置物・行動阻害の射程に居続けること。""]",ラマットラを倒し切るより、風斬りを離脱手段として残す。手裏剣を当ててから入る癖を作る。,入る前に「戻る先の遮蔽」と「確認するスキル」を決める。ヴォイド・バリア後、ブロックを使わせた後に詰める。倒し切れない時は壁登りで戻る。,ラマットラのヴォイド・バリアを使わせた後、同じ相手を追うか敵サポートへ切り替えるかを即決する。,龍撃剣は単独で使わない。ヴォイド・バリア、ブロックを確認し、味方の攻撃開始と同じタイミングで抜く。,ラマットラだけを見ず、敵後衛の防御・救助・移動スキルと味方の圧を合わせる。風斬りリセット後の次対象まで先に決める。,高耐久の前線スキルを削って後衛へ切り替えるタンク,ラマットラだけを倒す設計にせず、回復線・防御スキル・後衛の露出を同時に見る。,ラマットラが前へ出た瞬間は削り、防御・救助・移動スキルを使った直後に後ろのサポートか横のダメージへ手裏剣と風斬りを移す。,正面で長く撃ち続けず、風斬りと壁登りで射線を変えて敵の回復と防御を分散させる。,試合後に「ラマットラの何を見てから撃ったか」「外した時にどこへ戻ったか」を1回だけ確認する。,ゲンジ対ラマットラは、高耐久の前線スキルを削って後衛へ切り替えるタンクとして読む。最初に見る情報、撃つ瞬間、失敗時の戻り先を分けると、数値評価以上に安定する。,ラマットラへの説明は「撃つ」「追う」だけで終わらせない。ダイブ確認、倒し切りを狙う条件、撤退先、次の狙いを必ず1文ずつ分け、ゲンジの手裏剣と風斬りと風斬りと壁登りの使い道を混同しない。,資源削り,ラマットラを倒し切るより、防御スキルを吐かせて後衛へ切り替える準備を作る。,この試合で「ラマットラだけを倒す設計にせず、回復線・防御スキル・後衛の露出を同時に見る。」を守れたか。守れなかった場合、次は撃つ前に何を1つだけ見るか。,ラマットラが前へ出た瞬間は削り、防御・救助・移動スキルを使った直後に後ろのサポートか横のダメージへ手裏剣と風斬りを移す。 次に正面で長く撃ち続けず、風斬りと壁登りで射線を変えて敵の回復と防御を分散させる。できていれば成功。,ラマットラだけに射撃時間を使い、後衛や横のダメージを見られなくなる。,次の試合ではラマットラを削った後、防御・救助・移動スキルを使わせた時点で別の敵へ照準を移す。,ラマットラへ撃った時間と、後衛へ切り替えた瞬間を確認する。,次の試合ではラマットラを倒すことより、確認、攻撃、退避の順番を崩さない。
Roadhog,5,行動阻害・迎撃注意,ロードホッグ相手は、迎撃スキルを残したまま風斬りで入らない。手裏剣で体力差かスキル消費を作り、テイク・ア・ブリーザーを使わせた後に詰める。,サイバー体術は逃げにも攻めにも使う。壁登りで後衛側へ回ることで、正面の射線を避けながら手裏剣を通す射線を作る。,"[""テイク・ア・ブリーザー"", ""チェイン・フック"", ""ピッグペン""]","[""テイク・ア・ブリーザー後"", ""チェイン・フック後""]","[""テイク・ア・ブリーザー"", ""チェイン・フック"", ""ピッグペン""]","[""タンク正面に居座らない"", ""壁登りで後衛側へ回る"", ""龍撃剣はタンク単体へ振らない""]",8,6,7,8,5,5,5,9,手裏剣は先に体力差を作るために使う。テイク・ア・ブリーザー後、チェイン・フック後、または遮蔽から出る一歩目に当て、命中を確認してから風斬りを選ぶ。,風斬りは接近・撃破確認後の追撃・離脱のどれに使うかを事前に決める。タンク正面に居座らないを基本に、リセットが取れない時は深追いしない。,木の葉返しは攻めの始点ではなく、相手の反撃をずらす保険として使う。テイク・ア・ブリーザーを見てから使い、終わり際に立ち止まらない。,龍撃剣はロードホッグ本人に固執しない。テイク・ア・ブリーザー、チェイン・フックを確認し、孤立した後衛か体力が減った敵から切る。,テイク・ア・ブリーザー後、チェイン・フック後,ロードホッグに対しては「風斬りを使う目的」「木の葉返しで返せる攻撃か」「龍撃剣前に確認する防御・救助・移動スキル」を毎回確認する。,"[""敵サポート"", ""孤立したダメージ"", ""ロードホッグ""]","[""手裏剣を当てる前に風斬りで入り、離脱手段を失うこと。"", ""テイク・ア・ブリーザー、チェイン・フックが残っている相手へ、防御・救助・移動スキルが残る正面へ龍撃剣で入ること。"", ""木の葉返し後に安心して立ち止まり、次の被弾で倒されること。""]",ロードホッグを倒し切るより、風斬りを離脱手段として残す。手裏剣を当ててから入る癖を作る。,入る前に「戻る先の遮蔽」と「確認するスキル」を決める。テイク・ア・ブリーザー後、チェイン・フックを使わせた後に詰める。倒し切れない時は壁登りで戻る。,ロードホッグのテイク・ア・ブリーザーを使わせた後、同じ相手を追うか敵サポートへ切り替えるかを即決する。,龍撃剣は単独で使わない。テイク・ア・ブリーザー、チェイン・フックを確認し、味方の攻撃開始と同じタイミングで抜く。,ロードホッグだけを見ず、敵後衛の防御・救助・移動スキルと味方の圧を合わせる。風斬りリセット後の次対象まで先に決める。,高耐久の前線スキルを削って後衛へ切り替えるタンク,ロードホッグだけを倒す設計にせず、回復線・防御スキル・後衛の露出を同時に見る。,ロードホッグが前へ出た瞬間は削り、防御・救助・移動スキルを使った直後に後ろのサポートか横のダメージへ手裏剣と風斬りを移す。,正面で長く撃ち続けず、風斬りと壁登りで射線を変えて敵の回復と防御を分散させる。,試合後に「ロードホッグの何を見てから撃ったか」「外した時にどこへ戻ったか」を1回だけ確認する。,ゲンジ対ロードホッグは、高耐久の前線スキルを削って後衛へ切り替えるタンクとして読む。最初に見る情報、撃つ瞬間、失敗時の戻り先を分けると、数値評価以上に安定する。,ロードホッグへの説明は「撃つ」「追う」だけで終わらせない。ダイブ確認、倒し切りを狙う条件、撤退先、次の狙いを必ず1文ずつ分け、ゲンジの手裏剣と風斬りと風斬りと壁登りの使い道を混同しない。,資源削り,ロードホッグを倒し切るより、防御スキルを吐かせて後衛へ切り替える準備を作る。,この試合で「ロードホッグだけを倒す設計にせず、回復線・防御スキル・後衛の露出を同時に見る。」を守れたか。守れなかった場合、次は撃つ前に何を1つだけ見るか。,ロードホッグが前へ出た瞬間は削り、防御・救助・移動スキルを使った直後に後ろのサポートか横のダメージへ手裏剣と風斬りを移す。 次に正面で長く撃ち続けず、風斬りと壁登りで射線を変えて敵の回復と防御を分散させる。できていれば成功。,ロードホッグだけに射撃時間を使い、後衛や横のダメージを見られなくなる。,次の試合ではロードホッグを削った後、防御・救助・移動スキルを使わせた時点で別の敵へ照準を移す。,ロードホッグへ撃った時間と、後衛へ切り替えた瞬間を確認する。,次の試合ではロードホッグを倒すことより、確認、攻撃、退避の順番を崩さない。
Orisa,5,行動阻害・迎撃注意,オリーサ相手は、迎撃スキルを残したまま風斬りで入らない。手裏剣で体力差かスキル消費を作り、フォーティファイを使わせた後に詰める。,サイバー体術は逃げにも攻めにも使う。壁登りで後衛側へ回ることで、正面の射線を避けながら手裏剣を通す射線を作る。,"[""フォーティファイ"", ""ジャベリン・スピン"", ""エネルギー・ジャベリン""]","[""フォーティファイ後"", ""ジャベリン・スピン後""]","[""フォーティファイ"", ""ジャベリン・スピン"", ""エネルギー・ジャベリン""]","[""タンク正面に居座らない"", ""壁登りで後衛側へ回る"", ""龍撃剣はタンク単体へ振らない""]",7,6,5,7,5,5,5,8,手裏剣は先に体力差を作るために使う。フォーティファイ後、ジャベリン・スピン後、または遮蔽から出る一歩目に当て、命中を確認してから風斬りを選ぶ。,風斬りは接近・撃破確認後の追撃・離脱のどれに使うかを事前に決める。タンク正面に居座らないを基本に、リセットが取れない時は深追いしない。,木の葉返しは攻めの始点ではなく、相手の反撃をずらす保険として使う。フォーティファイを見てから使い、終わり際に立ち止まらない。,龍撃剣はオリーサ本人に固執しない。フォーティファイ、ジャベリン・スピンを確認し、孤立した後衛か体力が減った敵から切る。,フォーティファイ後、ジャベリン・スピン後,オリーサに対しては「風斬りを使う目的」「木の葉返しで返せる攻撃か」「龍撃剣前に確認する防御・救助・移動スキル」を毎回確認する。,"[""敵サポート"", ""孤立したダメージ"", ""オリーサ""]","[""手裏剣を当てる前に風斬りで入り、離脱手段を失うこと。"", ""フォーティファイ、ジャベリン・スピンが残っている相手へ、防御・救助・移動スキルが残る正面へ龍撃剣で入ること。"", ""木の葉返し後に安心して立ち止まり、次の被弾で倒されること。""]",オリーサを倒し切るより、風斬りを離脱手段として残す。手裏剣を当ててから入る癖を作る。,入る前に「戻る先の遮蔽」と「確認するスキル」を決める。フォーティファイ後、ジャベリン・スピンを使わせた後に詰める。倒し切れない時は壁登りで戻る。,オリーサのフォーティファイを使わせた後、同じ相手を追うか敵サポートへ切り替えるかを即決する。,龍撃剣は単独で使わない。フォーティファイ、ジャベリン・スピンを確認し、味方の攻撃開始と同じタイミングで抜く。,オリーサだけを見ず、敵後衛の防御・救助・移動スキルと味方の圧を合わせる。風斬りリセット後の次対象まで先に決める。,高耐久の前線スキルを削って後衛へ切り替えるタンク,オリーサだけを倒す設計にせず、回復線・防御スキル・後衛の露出を同時に見る。,オリーサが前へ出た瞬間は削り、防御・救助・移動スキルを使った直後に後ろのサポートか横のダメージへ手裏剣と風斬りを移す。,正面で長く撃ち続けず、風斬りと壁登りで射線を変えて敵の回復と防御を分散させる。,試合後に「オリーサの何を見てから撃ったか」「外した時にどこへ戻ったか」を1回だけ確認する。,ゲンジ対オリーサは、高耐久の前線スキルを削って後衛へ切り替えるタンクとして読む。最初に見る情報、撃つ瞬間、失敗時の戻り先を分けると、数値評価以上に安定する。,オリーサへの説明は「撃つ」「追う」だけで終わらせない。ダイブ確認、倒し切りを狙う条件、撤退先、次の狙いを必ず1文ずつ分け、ゲンジの手裏剣と風斬りと風斬りと壁登りの使い道を混同しない。,資源削り,オリーサを倒し切るより、防御スキルを吐かせて後衛へ切り替える準備を作る。,この試合で「オリーサだけを倒す設計にせず、回復線・防御スキル・後衛の露出を同時に見る。」を守れたか。守れなかった場合、次は撃つ前に何を1つだけ見るか。,オリーサが前へ出た瞬間は削り、防御・救助・移動スキルを使った直後に後ろのサポートか横のダメージへ手裏剣と風斬りを移す。 次に正面で長く撃ち続けず、風斬りと壁登りで射線を変えて敵の回復と防御を分散させる。できていれば成功。,オリーサだけに射撃時間を使い、後衛や横のダメージを見られなくなる。,次の試合ではオリーサを削った後、防御・救助・移動スキルを使わせた時点で別の敵へ照準を移す。,オリーサへ撃った時間と、後衛へ切り替えた瞬間を確認する。,次の試合ではオリーサを倒すことより、確認、攻撃、退避の順番を崩さない。
Sigma,5,行動阻害・迎撃注意,シグマ相手は、迎撃スキルを残したまま風斬りで入らない。手裏剣で体力差かスキル消費を作り、エクスペリメンタル・バリアを使わせた後に詰める。,サイバー体術は逃げにも攻めにも使う。壁登りで後衛側へ回ることで、正面の射線を避けながら手裏剣を通す射線を作る。,"[""エクスペリメンタル・バリア"", ""キネティック・グラスプ"", ""アクリーション""]","[""エクスペリメンタル・バリア後"", ""キネティック・グラスプ後""]","[""エクスペリメンタル・バリア"", ""キネティック・グラスプ"", ""アクリーション""]","[""タンク正面に居座らない"", ""壁登りで後衛側へ回る"", ""龍撃剣はタンク単体へ振らない""]",8,7,7,8,6,6,5,10,手裏剣は先に体力差を作るために使う。エクスペリメンタル・バリア後、キネティック・グラスプ後、または遮蔽から出る一歩目に当て、命中を確認してから風斬りを選ぶ。,風斬りは接近・撃破確認後の追撃・離脱のどれに使うかを事前に決める。タンク正面に居座らないを基本に、リセットが取れない時は深追いしない。,木の葉返しは攻めの始点ではなく、相手の反撃をずらす保険として使う。エクスペリメンタル・バリアを見てから使い、終わり際に立ち止まらない。,龍撃剣はシグマ本人に固執しない。エクスペリメンタル・バリア、キネティック・グラスプを確認し、孤立した後衛か体力が減った敵から切る。,エクスペリメンタル・バリア後、キネティック・グラスプ後,シグマに対しては「風斬りを使う目的」「木の葉返しで返せる攻撃か」「龍撃剣前に確認する防御・救助・移動スキル」を毎回確認する。,"[""敵サポート"", ""孤立したダメージ"", ""シグマ""]","[""手裏剣を当てる前に風斬りで入り、離脱手段を失うこと。"", ""エクスペリメンタル・バリア、キネティック・グラスプが残っている相手へ、防御・救助・移動スキルが残る正面へ龍撃剣で入ること。"", ""木の葉返し後に安心して立ち止まり、次の被弾で倒されること。""]",シグマを倒し切るより、風斬りを離脱手段として残す。手裏剣を当ててから入る癖を作る。,入る前に「戻る先の遮蔽」と「確認するスキル」を決める。エクスペリメンタル・バリア後、キネティック・グラスプを使わせた後に詰める。倒し切れない時は壁登りで戻る。,シグマのエクスペリメンタル・バリアを使わせた後、同じ相手を追うか敵サポートへ切り替えるかを即決する。,龍撃剣は単独で使わない。エクスペリメンタル・バリア、キネティック・グラスプを確認し、味方の攻撃開始と同じタイミングで抜く。,シグマだけを見ず、敵後衛の防御・救助・移動スキルと味方の圧を合わせる。風斬りリセット後の次対象まで先に決める。,高耐久の前線スキルを削って後衛へ切り替えるタンク,シグマだけを倒す設計にせず、回復線・防御スキル・後衛の露出を同時に見る。,シグマが前へ出た瞬間は削り、防御・救助・移動スキルを使った直後に後ろのサポートか横のダメージへ手裏剣と風斬りを移す。,正面で長く撃ち続けず、風斬りと壁登りで射線を変えて敵の回復と防御を分散させる。,試合後に「シグマの何を見てから撃ったか」「外した時にどこへ戻ったか」を1回だけ確認する。,ゲンジ対シグマは、高耐久の前線スキルを削って後衛へ切り替えるタンクとして読む。最初に見る情報、撃つ瞬間、失敗時の戻り先を分けると、数値評価以上に安定する。,シグマへの説明は「撃つ」「追う」だけで終わらせない。ダイブ確認、倒し切りを狙う条件、撤退先、次の狙いを必ず1文ずつ分け、ゲンジの手裏剣と風斬りと風斬りと壁登りの使い道を混同しない。,資源削り,シグマを倒し切るより、防御スキルを吐かせて後衛へ切り替える準備を作る。,この試合で「シグマだけを倒す設計にせず、回復線・防御スキル・後衛の露出を同時に見る。」を守れたか。守れなかった場合、次は撃つ前に何を1つだけ見るか。,シグマが前へ出た瞬間は削り、防御・救助・移動スキルを使った直後に後ろのサポートか横のダメージへ手裏剣と風斬りを移す。 次に正面で長く撃ち続けず、風斬りと壁登りで射線を変えて敵の回復と防御を分散させる。できていれば成功。,シグマだけに射撃時間を使い、後衛や横のダメージを見られなくなる。,次の試合ではシグマを削った後、防御・救助・移動スキルを使わせた時点で別の敵へ照準を移す。,シグマへ撃った時間と、後衛へ切り替えた瞬間を確認する。,次の試合ではシグマを倒すことより、確認、攻撃、退避の順番を崩さない。
Reinhardt,6,タンク固執禁止・後衛切替,ラインハルト本体へ居座らない。手裏剣でアルティメットを溜めつつ、敵サポートが孤立した瞬間に風斬りで圧を切り替える。,サイバー体術は逃げにも攻めにも使う。壁登りで後衛側へ回ることで、正面の射線を避けながら手裏剣を通す射線を作る。,"[""バリア・フィールド"", ""チャージ"", ""アースシャター""]","[""バリア・フィールド後"", ""チャージ後""]","[""バリア・フィールド"", ""チャージ"", ""アースシャター""]","[""タンク正面に居座らない"", ""壁登りで後衛側へ回る"", ""龍撃剣はタンク単体へ振らない""]",5,6,6,7,6,5,5,8,手裏剣は先に体力差を作るために使う。バリア・フィールド後、チャージ後、または遮蔽から出る一歩目に当て、命中を確認してから風斬りを選ぶ。,風斬りは接近・撃破確認後の追撃・離脱のどれに使うかを事前に決める。タンク正面に居座らないを基本に、リセットが取れない時は深追いしない。,木の葉返しは攻めの始点ではなく、相手の反撃をずらす保険として使う。バリア・フィールドを見てから使い、終わり際に立ち止まらない。,龍撃剣はラインハルト本人に固執しない。バリア・フィールド、チャージを確認し、孤立した後衛か体力が減った敵から切る。,バリア・フィールド後、チャージ後,ラインハルトに対しては「風斬りを使う目的」「木の葉返しで返せる攻撃か」「龍撃剣前に確認する防御・救助・移動スキル」を毎回確認する。,"[""敵サポート"", ""孤立したダメージ"", ""ラインハルト""]","[""手裏剣を当てる前に風斬りで入り、離脱手段を失うこと。"", ""バリア・フィールド、チャージが残っている相手へ、防御・救助・移動スキルが残る正面へ龍撃剣で入ること。"", ""木の葉返し後に安心して立ち止まり、次の被弾で倒されること。""]",ラインハルトを倒し切るより、風斬りを離脱手段として残す。手裏剣を当ててから入る癖を作る。,入る前に「戻る先の遮蔽」と「確認するスキル」を決める。バリア・フィールド後、チャージを使わせた後に詰める。倒し切れない時は壁登りで戻る。,ラインハルトのバリア・フィールドを使わせた後、同じ相手を追うか敵サポートへ切り替えるかを即決する。,龍撃剣は単独で使わない。バリア・フィールド、チャージを確認し、味方の攻撃開始と同じタイミングで抜く。,ラインハルトだけを見ず、敵後衛の防御・救助・移動スキルと味方の圧を合わせる。風斬りリセット後の次対象まで先に決める。,高耐久の前線スキルを削って後衛へ切り替えるタンク,ラインハルトだけを倒す設計にせず、回復線・防御スキル・後衛の露出を同時に見る。,ラインハルトが前へ出た瞬間は削り、防御・救助・移動スキルを使った直後に後ろのサポートか横のダメージへ手裏剣と風斬りを移す。,正面で長く撃ち続けず、風斬りと壁登りで射線を変えて敵の回復と防御を分散させる。,試合後に「ラインハルトの何を見てから撃ったか」「外した時にどこへ戻ったか」を1回だけ確認する。,ゲンジ対ラインハルトは、高耐久の前線スキルを削って後衛へ切り替えるタンクとして読む。最初に見る情報、撃つ瞬間、失敗時の戻り先を分けると、数値評価以上に安定する。,ラインハルトへの説明は「撃つ」「追う」だけで終わらせない。ダイブ確認、倒し切りを狙う条件、撤退先、次の狙いを必ず1文ずつ分け、ゲンジの手裏剣と風斬りと風斬りと壁登りの使い道を混同しない。,資源削り,ラインハルトを倒し切るより、防御スキルを吐かせて後衛へ切り替える準備を作る。,この試合で「ラインハルトだけを倒す設計にせず、回復線・防御スキル・後衛の露出を同時に見る。」を守れたか。守れなかった場合、次は撃つ前に何を1つだけ見るか。,ラインハルトが前へ出た瞬間は削り、防御・救助・移動スキルを使った直後に後ろのサポートか横のダメージへ手裏剣と風斬りを移す。 次に正面で長く撃ち続けず、風斬りと壁登りで射線を変えて敵の回復と防御を分散させる。できていれば成功。,ラインハルトだけに射撃時間を使い、後衛や横のダメージを見られなくなる。,次の試合ではラインハルトを削った後、防御・救助・移動スキルを使わせた時点で別の敵へ照準を移す。,ラインハルトへ撃った時間と、後衛へ切り替えた瞬間を確認する。,次の試合ではラインハルトを倒すことより、確認、攻撃、退避の順番を崩さない。
Ashe,7,長射線回避・壁登り接近,アッシュの長い射線を正面から渡らない。壁登りで高低差を使い、照準が別方向へ向いた瞬間だけ手裏剣から風斬りへつなげる。,サイバー体術は逃げにも攻めにも使う。壁登りで視線外から近づくことで、正面の射線を避けながら手裏剣を通す射線を作る。,"[""コーチ・ガン"", ""ダイナマイト"", ""B.O.B""]","[""コーチ・ガン後"", ""ダイナマイト後""]","[""コーチ・ガン"", ""ダイナマイト"", ""B.O.B""]","[""長い射線を正面から渡らない"", ""壁登りで視線外から近づく"", ""照準が外れた瞬間だけ顔を出す""]",6,8,9,9,8,7,6,10,手裏剣は先に体力差を作るために使う。コーチ・ガン後、ダイナマイト後、または遮蔽から出る一歩目に当て、命中を確認してから風斬りを選ぶ。,風斬りは接近・撃破確認後の追撃・離脱のどれに使うかを事前に決める。長い射線を正面から渡らないを基本に、リセットが取れない時は深追いしない。,木の葉返しは攻めの始点ではなく、相手の反撃をずらす保険として使う。コーチ・ガンを見てから使い、終わり際に立ち止まらない。,龍撃剣はアッシュ本人に固執しない。コーチ・ガン、ダイナマイトを確認し、孤立した後衛か体力が減った敵から切る。,コーチ・ガン後、ダイナマイト後,アッシュに対しては「風斬りを使う目的」「木の葉返しで返せる攻撃か」「龍撃剣前に確認する防御・救助・移動スキル」を毎回確認する。,"[""アッシュ"", ""敵サポート"", ""体力が減った敵""]","[""手裏剣を当てる前に風斬りで入り、離脱手段を失うこと。"", ""コーチ・ガン、ダイナマイトが残っている相手へ、防御・救助・移動スキルが残る正面へ龍撃剣で入ること。"", ""木の葉返し後に安心して立ち止まり、次の被弾で倒されること。""]",アッシュを倒し切るより、風斬りを離脱手段として残す。手裏剣を当ててから入る癖を作る。,入る前に「戻る先の遮蔽」と「確認するスキル」を決める。コーチ・ガン後、ダイナマイトを使わせた後に詰める。倒し切れない時は壁登りで戻る。,アッシュのコーチ・ガンを使わせた後、同じ相手を追うか敵サポートへ切り替えるかを即決する。,龍撃剣は単独で使わない。コーチ・ガン、ダイナマイトを確認し、味方の攻撃開始と同じタイミングで抜く。,アッシュだけを見ず、敵後衛の防御・救助・移動スキルと味方の圧を合わせる。風斬りリセット後の次対象まで先に決める。,長射線で先に体力差を作る敵,アッシュの正面射線へ体を置かず、味方が視線を引いた一拍だけ別射線を使う。,アッシュが照準を別方向へ向けた瞬間、または遮蔽移動中に手裏剣と風斬りを差し込む。,一度撃った位置は読まれるため、風斬りと壁登りで次の遮蔽へ移り、同じ場所から再ピークしない。,試合後に「アッシュの何を見てから撃ったか」「外した時にどこへ戻ったか」を1回だけ確認する。,ゲンジ対アッシュは、長射線で先に体力差を作る敵として読む。最初に見る情報、撃つ瞬間、失敗時の戻り先を分けると、数値評価以上に安定する。,アッシュへの説明は「撃つ」「追う」だけで終わらせない。ダイブ確認、倒し切りを狙う条件、撤退先、次の狙いを必ず1文ずつ分け、ゲンジの手裏剣と風斬りと風斬りと壁登りの使い道を混同しない。,射線管理,アッシュの正面射線を避け、短い別射線で一度だけ体力差を作る。,この試合で「アッシュの正面射線へ体を置かず、味方が視線を引いた一拍だけ別射線を使う。」を守れたか。守れなかった場合、次は撃つ前に何を1つだけ見るか。,アッシュが照準を別方向へ向けた瞬間、または遮蔽移動中に手裏剣と風斬りを差し込む。 次に一度撃った位置は読まれるため、風斬りと壁登りで次の遮蔽へ移り、同じ場所から再ピークしない。できていれば成功。,同じ場所から再ピークして、アッシュに照準を置かれたまま勝負する。,次の試合では1回撃ったら風斬りか壁登りで射線を変え、同じ位置を使わない。,アッシュに見られていた時間、再ピークした場所、射線変更できたかを確認する。,次の試合ではアッシュを倒すことより、確認、攻撃、退避の順番を崩さない。
Widowmaker,7,長射線回避・壁登り接近,ウィドウメイカー相手は、壁登りと二段ジャンプで射線外から近づく。正面の長い射線を横切らず、照準が味方へ向いた瞬間に手裏剣から風斬りへつなげる。,サイバー体術は逃げにも攻めにも使う。壁登りで視線外から近づくことで、正面の射線を避けながら手裏剣を通す射線を作る。,"[""グラップリング・フック"", ""ヴェノム・マイン"", ""ウィドウズ・キス""]","[""グラップリング・フック後"", ""ヴェノム・マイン後""]","[""グラップリング・フック"", ""ヴェノム・マイン"", ""ウィドウズ・キス""]","[""長い射線を正面から渡らない"", ""壁登りで視線外から近づく"", ""照準が外れた瞬間だけ顔を出す""]",8,8,10,10,8,7,6,10,手裏剣は先に体力差を作るために使う。グラップリング・フック後、ヴェノム・マイン後、または遮蔽から出る一歩目に当て、命中を確認してから風斬りを選ぶ。,風斬りは接近・撃破確認後の追撃・離脱のどれに使うかを事前に決める。長い射線を正面から渡らないを基本に、リセットが取れない時は深追いしない。,木の葉返しは攻めの始点ではなく、相手の反撃をずらす保険として使う。グラップリング・フックを見てから使い、終わり際に立ち止まらない。,龍撃剣はウィドウメイカー本人に固執しない。グラップリング・フック、ヴェノム・マインを確認し、孤立した後衛か体力が減った敵から切る。,グラップリング・フック後、ヴェノム・マイン後,ウィドウメイカーに対しては「風斬りを使う目的」「木の葉返しで返せる攻撃か」「龍撃剣前に確認する防御・救助・移動スキル」を毎回確認する。,"[""ウィドウメイカー"", ""敵サポート"", ""体力が減った敵""]","[""手裏剣を当てる前に風斬りで入り、離脱手段を失うこと。"", ""グラップリング・フック、ヴェノム・マインが残っている相手へ、防御・救助・移動スキルが残る正面へ龍撃剣で入ること。"", ""木の葉返し後に安心して立ち止まり、次の被弾で倒されること。""]",ウィドウメイカーを倒し切るより、風斬りを離脱手段として残す。手裏剣を当ててから入る癖を作る。,入る前に「戻る先の遮蔽」と「確認するスキル」を決める。グラップリング・フック後、ヴェノム・マインを使わせた後に詰める。倒し切れない時は壁登りで戻る。,ウィドウメイカーのグラップリング・フックを使わせた後、同じ相手を追うか敵サポートへ切り替えるかを即決する。,龍撃剣は単独で使わない。グラップリング・フック、ヴェノム・マインを確認し、味方の攻撃開始と同じタイミングで抜く。,ウィドウメイカーだけを見ず、敵後衛の防御・救助・移動スキルと味方の圧を合わせる。風斬りリセット後の次対象まで先に決める。,長射線で先に体力差を作る敵,ウィドウメイカーの正面射線へ体を置かず、味方が視線を引いた一拍だけ別射線を使う。,ウィドウメイカーが照準を別方向へ向けた瞬間、または遮蔽移動中に手裏剣と風斬りを差し込む。,一度撃った位置は読まれるため、風斬りと壁登りで次の遮蔽へ移り、同じ場所から再ピークしない。,試合後に「ウィドウメイカーの何を見てから撃ったか」「外した時にどこへ戻ったか」を1回だけ確認する。,ゲンジ対ウィドウメイカーは、長射線で先に体力差を作る敵として読む。最初に見る情報、撃つ瞬間、失敗時の戻り先を分けると、数値評価以上に安定する。,ウィドウメイカーへの説明は「撃つ」「追う」だけで終わらせない。ダイブ確認、倒し切りを狙う条件、撤退先、次の狙いを必ず1文ずつ分け、ゲンジの手裏剣と風斬りと風斬りと壁登りの使い道を混同しない。,射線管理,ウィドウメイカーの正面射線を避け、短い別射線で一度だけ体力差を作る。,この試合で「ウィドウメイカーの正面射線へ体を置かず、味方が視線を引いた一拍だけ別射線を使う。」を守れたか。守れなかった場合、次は撃つ前に何を1つだけ見るか。,ウィドウメイカーが照準を別方向へ向けた瞬間、または遮蔽移動中に手裏剣と風斬りを差し込む。 次に一度撃った位置は読まれるため、風斬りと壁登りで次の遮蔽へ移り、同じ場所から再ピークしない。できていれば成功。,同じ場所から再ピークして、ウィドウメイカーに照準を置かれたまま勝負する。,次の試合では1回撃ったら風斬りか壁登りで射線を変え、同じ位置を使わない。,ウィドウメイカーに見られていた時間、再ピークした場所、射線変更できたかを確認する。,次の試合ではウィドウメイカーを倒すことより、確認、攻撃、退避の順番を崩さない。
Emre,6,長射線回避・壁登り接近,エムレの長い射線を正面から渡らない。壁登りで高低差を使い、照準が別方向へ向いた瞬間だけ手裏剣から風斬りへつなげる。,サイバー体術は逃げにも攻めにも使う。壁登りで視線外から近づくことで、正面の射線を避けながら手裏剣を通す射線を作る。,"[""オルタード・バイタル"", ""サイバー・フラグ"", ""シンセティック・バースト・ライフル""]","[""オルタード・バイタル後"", ""サイバー・フラグ後""]","[""オルタード・バイタル"", ""サイバー・フラグ"", ""シンセティック・バースト・ライフル""]","[""長い射線を正面から渡らない"", ""壁登りで視線外から近づく"", ""照準が外れた瞬間だけ顔を出す""]",6,8,9,9,6,7,6,10,手裏剣は先に体力差を作るために使う。オルタード・バイタル後、サイバー・フラグ後、または遮蔽から出る一歩目に当て、命中を確認してから風斬りを選ぶ。,風斬りは接近・撃破確認後の追撃・離脱のどれに使うかを事前に決める。長い射線を正面から渡らないを基本に、リセットが取れない時は深追いしない。,木の葉返しは攻めの始点ではなく、相手の反撃をずらす保険として使う。オルタード・バイタルを見てから使い、終わり際に立ち止まらない。,龍撃剣はエムレ本人に固執しない。オルタード・バイタル、サイバー・フラグを確認し、孤立した後衛か体力が減った敵から切る。,オルタード・バイタル後、サイバー・フラグ後,エムレに対しては「風斬りを使う目的」「木の葉返しで返せる攻撃か」「龍撃剣前に確認する防御・救助・移動スキル」を毎回確認する。,"[""エムレ"", ""敵サポート"", ""体力が減った敵""]","[""手裏剣を当てる前に風斬りで入り、離脱手段を失うこと。"", ""オルタード・バイタル、サイバー・フラグが残っている相手へ、防御・救助・移動スキルが残る正面へ龍撃剣で入ること。"", ""木の葉返し後に安心して立ち止まり、次の被弾で倒されること。""]",エムレを倒し切るより、風斬りを離脱手段として残す。手裏剣を当ててから入る癖を作る。,入る前に「戻る先の遮蔽」と「確認するスキル」を決める。オルタード・バイタル後、サイバー・フラグを使わせた後に詰める。倒し切れない時は壁登りで戻る。,エムレのオルタード・バイタルを使わせた後、同じ相手を追うか敵サポートへ切り替えるかを即決する。,龍撃剣は単独で使わない。オルタード・バイタル、サイバー・フラグを確認し、味方の攻撃開始と同じタイミングで抜く。,エムレだけを見ず、敵後衛の防御・救助・移動スキルと味方の圧を合わせる。風斬りリセット後の次対象まで先に決める。,長射線で先に体力差を作る敵,エムレの正面射線へ体を置かず、味方が視線を引いた一拍だけ別射線を使う。,エムレが照準を別方向へ向けた瞬間、または遮蔽移動中に手裏剣と風斬りを差し込む。,一度撃った位置は読まれるため、風斬りと壁登りで次の遮蔽へ移り、同じ場所から再ピークしない。,試合後に「エムレの何を見てから撃ったか」「外した時にどこへ戻ったか」を1回だけ確認する。,ゲンジ対エムレは、長射線で先に体力差を作る敵として読む。最初に見る情報、撃つ瞬間、失敗時の戻り先を分けると、数値評価以上に安定する。,エムレへの説明は「撃つ」「追う」だけで終わらせない。ダイブ確認、倒し切りを狙う条件、撤退先、次の狙いを必ず1文ずつ分け、ゲンジの手裏剣と風斬りと風斬りと壁登りの使い道を混同しない。,射線管理,エムレの正面射線を避け、短い別射線で一度だけ体力差を作る。,この試合で「エムレの正面射線へ体を置かず、味方が視線を引いた一拍だけ別射線を使う。」を守れたか。守れなかった場合、次は撃つ前に何を1つだけ見るか。,エムレが照準を別方向へ向けた瞬間、または遮蔽移動中に手裏剣と風斬りを差し込む。 次に一度撃った位置は読まれるため、風斬りと壁登りで次の遮蔽へ移り、同じ場所から再ピークしない。できていれば成功。,同じ場所から再ピークして、エムレに照準を置かれたまま勝負する。,次の試合では1回撃ったら風斬りか壁登りで射線を変え、同じ位置を使わない。,エムレに見られていた時間、再ピークした場所、射線変更できたかを確認する。,次の試合ではエムレを倒すことより、確認、攻撃、退避の順番を崩さない。
Cassidy,4,行動阻害・迎撃注意,キャスディ相手は、フラッシュバンを確認せずに風斬りで入らない。中距離の手裏剣で先に反応を引き出し、回避後だけ短く詰める。,サイバー体術は逃げにも攻めにも使う。壁登りで視線外から近づくことで、正面の射線を避けながら手裏剣を通す射線を作る。,"[""コンバット・ロール"", ""フラッシュバン"", ""デッド・アイ""]","[""フラッシュバン後"", ""コンバット・ロール後""]","[""コンバット・ロール"", ""フラッシュバン"", ""デッド・アイ""]","[""長い射線を正面から渡らない"", ""壁登りで視線外から近づく"", ""照準が外れた瞬間だけ顔を出す""]",8,8,8,9,6,6,6,10,手裏剣は先に体力差を作るために使う。フラッシュバン後、コンバット・ロール後、または遮蔽から出る一歩目に当て、命中を確認してから風斬りを選ぶ。,風斬りは接近・撃破確認後の追撃・離脱のどれに使うかを事前に決める。長い射線を正面から渡らないを基本に、リセットが取れない時は深追いしない。,木の葉返しは攻めの始点ではなく、相手の反撃をずらす保険として使う。コンバット・ロールを見てから使い、終わり際に立ち止まらない。,龍撃剣はキャスディ本人に固執しない。コンバット・ロール、フラッシュバンを確認し、孤立した後衛か体力が減った敵から切る。,フラッシュバン後、コンバット・ロール後,キャスディに対しては「風斬りを使う目的」「木の葉返しで返せる攻撃か」「龍撃剣前に確認する防御・救助・移動スキル」を毎回確認する。,"[""キャスディ"", ""敵サポート"", ""体力が減った敵""]","[""手裏剣を当てる前に風斬りで入り、離脱手段を失うこと。"", ""コンバット・ロール、フラッシュバンが残っている相手へ、防御・救助・移動スキルが残る正面へ龍撃剣で入ること。"", ""木の葉返し後に安心して立ち止まり、次の被弾で倒されること。""]",キャスディを倒し切るより、風斬りを離脱手段として残す。手裏剣を当ててから入る癖を作る。,入る前に「戻る先の遮蔽」と「確認するスキル」を決める。フラッシュバン後、コンバット・ロールを使わせた後に詰める。倒し切れない時は壁登りで戻る。,キャスディのコンバット・ロールを使わせた後、同じ相手を追うか敵サポートへ切り替えるかを即決する。,龍撃剣は単独で使わない。コンバット・ロール、フラッシュバンを確認し、味方の攻撃開始と同じタイミングで抜く。,キャスディだけを見ず、敵後衛の防御・救助・移動スキルと味方の圧を合わせる。風斬りリセット後の次対象まで先に決める。,長射線で先に体力差を作る敵,キャスディの正面射線へ体を置かず、味方が視線を引いた一拍だけ別射線を使う。,キャスディが照準を別方向へ向けた瞬間、または遮蔽移動中に手裏剣と風斬りを差し込む。,一度撃った位置は読まれるため、風斬りと壁登りで次の遮蔽へ移り、同じ場所から再ピークしない。,試合後に「キャスディの何を見てから撃ったか」「外した時にどこへ戻ったか」を1回だけ確認する。,ゲンジ対キャスディは、長射線で先に体力差を作る敵として読む。最初に見る情報、撃つ瞬間、失敗時の戻り先を分けると、数値評価以上に安定する。,キャスディへの説明は「撃つ」「追う」だけで終わらせない。ダイブ確認、倒し切りを狙う条件、撤退先、次の狙いを必ず1文ずつ分け、ゲンジの手裏剣と風斬りと風斬りと壁登りの使い道を混同しない。,射線管理,キャスディの正面射線を避け、短い別射線で一度だけ体力差を作る。,この試合で「キャスディの正面射線へ体を置かず、味方が視線を引いた一拍だけ別射線を使う。」を守れたか。守れなかった場合、次は撃つ前に何を1つだけ見るか。,キャスディが照準を別方向へ向けた瞬間、または遮蔽移動中に手裏剣と風斬りを差し込む。 次に一度撃った位置は読まれるため、風斬りと壁登りで次の遮蔽へ移り、同じ場所から再ピークしない。できていれば成功。,同じ場所から再ピークして、キャスディに照準を置かれたまま勝負する。,次の試合では1回撃ったら風斬りか壁登りで射線を変え、同じ位置を使わない。,キャスディに見られていた時間、再ピークした場所、射線変更できたかを確認する。,次の試合ではキャスディを倒すことより、確認、攻撃、退避の順番を崩さない。
Sojourn,6,長射線回避・壁登り接近,ソジョーンの長い射線を正面から渡らない。壁登りで高低差を使い、照準が別方向へ向いた瞬間だけ手裏剣から風斬りへつなげる。,サイバー体術は逃げにも攻めにも使う。壁登りで視線外から近づくことで、正面の射線を避けながら手裏剣を通す射線を作る。,"[""パワー・スライド"", ""ディスラプター・ショット"", ""レールガン""]","[""パワー・スライド後"", ""ディスラプター・ショット後""]","[""パワー・スライド"", ""ディスラプター・ショット"", ""レールガン""]","[""長い射線を正面から渡らない"", ""壁登りで視線外から近づく"", ""照準が外れた瞬間だけ顔を出す""]",6,8,10,8,6,7,6,10,手裏剣は先に体力差を作るために使う。パワー・スライド後、ディスラプター・ショット後、または遮蔽から出る一歩目に当て、命中を確認してから風斬りを選ぶ。,風斬りは接近・撃破確認後の追撃・離脱のどれに使うかを事前に決める。長い射線を正面から渡らないを基本に、リセットが取れない時は深追いしない。,木の葉返しは攻めの始点ではなく、相手の反撃をずらす保険として使う。パワー・スライドを見てから使い、終わり際に立ち止まらない。,龍撃剣はソジョーン本人に固執しない。パワー・スライド、ディスラプター・ショットを確認し、孤立した後衛か体力が減った敵から切る。,パワー・スライド後、ディスラプター・ショット後,ソジョーンに対しては「風斬りを使う目的」「木の葉返しで返せる攻撃か」「龍撃剣前に確認する防御・救助・移動スキル」を毎回確認する。,"[""ソジョーン"", ""敵サポート"", ""体力が減った敵""]","[""手裏剣を当てる前に風斬りで入り、離脱手段を失うこと。"", ""パワー・スライド、ディスラプター・ショットが残っている相手へ、防御・救助・移動スキルが残る正面へ龍撃剣で入ること。"", ""木の葉返し後に安心して立ち止まり、次の被弾で倒されること。""]",ソジョーンを倒し切るより、風斬りを離脱手段として残す。手裏剣を当ててから入る癖を作る。,入る前に「戻る先の遮蔽」と「確認するスキル」を決める。パワー・スライド後、ディスラプター・ショットを使わせた後に詰める。倒し切れない時は壁登りで戻る。,ソジョーンのパワー・スライドを使わせた後、同じ相手を追うか敵サポートへ切り替えるかを即決する。,龍撃剣は単独で使わない。パワー・スライド、ディスラプター・ショットを確認し、味方の攻撃開始と同じタイミングで抜く。,ソジョーンだけを見ず、敵後衛の防御・救助・移動スキルと味方の圧を合わせる。風斬りリセット後の次対象まで先に決める。,長射線で先に体力差を作る敵,ソジョーンの正面射線へ体を置かず、味方が視線を引いた一拍だけ別射線を使う。,ソジョーンが照準を別方向へ向けた瞬間、または遮蔽移動中に手裏剣と風斬りを差し込む。,一度撃った位置は読まれるため、風斬りと壁登りで次の遮蔽へ移り、同じ場所から再ピークしない。,試合後に「ソジョーンの何を見てから撃ったか」「外した時にどこへ戻ったか」を1回だけ確認する。,ゲンジ対ソジョーンは、長射線で先に体力差を作る敵として読む。最初に見る情報、撃つ瞬間、失敗時の戻り先を分けると、数値評価以上に安定する。,ソジョーンへの説明は「撃つ」「追う」だけで終わらせない。ダイブ確認、倒し切りを狙う条件、撤退先、次の狙いを必ず1文ずつ分け、ゲンジの手裏剣と風斬りと風斬りと壁登りの使い道を混同しない。,射線管理,ソジョーンの正面射線を避け、短い別射線で一度だけ体力差を作る。,この試合で「ソジョーンの正面射線へ体を置かず、味方が視線を引いた一拍だけ別射線を使う。」を守れたか。守れなかった場合、次は撃つ前に何を1つだけ見るか。,ソジョーンが照準を別方向へ向けた瞬間、または遮蔽移動中に手裏剣と風斬りを差し込む。 次に一度撃った位置は読まれるため、風斬りと壁登りで次の遮蔽へ移り、同じ場所から再ピークしない。できていれば成功。,同じ場所から再ピークして、ソジョーンに照準を置かれたまま勝負する。,次の試合では1回撃ったら風斬りか壁登りで射線を変え、同じ位置を使わない。,ソジョーンに見られていた時間、再ピークした場所、射線変更できたかを確認する。,次の試合ではソジョーンを倒すことより、確認、攻撃、退避の順番を崩さない。
Soldier: 76,6,長射線回避・壁登り接近,ソルジャー76の長い射線を正面から渡らない。壁登りで高低差を使い、照準が別方向へ向いた瞬間だけ手裏剣から風斬りへつなげる。,サイバー体術は逃げにも攻めにも使う。壁登りで視線外から近づくことで、正面の射線を避けながら手裏剣を通す射線を作る。,"[""スプリント"", ""バイオティック・フィールド"", ""ヘリックス・ロケット""]","[""スプリント後"", ""バイオティック・フィールド後""]","[""バイオティック・フィールド"", ""スプリント"", ""ヘリックス・ロケット""]","[""長い射線を正面から渡らない"", ""壁登りで視線外から近づく"", ""照準が外れた瞬間だけ顔を出す""]",4,8,8,8,6,7,6,9,手裏剣は先に体力差を作るために使う。スプリント後、バイオティック・フィールド後、または遮蔽から出る一歩目に当て、命中を確認してから風斬りを選ぶ。,風斬りは接近・撃破確認後の追撃・離脱のどれに使うかを事前に決める。長い射線を正面から渡らないを基本に、リセットが取れない時は深追いしない。,木の葉返しは攻めの始点ではなく、相手の反撃をずらす保険として使う。スプリントを見てから使い、終わり際に立ち止まらない。,龍撃剣はソルジャー76本人に固執しない。バイオティック・フィールド、スプリントを確認し、孤立した後衛か体力が減った敵から切る。,スプリント後、バイオティック・フィールド後,ソルジャー76に対しては「風斬りを使う目的」「木の葉返しで返せる攻撃か」「龍撃剣前に確認する防御・救助・移動スキル」を毎回確認する。,"[""ソルジャー76"", ""敵サポート"", ""体力が減った敵""]","[""手裏剣を当てる前に風斬りで入り、離脱手段を失うこと。"", ""スプリント、バイオティック・フィールドが残っている相手へ、防御・救助・移動スキルが残る正面へ龍撃剣で入ること。"", ""木の葉返し後に安心して立ち止まり、次の被弾で倒されること。""]",ソルジャー76を倒し切るより、風斬りを離脱手段として残す。手裏剣を当ててから入る癖を作る。,入る前に「戻る先の遮蔽」と「確認するスキル」を決める。スプリント後、バイオティック・フィールドを使わせた後に詰める。倒し切れない時は壁登りで戻る。,ソルジャー76のスプリントを使わせた後、同じ相手を追うか敵サポートへ切り替えるかを即決する。,龍撃剣は単独で使わない。バイオティック・フィールド、スプリントを確認し、味方の攻撃開始と同じタイミングで抜く。,ソルジャー76だけを見ず、敵後衛の防御・救助・移動スキルと味方の圧を合わせる。風斬りリセット後の次対象まで先に決める。,長射線で先に体力差を作る敵,ソルジャー76の正面射線へ体を置かず、味方が視線を引いた一拍だけ別射線を使う。,ソルジャー76が照準を別方向へ向けた瞬間、または遮蔽移動中に手裏剣と風斬りを差し込む。,一度撃った位置は読まれるため、風斬りと壁登りで次の遮蔽へ移り、同じ場所から再ピークしない。,試合後に「ソルジャー76の何を見てから撃ったか」「外した時にどこへ戻ったか」を1回だけ確認する。,ゲンジ対ソルジャー76は、長射線で先に体力差を作る敵として読む。最初に見る情報、撃つ瞬間、失敗時の戻り先を分けると、数値評価以上に安定する。,ソルジャー76への説明は「撃つ」「追う」だけで終わらせない。ダイブ確認、倒し切りを狙う条件、撤退先、次の狙いを必ず1文ずつ分け、ゲンジの手裏剣と風斬りと風斬りと壁登りの使い道を混同しない。,射線管理,ソルジャー76の正面射線を避け、短い別射線で一度だけ体力差を作る。,この試合で「ソルジャー76の正面射線へ体を置かず、味方が視線を引いた一拍だけ別射線を使う。」を守れたか。守れなかった場合、次は撃つ前に何を1つだけ見るか。,ソルジャー76が照準を別方向へ向けた瞬間、または遮蔽移動中に手裏剣と風斬りを差し込む。 次に一度撃った位置は読まれるため、風斬りと壁登りで次の遮蔽へ移り、同じ場所から再ピークしない。できていれば成功。,同じ場所から再ピークして、ソルジャー76に照準を置かれたまま勝負する。,次の試合では1回撃ったら風斬りか壁登りで射線を変え、同じ位置を使わない。,ソルジャー76に見られていた時間、再ピークした場所、射線変更できたかを確認する。,次の試合ではソルジャー76を倒すことより、確認、攻撃、退避の順番を崩さない。
Hanzo,6,長射線回避・壁登り接近,ハンゾーの長い射線を正面から渡らない。壁登りで高低差を使い、照準が別方向へ向いた瞬間だけ手裏剣から風斬りへつなげる。,サイバー体術は逃げにも攻めにも使う。壁登りで視線外から近づくことで、正面の射線を避けながら手裏剣を通す射線を作る。,"[""体術"", ""壁登り"", ""電光石火""]","[""体術後"", ""壁登り後""]","[""体術"", ""壁登り"", ""電光石火""]","[""長い射線を正面から渡らない"", ""壁登りで視線外から近づく"", ""照準が外れた瞬間だけ顔を出す""]",8,8,10,9,6,6,6,10,手裏剣は先に体力差を作るために使う。体術後、壁登り後、または遮蔽から出る一歩目に当て、命中を確認してから風斬りを選ぶ。,風斬りは接近・撃破確認後の追撃・離脱のどれに使うかを事前に決める。長い射線を正面から渡らないを基本に、リセットが取れない時は深追いしない。,木の葉返しは攻めの始点ではなく、相手の反撃をずらす保険として使う。体術を見てから使い、終わり際に立ち止まらない。,龍撃剣はハンゾー本人に固執しない。体術、壁登りを確認し、孤立した後衛か体力が減った敵から切る。,体術後、壁登り後,ハンゾーに対しては「風斬りを使う目的」「木の葉返しで返せる攻撃か」「龍撃剣前に確認する防御・救助・移動スキル」を毎回確認する。,"[""ハンゾー"", ""敵サポート"", ""体力が減った敵""]","[""手裏剣を当てる前に風斬りで入り、離脱手段を失うこと。"", ""体術、壁登りが残っている相手へ、防御・救助・移動スキルが残る正面へ龍撃剣で入ること。"", ""木の葉返し後に安心して立ち止まり、次の被弾で倒されること。""]",ハンゾーを倒し切るより、風斬りを離脱手段として残す。手裏剣を当ててから入る癖を作る。,入る前に「戻る先の遮蔽」と「確認するスキル」を決める。体術か壁登りを使わせた後に詰める。倒し切れない時は壁登りで戻る。,ハンゾーの体術を使わせた後、同じ相手を追うか敵サポートへ切り替えるかを即決する。,龍撃剣は単独で使わない。体術、壁登りを確認し、味方の攻撃開始と同じタイミングで抜く。,ハンゾーだけを見ず、敵後衛の防御・救助・移動スキルと味方の圧を合わせる。風斬りリセット後の次対象まで先に決める。,長射線で先に体力差を作る敵,ハンゾーの正面射線へ体を置かず、味方が視線を引いた一拍だけ別射線を使う。,ハンゾーが照準を別方向へ向けた瞬間、または遮蔽移動中に手裏剣と風斬りを差し込む。,一度撃った位置は読まれるため、風斬りと壁登りで次の遮蔽へ移り、同じ場所から再ピークしない。,試合後に「ハンゾーの何を見てから撃ったか」「外した時にどこへ戻ったか」を1回だけ確認する。,ゲンジ対ハンゾーは、長射線で先に体力差を作る敵として読む。最初に見る情報、撃つ瞬間、失敗時の戻り先を分けると、数値評価以上に安定する。,ハンゾーへの説明は「撃つ」「追う」だけで終わらせない。ダイブ確認、倒し切りを狙う条件、撤退先、次の狙いを必ず1文ずつ分け、ゲンジの手裏剣と風斬りと風斬りと壁登りの使い道を混同しない。,射線管理,ハンゾーの正面射線を避け、短い別射線で一度だけ体力差を作る。,この試合で「ハンゾーの正面射線へ体を置かず、味方が視線を引いた一拍だけ別射線を使う。」を守れたか。守れなかった場合、次は撃つ前に何を1つだけ見るか。,ハンゾーが照準を別方向へ向けた瞬間、または遮蔽移動中に手裏剣と風斬りを差し込む。 次に一度撃った位置は読まれるため、風斬りと壁登りで次の遮蔽へ移り、同じ場所から再ピークしない。できていれば成功。,同じ場所から再ピークして、ハンゾーに照準を置かれたまま勝負する。,次の試合では1回撃ったら風斬りか壁登りで射線を変え、同じ位置を使わない。,ハンゾーに見られていた時間、再ピークした場所、射線変更できたかを確認する。,次の試合ではハンゾーを倒すことより、確認、攻撃、退避の順番を崩さない。
Freja,6,長射線回避・壁登り接近,フレイヤの長い射線を正面から渡らない。壁登りで高低差を使い、照準が別方向へ向いた瞬間だけ手裏剣から風斬りへつなげる。,サイバー体術は逃げにも攻めにも使う。壁登りで視線外から近づくことで、正面の射線を避けながら手裏剣を通す射線を作る。,"[""クイック・ダッシュ"", ""アップドラフト"", ""ボーラ・ショット""]","[""クイック・ダッシュ後"", ""アップドラフト後""]","[""クイック・ダッシュ"", ""アップドラフト"", ""ボーラ・ショット""]","[""長い射線を正面から渡らない"", ""壁登りで視線外から近づく"", ""照準が外れた瞬間だけ顔を出す""]",6,8,8,8,6,7,6,10,手裏剣は先に体力差を作るために使う。クイック・ダッシュ後、アップドラフト後、または遮蔽から出る一歩目に当て、命中を確認してから風斬りを選ぶ。,風斬りは接近・撃破確認後の追撃・離脱のどれに使うかを事前に決める。長い射線を正面から渡らないを基本に、リセットが取れない時は深追いしない。,木の葉返しは攻めの始点ではなく、相手の反撃をずらす保険として使う。クイック・ダッシュを見てから使い、終わり際に立ち止まらない。,龍撃剣はフレイヤ本人に固執しない。クイック・ダッシュ、アップドラフトを確認し、孤立した後衛か体力が減った敵から切る。,クイック・ダッシュ後、アップドラフト後,フレイヤに対しては「風斬りを使う目的」「木の葉返しで返せる攻撃か」「龍撃剣前に確認する防御・救助・移動スキル」を毎回確認する。,"[""フレイヤ"", ""敵サポート"", ""体力が減った敵""]","[""手裏剣を当てる前に風斬りで入り、離脱手段を失うこと。"", ""クイック・ダッシュ、アップドラフトが残っている相手へ、防御・救助・移動スキルが残る正面へ龍撃剣で入ること。"", ""木の葉返し後に安心して立ち止まり、次の被弾で倒されること。""]",フレイヤを倒し切るより、風斬りを離脱手段として残す。手裏剣を当ててから入る癖を作る。,入る前に「戻る先の遮蔽」と「確認するスキル」を決める。クイック・ダッシュ後、アップドラフトを使わせた後に詰める。倒し切れない時は壁登りで戻る。,フレイヤのクイック・ダッシュを使わせた後、同じ相手を追うか敵サポートへ切り替えるかを即決する。,龍撃剣は単独で使わない。クイック・ダッシュ、アップドラフトを確認し、味方の攻撃開始と同じタイミングで抜く。,フレイヤだけを見ず、敵後衛の防御・救助・移動スキルと味方の圧を合わせる。風斬りリセット後の次対象まで先に決める。,長射線で先に体力差を作る敵,フレイヤの正面射線へ体を置かず、味方が視線を引いた一拍だけ別射線を使う。,フレイヤが照準を別方向へ向けた瞬間、または遮蔽移動中に手裏剣と風斬りを差し込む。,一度撃った位置は読まれるため、風斬りと壁登りで次の遮蔽へ移り、同じ場所から再ピークしない。,試合後に「フレイヤの何を見てから撃ったか」「外した時にどこへ戻ったか」を1回だけ確認する。,ゲンジ対フレイヤは、長射線で先に体力差を作る敵として読む。最初に見る情報、撃つ瞬間、失敗時の戻り先を分けると、数値評価以上に安定する。,フレイヤへの説明は「撃つ」「追う」だけで終わらせない。ダイブ確認、倒し切りを狙う条件、撤退先、次の狙いを必ず1文ずつ分け、ゲンジの手裏剣と風斬りと風斬りと壁登りの使い道を混同しない。,射線管理,フレイヤの正面射線を避け、短い別射線で一度だけ体力差を作る。,この試合で「フレイヤの正面射線へ体を置かず、味方が視線を引いた一拍だけ別射線を使う。」を守れたか。守れなかった場合、次は撃つ前に何を1つだけ見るか。,フレイヤが照準を別方向へ向けた瞬間、または遮蔽移動中に手裏剣と風斬りを差し込む。 次に一度撃った位置は読まれるため、風斬りと壁登りで次の遮蔽へ移り、同じ場所から再ピークしない。できていれば成功。,同じ場所から再ピークして、フレイヤに照準を置かれたまま勝負する。,次の試合では1回撃ったら風斬りか壁登りで射線を変え、同じ位置を使わない。,フレイヤに見られていた時間、再ピークした場所、射線変更できたかを確認する。,次の試合ではフレイヤを倒すことより、確認、攻撃、退避の順番を崩さない。
Anran,6,手裏剣確認・風斬り追撃,アンランには手裏剣で体力差を作ってから入る。風斬りを最初に使い切らず、撃破確認後の追撃か安全な離脱に残す。,サイバー体術は逃げにも攻めにも使う。体力差を見て風斬りで詰めることで、正面の射線を避けながら手裏剣を通す射線を作る。,"[""熠閃舞"", ""朱魂返"", ""怒炎衝""]","[""熠閃舞後"", ""朱魂返後""]","[""熠閃舞"", ""朱魂返"", ""怒炎衝""]","[""遮蔽から手裏剣を当てる"", ""体力差を見て風斬りで詰める"", ""撃破できなければ壁登りで戻る""]",6,5,6,6,5,6,5,7,手裏剣は先に体力差を作るために使う。熠閃舞後、朱魂返後、または遮蔽から出る一歩目に当て、命中を確認してから風斬りを選ぶ。,風斬りは接近・撃破確認後の追撃・離脱のどれに使うかを事前に決める。遮蔽から手裏剣を当てるを基本に、リセットが取れない時は深追いしない。,木の葉返しは攻めの始点ではなく、相手の反撃をずらす保険として使う。熠閃舞を見てから使い、終わり際に立ち止まらない。,龍撃剣はアンラン本人に固執しない。熠閃舞、朱魂返を確認し、孤立した後衛か体力が減った敵から切る。,熠閃舞後、朱魂返後,アンランに対しては「風斬りを使う目的」「木の葉返しで返せる攻撃か」「龍撃剣前に確認する防御・救助・移動スキル」を毎回確認する。,"[""アンラン"", ""敵サポート"", ""体力が減った敵""]","[""手裏剣を当てる前に風斬りで入り、離脱手段を失うこと。"", ""熠閃舞、朱魂返が残っている相手へ、防御・救助・移動スキルが残る正面へ龍撃剣で入ること。"", ""木の葉返し後に安心して立ち止まり、次の被弾で倒されること。""]",アンランを倒し切るより、風斬りを離脱手段として残す。手裏剣を当ててから入る癖を作る。,入る前に「戻る先の遮蔽」と「確認するスキル」を決める。熠閃舞後、朱魂返を使わせた後に詰める。倒し切れない時は壁登りで戻る。,アンランの熠閃舞を使わせた後、同じ相手を追うか敵サポートへ切り替えるかを即決する。,龍撃剣は単独で使わない。熠閃舞、朱魂返を確認し、味方の攻撃開始と同じタイミングで抜く。,アンランだけを見ず、敵後衛の防御・救助・移動スキルと味方の圧を合わせる。風斬りリセット後の次対象まで先に決める。,ダイブ経路・帰り道・再突入を分けるフランカー,アンランの初回接近だけを見ず、帰り道・再突入のダイブ経路・味方サポートへの距離を先に置き照準で管理する。,アンランが移動スキルを切った直後に手裏剣と風斬りを硬直に合わせ、倒し切れない時は追わない。,追撃で味方から離れず、風斬りと壁登りで元の遮蔽へ戻る。倒し切れない時は次の再突入を待ち、同じ通路を追わない。,試合後に「アンランの何を見てから撃ったか」「外した時にどこへ戻ったか」を1回だけ確認する。,ゲンジ対アンランは、ダイブ経路・帰り道・再突入を分けるフランカーとして読む。最初に見る情報、撃つ瞬間、失敗時の戻り先を分けると、数値評価以上に安定する。,アンランへの説明は「撃つ」「追う」だけで終わらせない。ダイブ確認、倒し切りを狙う条件、撤退先、次の狙いを必ず1文ずつ分け、ゲンジの手裏剣と風斬りと風斬りと壁登りの使い道を混同しない。,再突入確認,アンランの初回接近ではなく、帰り道と再突入のダイブ経路を見て2回目を止める。,この試合で「アンランの初回接近だけを見ず、帰り道・再突入のダイブ経路・味方サポートへの距離を先に置き照準で管理する。」を守れたか。守れなかった場合、次は撃つ前に何を1つだけ見るか。,アンランが移動スキルを切った直後に手裏剣と風斬りを硬直に合わせ、倒し切れない時は追わない。 次に追撃で味方から離れず、風斬りと壁登りで元の遮蔽へ戻る。倒し切れない時は次の再突入を待ち、同じ通路を追わない。できていれば成功。,アンランを深追いして味方から離れ、次の接近を味方サポートに通してしまう。,次の試合では初回接近を移動スキル使用直後の硬直を狙い、逃げ道へ手裏剣と風斬りを残す。,アンランを追った距離、味方サポートとの距離、再突入時に照準が置けていたかを確認する。,次の試合ではアンランを倒すことより、確認、攻撃、退避の順番を崩さない。
Genji,6,ミラー・風斬り管理,ゲンジミラーは、先に風斬りを外した側と、先に木の葉返しを空振りした側が苦しくなる。長く追い回さず、手裏剣の命中確認から風斬りのリセットだけを狙う。,サイバー体術は逃げにも攻めにも使う。体力差を見て風斬りで詰めることで、正面の射線を避けながら手裏剣を通す射線を作る。,"[""風斬り"", ""木の葉返し"", ""龍撃剣""]","[""木の葉返し後"", ""風斬りを外した後""]","[""木の葉返し"", ""風斬り"", ""龍撃剣""]","[""遮蔽から手裏剣を当てる"", ""体力差を見て風斬りで詰める"", ""撃破できなければ壁登りで戻る""]",6,5,6,6,5,8,5,7,手裏剣は先に体力差を作るために使う。木の葉返し後、風斬りを外した後、または遮蔽から出る一歩目に当て、命中を確認してから風斬りを選ぶ。,風斬りは接近・撃破確認後の追撃・離脱のどれに使うかを事前に決める。遮蔽から手裏剣を当てるを基本に、リセットが取れない時は深追いしない。,木の葉返しは攻めの始点ではなく、相手の反撃をずらす保険として使う。風斬りを見てから使い、終わり際に立ち止まらない。,龍撃剣はゲンジ本人に固執しない。木の葉返し、風斬りを確認し、孤立した後衛か体力が減った敵から切る。,木の葉返し後、風斬りを外した後,ゲンジに対しては「風斬りを使う目的」「木の葉返しで返せる攻撃か」「龍撃剣前に確認する防御・救助・移動スキル」を毎回確認する。,"[""ゲンジ"", ""敵サポート"", ""体力が減った敵""]","[""手裏剣を当てる前に風斬りで入り、離脱手段を失うこと。"", ""風斬り、木の葉返しが残っている相手へ、防御・救助・移動スキルが残る正面へ龍撃剣で入ること。"", ""木の葉返し後に安心して立ち止まり、次の被弾で倒されること。""]",ゲンジを倒し切るより、風斬りを離脱手段として残す。手裏剣を当ててから入る癖を作る。,入る前に「戻る先の遮蔽」と「確認するスキル」を決める。木の葉返しか風斬りを使わせた後に詰める。倒し切れない時は壁登りで戻る。,ゲンジの風斬りを使わせた後、同じ相手を追うか敵サポートへ切り替えるかを即決する。,龍撃剣は単独で使わない。木の葉返し、風斬りを確認し、味方の攻撃開始と同じタイミングで抜く。,ゲンジだけを見ず、敵後衛の防御・救助・移動スキルと味方の圧を合わせる。風斬りリセット後の次対象まで先に決める。,ダイブ経路・帰り道・再突入を分けるフランカー,ゲンジの初回接近だけを見ず、帰り道・再突入のダイブ経路・味方サポートへの距離を先に置き照準で管理する。,ゲンジが移動スキルを切った直後に手裏剣と風斬りを硬直に合わせ、倒し切れない時は追わない。,追撃で味方から離れず、風斬りと壁登りで元の遮蔽へ戻る。倒し切れない時は次の再突入を待ち、同じ通路を追わない。,試合後に「ゲンジの何を見てから撃ったか」「外した時にどこへ戻ったか」を1回だけ確認する。,ゲンジ対ゲンジは、ダイブ経路・帰り道・再突入を分けるフランカーとして読む。最初に見る情報、撃つ瞬間、失敗時の戻り先を分けると、数値評価以上に安定する。,ゲンジへの説明は「撃つ」「追う」だけで終わらせない。ダイブ確認、倒し切りを狙う条件、撤退先、次の狙いを必ず1文ずつ分け、ゲンジの手裏剣と風斬りと風斬りと壁登りの使い道を混同しない。,再突入確認,ゲンジの初回接近ではなく、帰り道と再突入のダイブ経路を見て2回目を止める。,この試合で「ゲンジの初回接近だけを見ず、帰り道・再突入のダイブ経路・味方サポートへの距離を先に置き照準で管理する。」を守れたか。守れなかった場合、次は撃つ前に何を1つだけ見るか。,ゲンジが移動スキルを切った直後に手裏剣と風斬りを硬直に合わせ、倒し切れない時は追わない。 次に追撃で味方から離れず、風斬りと壁登りで元の遮蔽へ戻る。倒し切れない時は次の再突入を待ち、同じ通路を追わない。できていれば成功。,ゲンジを深追いして味方から離れ、次の接近を味方サポートに通してしまう。,次の試合では初回接近を移動スキル使用直後の硬直を狙い、逃げ道へ手裏剣と風斬りを残す。,ゲンジを追った距離、味方サポートとの距離、再突入時に照準が置けていたかを確認する。,次の試合ではゲンジを倒すことより、確認、攻撃、退避の順番を崩さない。
Shion,6,手裏剣確認・風斬り追撃,シオンには手裏剣で体力差を作ってから入る。風斬りを最初に使い切らず、撃破確認後の追撃か安全な離脱に残す。,サイバー体術は逃げにも攻めにも使う。体力差を見て風斬りで詰めることで、正面の射線を避けながら手裏剣を通す射線を作る。,"[""回避"", ""凶走"", ""罰""]","[""回避後"", ""凶走後""]","[""回避"", ""凶走"", ""罰""]","[""遮蔽から手裏剣を当てる"", ""体力差を見て風斬りで詰める"", ""撃破できなければ壁登りで戻る""]",6,5,6,6,5,6,5,7,手裏剣は先に体力差を作るために使う。回避後、凶走後、または遮蔽から出る一歩目に当て、命中を確認してから風斬りを選ぶ。,風斬りは接近・撃破確認後の追撃・離脱のどれに使うかを事前に決める。遮蔽から手裏剣を当てるを基本に、リセットが取れない時は深追いしない。,木の葉返しは攻めの始点ではなく、相手の反撃をずらす保険として使う。回避を見てから使い、終わり際に立ち止まらない。,龍撃剣はシオン本人に固執しない。回避、凶走を確認し、孤立した後衛か体力が減った敵から切る。,回避後、凶走後,シオンに対しては「風斬りを使う目的」「木の葉返しで返せる攻撃か」「龍撃剣前に確認する防御・救助・移動スキル」を毎回確認する。,"[""シオン"", ""敵サポート"", ""体力が減った敵""]","[""手裏剣を当てる前に風斬りで入り、離脱手段を失うこと。"", ""回避、凶走が残っている相手へ、防御・救助・移動スキルが残る正面へ龍撃剣で入ること。"", ""木の葉返し後に安心して立ち止まり、次の被弾で倒されること。""]",シオンを倒し切るより、風斬りを離脱手段として残す。手裏剣を当ててから入る癖を作る。,入る前に「戻る先の遮蔽」と「確認するスキル」を決める。回避後、凶走を使わせた後に詰める。倒し切れない時は壁登りで戻る。,シオンの回避を使わせた後、同じ相手を追うか敵サポートへ切り替えるかを即決する。,龍撃剣は単独で使わない。回避、凶走を確認し、味方の攻撃開始と同じタイミングで抜く。,シオンだけを見ず、敵後衛の防御・救助・移動スキルと味方の圧を合わせる。風斬りリセット後の次対象まで先に決める。,ダイブ経路・帰り道・再突入を分けるフランカー,シオンの初回接近だけを見ず、帰り道・再突入のダイブ経路・味方サポートへの距離を先に置き照準で管理する。,シオンが移動スキルを切った直後に手裏剣と風斬りを硬直に合わせ、倒し切れない時は追わない。,追撃で味方から離れず、風斬りと壁登りで元の遮蔽へ戻る。倒し切れない時は次の再突入を待ち、同じ通路を追わない。,試合後に「シオンの何を見てから撃ったか」「外した時にどこへ戻ったか」を1回だけ確認する。,ゲンジ対シオンは、ダイブ経路・帰り道・再突入を分けるフランカーとして読む。最初に見る情報、撃つ瞬間、失敗時の戻り先を分けると、数値評価以上に安定する。,シオンへの説明は「撃つ」「追う」だけで終わらせない。ダイブ確認、倒し切りを狙う条件、撤退先、次の狙いを必ず1文ずつ分け、ゲンジの手裏剣と風斬りと風斬りと壁登りの使い道を混同しない。,再突入確認,シオンの初回接近ではなく、帰り道と再突入のダイブ経路を見て2回目を止める。,この試合で「シオンの初回接近だけを見ず、帰り道・再突入のダイブ経路・味方サポートへの距離を先に置き照準で管理する。」を守れたか。守れなかった場合、次は撃つ前に何を1つだけ見るか。,シオンが移動スキルを切った直後に手裏剣と風斬りを硬直に合わせ、倒し切れない時は追わない。 次に追撃で味方から離れず、風斬りと壁登りで元の遮蔽へ戻る。倒し切れない時は次の再突入を待ち、同じ通路を追わない。できていれば成功。,シオンを深追いして味方から離れ、次の接近を味方サポートに通してしまう。,次の試合では初回接近を移動スキル使用直後の硬直を狙い、逃げ道へ手裏剣と風斬りを残す。,シオンを追った距離、味方サポートとの距離、再突入時に照準が置けていたかを確認する。,次の試合ではシオンを倒すことより、確認、攻撃、退避の順番を崩さない。
Sombra,4,行動阻害・迎撃注意,ソンブラ相手は、ハック開始時と成立後を分けて考える。開始を見たら手裏剣で中断を狙い、成立したら風斬りと木の葉返しを前提にせず遮蔽へ戻る。,サイバー体術は逃げにも攻めにも使う。風斬りで入る前に手裏剣を当てることで、正面の射線を避けながら手裏剣を通す射線を作る。,"[""トランズロケーター"", ""ステルス"", ""ハック""]","[""ハック失敗後"", ""トランズロケーター後""]","[""ハック"", ""EMP"", ""トランズロケーター""]","[""迎撃スキルを先に使わせる"", ""風斬りで入る前に手裏剣を当てる"", ""木の葉返し後に深追いしない""]",8,5,6,5,4,6,5,8,手裏剣は先に体力差を作るために使う。ハック失敗後、トランズロケーター後、または遮蔽から出る一歩目に当て、命中を確認してから風斬りを選ぶ。,風斬りは接近・撃破確認後の追撃・離脱のどれに使うかを事前に決める。迎撃スキルを先に使わせるを基本に、リセットが取れない時は深追いしない。,木の葉返しは攻めの始点ではなく、相手の反撃をずらす保険として使う。トランズロケーターを見てから使い、終わり際に立ち止まらない。,龍撃剣はソンブラ本人に固執しない。ハック、EMPを確認し、孤立した後衛か体力が減った敵から切る。,ハック失敗後、トランズロケーター後,ソンブラに対しては「風斬りを使う目的」「木の葉返しで返せる攻撃か」「龍撃剣前に確認する防御・救助・移動スキル」を毎回確認する。,"[""ソンブラ"", ""敵サポート"", ""体力が減った敵""]","[""手裏剣を当てる前に風斬りで入り、離脱手段を失うこと。"", ""トランズロケーター、ステルスが残っている相手へ、防御・救助・移動スキルが残る正面へ龍撃剣で入ること。"", ""木の葉返し後に安心して立ち止まり、次の被弾で倒されること。""]",ソンブラを倒し切るより、風斬りを離脱手段として残す。手裏剣を当ててから入る癖を作る。,入る前に「戻る先の遮蔽」と「確認するスキル」を決める。ハック失敗後、トランズロケーターを使わせた後に詰める。倒し切れない時は壁登りで戻る。,ソンブラのトランズロケーターを使わせた後、同じ相手を追うか敵サポートへ切り替えるかを即決する。,龍撃剣は単独で使わない。ハック、EMPを確認し、味方の攻撃開始と同じタイミングで抜く。,ソンブラだけを見ず、敵後衛の防御・救助・移動スキルと味方の圧を合わせる。風斬りリセット後の次対象まで先に決める。,ダイブ経路・帰り道・再突入を分けるフランカー,ソンブラの初回接近だけを見ず、帰り道・再突入のダイブ経路・味方サポートへの距離を先に置き照準で管理する。,ソンブラが移動スキルを切った直後に手裏剣と風斬りを硬直に合わせ、倒し切れない時は追わない。,追撃で味方から離れず、風斬りと壁登りで元の遮蔽へ戻る。倒し切れない時は次の再突入を待ち、同じ通路を追わない。,試合後に「ソンブラの何を見てから撃ったか」「外した時にどこへ戻ったか」を1回だけ確認する。,ゲンジ対ソンブラは、ダイブ経路・帰り道・再突入を分けるフランカーとして読む。最初に見る情報、撃つ瞬間、失敗時の戻り先を分けると、数値評価以上に安定する。,ソンブラへの説明は「撃つ」「追う」だけで終わらせない。ダイブ確認、倒し切りを狙う条件、撤退先、次の狙いを必ず1文ずつ分け、ゲンジの手裏剣と風斬りと風斬りと壁登りの使い道を混同しない。,再突入確認,ソンブラの初回接近ではなく、帰り道と再突入のダイブ経路を見て2回目を止める。,この試合で「ソンブラの初回接近だけを見ず、帰り道・再突入のダイブ経路・味方サポートへの距離を先に置き照準で管理する。」を守れたか。守れなかった場合、次は撃つ前に何を1つだけ見るか。,ソンブラが移動スキルを切った直後に手裏剣と風斬りを硬直に合わせ、倒し切れない時は追わない。 次に追撃で味方から離れず、風斬りと壁登りで元の遮蔽へ戻る。倒し切れない時は次の再突入を待ち、同じ通路を追わない。できていれば成功。,ソンブラを深追いして味方から離れ、次の接近を味方サポートに通してしまう。,次の試合では初回接近を移動スキル使用直後の硬直を狙い、逃げ道へ手裏剣と風斬りを残す。,ソンブラを追った距離、味方サポートとの距離、再突入時に照準が置けていたかを確認する。,次の試合ではソンブラを倒すことより、確認、攻撃、退避の順番を崩さない。
Tracer,6,手裏剣確認・風斬り追撃,トレーサー相手は、風斬りを先に使うと追跡で不利になる。手裏剣を当ててリコールを使わせ、リコール後の短い硬直だけ詰める。,サイバー体術は逃げにも攻めにも使う。体力差を見て風斬りで詰めることで、正面の射線を避けながら手裏剣を通す射線を作る。,"[""ブリンク"", ""リコール"", ""パルス・ボム""]","[""ブリンク後"", ""リコール後""]","[""リコール"", ""ブリンク"", ""パルス・ボム""]","[""遮蔽から手裏剣を当てる"", ""体力差を見て風斬りで詰める"", ""撃破できなければ壁登りで戻る""]",6,5,6,5,5,6,5,7,手裏剣は先に体力差を作るために使う。ブリンク後、リコール後、または遮蔽から出る一歩目に当て、命中を確認してから風斬りを選ぶ。,風斬りは接近・撃破確認後の追撃・離脱のどれに使うかを事前に決める。遮蔽から手裏剣を当てるを基本に、リセットが取れない時は深追いしない。,木の葉返しは攻めの始点ではなく、相手の反撃をずらす保険として使う。ブリンクを見てから使い、終わり際に立ち止まらない。,龍撃剣はトレーサー本人に固執しない。リコール、ブリンクを確認し、孤立した後衛か体力が減った敵から切る。,ブリンク後、リコール後,トレーサーに対しては「風斬りを使う目的」「木の葉返しで返せる攻撃か」「龍撃剣前に確認する防御・救助・移動スキル」を毎回確認する。,"[""トレーサー"", ""敵サポート"", ""体力が減った敵""]","[""手裏剣を当てる前に風斬りで入り、離脱手段を失うこと。"", ""ブリンク、リコールが残っている相手へ、防御・救助・移動スキルが残る正面へ龍撃剣で入ること。"", ""木の葉返し後に安心して立ち止まり、次の被弾で倒されること。""]",トレーサーを倒し切るより、風斬りを離脱手段として残す。手裏剣を当ててから入る癖を作る。,入る前に「戻る先の遮蔽」と「確認するスキル」を決める。ブリンク後、リコールを使わせた後に詰める。倒し切れない時は壁登りで戻る。,トレーサーのブリンクを使わせた後、同じ相手を追うか敵サポートへ切り替えるかを即決する。,龍撃剣は単独で使わない。リコール、ブリンクを確認し、味方の攻撃開始と同じタイミングで抜く。,トレーサーだけを見ず、敵後衛の防御・救助・移動スキルと味方の圧を合わせる。風斬りリセット後の次対象まで先に決める。,ダイブ経路・帰り道・再突入を分けるフランカー,トレーサーの初回接近だけを見ず、帰り道・再突入のダイブ経路・味方サポートへの距離を先に置き照準で管理する。,トレーサーが移動スキルを切った直後に手裏剣と風斬りを硬直に合わせ、倒し切れない時は追わない。,追撃で味方から離れず、風斬りと壁登りで元の遮蔽へ戻る。倒し切れない時は次の再突入を待ち、同じ通路を追わない。,試合後に「トレーサーの何を見てから撃ったか」「外した時にどこへ戻ったか」を1回だけ確認する。,ゲンジ対トレーサーは、ダイブ経路・帰り道・再突入を分けるフランカーとして読む。最初に見る情報、撃つ瞬間、失敗時の戻り先を分けると、数値評価以上に安定する。,トレーサーへの説明は「撃つ」「追う」だけで終わらせない。ダイブ確認、倒し切りを狙う条件、撤退先、次の狙いを必ず1文ずつ分け、ゲンジの手裏剣と風斬りと風斬りと壁登りの使い道を混同しない。,再突入確認,トレーサーの初回接近ではなく、帰り道と再突入のダイブ経路を見て2回目を止める。,この試合で「トレーサーの初回接近だけを見ず、帰り道・再突入のダイブ経路・味方サポートへの距離を先に置き照準で管理する。」を守れたか。守れなかった場合、次は撃つ前に何を1つだけ見るか。,トレーサーが移動スキルを切った直後に手裏剣と風斬りを硬直に合わせ、倒し切れない時は追わない。 次に追撃で味方から離れず、風斬りと壁登りで元の遮蔽へ戻る。倒し切れない時は次の再突入を待ち、同じ通路を追わない。できていれば成功。,トレーサーを深追いして味方から離れ、次の接近を味方サポートに通してしまう。,次の試合では初回接近を移動スキル使用直後の硬直を狙い、逃げ道へ手裏剣と風斬りを残す。,トレーサーを追った距離、味方サポートとの距離、再突入時に照準が置けていたかを確認する。,次の試合ではトレーサーを倒すことより、確認、攻撃、退避の順番を崩さない。
Venture,6,手裏剣確認・風斬り追撃,ベンチャーには手裏剣で体力差を作ってから入る。風斬りを最初に使い切らず、撃破確認後の追撃か安全な離脱に残す。,サイバー体術は逃げにも攻めにも使う。体力差を見て風斬りで詰めることで、正面の射線を避けながら手裏剣を通す射線を作る。,"[""バロー"", ""ドリル・ダッシュ"", ""テクトニック・ショック""]","[""バロー後"", ""ドリル・ダッシュ後""]","[""バロー"", ""ドリル・ダッシュ"", ""テクトニック・ショック""]","[""遮蔽から手裏剣を当てる"", ""体力差を見て風斬りで詰める"", ""撃破できなければ壁登りで戻る""]",7,5,7,6,6,6,5,8,手裏剣は先に体力差を作るために使う。バロー後、ドリル・ダッシュ後、または遮蔽から出る一歩目に当て、命中を確認してから風斬りを選ぶ。,風斬りは接近・撃破確認後の追撃・離脱のどれに使うかを事前に決める。遮蔽から手裏剣を当てるを基本に、リセットが取れない時は深追いしない。,木の葉返しは攻めの始点ではなく、相手の反撃をずらす保険として使う。バローを見てから使い、終わり際に立ち止まらない。,龍撃剣はベンチャー本人に固執しない。バロー、ドリル・ダッシュを確認し、孤立した後衛か体力が減った敵から切る。,バロー後、ドリル・ダッシュ後,ベンチャーに対しては「風斬りを使う目的」「木の葉返しで返せる攻撃か」「龍撃剣前に確認する防御・救助・移動スキル」を毎回確認する。,"[""ベンチャー"", ""敵サポート"", ""体力が減った敵""]","[""手裏剣を当てる前に風斬りで入り、離脱手段を失うこと。"", ""バロー、ドリル・ダッシュが残っている相手へ、防御・救助・移動スキルが残る正面へ龍撃剣で入ること。"", ""木の葉返し後に安心して立ち止まり、次の被弾で倒されること。""]",ベンチャーを倒し切るより、風斬りを離脱手段として残す。手裏剣を当ててから入る癖を作る。,入る前に「戻る先の遮蔽」と「確認するスキル」を決める。バロー後、ドリル・ダッシュを使わせた後に詰める。倒し切れない時は壁登りで戻る。,ベンチャーのバローを使わせた後、同じ相手を追うか敵サポートへ切り替えるかを即決する。,龍撃剣は単独で使わない。バロー、ドリル・ダッシュを確認し、味方の攻撃開始と同じタイミングで抜く。,ベンチャーだけを見ず、敵後衛の防御・救助・移動スキルと味方の圧を合わせる。風斬りリセット後の次対象まで先に決める。,ダイブ経路・帰り道・再突入を分けるフランカー,ベンチャーの初回接近だけを見ず、帰り道・再突入のダイブ経路・味方サポートへの距離を先に置き照準で管理する。,ベンチャーが移動スキルを切った直後に手裏剣と風斬りを硬直に合わせ、倒し切れない時は追わない。,追撃で味方から離れず、風斬りと壁登りで元の遮蔽へ戻る。倒し切れない時は次の再突入を待ち、同じ通路を追わない。,試合後に「ベンチャーの何を見てから撃ったか」「外した時にどこへ戻ったか」を1回だけ確認する。,ゲンジ対ベンチャーは、ダイブ経路・帰り道・再突入を分けるフランカーとして読む。最初に見る情報、撃つ瞬間、失敗時の戻り先を分けると、数値評価以上に安定する。,ベンチャーへの説明は「撃つ」「追う」だけで終わらせない。ダイブ確認、倒し切りを狙う条件、撤退先、次の狙いを必ず1文ずつ分け、ゲンジの手裏剣と風斬りと風斬りと壁登りの使い道を混同しない。,再突入確認,ベンチャーの初回接近ではなく、帰り道と再突入のダイブ経路を見て2回目を止める。,この試合で「ベンチャーの初回接近だけを見ず、帰り道・再突入のダイブ経路・味方サポートへの距離を先に置き照準で管理する。」を守れたか。守れなかった場合、次は撃つ前に何を1つだけ見るか。,ベンチャーが移動スキルを切った直後に手裏剣と風斬りを硬直に合わせ、倒し切れない時は追わない。 次に追撃で味方から離れず、風斬りと壁登りで元の遮蔽へ戻る。倒し切れない時は次の再突入を待ち、同じ通路を追わない。できていれば成功。,ベンチャーを深追いして味方から離れ、次の接近を味方サポートに通してしまう。,次の試合では初回接近を移動スキル使用直後の硬直を狙い、逃げ道へ手裏剣と風斬りを残す。,ベンチャーを追った距離、味方サポートとの距離、再突入時に照準が置けていたかを確認する。,次の試合ではベンチャーを倒すことより、確認、攻撃、退避の順番を崩さない。
Reaper,6,手裏剣確認・風斬り追撃,リーパーには手裏剣で体力差を作ってから入る。風斬りを最初に使い切らず、撃破確認後の追撃か安全な離脱に残す。,サイバー体術は逃げにも攻めにも使う。体力差を見て風斬りで詰めることで、正面の射線を避けながら手裏剣を通す射線を作る。,"[""レイス・フォーム"", ""シャドウ・ステップ"", ""デス・ブロッサム""]","[""レイス・フォーム後"", ""シャドウ・ステップ後""]","[""レイス・フォーム"", ""シャドウ・ステップ"", ""デス・ブロッサム""]","[""遮蔽から手裏剣を当てる"", ""体力差を見て風斬りで詰める"", ""撃破できなければ壁登りで戻る""]",6,6,7,7,6,5,5,8,手裏剣は先に体力差を作るために使う。レイス・フォーム後、シャドウ・ステップ後、または遮蔽から出る一歩目に当て、命中を確認してから風斬りを選ぶ。,風斬りは接近・撃破確認後の追撃・離脱のどれに使うかを事前に決める。遮蔽から手裏剣を当てるを基本に、リセットが取れない時は深追いしない。,木の葉返しは攻めの始点ではなく、相手の反撃をずらす保険として使う。レイス・フォームを見てから使い、終わり際に立ち止まらない。,龍撃剣はリーパー本人に固執しない。レイス・フォーム、シャドウ・ステップを確認し、孤立した後衛か体力が減った敵から切る。,レイス・フォーム後、シャドウ・ステップ後,リーパーに対しては「風斬りを使う目的」「木の葉返しで返せる攻撃か」「龍撃剣前に確認する防御・救助・移動スキル」を毎回確認する。,"[""リーパー"", ""敵サポート"", ""体力が減った敵""]","[""手裏剣を当てる前に風斬りで入り、離脱手段を失うこと。"", ""レイス・フォーム、シャドウ・ステップが残っている相手へ、防御・救助・移動スキルが残る正面へ龍撃剣で入ること。"", ""木の葉返し後に安心して立ち止まり、次の被弾で倒されること。""]",リーパーを倒し切るより、風斬りを離脱手段として残す。手裏剣を当ててから入る癖を作る。,入る前に「戻る先の遮蔽」と「確認するスキル」を決める。レイス・フォーム後、シャドウ・ステップを使わせた後に詰める。倒し切れない時は壁登りで戻る。,リーパーのレイス・フォームを使わせた後、同じ相手を追うか敵サポートへ切り替えるかを即決する。,龍撃剣は単独で使わない。レイス・フォーム、シャドウ・ステップを確認し、味方の攻撃開始と同じタイミングで抜く。,リーパーだけを見ず、敵後衛の防御・救助・移動スキルと味方の圧を合わせる。風斬りリセット後の次対象まで先に決める。,ダイブ経路・帰り道・再突入を分けるフランカー,リーパーの初回接近だけを見ず、帰り道・再突入のダイブ経路・味方サポートへの距離を先に置き照準で管理する。,リーパーが移動スキルを切った直後に手裏剣と風斬りを硬直に合わせ、倒し切れない時は追わない。,追撃で味方から離れず、風斬りと壁登りで元の遮蔽へ戻る。倒し切れない時は次の再突入を待ち、同じ通路を追わない。,試合後に「リーパーの何を見てから撃ったか」「外した時にどこへ戻ったか」を1回だけ確認する。,ゲンジ対リーパーは、ダイブ経路・帰り道・再突入を分けるフランカーとして読む。最初に見る情報、撃つ瞬間、失敗時の戻り先を分けると、数値評価以上に安定する。,リーパーへの説明は「撃つ」「追う」だけで終わらせない。ダイブ確認、倒し切りを狙う条件、撤退先、次の狙いを必ず1文ずつ分け、ゲンジの手裏剣と風斬りと風斬りと壁登りの使い道を混同しない。,再突入確認,リーパーの初回接近ではなく、帰り道と再突入のダイブ経路を見て2回目を止める。,この試合で「リーパーの初回接近だけを見ず、帰り道・再突入のダイブ経路・味方サポートへの距離を先に置き照準で管理する。」を守れたか。守れなかった場合、次は撃つ前に何を1つだけ見るか。,リーパーが移動スキルを切った直後に手裏剣と風斬りを硬直に合わせ、倒し切れない時は追わない。 次に追撃で味方から離れず、風斬りと壁登りで元の遮蔽へ戻る。倒し切れない時は次の再突入を待ち、同じ通路を追わない。できていれば成功。,リーパーを深追いして味方から離れ、次の接近を味方サポートに通してしまう。,次の試合では初回接近を移動スキル使用直後の硬直を狙い、逃げ道へ手裏剣と風斬りを残す。,リーパーを追った距離、味方サポートとの距離、再突入時に照準が置けていたかを確認する。,次の試合ではリーパーを倒すことより、確認、攻撃、退避の順番を崩さない。
Vendetta,6,手裏剣確認・風斬り追撃,ヴェンデッタには手裏剣で体力差を作ってから入る。風斬りを最初に使い切らず、撃破確認後の追撃か安全な離脱に残す。,サイバー体術は逃げにも攻めにも使う。体力差を見て風斬りで詰めることで、正面の射線を避けながら手裏剣を通す射線を作る。,"[""ソアリング・スライス"", ""ウォーディング・スタンス"", ""ワールウィンド""]","[""ソアリング・スライス後"", ""ウォーディング・スタンス後""]","[""ウォーディング・スタンス"", ""ソアリング・スライス"", ""ワールウィンド""]","[""遮蔽から手裏剣を当てる"", ""体力差を見て風斬りで詰める"", ""撃破できなければ壁登りで戻る""]",7,5,7,6,6,5,5,8,手裏剣は先に体力差を作るために使う。ソアリング・スライス後、ウォーディング・スタンス後、または遮蔽から出る一歩目に当て、命中を確認してから風斬りを選ぶ。,風斬りは接近・撃破確認後の追撃・離脱のどれに使うかを事前に決める。遮蔽から手裏剣を当てるを基本に、リセットが取れない時は深追いしない。,木の葉返しは攻めの始点ではなく、相手の反撃をずらす保険として使う。ソアリング・スライスを見てから使い、終わり際に立ち止まらない。,龍撃剣はヴェンデッタ本人に固執しない。ウォーディング・スタンス、ソアリング・スライスを確認し、孤立した後衛か体力が減った敵から切る。,ソアリング・スライス後、ウォーディング・スタンス後,ヴェンデッタに対しては「風斬りを使う目的」「木の葉返しで返せる攻撃か」「龍撃剣前に確認する防御・救助・移動スキル」を毎回確認する。,"[""ヴェンデッタ"", ""敵サポート"", ""体力が減った敵""]","[""手裏剣を当てる前に風斬りで入り、離脱手段を失うこと。"", ""ソアリング・スライス、ウォーディング・スタンスが残っている相手へ、防御・救助・移動スキルが残る正面へ龍撃剣で入ること。"", ""木の葉返し後に安心して立ち止まり、次の被弾で倒されること。""]",ヴェンデッタを倒し切るより、風斬りを離脱手段として残す。手裏剣を当ててから入る癖を作る。,入る前に「戻る先の遮蔽」と「確認するスキル」を決める。ソアリング・スライス後、ウォーディング・スタンスを使わせた後に詰める。倒し切れない時は壁登りで戻る。,ヴェンデッタのソアリング・スライスを使わせた後、同じ相手を追うか敵サポートへ切り替えるかを即決する。,龍撃剣は単独で使わない。ウォーディング・スタンス、ソアリング・スライスを確認し、味方の攻撃開始と同じタイミングで抜く。,ヴェンデッタだけを見ず、敵後衛の防御・救助・移動スキルと味方の圧を合わせる。風斬りリセット後の次対象まで先に決める。,ダイブ経路・帰り道・再突入を分けるフランカー,ヴェンデッタの初回接近だけを見ず、帰り道・再突入のダイブ経路・味方サポートへの距離を先に置き照準で管理する。,ヴェンデッタが移動スキルを切った直後に手裏剣と風斬りを硬直に合わせ、倒し切れない時は追わない。,追撃で味方から離れず、風斬りと壁登りで元の遮蔽へ戻る。倒し切れない時は次の再突入を待ち、同じ通路を追わない。,試合後に「ヴェンデッタの何を見てから撃ったか」「外した時にどこへ戻ったか」を1回だけ確認する。,ゲンジ対ヴェンデッタは、ダイブ経路・帰り道・再突入を分けるフランカーとして読む。最初に見る情報、撃つ瞬間、失敗時の戻り先を分けると、数値評価以上に安定する。,ヴェンデッタへの説明は「撃つ」「追う」だけで終わらせない。ダイブ確認、倒し切りを狙う条件、撤退先、次の狙いを必ず1文ずつ分け、ゲンジの手裏剣と風斬りと風斬りと壁登りの使い道を混同しない。,再突入確認,ヴェンデッタの初回接近ではなく、帰り道と再突入のダイブ経路を見て2回目を止める。,この試合で「ヴェンデッタの初回接近だけを見ず、帰り道・再突入のダイブ経路・味方サポートへの距離を先に置き照準で管理する。」を守れたか。守れなかった場合、次は撃つ前に何を1つだけ見るか。,ヴェンデッタが移動スキルを切った直後に手裏剣と風斬りを硬直に合わせ、倒し切れない時は追わない。 次に追撃で味方から離れず、風斬りと壁登りで元の遮蔽へ戻る。倒し切れない時は次の再突入を待ち、同じ通路を追わない。できていれば成功。,ヴェンデッタを深追いして味方から離れ、次の接近を味方サポートに通してしまう。,次の試合では初回接近を移動スキル使用直後の硬直を狙い、逃げ道へ手裏剣と風斬りを残す。,ヴェンデッタを追った距離、味方サポートとの距離、再突入時に照準が置けていたかを確認する。,次の試合ではヴェンデッタを倒すことより、確認、攻撃、退避の順番を崩さない。
Echo,5,木の葉返し過信注意,エコー相手は、飛行中を無理に追わず、降りる瞬間やフォーカス・ビーム後を狙う。木の葉返しで返せない攻撃を受ける距離に居続けない。,サイバー体術は逃げにも攻めにも使う。射程外から手裏剣を当てることで、正面の射線を避けながら手裏剣を通す射線を作る。,"[""フライト"", ""スティッキー・ボム"", ""フォーカス・ビーム""]","[""フライト後"", ""スティッキー・ボム後""]","[""フライト"", ""スティッキー・ボム"", ""フォーカス・ビーム""]","[""木の葉返しを保険にしない"", ""射程外から手裏剣を当てる"", ""風斬り後の退路を先に決める""]",8,6,5,7,5,8,5,9,手裏剣は先に体力差を作るために使う。フライト後、スティッキー・ボム後、または遮蔽から出る一歩目に当て、命中を確認してから風斬りを選ぶ。,風斬りは接近・撃破確認後の追撃・離脱のどれに使うかを事前に決める。木の葉返しを保険にしないを基本に、リセットが取れない時は深追いしない。,木の葉返しは攻めの始点ではなく、相手の反撃をずらす保険として使う。フライトを見てから使い、終わり際に立ち止まらない。,龍撃剣はエコー本人に固執しない。フライト、スティッキー・ボムを確認し、孤立した後衛か体力が減った敵から切る。,フライト後、スティッキー・ボム後,エコーに対しては「風斬りを使う目的」「木の葉返しで返せる攻撃か」「龍撃剣前に確認する防御・救助・移動スキル」を毎回確認する。,"[""エコー"", ""敵サポート"", ""体力が減った敵""]","[""手裏剣を当てる前に風斬りで入り、離脱手段を失うこと。"", ""フライト、スティッキー・ボムが残っている相手へ、防御・救助・移動スキルが残る正面へ龍撃剣で入ること。"", ""木の葉返しで解決できる前提で、ビーム・設置物・行動阻害の射程に居続けること。""]",エコーを倒し切るより、風斬りを離脱手段として残す。手裏剣を当ててから入る癖を作る。,入る前に「戻る先の遮蔽」と「確認するスキル」を決める。フライト後、スティッキー・ボムを使わせた後に詰める。倒し切れない時は壁登りで戻る。,エコーのフライトを使わせた後、同じ相手を追うか敵サポートへ切り替えるかを即決する。,龍撃剣は単独で使わない。フライト、スティッキー・ボムを確認し、味方の攻撃開始と同じタイミングで抜く。,エコーだけを見ず、敵後衛の防御・救助・移動スキルと味方の圧を合わせる。風斬りリセット後の次対象まで先に決める。,高度・着地・支援線を分ける空中敵,エコーを空中で長く追い続けず、高度が落ちる地点・着地先・支援線を先に決める。,エコーがブーストや高度維持を使った直後、着地先が限定された瞬間へ手裏剣と風斬りを集中する。,見上げ続けて地上の圧を失わず、風斬りと壁登りで遮蔽へ戻って次の着地だけを見る。,試合後に「エコーの何を見てから撃ったか」「外した時にどこへ戻ったか」を1回だけ確認する。,ゲンジ対エコーは、高度・着地・支援線を分ける空中敵として読む。最初に見る情報、撃つ瞬間、失敗時の戻り先を分けると、数値評価以上に安定する。,エコーへの説明は「撃つ」「追う」だけで終わらせない。ダイブ確認、倒し切りを狙う条件、撤退先、次の狙いを必ず1文ずつ分け、ゲンジの手裏剣と風斬りと風斬りと壁登りの使い道を混同しない。,空中圧確認,エコーを空中で追い続けず、着地・高度低下・支援線の切れ目だけを撃つ。,この試合で「エコーを空中で長く追い続けず、高度が落ちる地点・着地先・支援線を先に決める。」を守れたか。守れなかった場合、次は撃つ前に何を1つだけ見るか。,エコーがブーストや高度維持を使った直後、着地先が限定された瞬間へ手裏剣と風斬りを集中する。 次に見上げ続けて地上の圧を失わず、風斬りと壁登りで遮蔽へ戻って次の着地だけを見る。できていれば成功。,見上げ続けて地上のダイブ経路や味方後衛への圧を見落とす。,次の試合ではエコーの着地先を先に決め、落ちる瞬間だけ手裏剣と風斬りを合わせる。,エコーを撃った時の高度、着地先、自分が地上を見失った秒数を確認する。,次の試合ではエコーを倒すことより、確認、攻撃、退避の順番を崩さない。
Pharah,6,手裏剣確認・風斬り追撃,ファラ相手は、空中の相手を追いすぎない。高台や壁登りで一瞬だけ射程を作り、手裏剣で圧をかけたら敵サポートへ切り替える。,サイバー体術は逃げにも攻めにも使う。体力差を見て風斬りで詰めることで、正面の射線を避けながら手裏剣を通す射線を作る。,"[""ジャンプ・ジェット"", ""ジェット・ダッシュ"", ""コンカッシブ・ブラスト""]","[""ジャンプ・ジェット後"", ""ジェット・ダッシュ後""]","[""ジャンプ・ジェット"", ""ジェット・ダッシュ"", ""コンカッシブ・ブラスト""]","[""遮蔽から手裏剣を当てる"", ""体力差を見て風斬りで詰める"", ""撃破できなければ壁登りで戻る""]",5,7,8,7,6,8,5,8,手裏剣は先に体力差を作るために使う。ジャンプ・ジェット後、ジェット・ダッシュ後、または遮蔽から出る一歩目に当て、命中を確認してから風斬りを選ぶ。,風斬りは接近・撃破確認後の追撃・離脱のどれに使うかを事前に決める。遮蔽から手裏剣を当てるを基本に、リセットが取れない時は深追いしない。,木の葉返しは攻めの始点ではなく、相手の反撃をずらす保険として使う。ジャンプ・ジェットを見てから使い、終わり際に立ち止まらない。,龍撃剣はファラ本人に固執しない。ジャンプ・ジェット、ジェット・ダッシュを確認し、孤立した後衛か体力が減った敵から切る。,ジャンプ・ジェット後、ジェット・ダッシュ後,ファラに対しては「風斬りを使う目的」「木の葉返しで返せる攻撃か」「龍撃剣前に確認する防御・救助・移動スキル」を毎回確認する。,"[""ファラ"", ""敵サポート"", ""体力が減った敵""]","[""手裏剣を当てる前に風斬りで入り、離脱手段を失うこと。"", ""ジャンプ・ジェット、ジェット・ダッシュが残っている相手へ、防御・救助・移動スキルが残る正面へ龍撃剣で入ること。"", ""木の葉返し後に安心して立ち止まり、次の被弾で倒されること。""]",ファラを倒し切るより、風斬りを離脱手段として残す。手裏剣を当ててから入る癖を作る。,入る前に「戻る先の遮蔽」と「確認するスキル」を決める。ジャンプ・ジェット後、ジェット・ダッシュを使わせた後に詰める。倒し切れない時は壁登りで戻る。,ファラのジャンプ・ジェットを使わせた後、同じ相手を追うか敵サポートへ切り替えるかを即決する。,龍撃剣は単独で使わない。ジャンプ・ジェット、ジェット・ダッシュを確認し、味方の攻撃開始と同じタイミングで抜く。,ファラだけを見ず、敵後衛の防御・救助・移動スキルと味方の圧を合わせる。風斬りリセット後の次対象まで先に決める。,高度・着地・支援線を分ける空中敵,ファラを空中で長く追い続けず、高度が落ちる地点・着地先・支援線を先に決める。,ファラがブーストや高度維持を使った直後、着地先が限定された瞬間へ手裏剣と風斬りを集中する。,見上げ続けて地上の圧を失わず、風斬りと壁登りで遮蔽へ戻って次の着地だけを見る。,試合後に「ファラの何を見てから撃ったか」「外した時にどこへ戻ったか」を1回だけ確認する。,ゲンジ対ファラは、高度・着地・支援線を分ける空中敵として読む。最初に見る情報、撃つ瞬間、失敗時の戻り先を分けると、数値評価以上に安定する。,ファラへの説明は「撃つ」「追う」だけで終わらせない。ダイブ確認、倒し切りを狙う条件、撤退先、次の狙いを必ず1文ずつ分け、ゲンジの手裏剣と風斬りと風斬りと壁登りの使い道を混同しない。,空中圧確認,ファラを空中で追い続けず、着地・高度低下・支援線の切れ目だけを撃つ。,この試合で「ファラを空中で長く追い続けず、高度が落ちる地点・着地先・支援線を先に決める。」を守れたか。守れなかった場合、次は撃つ前に何を1つだけ見るか。,ファラがブーストや高度維持を使った直後、着地先が限定された瞬間へ手裏剣と風斬りを集中する。 次に見上げ続けて地上の圧を失わず、風斬りと壁登りで遮蔽へ戻って次の着地だけを見る。できていれば成功。,見上げ続けて地上のダイブ経路や味方後衛への圧を見落とす。,次の試合ではファラの着地先を先に決め、落ちる瞬間だけ手裏剣と風斬りを合わせる。,ファラを撃った時の高度、着地先、自分が地上を見失った秒数を確認する。,次の試合ではファラを倒すことより、確認、攻撃、退避の順番を崩さない。
Symmetra,3,木の葉返し過信注意,シンメトラ相手は、セントリー・タレットとビームがゲンジの接近を崩す。木の葉返しで解決しようとせず、設置物処理と別射線からの入り直しを優先する。,サイバー体術は逃げにも攻めにも使う。射程外から手裏剣を当てることで、正面の射線を避けながら手裏剣を通す射線を作る。,"[""テレポーター"", ""フォトン・バリア"", ""セントリー・タレット""]","[""セントリー・タレット処理後"", ""テレポーター確認後""]","[""フォトン・バリア"", ""テレポーター"", ""セントリー・タレット""]","[""木の葉返しを保険にしない"", ""射程外から手裏剣を当てる"", ""風斬り後の退路を先に決める""]",9,7,3,7,7,5,5,10,手裏剣は先に体力差を作るために使う。セントリー・タレット処理後、テレポーター確認後、または遮蔽から出る一歩目に当て、命中を確認してから風斬りを選ぶ。,風斬りは接近・撃破確認後の追撃・離脱のどれに使うかを事前に決める。木の葉返しを保険にしないを基本に、リセットが取れない時は深追いしない。,木の葉返しは攻めの始点ではなく、相手の反撃をずらす保険として使う。テレポーターを見てから使い、終わり際に立ち止まらない。,龍撃剣はシンメトラ本人に固執しない。フォトン・バリア、テレポーターを確認し、孤立した後衛か体力が減った敵から切る。,セントリー・タレット処理後、テレポーター確認後,シンメトラに対しては「風斬りを使う目的」「木の葉返しで返せる攻撃か」「龍撃剣前に確認する防御・救助・移動スキル」を毎回確認する。,"[""シンメトラ"", ""敵サポート"", ""体力が減った敵""]","[""手裏剣を当てる前に風斬りで入り、離脱手段を失うこと。"", ""設置物や罠を残したまま、同じ角度から後衛へ攻め直すこと。"", ""木の葉返しで解決できる前提で、ビーム・設置物・行動阻害の射程に居続けること。""]",シンメトラを倒し切るより、風斬りを離脱手段として残す。手裏剣を当ててから入る癖を作る。,入る前に「戻る先の遮蔽」と「確認するスキル」を決める。セントリー・タレット処理後、テレポーター確認を使わせた後に詰める。倒し切れない時は壁登りで戻る。,シンメトラのテレポーターを使わせた後、同じ相手を追うか敵サポートへ切り替えるかを即決する。,龍撃剣は単独で使わない。フォトン・バリア、テレポーターを確認し、味方の攻撃開始と同じタイミングで抜く。,シンメトラだけを見ず、敵後衛の防御・救助・移動スキルと味方の圧を合わせる。風斬りリセット後の次対象まで先に決める。,通路と設置物で退路を制限する敵,シンメトラの得意な通路を通る前に、設置物・範囲圧・逃げ道・味方が見ている射線を順番に処理する。,設置物や範囲圧を無視して本体へ行かず、通路が空いた瞬間だけ手裏剣と風斬りを使う。,範囲内で粘らず、風斬りと壁登りで通路を変えてから次の射線を作る。戻る場所を決めてから本体を撃つ。,試合後に「シンメトラの何を見てから撃ったか」「外した時にどこへ戻ったか」を1回だけ確認する。,ゲンジ対シンメトラは、通路と設置物で退路を制限する敵として読む。最初に見る情報、撃つ瞬間、失敗時の戻り先を分けると、数値評価以上に安定する。,シンメトラへの説明は「撃つ」「追う」だけで終わらせない。ダイブ確認、倒し切りを狙う条件、撤退先、次の狙いを必ず1文ずつ分け、ゲンジの手裏剣と風斬りと風斬りと壁登りの使い道を混同しない。,通路整理,シンメトラの範囲圧や設置物を整理してから、通路ではなく安全な撃ち場所を作る。,この試合で「シンメトラの得意な通路を通る前に、設置物・範囲圧・逃げ道・味方が見ている射線を順番に処理する。」を守れたか。守れなかった場合、次は撃つ前に何を1つだけ見るか。,設置物や範囲圧を無視して本体へ行かず、通路が空いた瞬間だけ手裏剣と風斬りを使う。 次に範囲内で粘らず、風斬りと壁登りで通路を変えてから次の射線を作る。戻る場所を決めてから本体を撃つ。できていれば成功。,設置物・範囲圧を無視して本体だけを追い、退路を狭められる。,次の試合では通路の危険物を先に処理し、空いた瞬間だけ手裏剣と風斬りを使う。,シンメトラの設置物や範囲圧を処理した順番、踏み込んだ通路、戻れた遮蔽を確認する。,次の試合ではシンメトラを倒すことより、確認、攻撃、退避の順番を崩さない。
Junkrat,4,行動阻害・迎撃注意,ジャンクラット相手は、迎撃スキルを残したまま風斬りで入らない。手裏剣で体力差かスキル消費を作り、コンカッション・マインを使わせた後に詰める。,サイバー体術は逃げにも攻めにも使う。風斬りで入る前に手裏剣を当てることで、正面の射線を避けながら手裏剣を通す射線を作る。,"[""コンカッション・マイン"", ""スティール・トラップ"", ""RIPタイヤ""]","[""コンカッション・マイン後"", ""スティール・トラップ後""]","[""コンカッション・マイン"", ""スティール・トラップ"", ""RIPタイヤ""]","[""迎撃スキルを先に使わせる"", ""風斬りで入る前に手裏剣を当てる"", ""木の葉返し後に深追いしない""]",9,6,8,7,6,5,5,10,手裏剣は先に体力差を作るために使う。コンカッション・マイン後、スティール・トラップ後、または遮蔽から出る一歩目に当て、命中を確認してから風斬りを選ぶ。,風斬りは接近・撃破確認後の追撃・離脱のどれに使うかを事前に決める。迎撃スキルを先に使わせるを基本に、リセットが取れない時は深追いしない。,木の葉返しは攻めの始点ではなく、相手の反撃をずらす保険として使う。コンカッション・マインを見てから使い、終わり際に立ち止まらない。,龍撃剣はジャンクラット本人に固執しない。コンカッション・マイン、スティール・トラップを確認し、孤立した後衛か体力が減った敵から切る。,コンカッション・マイン後、スティール・トラップ後,ジャンクラットに対しては「風斬りを使う目的」「木の葉返しで返せる攻撃か」「龍撃剣前に確認する防御・救助・移動スキル」を毎回確認する。,"[""ジャンクラット"", ""敵サポート"", ""体力が減った敵""]","[""手裏剣を当てる前に風斬りで入り、離脱手段を失うこと。"", ""設置物や罠を残したまま、同じ角度から後衛へ攻め直すこと。"", ""木の葉返し後に安心して立ち止まり、次の被弾で倒されること。""]",ジャンクラットを倒し切るより、風斬りを離脱手段として残す。手裏剣を当ててから入る癖を作る。,入る前に「戻る先の遮蔽」と「確認するスキル」を決める。コンカッション・マイン後、スティール・トラップを使わせた後に詰める。倒し切れない時は壁登りで戻る。,ジャンクラットのコンカッション・マインを使わせた後、同じ相手を追うか敵サポートへ切り替えるかを即決する。,龍撃剣は単独で使わない。コンカッション・マイン、スティール・トラップを確認し、味方の攻撃開始と同じタイミングで抜く。,ジャンクラットだけを見ず、敵後衛の防御・救助・移動スキルと味方の圧を合わせる。風斬りリセット後の次対象まで先に決める。,通路と設置物で退路を制限する敵,ジャンクラットの得意な通路を通る前に、設置物・範囲圧・逃げ道・味方が見ている射線を順番に処理する。,設置物や範囲圧を無視して本体へ行かず、通路が空いた瞬間だけ手裏剣と風斬りを使う。,範囲内で粘らず、風斬りと壁登りで通路を変えてから次の射線を作る。戻る場所を決めてから本体を撃つ。,試合後に「ジャンクラットの何を見てから撃ったか」「外した時にどこへ戻ったか」を1回だけ確認する。,ゲンジ対ジャンクラットは、通路と設置物で退路を制限する敵として読む。最初に見る情報、撃つ瞬間、失敗時の戻り先を分けると、数値評価以上に安定する。,ジャンクラットへの説明は「撃つ」「追う」だけで終わらせない。ダイブ確認、倒し切りを狙う条件、撤退先、次の狙いを必ず1文ずつ分け、ゲンジの手裏剣と風斬りと風斬りと壁登りの使い道を混同しない。,通路整理,ジャンクラットの範囲圧や設置物を整理してから、通路ではなく安全な撃ち場所を作る。,この試合で「ジャンクラットの得意な通路を通る前に、設置物・範囲圧・逃げ道・味方が見ている射線を順番に処理する。」を守れたか。守れなかった場合、次は撃つ前に何を1つだけ見るか。,設置物や範囲圧を無視して本体へ行かず、通路が空いた瞬間だけ手裏剣と風斬りを使う。 次に範囲内で粘らず、風斬りと壁登りで通路を変えてから次の射線を作る。戻る場所を決めてから本体を撃つ。できていれば成功。,設置物・範囲圧を無視して本体だけを追い、退路を狭められる。,次の試合では通路の危険物を先に処理し、空いた瞬間だけ手裏剣と風斬りを使う。,ジャンクラットの設置物や範囲圧を処理した順番、踏み込んだ通路、戻れた遮蔽を確認する。,次の試合ではジャンクラットを倒すことより、確認、攻撃、退避の順番を崩さない。
Torbjörn,5,設置物処理優先,トールビョーン相手は、タレットを残したまま後衛へ入らない。タレットの射線を切るか先に壊し、オーバーロード後に短い接近だけ行う。,サイバー体術は逃げにも攻めにも使う。体力差を見て風斬りで詰めることで、正面の射線を避けながら手裏剣を通す射線を作る。,"[""オーバーロード"", ""タレット"", ""モルテン・コア""]","[""タレット処理後"", ""オーバーロード後""]","[""オーバーロード"", ""タレット"", ""モルテン・コア""]","[""遮蔽から手裏剣を当てる"", ""体力差を見て風斬りで詰める"", ""撃破できなければ壁登りで戻る""]",8,7,6,8,7,5,5,10,手裏剣は先に体力差を作るために使う。タレット処理後、オーバーロード後、または遮蔽から出る一歩目に当て、命中を確認してから風斬りを選ぶ。,風斬りは接近・撃破確認後の追撃・離脱のどれに使うかを事前に決める。遮蔽から手裏剣を当てるを基本に、リセットが取れない時は深追いしない。,木の葉返しは攻めの始点ではなく、相手の反撃をずらす保険として使う。オーバーロードを見てから使い、終わり際に立ち止まらない。,龍撃剣はトールビョーン本人に固執しない。オーバーロード、タレットを確認し、孤立した後衛か体力が減った敵から切る。,タレット処理後、オーバーロード後,トールビョーンに対しては「風斬りを使う目的」「木の葉返しで返せる攻撃か」「龍撃剣前に確認する防御・救助・移動スキル」を毎回確認する。,"[""トールビョーン"", ""敵サポート"", ""体力が減った敵""]","[""手裏剣を当てる前に風斬りで入り、離脱手段を失うこと。"", ""設置物や罠を残したまま、同じ角度から後衛へ攻め直すこと。"", ""木の葉返し後に安心して立ち止まり、次の被弾で倒されること。""]",トールビョーンを倒し切るより、風斬りを離脱手段として残す。手裏剣を当ててから入る癖を作る。,入る前に「戻る先の遮蔽」と「確認するスキル」を決める。タレット処理後、オーバーロードを使わせた後に詰める。倒し切れない時は壁登りで戻る。,トールビョーンのオーバーロードを使わせた後、同じ相手を追うか敵サポートへ切り替えるかを即決する。,龍撃剣は単独で使わない。オーバーロード、タレットを確認し、味方の攻撃開始と同じタイミングで抜く。,トールビョーンだけを見ず、敵後衛の防御・救助・移動スキルと味方の圧を合わせる。風斬りリセット後の次対象まで先に決める。,通路と設置物で退路を制限する敵,トールビョーンの得意な通路を通る前に、設置物・範囲圧・逃げ道・味方が見ている射線を順番に処理する。,設置物や範囲圧を無視して本体へ行かず、通路が空いた瞬間だけ手裏剣と風斬りを使う。,範囲内で粘らず、風斬りと壁登りで通路を変えてから次の射線を作る。戻る場所を決めてから本体を撃つ。,試合後に「トールビョーンの何を見てから撃ったか」「外した時にどこへ戻ったか」を1回だけ確認する。,ゲンジ対トールビョーンは、通路と設置物で退路を制限する敵として読む。最初に見る情報、撃つ瞬間、失敗時の戻り先を分けると、数値評価以上に安定する。,トールビョーンへの説明は「撃つ」「追う」だけで終わらせない。ダイブ確認、倒し切りを狙う条件、撤退先、次の狙いを必ず1文ずつ分け、ゲンジの手裏剣と風斬りと風斬りと壁登りの使い道を混同しない。,通路整理,トールビョーンの範囲圧や設置物を整理してから、通路ではなく安全な撃ち場所を作る。,この試合で「トールビョーンの得意な通路を通る前に、設置物・範囲圧・逃げ道・味方が見ている射線を順番に処理する。」を守れたか。守れなかった場合、次は撃つ前に何を1つだけ見るか。,設置物や範囲圧を無視して本体へ行かず、通路が空いた瞬間だけ手裏剣と風斬りを使う。 次に範囲内で粘らず、風斬りと壁登りで通路を変えてから次の射線を作る。戻る場所を決めてから本体を撃つ。できていれば成功。,設置物・範囲圧を無視して本体だけを追い、退路を狭められる。,次の試合では通路の危険物を先に処理し、空いた瞬間だけ手裏剣と風斬りを使う。,トールビョーンの設置物や範囲圧を処理した順番、踏み込んだ通路、戻れた遮蔽を確認する。,次の試合ではトールビョーンを倒すことより、確認、攻撃、退避の順番を崩さない。
Bastion,6,長射線回避・壁登り接近,バスティオンの長い射線を正面から渡らない。壁登りで高低差を使い、照準が別方向へ向いた瞬間だけ手裏剣から風斬りへつなげる。,サイバー体術は逃げにも攻めにも使う。壁登りで視線外から近づくことで、正面の射線を避けながら手裏剣を通す射線を作る。,"[""強襲モード"", ""A-36タクティカル・グレネード"", ""砲台モード""]","[""強襲モード後"", ""A-36タクティカル・グレネード後""]","[""強襲モード"", ""A-36タクティカル・グレネード"", ""砲台モード""]","[""長い射線を正面から渡らない"", ""壁登りで視線外から近づく"", ""照準が外れた瞬間だけ顔を出す""]",7,8,10,8,7,5,5,10,手裏剣は先に体力差を作るために使う。強襲モード後、A-36タクティカル・グレネード後、または遮蔽から出る一歩目に当て、命中を確認してから風斬りを選ぶ。,風斬りは接近・撃破確認後の追撃・離脱のどれに使うかを事前に決める。長い射線を正面から渡らないを基本に、リセットが取れない時は深追いしない。,木の葉返しは攻めの始点ではなく、相手の反撃をずらす保険として使う。強襲モードを見てから使い、終わり際に立ち止まらない。,龍撃剣はバスティオン本人に固執しない。強襲モード、A-36タクティカル・グレネードを確認し、孤立した後衛か体力が減った敵から切る。,強襲モード後、A-36タクティカル・グレネード後,バスティオンに対しては「風斬りを使う目的」「木の葉返しで返せる攻撃か」「龍撃剣前に確認する防御・救助・移動スキル」を毎回確認する。,"[""バスティオン"", ""敵サポート"", ""体力が減った敵""]","[""手裏剣を当てる前に風斬りで入り、離脱手段を失うこと。"", ""強襲モード、A-36タクティカル・グレネードが残っている相手へ、防御・救助・移動スキルが残る正面へ龍撃剣で入ること。"", ""木の葉返し後に安心して立ち止まり、次の被弾で倒されること。""]",バスティオンを倒し切るより、風斬りを離脱手段として残す。手裏剣を当ててから入る癖を作る。,入る前に「戻る先の遮蔽」と「確認するスキル」を決める。強襲モード後、A-36タクティカル・グレネードを使わせた後に詰める。倒し切れない時は壁登りで戻る。,バスティオンの強襲モードを使わせた後、同じ相手を追うか敵サポートへ切り替えるかを即決する。,龍撃剣は単独で使わない。強襲モード、A-36タクティカル・グレネードを確認し、味方の攻撃開始と同じタイミングで抜く。,バスティオンだけを見ず、敵後衛の防御・救助・移動スキルと味方の圧を合わせる。風斬りリセット後の次対象まで先に決める。,通路と設置物で退路を制限する敵,バスティオンの得意な通路を通る前に、設置物・範囲圧・逃げ道・味方が見ている射線を順番に処理する。,設置物や範囲圧を無視して本体へ行かず、通路が空いた瞬間だけ手裏剣と風斬りを使う。,範囲内で粘らず、風斬りと壁登りで通路を変えてから次の射線を作る。戻る場所を決めてから本体を撃つ。,試合後に「バスティオンの何を見てから撃ったか」「外した時にどこへ戻ったか」を1回だけ確認する。,ゲンジ対バスティオンは、通路と設置物で退路を制限する敵として読む。最初に見る情報、撃つ瞬間、失敗時の戻り先を分けると、数値評価以上に安定する。,バスティオンへの説明は「撃つ」「追う」だけで終わらせない。ダイブ確認、倒し切りを狙う条件、撤退先、次の狙いを必ず1文ずつ分け、ゲンジの手裏剣と風斬りと風斬りと壁登りの使い道を混同しない。,通路整理,バスティオンの範囲圧や設置物を整理してから、通路ではなく安全な撃ち場所を作る。,この試合で「バスティオンの得意な通路を通る前に、設置物・範囲圧・逃げ道・味方が見ている射線を順番に処理する。」を守れたか。守れなかった場合、次は撃つ前に何を1つだけ見るか。,設置物や範囲圧を無視して本体へ行かず、通路が空いた瞬間だけ手裏剣と風斬りを使う。 次に範囲内で粘らず、風斬りと壁登りで通路を変えてから次の射線を作る。戻る場所を決めてから本体を撃つ。できていれば成功。,設置物・範囲圧を無視して本体だけを追い、退路を狭められる。,次の試合では通路の危険物を先に処理し、空いた瞬間だけ手裏剣と風斬りを使う。,バスティオンの設置物や範囲圧を処理した順番、踏み込んだ通路、戻れた遮蔽を確認する。,次の試合ではバスティオンを倒すことより、確認、攻撃、退避の順番を崩さない。
Mei,3,木の葉返し過信注意,メイ相手は、木の葉返しで返せない攻撃を受ける距離に居続けない。手裏剣で反応を見て、クリオフリーズ後だけ風斬りの圧をかける。,サイバー体術は逃げにも攻めにも使う。射程外から手裏剣を当てることで、正面の射線を避けながら手裏剣を通す射線を作る。,"[""クリオフリーズ"", ""アイス・ウォール"", ""ブリザード""]","[""クリオフリーズ後"", ""アイス・ウォール後""]","[""アイス・ウォール"", ""クリオフリーズ"", ""ブリザード""]","[""木の葉返しを保険にしない"", ""射程外から手裏剣を当てる"", ""風斬り後の退路を先に決める""]",10,7,2,7,6,5,5,10,手裏剣は先に体力差を作るために使う。クリオフリーズ後、アイス・ウォール後、または遮蔽から出る一歩目に当て、命中を確認してから風斬りを選ぶ。,風斬りは接近・撃破確認後の追撃・離脱のどれに使うかを事前に決める。木の葉返しを保険にしないを基本に、リセットが取れない時は深追いしない。,木の葉返しは攻めの始点ではなく、相手の反撃をずらす保険として使う。クリオフリーズを見てから使い、終わり際に立ち止まらない。,龍撃剣はメイ本人に固執しない。アイス・ウォール、クリオフリーズを確認し、孤立した後衛か体力が減った敵から切る。,クリオフリーズ後、アイス・ウォール後,メイに対しては「風斬りを使う目的」「木の葉返しで返せる攻撃か」「龍撃剣前に確認する防御・救助・移動スキル」を毎回確認する。,"[""メイ"", ""敵サポート"", ""体力が減った敵""]","[""手裏剣を当てる前に風斬りで入り、離脱手段を失うこと。"", ""クリオフリーズ、アイス・ウォールが残っている相手へ、防御・救助・移動スキルが残る正面へ龍撃剣で入ること。"", ""木の葉返しで解決できる前提で、ビーム・設置物・行動阻害の射程に居続けること。""]",メイを倒し切るより、風斬りを離脱手段として残す。手裏剣を当ててから入る癖を作る。,入る前に「戻る先の遮蔽」と「確認するスキル」を決める。クリオフリーズ後、アイス・ウォールを使わせた後に詰める。倒し切れない時は壁登りで戻る。,メイのクリオフリーズを使わせた後、同じ相手を追うか敵サポートへ切り替えるかを即決する。,龍撃剣は単独で使わない。アイス・ウォール、クリオフリーズを確認し、味方の攻撃開始と同じタイミングで抜く。,メイだけを見ず、敵後衛の防御・救助・移動スキルと味方の圧を合わせる。風斬りリセット後の次対象まで先に決める。,通路と設置物で退路を制限する敵,メイの得意な通路を通る前に、設置物・範囲圧・逃げ道・味方が見ている射線を順番に処理する。,設置物や範囲圧を無視して本体へ行かず、通路が空いた瞬間だけ手裏剣と風斬りを使う。,範囲内で粘らず、風斬りと壁登りで通路を変えてから次の射線を作る。戻る場所を決めてから本体を撃つ。,試合後に「メイの何を見てから撃ったか」「外した時にどこへ戻ったか」を1回だけ確認する。,ゲンジ対メイは、通路と設置物で退路を制限する敵として読む。最初に見る情報、撃つ瞬間、失敗時の戻り先を分けると、数値評価以上に安定する。,メイへの説明は「撃つ」「追う」だけで終わらせない。ダイブ確認、倒し切りを狙う条件、撤退先、次の狙いを必ず1文ずつ分け、ゲンジの手裏剣と風斬りと風斬りと壁登りの使い道を混同しない。,通路整理,メイの範囲圧や設置物を整理してから、通路ではなく安全な撃ち場所を作る。,この試合で「メイの得意な通路を通る前に、設置物・範囲圧・逃げ道・味方が見ている射線を順番に処理する。」を守れたか。守れなかった場合、次は撃つ前に何を1つだけ見るか。,設置物や範囲圧を無視して本体へ行かず、通路が空いた瞬間だけ手裏剣と風斬りを使う。 次に範囲内で粘らず、風斬りと壁登りで通路を変えてから次の射線を作る。戻る場所を決めてから本体を撃つ。できていれば成功。,設置物・範囲圧を無視して本体だけを追い、退路を狭められる。,次の試合では通路の危険物を先に処理し、空いた瞬間だけ手裏剣と風斬りを使う。,メイの設置物や範囲圧を処理した順番、踏み込んだ通路、戻れた遮蔽を確認する。,次の試合ではメイを倒すことより、確認、攻撃、退避の順番を崩さない。
Illari,6,設置物処理優先,イラリーには壁登りと二段ジャンプで視線外から近づく。手裏剣で防御・救助・移動スキルを使わせ、風斬りは撃破確認後の追撃か離脱に使う。,サイバー体術は逃げにも攻めにも使う。手裏剣で防御・救助・移動スキルを誘うことで、正面の射線を避けながら手裏剣を通す射線を作る。,"[""アウトバースト"", ""ヒーリング・パイロン"", ""キャプティブ・サン""]","[""アウトバースト後"", ""ヒーリング・パイロン後""]","[""ヒーリング・パイロン"", ""アウトバースト"", ""キャプティブ・サン""]","[""壁登りで側面ルートの高低差を使う"", ""手裏剣で防御・救助・移動スキルを誘う"", ""風斬りは撃破確認後の追撃か離脱に残す""]",5,8,7,8,9,6,9,10,手裏剣は先に体力差を作るために使う。アウトバースト後、ヒーリング・パイロン後、または遮蔽から出る一歩目に当て、命中を確認してから風斬りを選ぶ。,風斬りは接近・撃破確認後の追撃・離脱のどれに使うかを事前に決める。壁登りで側面ルートの高低差を使うことを基本に、リセットが取れない時は深追いしない。,木の葉返しは攻めの始点ではなく、相手の反撃をずらす保険として使う。アウトバーストを見てから使い、終わり際に立ち止まらない。,龍撃剣はイラリー本人に固執しない。ヒーリング・パイロン、アウトバーストを確認し、孤立した後衛か体力が減った敵から切る。,アウトバースト後、ヒーリング・パイロン後,イラリーに対しては「風斬りを使う目的」「木の葉返しで返せる攻撃か」「龍撃剣前に確認する防御・救助・移動スキル」を毎回確認する。,"[""イラリー"", ""もう一人のサポート"", ""孤立したダメージ""]","[""手裏剣を当てる前に風斬りで入り、離脱手段を失うこと。"", ""設置物や罠を残したまま、同じ角度から後衛へ攻め直すこと。"", ""木の葉返し後に安心して立ち止まり、次の被弾で倒されること。""]",イラリーを倒し切るより、風斬りを離脱手段として残す。手裏剣を当ててから入る癖を作る。,入る前に「戻る先の遮蔽」と「確認するスキル」を決める。アウトバースト後、ヒーリング・パイロンを使わせた後に詰める。倒し切れない時は壁登りで戻る。,イラリーのアウトバーストを使わせた後、同じ相手を追うか敵サポートへ切り替えるかを即決する。,龍撃剣は単独で使わない。ヒーリング・パイロン、アウトバーストを確認し、味方の攻撃開始と同じタイミングで抜く。,イラリーだけを見ず、敵後衛の防御・救助・移動スキルと味方の圧を合わせる。風斬りリセット後の次対象まで先に決める。,救助・回復スキルでキルタイミングを遅らせるサポート,イラリー本人だけでなく、誰を救助・回復しているかを見て撃破対象を分ける。,イラリーの救助・回復スキルを先に使わせ、直後に守られていない敵へ手裏剣と風斬りを合わせる。,救助を吐かせた後に深追いせず、風斬りと壁登りで味方射線へ戻って次のキルを狙うタイミングを待つ。,試合後に「イラリーの何を見てから撃ったか」「外した時にどこへ戻ったか」を1回だけ確認する。,ゲンジ対イラリーは、救助・回復スキルでキルタイミングを遅らせるサポートとして読む。最初に見る情報、撃つ瞬間、失敗時の戻り先を分けると、数値評価以上に安定する。,イラリーへの説明は「撃つ」「追う」だけで終わらせない。ダイブ確認、倒し切りを狙う条件、撤退先、次の狙いを必ず1文ずつ分け、ゲンジの手裏剣と風斬りと風斬りと壁登りの使い道を混同しない。,救助確認,イラリー本人の撃破より、救助・回復の向きと守られていない敵を見つける。,この試合で「イラリー本人だけでなく、誰を救助・回復しているかを見て撃破対象を分ける。」を守れたか。守れなかった場合、次は撃つ前に何を1つだけ見るか。,イラリーの救助・回復スキルを先に使わせ、直後に守られていない敵へ手裏剣と風斬りを合わせる。 次は救助スキル使用後に深追いせず、風斬りと壁登りで味方射線へ戻って次のキルを狙うタイミングを待つ。できていれば成功。,イラリーだけを追い、救助スキルを吐かせた後の本命対象を見失う。,次の試合ではイラリーの救助を確認した直後、守られていない敵へ手裏剣と風斬りを使う。,イラリーが誰を助けたか、助けた後に誰が孤立したかを確認する。,次の試合ではイラリーを倒すことより、確認、攻撃、退避の順番を崩さない。
Jetpack Cat,6,後衛への風斬り圧力有効,ジェットパック・キャットには壁登りと二段ジャンプで視線外から近づく。手裏剣で防御・救助・移動スキルを使わせ、風斬りは撃破確認後の追撃か離脱に使う。,サイバー体術は逃げにも攻めにも使う。手裏剣で防御・救助・移動スキルを誘うことで、正面の射線を避けながら手裏剣を通す射線を作る。,"[""ワイルド・フライト"", ""ゴロゴロ"", ""キャットナッパー""]","[""ワイルド・フライト後"", ""ゴロゴロ後""]","[""ゴロゴロ"", ""ワイルド・フライト"", ""キャットナッパー""]","[""壁登りで側面ルートの高低差を使う"", ""手裏剣で防御・救助・移動スキルを誘う"", ""風斬りは撃破確認後の追撃か離脱に残す""]",5,6,6,6,7,8,7,10,手裏剣は先に体力差を作るために使う。ワイルド・フライト後、ゴロゴロ後、または遮蔽から出る一歩目に当て、命中を確認してから風斬りを選ぶ。,風斬りは接近・撃破確認後の追撃・離脱のどれに使うかを事前に決める。壁登りで側面ルートの高低差を使うことを基本に、リセットが取れない時は深追いしない。,木の葉返しは攻めの始点ではなく、相手の反撃をずらす保険として使う。ワイルド・フライトを見てから使い、終わり際に立ち止まらない。,龍撃剣はジェットパック・キャット本人に固執しない。ゴロゴロ、ワイルド・フライトを確認し、孤立した後衛か体力が減った敵から切る。,ワイルド・フライト後、ゴロゴロ後,ジェットパック・キャットに対しては「風斬りを使う目的」「木の葉返しで返せる攻撃か」「龍撃剣前に確認する防御・救助・移動スキル」を毎回確認する。,"[""ジェットパック・キャット"", ""もう一人のサポート"", ""孤立したダメージ""]","[""手裏剣を当てる前に風斬りで入り、離脱手段を失うこと。"", ""ワイルド・フライト、ゴロゴロが残っている相手へ、防御・救助・移動スキルが残る正面へ龍撃剣で入ること。"", ""木の葉返し後に安心して立ち止まり、次の被弾で倒されること。""]",ジェットパック・キャットを倒し切るより、風斬りを離脱手段として残す。手裏剣を当ててから入る癖を作る。,入る前に「戻る先の遮蔽」と「確認するスキル」を決める。ワイルド・フライト後、ゴロゴロを使わせた後に詰める。倒し切れない時は壁登りで戻る。,ジェットパック・キャットのワイルド・フライトを使わせた後、同じ相手を追うか敵サポートへ切り替えるかを即決する。,龍撃剣は単独で使わない。ゴロゴロ、ワイルド・フライトを確認し、味方の攻撃開始と同じタイミングで抜く。,ジェットパック・キャットだけを見ず、敵後衛の防御・救助・移動スキルと味方の圧を合わせる。風斬りリセット後の次対象まで先に決める。,支援線を切ると崩れるサポート,ジェットパック・キャット本人だけでなく、誰を救助・回復しているかを見て撃破対象を分ける。,ジェットパック・キャットの救助・回復スキルを先に使わせ、直後に守られていない敵へ手裏剣と風斬りを合わせる。,救助を吐かせた後に深追いせず、風斬りと壁登りで味方射線へ戻って次のキルを狙うタイミングを待つ。,試合後に「ジェットパック・キャットの何を見てから撃ったか」「外した時にどこへ戻ったか」を1回だけ確認する。,ゲンジ対ジェットパック・キャットは、支援線を切ると崩れるサポートとして読む。最初に見る情報、撃つ瞬間、失敗時の戻り先を分けると、数値評価以上に安定する。,ジェットパック・キャットへの説明は「撃つ」「追う」だけで終わらせない。ダイブ確認、倒し切りを狙う条件、撤退先、次の狙いを必ず1文ずつ分け、ゲンジの手裏剣と風斬りと風斬りと壁登りの使い道を混同しない。,支援線管理,ジェットパック・キャット本人の撃破より、救助・回復の向きと守られていない敵を見つける。,この試合で「ジェットパック・キャット本人だけでなく、誰を救助・回復しているかを見て撃破対象を分ける。」を守れたか。守れなかった場合、次は撃つ前に何を1つだけ見るか。,ジェットパック・キャットの救助・回復スキルを先に使わせ、直後に守られていない敵へ手裏剣と風斬りを合わせる。 次は救助スキル使用後に深追いせず、風斬りと壁登りで味方射線へ戻って次のキルを狙うタイミングを待つ。できていれば成功。,ジェットパック・キャットだけを追い、救助スキルを吐かせた後の本命対象を見失う。,次の試合ではジェットパック・キャットの救助を確認した直後、守られていない敵へ手裏剣と風斬りを使う。,ジェットパック・キャットが誰を助けたか、助けた後に誰が孤立したかを確認する。,次の試合ではジェットパック・キャットを倒すことより、確認、攻撃、退避の順番を崩さない。
Juno,6,後衛への風斬り圧力有効,ジュノには壁登りと二段ジャンプで視線外から近づく。手裏剣で防御・救助・移動スキルを使わせ、風斬りは撃破確認後の追撃か離脱に使う。,サイバー体術は逃げにも攻めにも使う。手裏剣で防御・救助・移動スキルを誘うことで、正面の射線を避けながら手裏剣を通す射線を作る。,"[""グライド・ブースト"", ""ハイパーリング"", ""オービタル・レイ""]","[""グライド・ブースト後"", ""ハイパーリング後""]","[""ハイパーリング"", ""オービタル・レイ"", ""グライド・ブースト""]","[""壁登りで側面ルートの高低差を使う"", ""手裏剣で防御・救助・移動スキルを誘う"", ""風斬りは撃破確認後の追撃か離脱に残す""]",5,6,5,6,7,8,7,10,手裏剣は先に体力差を作るために使う。グライド・ブースト後、ハイパーリング後、または遮蔽から出る一歩目に当て、命中を確認してから風斬りを選ぶ。,風斬りは接近・撃破確認後の追撃・離脱のどれに使うかを事前に決める。壁登りで側面ルートの高低差を使うことを基本に、リセットが取れない時は深追いしない。,木の葉返しは攻めの始点ではなく、相手の反撃をずらす保険として使う。グライド・ブーストを見てから使い、終わり際に立ち止まらない。,龍撃剣はジュノ本人に固執しない。ハイパーリング、オービタル・レイを確認し、孤立した後衛か体力が減った敵から切る。,グライド・ブースト後、ハイパーリング後,ジュノに対しては「風斬りを使う目的」「木の葉返しで返せる攻撃か」「龍撃剣前に確認する防御・救助・移動スキル」を毎回確認する。,"[""ジュノ"", ""もう一人のサポート"", ""孤立したダメージ""]","[""手裏剣を当てる前に風斬りで入り、離脱手段を失うこと。"", ""グライド・ブースト、ハイパーリングが残っている相手へ、防御・救助・移動スキルが残る正面へ龍撃剣で入ること。"", ""木の葉返し後に安心して立ち止まり、次の被弾で倒されること。""]",ジュノを倒し切るより、風斬りを離脱手段として残す。手裏剣を当ててから入る癖を作る。,入る前に「戻る先の遮蔽」と「確認するスキル」を決める。グライド・ブースト後、ハイパーリングを使わせた後に詰める。倒し切れない時は壁登りで戻る。,ジュノのグライド・ブーストを使わせた後、同じ相手を追うか敵サポートへ切り替えるかを即決する。,龍撃剣は単独で使わない。ハイパーリング、オービタル・レイを確認し、味方の攻撃開始と同じタイミングで抜く。,ジュノだけを見ず、敵後衛の防御・救助・移動スキルと味方の圧を合わせる。風斬りリセット後の次対象まで先に決める。,支援線を切ると崩れるサポート,ジュノ本人だけでなく、誰を救助・回復しているかを見て撃破対象を分ける。,ジュノの救助・回復スキルを先に使わせ、直後に守られていない敵へ手裏剣と風斬りを合わせる。,救助を吐かせた後に深追いせず、風斬りと壁登りで味方射線へ戻って次のキルを狙うタイミングを待つ。,試合後に「ジュノの何を見てから撃ったか」「外した時にどこへ戻ったか」を1回だけ確認する。,ゲンジ対ジュノは、支援線を切ると崩れるサポートとして読む。最初に見る情報、撃つ瞬間、失敗時の戻り先を分けると、数値評価以上に安定する。,ジュノへの説明は「撃つ」「追う」だけで終わらせない。ダイブ確認、倒し切りを狙う条件、撤退先、次の狙いを必ず1文ずつ分け、ゲンジの手裏剣と風斬りと風斬りと壁登りの使い道を混同しない。,支援線管理,ジュノ本人の撃破より、救助・回復の向きと守られていない敵を見つける。,この試合で「ジュノ本人だけでなく、誰を救助・回復しているかを見て撃破対象を分ける。」を守れたか。守れなかった場合、次は撃つ前に何を1つだけ見るか。,ジュノの救助・回復スキルを先に使わせ、直後に守られていない敵へ手裏剣と風斬りを合わせる。 次は救助スキル使用後に深追いせず、風斬りと壁登りで味方射線へ戻って次のキルを狙うタイミングを待つ。できていれば成功。,ジュノだけを追い、救助スキルを吐かせた後の本命対象を見失う。,次の試合ではジュノの救助を確認した直後、守られていない敵へ手裏剣と風斬りを使う。,ジュノが誰を助けたか、助けた後に誰が孤立したかを確認する。,次の試合ではジュノを倒すことより、確認、攻撃、退避の順番を崩さない。
Baptiste,7,後衛への風斬り圧力有効,バティストには壁登りと二段ジャンプで視線外から近づく。手裏剣で防御・救助・移動スキルを使わせ、風斬りは撃破確認後の追撃か離脱に使う。,サイバー体術は逃げにも攻めにも使う。手裏剣で防御・救助・移動スキルを誘うことで、正面の射線を避けながら手裏剣を通す射線を作る。,"[""イモータリティ・フィールド"", ""リジェネ・バースト"", ""アンプリフィケーション・マトリックス""]","[""イモータリティ・フィールド後"", ""リジェネ・バースト後""]","[""イモータリティ・フィールド"", ""リジェネ・バースト"", ""エグゾブーツ""]","[""壁登りで側面ルートの高低差を使う"", ""手裏剣で防御・救助・移動スキルを誘う"", ""風斬りは撃破確認後の追撃か離脱に残す""]",6,8,6,8,8,7,9,10,手裏剣は先に体力差を作るために使う。イモータリティ・フィールド後、リジェネ・バースト後、または遮蔽から出る一歩目に当て、命中を確認してから風斬りを選ぶ。,風斬りは接近・撃破確認後の追撃・離脱のどれに使うかを事前に決める。壁登りで側面ルートの高低差を使うことを基本に、リセットが取れない時は深追いしない。,木の葉返しは攻めの始点ではなく、相手の反撃をずらす保険として使う。イモータリティ・フィールドを見てから使い、終わり際に立ち止まらない。,龍撃剣はバティスト本人に固執しない。イモータリティ・フィールド、リジェネ・バーストを確認し、孤立した後衛か体力が減った敵から切る。,イモータリティ・フィールド後、リジェネ・バースト後,バティストに対しては「風斬りを使う目的」「木の葉返しで返せる攻撃か」「龍撃剣前に確認する防御・救助・移動スキル」を毎回確認する。,"[""バティスト"", ""もう一人のサポート"", ""孤立したダメージ""]","[""手裏剣を当てる前に風斬りで入り、離脱手段を失うこと。"", ""イモータリティ・フィールド、リジェネ・バーストが残っている相手へ、防御・救助・移動スキルが残る正面へ龍撃剣で入ること。"", ""木の葉返し後に安心して立ち止まり、次の被弾で倒されること。""]",バティストを倒し切るより、風斬りを離脱手段として残す。手裏剣を当ててから入る癖を作る。,入る前に「戻る先の遮蔽」と「確認するスキル」を決める。イモータリティ・フィールド後、リジェネ・バーストを使わせた後に詰める。倒し切れない時は壁登りで戻る。,バティストのイモータリティ・フィールドを使わせた後、同じ相手を追うか敵サポートへ切り替えるかを即決する。,龍撃剣は単独で使わない。イモータリティ・フィールド、リジェネ・バーストを確認し、味方の攻撃開始と同じタイミングで抜く。,バティストだけを見ず、敵後衛の防御・救助・移動スキルと味方の圧を合わせる。風斬りリセット後の次対象まで先に決める。,救助・回復スキルでキルタイミングを遅らせるサポート,バティスト本人だけでなく、誰を救助・回復しているかを見て撃破対象を分ける。,バティストの救助・回復スキルを先に使わせ、直後に守られていない敵へ手裏剣と風斬りを合わせる。,救助を吐かせた後に深追いせず、風斬りと壁登りで味方射線へ戻って次のキルを狙うタイミングを待つ。,試合後に「バティストの何を見てから撃ったか」「外した時にどこへ戻ったか」を1回だけ確認する。,ゲンジ対バティストは、救助・回復スキルでキルタイミングを遅らせるサポートとして読む。最初に見る情報、撃つ瞬間、失敗時の戻り先を分けると、数値評価以上に安定する。,バティストへの説明は「撃つ」「追う」だけで終わらせない。ダイブ確認、倒し切りを狙う条件、撤退先、次の狙いを必ず1文ずつ分け、ゲンジの手裏剣と風斬りと風斬りと壁登りの使い道を混同しない。,救助確認,バティスト本人の撃破より、救助・回復の向きと守られていない敵を見つける。,この試合で「バティスト本人だけでなく、誰を救助・回復しているかを見て撃破対象を分ける。」を守れたか。守れなかった場合、次は撃つ前に何を1つだけ見るか。,バティストの救助・回復スキルを先に使わせ、直後に守られていない敵へ手裏剣と風斬りを合わせる。 次は救助スキル使用後に深追いせず、風斬りと壁登りで味方射線へ戻って次のキルを狙うタイミングを待つ。できていれば成功。,バティストだけを追い、救助スキルを吐かせた後の本命対象を見失う。,次の試合ではバティストの救助を確認した直後、守られていない敵へ手裏剣と風斬りを使う。,バティストが誰を助けたか、助けた後に誰が孤立したかを確認する。,次の試合ではバティストを倒すことより、確認、攻撃、退避の順番を崩さない。
Mercy,7,後衛への風斬り圧力有効,マーシーには壁登りと二段ジャンプで視線外から近づく。手裏剣で防御・救助・移動スキルを使わせ、風斬りは撃破確認後の追撃か離脱に使う。,サイバー体術は逃げにも攻めにも使う。手裏剣で防御・救助・移動スキルを誘うことで、正面の射線を避けながら手裏剣を通す射線を作る。,"[""ガーディアン・エンジェル"", ""蘇生"", ""ヴァルキリー""]","[""ガーディアン・エンジェル後"", ""蘇生後""]","[""蘇生"", ""ガーディアン・エンジェル"", ""ヴァルキリー""]","[""壁登りで側面ルートの高低差を使う"", ""手裏剣で防御・救助・移動スキルを誘う"", ""風斬りは撃破確認後の追撃か離脱に残す""]",7,7,5,7,8,7,8,10,手裏剣は先に体力差を作るために使う。ガーディアン・エンジェル後、蘇生後、または遮蔽から出る一歩目に当て、命中を確認してから風斬りを選ぶ。,風斬りは接近・撃破確認後の追撃・離脱のどれに使うかを事前に決める。壁登りで側面ルートの高低差を使うことを基本に、リセットが取れない時は深追いしない。,木の葉返しは攻めの始点ではなく、相手の反撃をずらす保険として使う。ガーディアン・エンジェルを見てから使い、終わり際に立ち止まらない。,龍撃剣はマーシー本人に固執しない。蘇生、ガーディアン・エンジェルを確認し、孤立した後衛か体力が減った敵から切る。,ガーディアン・エンジェル後、蘇生後,マーシーに対しては「風斬りを使う目的」「木の葉返しで返せる攻撃か」「龍撃剣前に確認する防御・救助・移動スキル」を毎回確認する。,"[""マーシー"", ""もう一人のサポート"", ""孤立したダメージ""]","[""手裏剣を当てる前に風斬りで入り、離脱手段を失うこと。"", ""ガーディアン・エンジェル、蘇生が残っている相手へ、防御・救助・移動スキルが残る正面へ龍撃剣で入ること。"", ""木の葉返し後に安心して立ち止まり、次の被弾で倒されること。""]",マーシーを倒し切るより、風斬りを離脱手段として残す。手裏剣を当ててから入る癖を作る。,入る前に「戻る先の遮蔽」と「確認するスキル」を決める。ガーディアン・エンジェル後、蘇生を使わせた後に詰める。倒し切れない時は壁登りで戻る。,マーシーのガーディアン・エンジェルを使わせた後、同じ相手を追うか敵サポートへ切り替えるかを即決する。,龍撃剣は単独で使わない。蘇生、ガーディアン・エンジェルを確認し、味方の攻撃開始と同じタイミングで抜く。,マーシーだけを見ず、敵後衛の防御・救助・移動スキルと味方の圧を合わせる。風斬りリセット後の次対象まで先に決める。,救助・回復スキルでキルタイミングを遅らせるサポート,マーシー本人だけでなく、誰を救助・回復しているかを見て撃破対象を分ける。,マーシーの救助・回復スキルを先に使わせ、直後に守られていない敵へ手裏剣と風斬りを合わせる。,救助を吐かせた後に深追いせず、風斬りと壁登りで味方射線へ戻って次のキルを狙うタイミングを待つ。,試合後に「マーシーの何を見てから撃ったか」「外した時にどこへ戻ったか」を1回だけ確認する。,ゲンジ対マーシーは、救助・回復スキルでキルタイミングを遅らせるサポートとして読む。最初に見る情報、撃つ瞬間、失敗時の戻り先を分けると、数値評価以上に安定する。,マーシーへの説明は「撃つ」「追う」だけで終わらせない。ダイブ確認、倒し切りを狙う条件、撤退先、次の狙いを必ず1文ずつ分け、ゲンジの手裏剣と風斬りと風斬りと壁登りの使い道を混同しない。,救助確認,マーシー本人の撃破より、救助・回復の向きと守られていない敵を見つける。,この試合で「マーシー本人だけでなく、誰を救助・回復しているかを見て撃破対象を分ける。」を守れたか。守れなかった場合、次は撃つ前に何を1つだけ見るか。,マーシーの救助・回復スキルを先に使わせ、直後に守られていない敵へ手裏剣と風斬りを合わせる。 次は救助スキル使用後に深追いせず、風斬りと壁登りで味方射線へ戻って次のキルを狙うタイミングを待つ。できていれば成功。,マーシーだけを追い、救助スキルを吐かせた後の本命対象を見失う。,次の試合ではマーシーの救助を確認した直後、守られていない敵へ手裏剣と風斬りを使う。,マーシーが誰を助けたか、助けた後に誰が孤立したかを確認する。,次の試合ではマーシーを倒すことより、確認、攻撃、退避の順番を崩さない。
Lifeweaver,7,後衛への風斬り圧力有効,ライフウィーバーには壁登りと二段ジャンプで視線外から近づく。手裏剣で防御・救助・移動スキルを使わせ、風斬りは撃破確認後の追撃か離脱に使う。,サイバー体術は逃げにも攻めにも使う。手裏剣で防御・救助・移動スキルを誘うことで、正面の射線を避けながら手裏剣を通す射線を作る。,"[""ペタル・プラットフォーム"", ""若返りの風"", ""ライフグリップ""]","[""ペタル・プラットフォーム後"", ""若返りの風後""]","[""ライフグリップ"", ""ペタル・プラットフォーム""]","[""壁登りで側面ルートの高低差を使う"", ""手裏剣で防御・救助・移動スキルを誘う"", ""風斬りは撃破確認後の追撃か離脱に残す""]",8,8,5,8,8,6,8,10,手裏剣は先に体力差を作るために使う。ペタル・プラットフォーム後、若返りの風後、または遮蔽から出る一歩目に当て、命中を確認してから風斬りを選ぶ。,風斬りは接近・撃破確認後の追撃・離脱のどれに使うかを事前に決める。壁登りで側面ルートの高低差を使うことを基本に、リセットが取れない時は深追いしない。,木の葉返しは攻めの始点ではなく、相手の反撃をずらす保険として使う。ペタル・プラットフォームを見てから使い、終わり際に立ち止まらない。,龍撃剣はライフウィーバー本人に固執しない。ライフグリップ、ペタル・プラットフォームを確認し、孤立した後衛か体力が減った敵から切る。,ペタル・プラットフォーム後、若返りの風後,ライフウィーバーに対しては「風斬りを使う目的」「木の葉返しで返せる攻撃か」「龍撃剣前に確認する防御・救助・移動スキル」を毎回確認する。,"[""ライフウィーバー"", ""もう一人のサポート"", ""孤立したダメージ""]","[""手裏剣を当てる前に風斬りで入り、離脱手段を失うこと。"", ""ペタル・プラットフォーム、若返りの風が残っている相手へ、防御・救助・移動スキルが残る正面へ龍撃剣で入ること。"", ""木の葉返し後に安心して立ち止まり、次の被弾で倒されること。""]",ライフウィーバーを倒し切るより、風斬りを離脱手段として残す。手裏剣を当ててから入る癖を作る。,入る前に「戻る先の遮蔽」と「確認するスキル」を決める。ペタル・プラットフォーム後、若返りの風を使わせた後に詰める。倒し切れない時は壁登りで戻る。,ライフウィーバーのペタル・プラットフォームを使わせた後、同じ相手を追うか敵サポートへ切り替えるかを即決する。,龍撃剣は単独で使わない。ライフグリップ、ペタル・プラットフォームを確認し、味方の攻撃開始と同じタイミングで抜く。,ライフウィーバーだけを見ず、敵後衛の防御・救助・移動スキルと味方の圧を合わせる。風斬りリセット後の次対象まで先に決める。,救助・回復スキルでキルタイミングを遅らせるサポート,ライフウィーバー本人だけでなく、誰を救助・回復しているかを見て撃破対象を分ける。,ライフウィーバーの救助・回復スキルを先に使わせ、直後に守られていない敵へ手裏剣と風斬りを合わせる。,救助を吐かせた後に深追いせず、風斬りと壁登りで味方射線へ戻って次のキルを狙うタイミングを待つ。,試合後に「ライフウィーバーの何を見てから撃ったか」「外した時にどこへ戻ったか」を1回だけ確認する。,ゲンジ対ライフウィーバーは、救助・回復スキルでキルタイミングを遅らせるサポートとして読む。最初に見る情報、撃つ瞬間、失敗時の戻り先を分けると、数値評価以上に安定する。,ライフウィーバーへの説明は「撃つ」「追う」だけで終わらせない。ダイブ確認、倒し切りを狙う条件、撤退先、次の狙いを必ず1文ずつ分け、ゲンジの手裏剣と風斬りと風斬りと壁登りの使い道を混同しない。,救助確認,ライフウィーバー本人の撃破より、救助・回復の向きと守られていない敵を見つける。,この試合で「ライフウィーバー本人だけでなく、誰を救助・回復しているかを見て撃破対象を分ける。」を守れたか。守れなかった場合、次は撃つ前に何を1つだけ見るか。,ライフウィーバーの救助・回復スキルを先に使わせ、直後に守られていない敵へ手裏剣と風斬りを合わせる。 次は救助スキル使用後に深追いせず、風斬りと壁登りで味方射線へ戻って次のキルを狙うタイミングを待つ。できていれば成功。,ライフウィーバーだけを追い、救助スキルを吐かせた後の本命対象を見失う。,次の試合ではライフウィーバーの救助を確認した直後、守られていない敵へ手裏剣と風斬りを使う。,ライフウィーバーが誰を助けたか、助けた後に誰が孤立したかを確認する。,次の試合ではライフウィーバーを倒すことより、確認、攻撃、退避の順番を崩さない。
Kiriko,6,後衛への風斬り圧力有効,キリコには壁登りと二段ジャンプで視線外から近づく。手裏剣で防御・救助・移動スキルを使わせ、風斬りは撃破確認後の追撃か離脱に使う。,サイバー体術は逃げにも攻めにも使う。手裏剣で防御・救助・移動スキルを誘うことで、正面の射線を避けながら手裏剣を通す射線を作る。,"[""神出鬼没"", ""鈴のご加護"", ""狐走り""]","[""神出鬼没後"", ""鈴のご加護後""]","[""鈴のご加護"", ""神出鬼没"", ""狐走り""]","[""壁登りで側面ルートの高低差を使う"", ""手裏剣で防御・救助・移動スキルを誘う"", ""風斬りは撃破確認後の追撃か離脱に残す""]",8,6,6,6,6,6,6,10,手裏剣は先に体力差を作るために使う。神出鬼没後、鈴のご加護後、または遮蔽から出る一歩目に当て、命中を確認してから風斬りを選ぶ。,風斬りは接近・撃破確認後の追撃・離脱のどれに使うかを事前に決める。壁登りで側面ルートの高低差を使うことを基本に、リセットが取れない時は深追いしない。,木の葉返しは攻めの始点ではなく、相手の反撃をずらす保険として使う。神出鬼没を見てから使い、終わり際に立ち止まらない。,龍撃剣はキリコ本人に固執しない。鈴のご加護、神出鬼没を確認し、孤立した後衛か体力が減った敵から切る。,神出鬼没後、鈴のご加護後,キリコに対しては「風斬りを使う目的」「木の葉返しで返せる攻撃か」「龍撃剣前に確認する防御・救助・移動スキル」を毎回確認する。,"[""キリコ"", ""もう一人のサポート"", ""孤立したダメージ""]","[""手裏剣を当てる前に風斬りで入り、離脱手段を失うこと。"", ""神出鬼没、鈴のご加護が残っている相手へ、防御・救助・移動スキルが残る正面へ龍撃剣で入ること。"", ""木の葉返し後に安心して立ち止まり、次の被弾で倒されること。""]",キリコを倒し切るより、風斬りを離脱手段として残す。手裏剣を当ててから入る癖を作る。,入る前に「戻る先の遮蔽」と「確認するスキル」を決める。神出鬼没後、鈴のご加護を使わせた後に詰める。倒し切れない時は壁登りで戻る。,キリコの神出鬼没を使わせた後、同じ相手を追うか敵サポートへ切り替えるかを即決する。,龍撃剣は単独で使わない。鈴のご加護、神出鬼没を確認し、味方の攻撃開始と同じタイミングで抜く。,キリコだけを見ず、敵後衛の防御・救助・移動スキルと味方の圧を合わせる。風斬りリセット後の次対象まで先に決める。,救助・回復スキルでキルタイミングを遅らせるサポート,キリコ本人だけでなく、誰を救助・回復しているかを見て撃破対象を分ける。,キリコの救助・回復スキルを先に使わせ、直後に守られていない敵へ手裏剣と風斬りを合わせる。,救助を吐かせた後に深追いせず、風斬りと壁登りで味方射線へ戻って次のキルを狙うタイミングを待つ。,試合後に「キリコの何を見てから撃ったか」「外した時にどこへ戻ったか」を1回だけ確認する。,ゲンジ対キリコは、救助・回復スキルでキルタイミングを遅らせるサポートとして読む。最初に見る情報、撃つ瞬間、失敗時の戻り先を分けると、数値評価以上に安定する。,キリコへの説明は「撃つ」「追う」だけで終わらせない。ダイブ確認、倒し切りを狙う条件、撤退先、次の狙いを必ず1文ずつ分け、ゲンジの手裏剣と風斬りと風斬りと壁登りの使い道を混同しない。,救助確認,キリコ本人の撃破より、救助・回復の向きと守られていない敵を見つける。,この試合で「キリコ本人だけでなく、誰を救助・回復しているかを見て撃破対象を分ける。」を守れたか。守れなかった場合、次は撃つ前に何を1つだけ見るか。,キリコの救助・回復スキルを先に使わせ、直後に守られていない敵へ手裏剣と風斬りを合わせる。 次は救助スキル使用後に深追いせず、風斬りと壁登りで味方射線へ戻って次のキルを狙うタイミングを待つ。できていれば成功。,キリコだけを追い、救助スキルを吐かせた後の本命対象を見失う。,次の試合ではキリコの救助を確認した直後、守られていない敵へ手裏剣と風斬りを使う。,キリコが誰を助けたか、助けた後に誰が孤立したかを確認する。,次の試合ではキリコを倒すことより、確認、攻撃、退避の順番を崩さない。
Brigitte,4,行動阻害・迎撃注意,ブリギッテ相手は、正面から龍撃剣を振るとシールド・バッシュやウィップ・ショットで止まる。味方の圧に合わせ、防御・救助・移動スキルを見てから後衛へ入る。,サイバー体術は逃げにも攻めにも使う。手裏剣で防御・救助・移動スキルを誘うことで、正面の射線を避けながら手裏剣を通す射線を作る。,"[""バリア・シールド"", ""ラリー"", ""リペア・パック""]","[""シールド・バッシュ後"", ""ウィップ・ショット後""]","[""リペア・パック"", ""ラリー"", ""バリア・シールド""]","[""壁登りで側面ルートの高低差を使う"", ""手裏剣で防御・救助・移動スキルを誘う"", ""風斬りは撃破確認後の追撃か離脱に残す""]",10,7,5,7,8,5,6,10,手裏剣は先に体力差を作るために使う。シールド・バッシュ後、ウィップ・ショット後、または遮蔽から出る一歩目に当て、命中を確認してから風斬りを選ぶ。,風斬りは接近・撃破確認後の追撃・離脱のどれに使うかを事前に決める。壁登りで側面ルートの高低差を使うことを基本に、リセットが取れない時は深追いしない。,木の葉返しは攻めの始点ではなく、相手の反撃をずらす保険として使う。バリア・シールドを見てから使い、終わり際に立ち止まらない。,龍撃剣はブリギッテ本人に固執しない。リペア・パック、ラリーを確認し、孤立した後衛か体力が減った敵から切る。,シールド・バッシュ後、ウィップ・ショット後,ブリギッテに対しては「風斬りを使う目的」「木の葉返しで返せる攻撃か」「龍撃剣前に確認する防御・救助・移動スキル」を毎回確認する。,"[""ブリギッテ"", ""もう一人のサポート"", ""孤立したダメージ""]","[""手裏剣を当てる前に風斬りで入り、離脱手段を失うこと。"", ""バリア・シールド、ラリーが残っている相手へ、防御・救助・移動スキルが残る正面へ龍撃剣で入ること。"", ""木の葉返し後に安心して立ち止まり、次の被弾で倒されること。""]",ブリギッテを倒し切るより、風斬りを離脱手段として残す。手裏剣を当ててから入る癖を作る。,入る前に「戻る先の遮蔽」と「確認するスキル」を決める。シールド・バッシュ後、ウィップ・ショットを使わせた後に詰める。倒し切れない時は壁登りで戻る。,ブリギッテのバリア・シールドを使わせた後、同じ相手を追うか敵サポートへ切り替えるかを即決する。,龍撃剣は単独で使わない。リペア・パック、ラリーを確認し、味方の攻撃開始と同じタイミングで抜く。,ブリギッテだけを見ず、敵後衛の防御・救助・移動スキルと味方の圧を合わせる。風斬りリセット後の次対象まで先に決める。,救助・回復スキルでキルタイミングを遅らせるサポート,ブリギッテ本人だけでなく、誰を救助・回復しているかを見て撃破対象を分ける。,ブリギッテの救助・回復スキルを先に使わせ、直後に守られていない敵へ手裏剣と風斬りを合わせる。,救助を吐かせた後に深追いせず、風斬りと壁登りで味方射線へ戻って次のキルを狙うタイミングを待つ。,試合後に「ブリギッテの何を見てから撃ったか」「外した時にどこへ戻ったか」を1回だけ確認する。,ゲンジ対ブリギッテは、救助・回復スキルでキルタイミングを遅らせるサポートとして読む。最初に見る情報、撃つ瞬間、失敗時の戻り先を分けると、数値評価以上に安定する。,ブリギッテへの説明は「撃つ」「追う」だけで終わらせない。ダイブ確認、倒し切りを狙う条件、撤退先、次の狙いを必ず1文ずつ分け、ゲンジの手裏剣と風斬りと風斬りと壁登りの使い道を混同しない。,救助確認,ブリギッテ本人の撃破より、救助・回復の向きと守られていない敵を見つける。,この試合で「ブリギッテ本人だけでなく、誰を救助・回復しているかを見て撃破対象を分ける。」を守れたか。守れなかった場合、次は撃つ前に何を1つだけ見るか。,ブリギッテの救助・回復スキルを先に使わせ、直後に守られていない敵へ手裏剣と風斬りを合わせる。 次は救助スキル使用後に深追いせず、風斬りと壁登りで味方射線へ戻って次のキルを狙うタイミングを待つ。できていれば成功。,ブリギッテだけを追い、救助スキルを吐かせた後の本命対象を見失う。,次の試合ではブリギッテの救助を確認した直後、守られていない敵へ手裏剣と風斬りを使う。,ブリギッテが誰を助けたか、助けた後に誰が孤立したかを確認する。,次の試合ではブリギッテを倒すことより、確認、攻撃、退避の順番を崩さない。
Moira,4,木の葉返し過信注意,モイラ相手は、バイオティック・グラスプとフェードで長い追跡戦になりやすい。フェード後だけ狙い、倒し切れない時はすぐ別対象へ切り替える。,サイバー体術は逃げにも攻めにも使う。手裏剣で防御・救助・移動スキルを誘うことで、正面の射線を避けながら手裏剣を通す射線を作る。,"[""フェード"", ""バイオティック・オーブ"", ""コアレッセンス""]","[""フェード後"", ""バイオティック・オーブ後""]","[""フェード"", ""バイオティック・オーブ"", ""コアレッセンス""]","[""壁登りで側面ルートの高低差を使う"", ""手裏剣で防御・救助・移動スキルを誘う"", ""風斬りは撃破確認後の追撃か離脱に残す""]",6,6,2,6,8,5,6,10,手裏剣は先に体力差を作るために使う。フェード後、バイオティック・オーブ後、または遮蔽から出る一歩目に当て、命中を確認してから風斬りを選ぶ。,風斬りは接近・撃破確認後の追撃・離脱のどれに使うかを事前に決める。壁登りで側面ルートの高低差を使うことを基本に、リセットが取れない時は深追いしない。,木の葉返しは攻めの始点ではなく、相手の反撃をずらす保険として使う。フェードを見てから使い、終わり際に立ち止まらない。,龍撃剣はモイラ本人に固執しない。フェード、バイオティック・オーブを確認し、孤立した後衛か体力が減った敵から切る。,フェード後、バイオティック・オーブ後,モイラに対しては「風斬りを使う目的」「木の葉返しで返せる攻撃か」「龍撃剣前に確認する防御・救助・移動スキル」を毎回確認する。,"[""モイラ"", ""もう一人のサポート"", ""孤立したダメージ""]","[""手裏剣を当てる前に風斬りで入り、離脱手段を失うこと。"", ""フェード、バイオティック・オーブが残っている相手へ、防御・救助・移動スキルが残る正面へ龍撃剣で入ること。"", ""木の葉返しで解決できる前提で、ビーム・設置物・行動阻害の射程に居続けること。""]",モイラを倒し切るより、風斬りを離脱手段として残す。手裏剣を当ててから入る癖を作る。,入る前に「戻る先の遮蔽」と「確認するスキル」を決める。フェード後、バイオティック・オーブを使わせた後に詰める。倒し切れない時は壁登りで戻る。,モイラのフェードを使わせた後、同じ相手を追うか敵サポートへ切り替えるかを即決する。,龍撃剣は単独で使わない。フェード、バイオティック・オーブを確認し、味方の攻撃開始と同じタイミングで抜く。,モイラだけを見ず、敵後衛の防御・救助・移動スキルと味方の圧を合わせる。風斬りリセット後の次対象まで先に決める。,救助・回復スキルでキルタイミングを遅らせるサポート,モイラ本人だけでなく、誰を救助・回復しているかを見て撃破対象を分ける。,モイラの救助・回復スキルを先に使わせ、直後に守られていない敵へ手裏剣と風斬りを合わせる。,救助を吐かせた後に深追いせず、風斬りと壁登りで味方射線へ戻って次のキルを狙うタイミングを待つ。,試合後に「モイラの何を見てから撃ったか」「外した時にどこへ戻ったか」を1回だけ確認する。,ゲンジ対モイラは、救助・回復スキルでキルタイミングを遅らせるサポートとして読む。最初に見る情報、撃つ瞬間、失敗時の戻り先を分けると、数値評価以上に安定する。,モイラへの説明は「撃つ」「追う」だけで終わらせない。ダイブ確認、倒し切りを狙う条件、撤退先、次の狙いを必ず1文ずつ分け、ゲンジの手裏剣と風斬りと風斬りと壁登りの使い道を混同しない。,救助確認,モイラ本人の撃破より、救助・回復の向きと守られていない敵を見つける。,この試合で「モイラ本人だけでなく、誰を救助・回復しているかを見て撃破対象を分ける。」を守れたか。守れなかった場合、次は撃つ前に何を1つだけ見るか。,モイラの救助・回復スキルを先に使わせ、直後に守られていない敵へ手裏剣と風斬りを合わせる。 次は救助スキル使用後に深追いせず、風斬りと壁登りで味方射線へ戻って次のキルを狙うタイミングを待つ。できていれば成功。,モイラだけを追い、救助スキルを吐かせた後の本命対象を見失う。,次の試合ではモイラの救助を確認した直後、守られていない敵へ手裏剣と風斬りを使う。,モイラが誰を助けたか、助けた後に誰が孤立したかを確認する。,次の試合ではモイラを倒すことより、確認、攻撃、退避の順番を崩さない。
Lúcio,6,後衛への風斬り圧力有効,ルシオには壁登りと二段ジャンプで視線外から近づく。手裏剣で防御・救助・移動スキルを使わせ、風斬りは撃破確認後の追撃か離脱に使う。,サイバー体術は逃げにも攻めにも使う。手裏剣で防御・救助・移動スキルを誘うことで、正面の射線を避けながら手裏剣を通す射線を作る。,"[""ウォール・ライド"", ""サウンド・バリア"", ""サウンドウェーブ""]","[""ウォール・ライド後"", ""サウンド・バリア後""]","[""サウンド・バリア"", ""サウンドウェーブ"", ""スピード・ブースト""]","[""壁登りで側面ルートの高低差を使う"", ""手裏剣で防御・救助・移動スキルを誘う"", ""風斬りは撃破確認後の追撃か離脱に残す""]",7,5,5,6,6,6,7,10,手裏剣は先に体力差を作るために使う。ウォール・ライド後、サウンド・バリア後、または遮蔽から出る一歩目に当て、命中を確認してから風斬りを選ぶ。,風斬りは接近・撃破確認後の追撃・離脱のどれに使うかを事前に決める。壁登りで側面ルートの高低差を使うことを基本に、リセットが取れない時は深追いしない。,木の葉返しは攻めの始点ではなく、相手の反撃をずらす保険として使う。ウォール・ライドを見てから使い、終わり際に立ち止まらない。,龍撃剣はルシオ本人に固執しない。サウンド・バリア、サウンドウェーブを確認し、孤立した後衛か体力が減った敵から切る。,ウォール・ライド後、サウンド・バリア後,ルシオに対しては「風斬りを使う目的」「木の葉返しで返せる攻撃か」「龍撃剣前に確認する防御・救助・移動スキル」を毎回確認する。,"[""ルシオ"", ""もう一人のサポート"", ""孤立したダメージ""]","[""手裏剣を当てる前に風斬りで入り、離脱手段を失うこと。"", ""ウォール・ライド、サウンド・バリアが残っている相手へ、防御・救助・移動スキルが残る正面へ龍撃剣で入ること。"", ""木の葉返し後に安心して立ち止まり、次の被弾で倒されること。""]",ルシオを倒し切るより、風斬りを離脱手段として残す。手裏剣を当ててから入る癖を作る。,入る前に「戻る先の遮蔽」と「確認するスキル」を決める。ウォール・ライド後、サウンド・バリアを使わせた後に詰める。倒し切れない時は壁登りで戻る。,ルシオのウォール・ライドを使わせた後、同じ相手を追うか敵サポートへ切り替えるかを即決する。,龍撃剣は単独で使わない。サウンド・バリア、サウンドウェーブを確認し、味方の攻撃開始と同じタイミングで抜く。,ルシオだけを見ず、敵後衛の防御・救助・移動スキルと味方の圧を合わせる。風斬りリセット後の次対象まで先に決める。,支援線を切ると崩れるサポート,ルシオ本人だけでなく、誰を救助・回復しているかを見て撃破対象を分ける。,ルシオの救助・回復スキルを先に使わせ、直後に守られていない敵へ手裏剣と風斬りを合わせる。,救助を吐かせた後に深追いせず、風斬りと壁登りで味方射線へ戻って次のキルを狙うタイミングを待つ。,試合後に「ルシオの何を見てから撃ったか」「外した時にどこへ戻ったか」を1回だけ確認する。,ゲンジ対ルシオは、支援線を切ると崩れるサポートとして読む。最初に見る情報、撃つ瞬間、失敗時の戻り先を分けると、数値評価以上に安定する。,ルシオへの説明は「撃つ」「追う」だけで終わらせない。ダイブ確認、倒し切りを狙う条件、撤退先、次の狙いを必ず1文ずつ分け、ゲンジの手裏剣と風斬りと風斬りと壁登りの使い道を混同しない。,支援線管理,ルシオ本人の撃破より、救助・回復の向きと守られていない敵を見つける。,この試合で「ルシオ本人だけでなく、誰を救助・回復しているかを見て撃破対象を分ける。」を守れたか。守れなかった場合、次は撃つ前に何を1つだけ見るか。,ルシオの救助・回復スキルを先に使わせ、直後に守られていない敵へ手裏剣と風斬りを合わせる。 次は救助スキル使用後に深追いせず、風斬りと壁登りで味方射線へ戻って次のキルを狙うタイミングを待つ。できていれば成功。,ルシオだけを追い、救助スキルを吐かせた後の本命対象を見失う。,次の試合ではルシオの救助を確認した直後、守られていない敵へ手裏剣と風斬りを使う。,ルシオが誰を助けたか、助けた後に誰が孤立したかを確認する。,次の試合ではルシオを倒すことより、確認、攻撃、退避の順番を崩さない。
Ana,6,行動阻害・迎撃注意,アナ相手は、スリープ・ダーツとバイオティック・グレネードの確認が最優先。木の葉返しで返せる場面はあるが、外した時の退路を残して入る。,サイバー体術は逃げにも攻めにも使う。手裏剣で防御・救助・移動スキルを誘うことで、正面の射線を避けながら手裏剣を通す射線を作る。,"[""スリープ・ダーツ"", ""バイオティック・グレネード"", ""ナノ・ブースト""]","[""スリープ・ダーツ後"", ""バイオティック・グレネード後""]","[""スリープ・ダーツ"", ""バイオティック・グレネード"", ""ナノ・ブースト""]","[""壁登りで側面ルートの高低差を使う"", ""手裏剣で防御・救助・移動スキルを誘う"", ""風斬りは撃破確認後の追撃か離脱に残す""]",7,9,8,10,9,7,9,10,手裏剣は先に体力差を作るために使う。スリープ・ダーツ後、バイオティック・グレネード後、または遮蔽から出る一歩目に当て、命中を確認してから風斬りを選ぶ。,風斬りは接近・撃破確認後の追撃・離脱のどれに使うかを事前に決める。壁登りで側面ルートの高低差を使うことを基本に、リセットが取れない時は深追いしない。,木の葉返しは攻めの始点ではなく、相手の反撃をずらす保険として使う。スリープ・ダーツを見てから使い、終わり際に立ち止まらない。,龍撃剣はアナ本人に固執しない。スリープ・ダーツ、バイオティック・グレネードを確認し、孤立した後衛か体力が減った敵から切る。,スリープ・ダーツ後、バイオティック・グレネード後,アナに対しては「風斬りを使う目的」「木の葉返しで返せる攻撃か」「龍撃剣前に確認する防御・救助・移動スキル」を毎回確認する。,"[""アナ"", ""もう一人のサポート"", ""孤立したダメージ""]","[""手裏剣を当てる前に風斬りで入り、離脱手段を失うこと。"", ""スリープ・ダーツ、バイオティック・グレネードが残っている相手へ、防御・救助・移動スキルが残る正面へ龍撃剣で入ること。"", ""木の葉返し後に安心して立ち止まり、次の被弾で倒されること。""]",アナを倒し切るより、風斬りを離脱手段として残す。手裏剣を当ててから入る癖を作る。,入る前に「戻る先の遮蔽」と「確認するスキル」を決める。スリープ・ダーツ後、バイオティック・グレネードを使わせた後に詰める。倒し切れない時は壁登りで戻る。,アナのスリープ・ダーツを使わせた後、同じ相手を追うか敵サポートへ切り替えるかを即決する。,龍撃剣は単独で使わない。スリープ・ダーツ、バイオティック・グレネードを確認し、味方の攻撃開始と同じタイミングで抜く。,アナだけを見ず、敵後衛の防御・救助・移動スキルと味方の圧を合わせる。風斬りリセット後の次対象まで先に決める。,救助・回復スキルでキルタイミングを遅らせるサポート,アナ本人だけでなく、誰を救助・回復しているかを見て撃破対象を分ける。,アナの救助・回復スキルを先に使わせ、直後に守られていない敵へ手裏剣と風斬りを合わせる。,救助を吐かせた後に深追いせず、風斬りと壁登りで味方射線へ戻って次のキルを狙うタイミングを待つ。,試合後に「アナの何を見てから撃ったか」「外した時にどこへ戻ったか」を1回だけ確認する。,ゲンジ対アナは、救助・回復スキルでキルタイミングを遅らせるサポートとして読む。最初に見る情報、撃つ瞬間、失敗時の戻り先を分けると、数値評価以上に安定する。,アナへの説明は「撃つ」「追う」だけで終わらせない。ダイブ確認、倒し切りを狙う条件、撤退先、次の狙いを必ず1文ずつ分け、ゲンジの手裏剣と風斬りと風斬りと壁登りの使い道を混同しない。,救助確認,アナ本人の撃破より、救助・回復の向きと守られていない敵を見つける。,この試合で「アナ本人だけでなく、誰を救助・回復しているかを見て撃破対象を分ける。」を守れたか。守れなかった場合、次は撃つ前に何を1つだけ見るか。,アナの救助・回復スキルを先に使わせ、直後に守られていない敵へ手裏剣と風斬りを合わせる。 次は救助スキル使用後に深追いせず、風斬りと壁登りで味方射線へ戻って次のキルを狙うタイミングを待つ。できていれば成功。,アナだけを追い、救助スキルを吐かせた後の本命対象を見失う。,次の試合ではアナの救助を確認した直後、守られていない敵へ手裏剣と風斬りを使う。,アナが誰を助けたか、助けた後に誰が孤立したかを確認する。,次の試合ではアナを倒すことより、確認、攻撃、退避の順番を崩さない。
Wuyang,7,後衛への風斬り圧力有効,ウーヤンには壁登りと二段ジャンプで視線外から近づく。手裏剣で防御・救助・移動スキルを使わせ、風斬りは撃破確認後の追撃か離脱に使う。,サイバー体術は逃げにも攻めにも使う。手裏剣で防御・救助・移動スキルを誘うことで、正面の射線を避けながら手裏剣を通す射線を作る。,"[""飛流歩"", ""養神泉"", ""驚濤破""]","[""飛流歩後"", ""養神泉後""]","[""養神泉"", ""驚濤破"", ""飛流歩""]","[""壁登りで側面ルートの高低差を使う"", ""手裏剣で防御・救助・移動スキルを誘う"", ""風斬りは撃破確認後の追撃か離脱に残す""]",5,8,6,8,8,5,8,10,手裏剣は先に体力差を作るために使う。飛流歩後、養神泉後、または遮蔽から出る一歩目に当て、命中を確認してから風斬りを選ぶ。,風斬りは接近・撃破確認後の追撃・離脱のどれに使うかを事前に決める。壁登りで側面ルートの高低差を使うことを基本に、リセットが取れない時は深追いしない。,木の葉返しは攻めの始点ではなく、相手の反撃をずらす保険として使う。飛流歩を見てから使い、終わり際に立ち止まらない。,龍撃剣はウーヤン本人に固執しない。養神泉、驚濤破を確認し、孤立した後衛か体力が減った敵から切る。,飛流歩後、養神泉後,ウーヤンに対しては「風斬りを使う目的」「木の葉返しで返せる攻撃か」「龍撃剣前に確認する防御・救助・移動スキル」を毎回確認する。,"[""ウーヤン"", ""もう一人のサポート"", ""孤立したダメージ""]","[""手裏剣を当てる前に風斬りで入り、離脱手段を失うこと。"", ""飛流歩、養神泉が残っている相手へ、防御・救助・移動スキルが残る正面へ龍撃剣で入ること。"", ""木の葉返し後に安心して立ち止まり、次の被弾で倒されること。""]",ウーヤンを倒し切るより、風斬りを離脱手段として残す。手裏剣を当ててから入る癖を作る。,入る前に「戻る先の遮蔽」と「確認するスキル」を決める。飛流歩後、養神泉を使わせた後に詰める。倒し切れない時は壁登りで戻る。,ウーヤンの飛流歩を使わせた後、同じ相手を追うか敵サポートへ切り替えるかを即決する。,龍撃剣は単独で使わない。養神泉、驚濤破を確認し、味方の攻撃開始と同じタイミングで抜く。,ウーヤンだけを見ず、敵後衛の防御・救助・移動スキルと味方の圧を合わせる。風斬りリセット後の次対象まで先に決める。,救助・回復スキルでキルタイミングを遅らせるサポート,ウーヤン本人だけでなく、誰を救助・回復しているかを見て撃破対象を分ける。,ウーヤンの救助・回復スキルを先に使わせ、直後に守られていない敵へ手裏剣と風斬りを合わせる。,救助を吐かせた後に深追いせず、風斬りと壁登りで味方射線へ戻って次のキルを狙うタイミングを待つ。,試合後に「ウーヤンの何を見てから撃ったか」「外した時にどこへ戻ったか」を1回だけ確認する。,ゲンジ対ウーヤンは、救助・回復スキルでキルタイミングを遅らせるサポートとして読む。最初に見る情報、撃つ瞬間、失敗時の戻り先を分けると、数値評価以上に安定する。,ウーヤンへの説明は「撃つ」「追う」だけで終わらせない。ダイブ確認、倒し切りを狙う条件、撤退先、次の狙いを必ず1文ずつ分け、ゲンジの手裏剣と風斬りと風斬りと壁登りの使い道を混同しない。,救助確認,ウーヤン本人の撃破より、救助・回復の向きと守られていない敵を見つける。,この試合で「ウーヤン本人だけでなく、誰を救助・回復しているかを見て撃破対象を分ける。」を守れたか。守れなかった場合、次は撃つ前に何を1つだけ見るか。,ウーヤンの救助・回復スキルを先に使わせ、直後に守られていない敵へ手裏剣と風斬りを合わせる。 次は救助スキル使用後に深追いせず、風斬りと壁登りで味方射線へ戻って次のキルを狙うタイミングを待つ。できていれば成功。,ウーヤンだけを追い、救助スキルを吐かせた後の本命対象を見失う。,次の試合ではウーヤンの救助を確認した直後、守られていない敵へ手裏剣と風斬りを使う。,ウーヤンが誰を助けたか、助けた後に誰が孤立したかを確認する。,次の試合ではウーヤンを倒すことより、確認、攻撃、退避の順番を崩さない。
Zenyatta,7,後衛への風斬り圧力有効,ゼニヤッタ相手は、最も狙いやすい後衛の一人。ただし不和のオーブを受けたまま追い切らず、遮蔽で外してから風斬りのリセットを狙う。,サイバー体術は逃げにも攻めにも使う。手裏剣で防御・救助・移動スキルを誘うことで、正面の射線を避けながら手裏剣を通す射線を作る。,"[""心頭滅却"", ""不和のオーブ""]","[""心頭滅却後"", ""不和のオーブ後""]","[""心頭滅却"", ""不和のオーブ""]","[""壁登りで側面ルートの高低差を使う"", ""手裏剣で防御・救助・移動スキルを誘う"", ""風斬りは撃破確認後の追撃か離脱に残す""]",6,9,9,10,9,7,9,10,手裏剣は先に体力差を作るために使う。心頭滅却後、不和のオーブ後、または遮蔽から出る一歩目に当て、命中を確認してから風斬りを選ぶ。,風斬りは接近・撃破確認後の追撃・離脱のどれに使うかを事前に決める。壁登りで側面ルートの高低差を使うことを基本に、リセットが取れない時は深追いしない。,木の葉返しは攻めの始点ではなく、相手の反撃をずらす保険として使う。心頭滅却を見てから使い、終わり際に立ち止まらない。,龍撃剣はゼニヤッタ本人に固執しない。心頭滅却、不和のオーブを確認し、孤立した後衛か体力が減った敵から切る。,心頭滅却後、不和のオーブ後,ゼニヤッタに対しては「風斬りを使う目的」「木の葉返しで返せる攻撃か」「龍撃剣前に確認する防御・救助・移動スキル」を毎回確認する。,"[""ゼニヤッタ"", ""もう一人のサポート"", ""孤立したダメージ""]","[""手裏剣を当てる前に風斬りで入り、離脱手段を失うこと。"", ""心頭滅却、不和のオーブが残っている相手へ、防御・救助・移動スキルが残る正面へ龍撃剣で入ること。"", ""木の葉返し後に安心して立ち止まり、次の被弾で倒されること。""]",ゼニヤッタを倒し切るより、風斬りを離脱手段として残す。手裏剣を当ててから入る癖を作る。,入る前に「戻る先の遮蔽」と「確認するスキル」を決める。心頭滅却後、不和のオーブを使わせた後に詰める。倒し切れない時は壁登りで戻る。,ゼニヤッタの心頭滅却を使わせた後、同じ相手を追うか敵サポートへ切り替えるかを即決する。,龍撃剣は単独で使わない。心頭滅却、不和のオーブを確認し、味方の攻撃開始と同じタイミングで抜く。,ゼニヤッタだけを見ず、敵後衛の防御・救助・移動スキルと味方の圧を合わせる。風斬りリセット後の次対象まで先に決める。,支援線を切ると崩れるサポート,ゼニヤッタ本人だけでなく、誰を救助・回復しているかを見て撃破対象を分ける。,ゼニヤッタの救助・回復スキルを先に使わせ、直後に守られていない敵へ手裏剣と風斬りを合わせる。,救助を吐かせた後に深追いせず、風斬りと壁登りで味方射線へ戻って次のキルを狙うタイミングを待つ。,試合後に「ゼニヤッタの何を見てから撃ったか」「外した時にどこへ戻ったか」を1回だけ確認する。,ゲンジ対ゼニヤッタは、支援線を切ると崩れるサポートとして読む。最初に見る情報、撃つ瞬間、失敗時の戻り先を分けると、数値評価以上に安定する。,ゼニヤッタへの説明は「撃つ」「追う」だけで終わらせない。ダイブ確認、倒し切りを狙う条件、撤退先、次の狙いを必ず1文ずつ分け、ゲンジの手裏剣と風斬りと風斬りと壁登りの使い道を混同しない。,支援線管理,ゼニヤッタ本人の撃破より、救助・回復の向きと守られていない敵を見つける。,この試合で「ゼニヤッタ本人だけでなく、誰を救助・回復しているかを見て撃破対象を分ける。」を守れたか。守れなかった場合、次は撃つ前に何を1つだけ見るか。,ゼニヤッタの救助・回復スキルを先に使わせ、直後に守られていない敵へ手裏剣と風斬りを合わせる。 次は救助スキル使用後に深追いせず、風斬りと壁登りで味方射線へ戻って次のキルを狙うタイミングを待つ。できていれば成功。,ゼニヤッタだけを追い、救助スキルを吐かせた後の本命対象を見失う。,次の試合ではゼニヤッタの救助を確認した直後、守られていない敵へ手裏剣と風斬りを使う。,ゼニヤッタが誰を助けたか、助けた後に誰が孤立したかを確認する。,次の試合ではゼニヤッタを倒すことより、確認、攻撃、退避の順番を崩さない。
Mizuki,7,後衛への風斬り圧力有効,ミズキには壁登りと二段ジャンプで視線外から近づく。手裏剣で防御・救助・移動スキルを使わせ、風斬りは撃破確認後の追撃か離脱に使う。,サイバー体術は逃げにも攻めにも使う。手裏剣で防御・救助・移動スキルを誘うことで、正面の射線を避けながら手裏剣を通す射線を作る。,"[""形代"", ""霊域結界"", ""快気の笠""]","[""形代後"", ""霊域結界後""]","[""霊域結界"", ""快気の笠"", ""形代""]","[""壁登りで側面ルートの高低差を使う"", ""手裏剣で防御・救助・移動スキルを誘う"", ""風斬りは撃破確認後の追撃か離脱に残す""]",6,8,6,8,8,5,8,10,手裏剣は先に体力差を作るために使う。形代後、霊域結界後、または遮蔽から出る一歩目に当て、命中を確認してから風斬りを選ぶ。,風斬りは接近・撃破確認後の追撃・離脱のどれに使うかを事前に決める。壁登りで側面ルートの高低差を使うことを基本に、リセットが取れない時は深追いしない。,木の葉返しは攻めの始点ではなく、相手の反撃をずらす保険として使う。形代を見てから使い、終わり際に立ち止まらない。,龍撃剣はミズキ本人に固執しない。霊域結界、快気の笠を確認し、孤立した後衛か体力が減った敵から切る。,形代後、霊域結界後,ミズキに対しては「風斬りを使う目的」「木の葉返しで返せる攻撃か」「龍撃剣前に確認する防御・救助・移動スキル」を毎回確認する。,"[""ミズキ"", ""もう一人のサポート"", ""孤立したダメージ""]","[""手裏剣を当てる前に風斬りで入り、離脱手段を失うこと。"", ""形代、霊域結界が残っている相手へ、防御・救助・移動スキルが残る正面へ龍撃剣で入ること。"", ""木の葉返し後に安心して立ち止まり、次の被弾で倒されること。""]",ミズキを倒し切るより、風斬りを離脱手段として残す。手裏剣を当ててから入る癖を作る。,入る前に「戻る先の遮蔽」と「確認するスキル」を決める。形代後、霊域結界を使わせた後に詰める。倒し切れない時は壁登りで戻る。,ミズキの形代を使わせた後、同じ相手を追うか敵サポートへ切り替えるかを即決する。,龍撃剣は単独で使わない。霊域結界、快気の笠を確認し、味方の攻撃開始と同じタイミングで抜く。,ミズキだけを見ず、敵後衛の防御・救助・移動スキルと味方の圧を合わせる。風斬りリセット後の次対象まで先に決める。,救助・回復スキルでキルタイミングを遅らせるサポート,ミズキ本人だけでなく、誰を救助・回復しているかを見て撃破対象を分ける。,ミズキの救助・回復スキルを先に使わせ、直後に守られていない敵へ手裏剣と風斬りを合わせる。,救助を吐かせた後に深追いせず、風斬りと壁登りで味方射線へ戻って次のキルを狙うタイミングを待つ。,試合後に「ミズキの何を見てから撃ったか」「外した時にどこへ戻ったか」を1回だけ確認する。,ゲンジ対ミズキは、救助・回復スキルでキルタイミングを遅らせるサポートとして読む。最初に見る情報、撃つ瞬間、失敗時の戻り先を分けると、数値評価以上に安定する。,ミズキへの説明は「撃つ」「追う」だけで終わらせない。ダイブ確認、倒し切りを狙う条件、撤退先、次の狙いを必ず1文ずつ分け、ゲンジの手裏剣と風斬りと風斬りと壁登りの使い道を混同しない。,救助確認,ミズキ本人の撃破より、救助・回復の向きと守られていない敵を見つける。,この試合で「ミズキ本人だけでなく、誰を救助・回復しているかを見て撃破対象を分ける。」を守れたか。守れなかった場合、次は撃つ前に何を1つだけ見るか。,ミズキの救助・回復スキルを先に使わせ、直後に守られていない敵へ手裏剣と風斬りを合わせる。 次は救助スキル使用後に深追いせず、風斬りと壁登りで味方射線へ戻って次のキルを狙うタイミングを待つ。できていれば成功。,ミズキだけを追い、救助スキルを吐かせた後の本命対象を見失う。,次の試合ではミズキの救助を確認した直後、守られていない敵へ手裏剣と風斬りを使う。,ミズキが誰を助けたか、助けた後に誰が孤立したかを確認する。,次の試合ではミズキを倒すことより、確認、攻撃、退避の順番を崩さない。
