hero_id,matchup_rating,matchup_type,gameplan,main,ultimate,cue,practice,targets,rank.bronze,rank.silver,rank.gold,rank.diamond_plus,depth_archetype,depth_first_check,depth_commit_window,depth_reset_rule,depth_practice_question,depth_summary,duplication_guardrail,review_pattern,wave_goal,review_question,success_signal,mistake_signal,next_adjustment,vod_marker,micro_drill
D.Va,3.7,やや不利,D.Va相手は空中で長く見合わない。壁・屋根・高台の縁からスティッキー・ボムを貼り、命中確認後だけフォーカス・ビームへ進む。,トライ・ショットは長く撃ち続けず、スティッキー・ボムの貼り付け確認を優先する。ディフェンス・マトリックス・ブースターが残る間はビームで身をさらさない。,コピーはD.Va本人だけでなく、敵構成で時間を作れるタンク・救助できるサポート候補も見る。自爆・ディフェンス・マトリックスが残る敵へ正面から使わない。,ブースターの後、またはD.Vaが別の味方を見ている時だけ追撃する。,毎回、D.Vaのブースター、ディフェンス・マトリックス・ブースター、支援役との距離を確認する。,"[""体力半分以下の前線"", ""支援役"", ""D.Va""]",D.Vaを倒し切るより、まず遮蔽から離れない。スティッキー・ボム命中後だけフォーカス・ビームへ進み、フライトで長追いしないことを1回だけ意識する。,ディフェンス・マトリックス・ブースターを確認するまで決め技を急がない。ブースターの後だけ前に出る。,D.Va単体ではなく、敵構成の起点役か支援役かを判断する。支援役なら回復先、起点役なら侵入後の硬直を狙う。,D.Vaの次のブースターを予測して先に立ち位置を変える。アルティメットは撃破狙いだけでなく、敵の救助スキル使用後の再配置を崩す目的で使う。,接近時のダイブ経路と帰り道を管理するタンク,D.Vaのダイブ経路を撃つ前に、着地点・帰り道・味方サポートへの距離を先に確認する。,D.Vaが防御スキルを見せた直後に倒し切ろうとせず、戻る向きが決まった瞬間へトライ・ショットとフォーカス・ビームを合わせる。,削った後はフライトで同じ場所から離れ、敵サポートか孤立ダメージへ視線を切り替える。,試合後に「D.Vaの何を見てから撃ったか」「外した時にどこへ戻ったか」を1回だけ確認する。,エコー対D.Vaは、接近時のダイブ経路と帰り道を管理するタンクとして読む。最初に見る情報、撃つ瞬間、失敗時の戻り先を分けると、数値評価以上に安定する。,D.Vaへの説明は「撃つ」「追う」だけで終わらせない。ダイブ確認、倒し切りを狙う条件、撤退先、次の狙いを必ず1文ずつ分け、エコーのトライ・ショットとフォーカス・ビームとフライトの使い道を混同しない。,接近管理,D.Vaのダイブ経路を止めるより、帰り道と味方サポートへの距離を見て被害を小さくする。,この試合で「D.Vaのダイブ経路を撃つ前に、着地点・帰り道・味方サポートへの距離を先に確認する。」を守れたか。守れなかった場合、次は撃つ前に何を1つだけ見るか。,D.Vaが防御スキルを見せた直後に倒し切ろうとせず、戻る向きが決まった瞬間へトライ・ショットとフォーカス・ビームを合わせる。 次に削った後はフライトで同じ場所から離れ、敵サポートか孤立ダメージへ視線を切り替える。できていれば成功。,D.Vaを正面で追い続け、敵サポートの回復線まで自分から入ってしまう。,次の試合ではダイブ後の着地を1秒だけ撃ち、戻る向きが決まった瞬間へフォーカス・ビームを残す。,D.Vaが入った瞬間、味方サポートの体力、フライトを使った位置を停止して確認する。,次の試合ではD.Vaを倒すことより、確認、攻撃、退避の順番を崩さない。
Winston,5.0,五分,ウィンストン相手は大きい体へスティッキー・ボムを当てやすいが、前線だけで終わらせない。体力半分以下を作ったら支援役へ圧を切り替える。,トライ・ショットは長く撃ち続けず、スティッキー・ボムの貼り付け確認を優先する。テスラ・キャノン・バリア・プロジェクターが残る間はビームで身をさらさない。,コピーはウィンストン本人だけでなく、敵構成で時間を作れるタンク・救助できるサポート候補も見る。テスラ・キャノン・バリア・プロジェクターが残る敵へ正面から使わない。,ジャンプ・パックの後か体力半分以下を確認した時だけフォーカス・ビームへ進む。,毎回、ウィンストンのジャンプ・パック、テスラ・キャノン・バリア・プロジェクター、支援役との距離を確認する。,"[""体力半分以下の前線"", ""支援役"", ""ウィンストン""]",ウィンストンを倒し切るより、まず遮蔽から離れない。スティッキー・ボム命中後だけフォーカス・ビームへ進み、フライトで長追いしないことを1回だけ意識する。,テスラ・キャノン・バリア・プロジェクターを確認するまで決め技を急がない。ジャンプ・パックの後だけ前に出る。,ウィンストン単体ではなく、敵構成の起点役か支援役かを判断する。支援役なら回復先、起点役なら侵入後の硬直を狙う。,ウィンストンの次のジャンプ・パックを予測して先に立ち位置を変える。アルティメットは撃破狙いだけでなく、敵の救助スキル使用後の再配置を崩す目的で使う。,接近時のダイブ経路と帰り道を管理するタンク,ウィンストンのダイブ経路を撃つ前に、着地点・帰り道・味方サポートへの距離を先に確認する。,ウィンストンが防御スキルを見せた直後に倒し切ろうとせず、戻る向きが決まった瞬間へトライ・ショットとフォーカス・ビームを合わせる。,削った後はフライトで同じ場所から離れ、敵サポートか孤立ダメージへ視線を切り替える。,試合後に「ウィンストンの何を見てから撃ったか」「外した時にどこへ戻ったか」を1回だけ確認する。,エコー対ウィンストンは、接近時のダイブ経路と帰り道を管理するタンクとして読む。最初に見る情報、撃つ瞬間、失敗時の戻り先を分けると、数値評価以上に安定する。,ウィンストンへの説明は「撃つ」「追う」だけで終わらせない。ダイブ確認、倒し切りを狙う条件、撤退先、次の狙いを必ず1文ずつ分け、エコーのトライ・ショットとフォーカス・ビームとフライトの使い道を混同しない。,接近管理,ウィンストンのダイブ経路を止めるより、帰り道と味方サポートへの距離を見て被害を小さくする。,この試合で「ウィンストンのダイブ経路を撃つ前に、着地点・帰り道・味方サポートへの距離を先に確認する。」を守れたか。守れなかった場合、次は撃つ前に何を1つだけ見るか。,ウィンストンが防御スキルを見せた直後に倒し切ろうとせず、戻る向きが決まった瞬間へトライ・ショットとフォーカス・ビームを合わせる。 次に削った後はフライトで同じ場所から離れ、敵サポートか孤立ダメージへ視線を切り替える。できていれば成功。,ウィンストンを正面で追い続け、敵サポートの回復線まで自分から入ってしまう。,次の試合ではダイブ後の着地を1秒だけ撃ち、戻る向きが決まった瞬間へフォーカス・ビームを残す。,ウィンストンが入った瞬間、味方サポートの体力、フライトを使った位置を停止して確認する。,次の試合ではウィンストンを倒すことより、確認、攻撃、退避の順番を崩さない。
Doomfist,4.8,やや不利,ドゥームフィスト相手は大きい体へスティッキー・ボムを当てやすいが、前線だけで終わらせない。体力半分以下を作ったら支援役へ圧を切り替える。,トライ・ショットは長く撃ち続けず、スティッキー・ボムの貼り付け確認を優先する。ロケット・パンチ・パワー・ブロックが残る間はビームで身をさらさない。,コピーはドゥームフィスト本人だけでなく、敵構成で時間を作れるタンク・救助できるサポート候補も見る。ロケット・パンチ・パワー・ブロックが残る敵へ正面から使わない。,サイズミック・スラム・ロケット・パンチの後か体力半分以下を確認した時だけフォーカス・ビームへ進む。,毎回、ドゥームフィストのサイズミック・スラム・ロケット・パンチ、ロケット・パンチ・パワー・ブロック、支援役との距離を確認する。,"[""体力半分以下の前線"", ""支援役"", ""ドゥームフィスト""]",ドゥームフィストを倒し切るより、まず遮蔽から離れない。スティッキー・ボム命中後だけフォーカス・ビームへ進み、フライトで長追いしないことを1回だけ意識する。,ロケット・パンチ・パワー・ブロックを確認するまで決め技を急がない。サイズミック・スラム・ロケット・パンチの後だけ前に出る。,ドゥームフィスト単体ではなく、敵構成の起点役か支援役かを判断する。支援役なら回復先、起点役なら侵入後の硬直を狙う。,ドゥームフィストの次のサイズミック・スラム・ロケット・パンチを予測して先に立ち位置を変える。アルティメットは撃破狙いだけでなく、敵の救助スキル使用後の再配置を崩す目的で使う。,接近時のダイブ経路と帰り道を管理するタンク,ドゥームフィストのダイブ経路を撃つ前に、着地点・帰り道・味方サポートへの距離を先に確認する。,ドゥームフィストが防御スキルを見せた直後に倒し切ろうとせず、戻る向きが決まった瞬間へトライ・ショットとフォーカス・ビームを合わせる。,削った後はフライトで同じ場所から離れ、敵サポートか孤立ダメージへ視線を切り替える。,試合後に「ドゥームフィストの何を見てから撃ったか」「外した時にどこへ戻ったか」を1回だけ確認する。,エコー対ドゥームフィストは、接近時のダイブ経路と帰り道を管理するタンクとして読む。最初に見る情報、撃つ瞬間、失敗時の戻り先を分けると、数値評価以上に安定する。,ドゥームフィストへの説明は「撃つ」「追う」だけで終わらせない。ダイブ確認、倒し切りを狙う条件、撤退先、次の狙いを必ず1文ずつ分け、エコーのトライ・ショットとフォーカス・ビームとフライトの使い道を混同しない。,接近管理,ドゥームフィストのダイブ経路を止めるより、帰り道と味方サポートへの距離を見て被害を小さくする。,この試合で「ドゥームフィストのダイブ経路を撃つ前に、着地点・帰り道・味方サポートへの距離を先に確認する。」を守れたか。守れなかった場合、次は撃つ前に何を1つだけ見るか。,ドゥームフィストが防御スキルを見せた直後に倒し切ろうとせず、戻る向きが決まった瞬間へトライ・ショットとフォーカス・ビームを合わせる。 次に削った後はフライトで同じ場所から離れ、敵サポートか孤立ダメージへ視線を切り替える。できていれば成功。,ドゥームフィストを正面で追い続け、敵サポートの回復線まで自分から入ってしまう。,次の試合ではダイブ後の着地を1秒だけ撃ち、戻る向きが決まった瞬間へフォーカス・ビームを残す。,ドゥームフィストが入った瞬間、味方サポートの体力、フライトを使った位置を停止して確認する。,次の試合ではドゥームフィストを倒すことより、確認、攻撃、退避の順番を崩さない。
Hazard,5.2,五分,ハザード相手は大きい体へスティッキー・ボムを当てやすいが、前線だけで終わらせない。体力半分以下を作ったら支援役へ圧を切り替える。,トライ・ショットは長く撃ち続けず、スティッキー・ボムの貼り付け確認を優先する。ジャギー・ウォール・スパイク・ガードが残る間はビームで身をさらさない。,コピーはハザード本人だけでなく、敵構成で時間を作れるタンク・救助できるサポート候補も見る。ジャギー・ウォール・スパイク・ガードが残る敵へ正面から使わない。,ヴァイオレント・リープの後か体力半分以下を確認した時だけフォーカス・ビームへ進む。,毎回、ハザードのヴァイオレント・リープ、ジャギー・ウォール・スパイク・ガード、支援役との距離を確認する。,"[""体力半分以下の前線"", ""支援役"", ""ハザード""]",ハザードを倒し切るより、まず遮蔽から離れない。スティッキー・ボム命中後だけフォーカス・ビームへ進み、フライトで長追いしないことを1回だけ意識する。,ジャギー・ウォール・スパイク・ガードを確認するまで決め技を急がない。ヴァイオレント・リープの後だけ前に出る。,ハザード単体ではなく、敵構成の起点役か支援役かを判断する。支援役なら回復先、起点役なら侵入後の硬直を狙う。,ハザードの次のヴァイオレント・リープを予測して先に立ち位置を変える。アルティメットは撃破狙いだけでなく、敵の救助スキル使用後の再配置を崩す目的で使う。,接近時のダイブ経路と帰り道を管理するタンク,ハザードのダイブ経路を撃つ前に、着地点・帰り道・味方サポートへの距離を先に確認する。,ハザードが防御スキルを見せた直後に倒し切ろうとせず、戻る向きが決まった瞬間へトライ・ショットとフォーカス・ビームを合わせる。,削った後はフライトで同じ場所から離れ、敵サポートか孤立ダメージへ視線を切り替える。,試合後に「ハザードの何を見てから撃ったか」「外した時にどこへ戻ったか」を1回だけ確認する。,エコー対ハザードは、接近時のダイブ経路と帰り道を管理するタンクとして読む。最初に見る情報、撃つ瞬間、失敗時の戻り先を分けると、数値評価以上に安定する。,ハザードへの説明は「撃つ」「追う」だけで終わらせない。ダイブ確認、倒し切りを狙う条件、撤退先、次の狙いを必ず1文ずつ分け、エコーのトライ・ショットとフォーカス・ビームとフライトの使い道を混同しない。,接近管理,ハザードのダイブ経路を止めるより、帰り道と味方サポートへの距離を見て被害を小さくする。,この試合で「ハザードのダイブ経路を撃つ前に、着地点・帰り道・味方サポートへの距離を先に確認する。」を守れたか。守れなかった場合、次は撃つ前に何を1つだけ見るか。,ハザードが防御スキルを見せた直後に倒し切ろうとせず、戻る向きが決まった瞬間へトライ・ショットとフォーカス・ビームを合わせる。 次に削った後はフライトで同じ場所から離れ、敵サポートか孤立ダメージへ視線を切り替える。できていれば成功。,ハザードを正面で追い続け、敵サポートの回復線まで自分から入ってしまう。,次の試合ではダイブ後の着地を1秒だけ撃ち、戻る向きが決まった瞬間へフォーカス・ビームを残す。,ハザードが入った瞬間、味方サポートの体力、フライトを使った位置を停止して確認する。,次の試合ではハザードを倒すことより、確認、攻撃、退避の順番を崩さない。
Wrecking Ball,4.5,やや不利,レッキング・ボール相手は大きい体へスティッキー・ボムを当てやすいが、前線だけで終わらせない。体力半分以下を作ったら支援役へ圧を切り替える。,トライ・ショットは長く撃ち続けず、スティッキー・ボムの貼り付け確認を優先する。パイルドライバー・アダプティブ・シールドが残る間はビームで身をさらさない。,コピーはレッキング・ボール本人だけでなく、敵構成で時間を作れるタンク・救助できるサポート候補も見る。パイルドライバー・アダプティブ・シールドが残る敵へ正面から使わない。,グラップリング・クロールの後か体力半分以下を確認した時だけフォーカス・ビームへ進む。,毎回、レッキング・ボールのグラップリング・クロール、パイルドライバー・アダプティブ・シールド、支援役との距離を確認する。,"[""体力半分以下の前線"", ""支援役"", ""レッキング・ボール""]",レッキング・ボールを倒し切るより、まず遮蔽から離れない。スティッキー・ボム命中後だけフォーカス・ビームへ進み、フライトで長追いしないことを1回だけ意識する。,パイルドライバー・アダプティブ・シールドを確認するまで決め技を急がない。グラップリング・クロールの後だけ前に出る。,レッキング・ボール単体ではなく、敵構成の起点役か支援役かを判断する。支援役なら回復先、起点役なら侵入後の硬直を狙う。,レッキング・ボールの次のグラップリング・クロールを予測して先に立ち位置を変える。アルティメットは撃破狙いだけでなく、敵の救助スキル使用後の再配置を崩す目的で使う。,接近時のダイブ経路と帰り道を管理するタンク,レッキング・ボールのダイブ経路を撃つ前に、着地点・帰り道・味方サポートへの距離を先に確認する。,レッキング・ボールが防御スキルを見せた直後に倒し切ろうとせず、戻る向きが決まった瞬間へトライ・ショットとフォーカス・ビームを合わせる。,削った後はフライトで同じ場所から離れ、敵サポートか孤立ダメージへ視線を切り替える。,試合後に「レッキング・ボールの何を見てから撃ったか」「外した時にどこへ戻ったか」を1回だけ確認する。,エコー対レッキング・ボールは、接近時のダイブ経路と帰り道を管理するタンクとして読む。最初に見る情報、撃つ瞬間、失敗時の戻り先を分けると、数値評価以上に安定する。,レッキング・ボールへの説明は「撃つ」「追う」だけで終わらせない。ダイブ確認、倒し切りを狙う条件、撤退先、次の狙いを必ず1文ずつ分け、エコーのトライ・ショットとフォーカス・ビームとフライトの使い道を混同しない。,接近管理,レッキング・ボールのダイブ経路を止めるより、帰り道と味方サポートへの距離を見て被害を小さくする。,この試合で「レッキング・ボールのダイブ経路を撃つ前に、着地点・帰り道・味方サポートへの距離を先に確認する。」を守れたか。守れなかった場合、次は撃つ前に何を1つだけ見るか。,レッキング・ボールが防御スキルを見せた直後に倒し切ろうとせず、戻る向きが決まった瞬間へトライ・ショットとフォーカス・ビームを合わせる。 次に削った後はフライトで同じ場所から離れ、敵サポートか孤立ダメージへ視線を切り替える。できていれば成功。,レッキング・ボールを正面で追い続け、敵サポートの回復線まで自分から入ってしまう。,次の試合ではダイブ後の着地を1秒だけ撃ち、戻る向きが決まった瞬間へフォーカス・ビームを残す。,レッキング・ボールが入った瞬間、味方サポートの体力、フライトを使った位置を停止して確認する。,次の試合ではレッキング・ボールを倒すことより、確認、攻撃、退避の順番を崩さない。
Zarya,6.5,やや有利,ザリア相手は大きい体へスティッキー・ボムを当てやすいが、前線だけで終わらせない。体力半分以下を作ったら支援役へ圧を切り替える。,トライ・ショットは長く撃ち続けず、スティッキー・ボムの貼り付け確認を優先する。グラビトン・サージ・パーティクル・バリアが残る間はビームで身をさらさない。,コピーはザリア本人だけでなく、敵構成で時間を作れるタンク・救助できるサポート候補も見る。グラビトン・サージ・バリア・ショットが残る敵へ正面から使わない。,パーティクル・バリア・ショットの後か体力半分以下を確認した時だけフォーカス・ビームへ進む。,毎回、ザリアのパーティクル・バリア・ショット、グラビトン・サージ・パーティクル・バリア、支援役との距離を確認する。,"[""体力半分以下の前線"", ""支援役"", ""ザリア""]",ザリアを倒し切るより、まず遮蔽から離れない。スティッキー・ボム命中後だけフォーカス・ビームへ進み、フライトで長追いしないことを1回だけ意識する。,グラビトン・サージ・パーティクル・バリアを確認するまで決め技を急がない。パーティクル・バリア・ショットの後だけ前に出る。,ザリア単体ではなく、敵構成の起点役か支援役かを判断する。支援役なら回復先、起点役なら侵入後の硬直を狙う。,ザリアの次のパーティクル・バリア・ショットを予測して先に立ち位置を変える。アルティメットは撃破狙いだけでなく、敵の救助スキル使用後の再配置を崩す目的で使う。,高耐久の前線スキルを削って後衛へ切り替えるタンク,ザリアだけを倒す設計にせず、回復線・防御スキル・後衛の露出を同時に見る。,ザリアが前へ出た瞬間は削り、防御・救助・移動スキルを使った直後に後ろのサポートか横のダメージへトライ・ショットとフォーカス・ビームを移す。,正面で長く撃ち続けず、フライトで射線を変えて敵の回復と防御を分散させる。,試合後に「ザリアの何を見てから撃ったか」「外した時にどこへ戻ったか」を1回だけ確認する。,エコー対ザリアは、高耐久の前線スキルを削って後衛へ切り替えるタンクとして読む。最初に見る情報、撃つ瞬間、失敗時の戻り先を分けると、数値評価以上に安定する。,ザリアへの説明は「撃つ」「追う」だけで終わらせない。ダイブ確認、倒し切りを狙う条件、撤退先、次の狙いを必ず1文ずつ分け、エコーのトライ・ショットとフォーカス・ビームとフライトの使い道を混同しない。,資源削り,ザリアを倒し切るより、防御スキルを吐かせて後衛へ切り替える準備を作る。,この試合で「ザリアだけを倒す設計にせず、回復線・防御スキル・後衛の露出を同時に見る。」を守れたか。守れなかった場合、次は撃つ前に何を1つだけ見るか。,ザリアが前へ出た瞬間は削り、防御・救助・移動スキルを使った直後に後ろのサポートか横のダメージへトライ・ショットとフォーカス・ビームを移す。 次に正面で長く撃ち続けず、フライトで射線を変えて敵の回復と防御を分散させる。できていれば成功。,ザリアだけに射撃時間を使い、後衛や横のダメージを見られなくなる。,次の試合ではザリアを削った後、防御・救助・移動スキルを使わせた時点で別の敵へ照準を移す。,ザリアへ撃った時間と、後衛へ切り替えた瞬間を確認する。,次の試合ではザリアを倒すことより、確認、攻撃、退避の順番を崩さない。
Junker Queen,6.0,五分,ジャンカー・クイーン相手は大きい体へスティッキー・ボムを当てやすいが、前線だけで終わらせない。体力半分以下を作ったら支援役へ圧を切り替える。,トライ・ショットは長く撃ち続けず、スティッキー・ボムの貼り付け確認を優先する。ランペイジ・コマンディング・シャウトが残る間はビームで身をさらさない。,コピーはジャンカー・クイーン本人だけでなく、敵構成で時間を作れるタンク・救助できるサポート候補も見る。ランペイジ・コマンディング・シャウトが残る敵へ正面から使わない。,ギザギザブレード・カーネイジの後か体力半分以下を確認した時だけフォーカス・ビームへ進む。,毎回、ジャンカー・クイーンのギザギザブレード・カーネイジ、ランペイジ・コマンディング・シャウト、支援役との距離を確認する。,"[""体力半分以下の前線"", ""支援役"", ""ジャンカー・クイーン""]",ジャンカー・クイーンを倒し切るより、まず遮蔽から離れない。スティッキー・ボム命中後だけフォーカス・ビームへ進み、フライトで長追いしないことを1回だけ意識する。,ランペイジ・コマンディング・シャウトを確認するまで決め技を急がない。ギザギザブレード・カーネイジの後だけ前に出る。,ジャンカー・クイーン単体ではなく、敵構成の起点役か支援役かを判断する。支援役なら回復先、起点役なら侵入後の硬直を狙う。,ジャンカー・クイーンの次のギザギザブレード・カーネイジを予測して先に立ち位置を変える。アルティメットは撃破狙いだけでなく、敵の救助スキル使用後の再配置を崩す目的で使う。,高耐久の前線スキルを削って後衛へ切り替えるタンク,ジャンカー・クイーンだけを倒す設計にせず、回復線・防御スキル・後衛の露出を同時に見る。,ジャンカー・クイーンが前へ出た瞬間は削り、防御・救助・移動スキルを使った直後に後ろのサポートか横のダメージへトライ・ショットとフォーカス・ビームを移す。,正面で長く撃ち続けず、フライトで射線を変えて敵の回復と防御を分散させる。,試合後に「ジャンカー・クイーンの何を見てから撃ったか」「外した時にどこへ戻ったか」を1回だけ確認する。,エコー対ジャンカー・クイーンは、高耐久の前線スキルを削って後衛へ切り替えるタンクとして読む。最初に見る情報、撃つ瞬間、失敗時の戻り先を分けると、数値評価以上に安定する。,ジャンカー・クイーンへの説明は「撃つ」「追う」だけで終わらせない。ダイブ確認、倒し切りを狙う条件、撤退先、次の狙いを必ず1文ずつ分け、エコーのトライ・ショットとフォーカス・ビームとフライトの使い道を混同しない。,資源削り,ジャンカー・クイーンを倒し切るより、防御スキルを吐かせて後衛へ切り替える準備を作る。,この試合で「ジャンカー・クイーンだけを倒す設計にせず、回復線・防御スキル・後衛の露出を同時に見る。」を守れたか。守れなかった場合、次は撃つ前に何を1つだけ見るか。,ジャンカー・クイーンが前へ出た瞬間は削り、防御・救助・移動スキルを使った直後に後ろのサポートか横のダメージへトライ・ショットとフォーカス・ビームを移す。 次に正面で長く撃ち続けず、フライトで射線を変えて敵の回復と防御を分散させる。できていれば成功。,ジャンカー・クイーンだけに射撃時間を使い、後衛や横のダメージを見られなくなる。,次の試合ではジャンカー・クイーンを削った後、防御・救助・移動スキルを使わせた時点で別の敵へ照準を移す。,ジャンカー・クイーンへ撃った時間と、後衛へ切り替えた瞬間を確認する。,次の試合ではジャンカー・クイーンを倒すことより、確認、攻撃、退避の順番を崩さない。
Domina,6.4,五分,ドミナ相手は大きい体へスティッキー・ボムを当てやすいが、前線だけで終わらせない。体力半分以下を作ったら支援役へ圧を切り替える。,トライ・ショットは長く撃ち続けず、スティッキー・ボムの貼り付け確認を優先する。パノプティコン・バリア・アレイが残る間はビームで身をさらさない。,コピーはドミナ本人だけでなく、敵構成で時間を作れるタンク・救助できるサポート候補も見る。パノプティコン・バリア・アレイが残る敵へ正面から使わない。,クリスタル・チャージ・ソニック・リパルサーの後か体力半分以下を確認した時だけフォーカス・ビームへ進む。,毎回、ドミナのクリスタル・チャージ・ソニック・リパルサー、パノプティコン・バリア・アレイ、支援役との距離を確認する。,"[""体力半分以下の前線"", ""支援役"", ""ドミナ""]",ドミナを倒し切るより、まず遮蔽から離れない。スティッキー・ボム命中後だけフォーカス・ビームへ進み、フライトで長追いしないことを1回だけ意識する。,パノプティコン・バリア・アレイを確認するまで決め技を急がない。クリスタル・チャージ・ソニック・リパルサーの後だけ前に出る。,ドミナ単体ではなく、敵構成の起点役か支援役かを判断する。支援役なら回復先、起点役なら侵入後の硬直を狙う。,ドミナの次のクリスタル・チャージ・ソニック・リパルサーを予測して先に立ち位置を変える。アルティメットは撃破狙いだけでなく、敵の救助スキル使用後の再配置を崩す目的で使う。,高耐久の前線スキルを削って後衛へ切り替えるタンク,ドミナだけを倒す設計にせず、回復線・防御スキル・後衛の露出を同時に見る。,ドミナが前へ出た瞬間は削り、防御・救助・移動スキルを使った直後に後ろのサポートか横のダメージへトライ・ショットとフォーカス・ビームを移す。,正面で長く撃ち続けず、フライトで射線を変えて敵の回復と防御を分散させる。,試合後に「ドミナの何を見てから撃ったか」「外した時にどこへ戻ったか」を1回だけ確認する。,エコー対ドミナは、高耐久の前線スキルを削って後衛へ切り替えるタンクとして読む。最初に見る情報、撃つ瞬間、失敗時の戻り先を分けると、数値評価以上に安定する。,ドミナへの説明は「撃つ」「追う」だけで終わらせない。ダイブ確認、倒し切りを狙う条件、撤退先、次の狙いを必ず1文ずつ分け、エコーのトライ・ショットとフォーカス・ビームとフライトの使い道を混同しない。,資源削り,ドミナを倒し切るより、防御スキルを吐かせて後衛へ切り替える準備を作る。,この試合で「ドミナだけを倒す設計にせず、回復線・防御スキル・後衛の露出を同時に見る。」を守れたか。守れなかった場合、次は撃つ前に何を1つだけ見るか。,ドミナが前へ出た瞬間は削り、防御・救助・移動スキルを使った直後に後ろのサポートか横のダメージへトライ・ショットとフォーカス・ビームを移す。 次に正面で長く撃ち続けず、フライトで射線を変えて敵の回復と防御を分散させる。できていれば成功。,ドミナだけに射撃時間を使い、後衛や横のダメージを見られなくなる。,次の試合ではドミナを削った後、防御・救助・移動スキルを使わせた時点で別の敵へ照準を移す。,ドミナへ撃った時間と、後衛へ切り替えた瞬間を確認する。,次の試合ではドミナを倒すことより、確認、攻撃、退避の順番を崩さない。
Mauga,7.0,やや有利,マウガ相手は大きい体へスティッキー・ボムを当てやすいが、前線だけで終わらせない。体力半分以下を作ったら支援役へ圧を切り替える。,トライ・ショットは長く撃ち続けず、スティッキー・ボムの貼り付け確認を優先する。ケージ・ファイト・カーディアック・オーバードライブが残る間はビームで身をさらさない。,コピーはマウガ本人だけでなく、敵構成で時間を作れるタンク・救助できるサポート候補も見る。ケージ・ファイト・カーディアック・オーバードライブが残る敵へ正面から使わない。,オーバーラン・カーディアック・オーバードライブの後か体力半分以下を確認した時だけフォーカス・ビームへ進む。,毎回、マウガのオーバーラン・カーディアック・オーバードライブ、ケージ・ファイト・カーディアック・オーバードライブ、支援役との距離を確認する。,"[""体力半分以下の前線"", ""支援役"", ""マウガ""]",マウガを倒し切るより、まず遮蔽から離れない。スティッキー・ボム命中後だけフォーカス・ビームへ進み、フライトで長追いしないことを1回だけ意識する。,ケージ・ファイト・カーディアック・オーバードライブを確認するまで決め技を急がない。オーバーラン・カーディアック・オーバードライブの後だけ前に出る。,マウガ単体ではなく、敵構成の起点役か支援役かを判断する。支援役なら回復先、起点役なら侵入後の硬直を狙う。,マウガの次のオーバーラン・カーディアック・オーバードライブを予測して先に立ち位置を変える。アルティメットは撃破狙いだけでなく、敵の救助スキル使用後の再配置を崩す目的で使う。,高耐久の前線スキルを削って後衛へ切り替えるタンク,マウガだけを倒す設計にせず、回復線・防御スキル・後衛の露出を同時に見る。,マウガが前へ出た瞬間は削り、防御・救助・移動スキルを使った直後に後ろのサポートか横のダメージへトライ・ショットとフォーカス・ビームを移す。,正面で長く撃ち続けず、フライトで射線を変えて敵の回復と防御を分散させる。,試合後に「マウガの何を見てから撃ったか」「外した時にどこへ戻ったか」を1回だけ確認する。,エコー対マウガは、高耐久の前線スキルを削って後衛へ切り替えるタンクとして読む。最初に見る情報、撃つ瞬間、失敗時の戻り先を分けると、数値評価以上に安定する。,マウガへの説明は「撃つ」「追う」だけで終わらせない。ダイブ確認、倒し切りを狙う条件、撤退先、次の狙いを必ず1文ずつ分け、エコーのトライ・ショットとフォーカス・ビームとフライトの使い道を混同しない。,資源削り,マウガを倒し切るより、防御スキルを吐かせて後衛へ切り替える準備を作る。,この試合で「マウガだけを倒す設計にせず、回復線・防御スキル・後衛の露出を同時に見る。」を守れたか。守れなかった場合、次は撃つ前に何を1つだけ見るか。,マウガが前へ出た瞬間は削り、防御・救助・移動スキルを使った直後に後ろのサポートか横のダメージへトライ・ショットとフォーカス・ビームを移す。 次に正面で長く撃ち続けず、フライトで射線を変えて敵の回復と防御を分散させる。できていれば成功。,マウガだけに射撃時間を使い、後衛や横のダメージを見られなくなる。,次の試合ではマウガを削った後、防御・救助・移動スキルを使わせた時点で別の敵へ照準を移す。,マウガへ撃った時間と、後衛へ切り替えた瞬間を確認する。,次の試合ではマウガを倒すことより、確認、攻撃、退避の順番を崩さない。
Ramattra,6.8,やや有利,ラマットラ相手は大きい体へスティッキー・ボムを当てやすいが、前線だけで終わらせない。体力半分以下を作ったら支援役へ圧を切り替える。,トライ・ショットは長く撃ち続けず、スティッキー・ボムの貼り付け確認を優先する。アナイアレーション・ヴォイド・バリアが残る間はビームで身をさらさない。,コピーはラマットラ本人だけでなく、敵構成で時間を作れるタンク・救助できるサポート候補も見る。アナイアレーション・ヴォイド・バリアが残る敵へ正面から使わない。,ネメシス・フォーム・貪欲な渦の後か体力半分以下を確認した時だけフォーカス・ビームへ進む。,毎回、ラマットラのネメシス・フォーム・貪欲な渦、アナイアレーション・ヴォイド・バリア、支援役との距離を確認する。,"[""体力半分以下の前線"", ""支援役"", ""ラマットラ""]",ラマットラを倒し切るより、まず遮蔽から離れない。スティッキー・ボム命中後だけフォーカス・ビームへ進み、フライトで長追いしないことを1回だけ意識する。,アナイアレーション・ヴォイド・バリアを確認するまで決め技を急がない。ネメシス・フォーム・貪欲な渦の後だけ前に出る。,ラマットラ単体ではなく、敵構成の起点役か支援役かを判断する。支援役なら回復先、起点役なら侵入後の硬直を狙う。,ラマットラの次のネメシス・フォーム・貪欲な渦を予測して先に立ち位置を変える。アルティメットは撃破狙いだけでなく、敵の救助スキル使用後の再配置を崩す目的で使う。,高耐久の前線スキルを削って後衛へ切り替えるタンク,ラマットラだけを倒す設計にせず、回復線・防御スキル・後衛の露出を同時に見る。,ラマットラが前へ出た瞬間は削り、防御・救助・移動スキルを使った直後に後ろのサポートか横のダメージへトライ・ショットとフォーカス・ビームを移す。,正面で長く撃ち続けず、フライトで射線を変えて敵の回復と防御を分散させる。,試合後に「ラマットラの何を見てから撃ったか」「外した時にどこへ戻ったか」を1回だけ確認する。,エコー対ラマットラは、高耐久の前線スキルを削って後衛へ切り替えるタンクとして読む。最初に見る情報、撃つ瞬間、失敗時の戻り先を分けると、数値評価以上に安定する。,ラマットラへの説明は「撃つ」「追う」だけで終わらせない。ダイブ確認、倒し切りを狙う条件、撤退先、次の狙いを必ず1文ずつ分け、エコーのトライ・ショットとフォーカス・ビームとフライトの使い道を混同しない。,資源削り,ラマットラを倒し切るより、防御スキルを吐かせて後衛へ切り替える準備を作る。,この試合で「ラマットラだけを倒す設計にせず、回復線・防御スキル・後衛の露出を同時に見る。」を守れたか。守れなかった場合、次は撃つ前に何を1つだけ見るか。,ラマットラが前へ出た瞬間は削り、防御・救助・移動スキルを使った直後に後ろのサポートか横のダメージへトライ・ショットとフォーカス・ビームを移す。 次に正面で長く撃ち続けず、フライトで射線を変えて敵の回復と防御を分散させる。できていれば成功。,ラマットラだけに射撃時間を使い、後衛や横のダメージを見られなくなる。,次の試合ではラマットラを削った後、防御・救助・移動スキルを使わせた時点で別の敵へ照準を移す。,ラマットラへ撃った時間と、後衛へ切り替えた瞬間を確認する。,次の試合ではラマットラを倒すことより、確認、攻撃、退避の順番を崩さない。
Roadhog,7.4,やや有利,ロードホッグ相手は大きい体へスティッキー・ボムを当てやすいが、前線だけで終わらせない。体力半分以下を作ったら支援役へ圧を切り替える。,トライ・ショットは長く撃ち続けず、スティッキー・ボムの貼り付け確認を優先する。チェイン・フック・テイク・ア・ブリーザーが残る間はビームで身をさらさない。,コピーはロードホッグ本人だけでなく、敵構成で時間を作れるタンク・救助できるサポート候補も見る。チェイン・フック・テイク・ア・ブリーザーが残る敵へ正面から使わない。,チェイン・フック・ピッグペンの後か体力半分以下を確認した時だけフォーカス・ビームへ進む。,毎回、ロードホッグのチェイン・フック・ピッグペン、チェイン・フック・テイク・ア・ブリーザー、支援役との距離を確認する。,"[""体力半分以下の前線"", ""支援役"", ""ロードホッグ""]",ロードホッグを倒し切るより、まず遮蔽から離れない。スティッキー・ボム命中後だけフォーカス・ビームへ進み、フライトで長追いしないことを1回だけ意識する。,チェイン・フック・テイク・ア・ブリーザーを確認するまで決め技を急がない。チェイン・フック・ピッグペンの後だけ前に出る。,ロードホッグ単体ではなく、敵構成の起点役か支援役かを判断する。支援役なら回復先、起点役なら侵入後の硬直を狙う。,ロードホッグの次のチェイン・フック・ピッグペンを予測して先に立ち位置を変える。アルティメットは撃破狙いだけでなく、敵の救助スキル使用後の再配置を崩す目的で使う。,高耐久の前線スキルを削って後衛へ切り替えるタンク,ロードホッグだけを倒す設計にせず、回復線・防御スキル・後衛の露出を同時に見る。,ロードホッグが前へ出た瞬間は削り、防御・救助・移動スキルを使った直後に後ろのサポートか横のダメージへトライ・ショットとフォーカス・ビームを移す。,正面で長く撃ち続けず、フライトで射線を変えて敵の回復と防御を分散させる。,試合後に「ロードホッグの何を見てから撃ったか」「外した時にどこへ戻ったか」を1回だけ確認する。,エコー対ロードホッグは、高耐久の前線スキルを削って後衛へ切り替えるタンクとして読む。最初に見る情報、撃つ瞬間、失敗時の戻り先を分けると、数値評価以上に安定する。,ロードホッグへの説明は「撃つ」「追う」だけで終わらせない。ダイブ確認、倒し切りを狙う条件、撤退先、次の狙いを必ず1文ずつ分け、エコーのトライ・ショットとフォーカス・ビームとフライトの使い道を混同しない。,資源削り,ロードホッグを倒し切るより、防御スキルを吐かせて後衛へ切り替える準備を作る。,この試合で「ロードホッグだけを倒す設計にせず、回復線・防御スキル・後衛の露出を同時に見る。」を守れたか。守れなかった場合、次は撃つ前に何を1つだけ見るか。,ロードホッグが前へ出た瞬間は削り、防御・救助・移動スキルを使った直後に後ろのサポートか横のダメージへトライ・ショットとフォーカス・ビームを移す。 次に正面で長く撃ち続けず、フライトで射線を変えて敵の回復と防御を分散させる。できていれば成功。,ロードホッグだけに射撃時間を使い、後衛や横のダメージを見られなくなる。,次の試合ではロードホッグを削った後、防御・救助・移動スキルを使わせた時点で別の敵へ照準を移す。,ロードホッグへ撃った時間と、後衛へ切り替えた瞬間を確認する。,次の試合ではロードホッグを倒すことより、確認、攻撃、退避の順番を崩さない。
Orisa,6.3,五分,オリーサ相手は大きい体へスティッキー・ボムを当てやすいが、前線だけで終わらせない。体力半分以下を作ったら支援役へ圧を切り替える。,トライ・ショットは長く撃ち続けず、スティッキー・ボムの貼り付け確認を優先する。エネルギー・ジャベリン・フォーティファイが残る間はビームで身をさらさない。,コピーはオリーサ本人だけでなく、敵構成で時間を作れるタンク・救助できるサポート候補も見る。エネルギー・ジャベリン・フォーティファイが残る敵へ正面から使わない。,エネルギー・ジャベリン・フォーティファイの後か体力半分以下を確認した時だけフォーカス・ビームへ進む。,毎回、オリーサのエネルギー・ジャベリン・フォーティファイ、エネルギー・ジャベリン・フォーティファイ、支援役との距離を確認する。,"[""体力半分以下の前線"", ""支援役"", ""オリーサ""]",オリーサを倒し切るより、まず遮蔽から離れない。スティッキー・ボム命中後だけフォーカス・ビームへ進み、フライトで長追いしないことを1回だけ意識する。,エネルギー・ジャベリン・フォーティファイを確認するまで決め技を急がない。エネルギー・ジャベリン・フォーティファイの後だけ前に出る。,オリーサ単体ではなく、敵構成の起点役か支援役かを判断する。支援役なら回復先、起点役なら侵入後の硬直を狙う。,オリーサの次のエネルギー・ジャベリン・フォーティファイを予測して先に立ち位置を変える。アルティメットは撃破狙いだけでなく、敵の救助スキル使用後の再配置を崩す目的で使う。,高耐久の前線スキルを削って後衛へ切り替えるタンク,オリーサだけを倒す設計にせず、回復線・防御スキル・後衛の露出を同時に見る。,オリーサが前へ出た瞬間は削り、防御・救助・移動スキルを使った直後に後ろのサポートか横のダメージへトライ・ショットとフォーカス・ビームを移す。,正面で長く撃ち続けず、フライトで射線を変えて敵の回復と防御を分散させる。,試合後に「オリーサの何を見てから撃ったか」「外した時にどこへ戻ったか」を1回だけ確認する。,エコー対オリーサは、高耐久の前線スキルを削って後衛へ切り替えるタンクとして読む。最初に見る情報、撃つ瞬間、失敗時の戻り先を分けると、数値評価以上に安定する。,オリーサへの説明は「撃つ」「追う」だけで終わらせない。ダイブ確認、倒し切りを狙う条件、撤退先、次の狙いを必ず1文ずつ分け、エコーのトライ・ショットとフォーカス・ビームとフライトの使い道を混同しない。,資源削り,オリーサを倒し切るより、防御スキルを吐かせて後衛へ切り替える準備を作る。,この試合で「オリーサだけを倒す設計にせず、回復線・防御スキル・後衛の露出を同時に見る。」を守れたか。守れなかった場合、次は撃つ前に何を1つだけ見るか。,オリーサが前へ出た瞬間は削り、防御・救助・移動スキルを使った直後に後ろのサポートか横のダメージへトライ・ショットとフォーカス・ビームを移す。 次に正面で長く撃ち続けず、フライトで射線を変えて敵の回復と防御を分散させる。できていれば成功。,オリーサだけに射撃時間を使い、後衛や横のダメージを見られなくなる。,次の試合ではオリーサを削った後、防御・救助・移動スキルを使わせた時点で別の敵へ照準を移す。,オリーサへ撃った時間と、後衛へ切り替えた瞬間を確認する。,次の試合ではオリーサを倒すことより、確認、攻撃、退避の順番を崩さない。
Sigma,5.6,五分,シグマ相手は空中で長く見合わない。壁・屋根・高台の縁からスティッキー・ボムを貼り、命中確認後だけフォーカス・ビームへ進む。,トライ・ショットは長く撃ち続けず、スティッキー・ボムの貼り付け確認を優先する。アクリーション・エクスペリメンタル・バリアが残る間はビームで身をさらさない。,コピーはシグマ本人だけでなく、敵構成で時間を作れるタンク・救助できるサポート候補も見る。アクリーション・エクスペリメンタル・バリアが残る敵へ正面から使わない。,アクリーション・エクスペリメンタル・バリアの後、またはシグマが別の味方を見ている時だけ追撃する。,毎回、シグマのアクリーション・エクスペリメンタル・バリア、アクリーション・エクスペリメンタル・バリア、支援役との距離を確認する。,"[""体力半分以下の前線"", ""支援役"", ""シグマ""]",シグマを倒し切るより、まず遮蔽から離れない。スティッキー・ボム命中後だけフォーカス・ビームへ進み、フライトで長追いしないことを1回だけ意識する。,アクリーション・エクスペリメンタル・バリアを確認するまで決め技を急がない。アクリーション・エクスペリメンタル・バリアの後だけ前に出る。,シグマ単体ではなく、敵構成の起点役か支援役かを判断する。支援役なら回復先、起点役なら侵入後の硬直を狙う。,シグマの次のアクリーション・エクスペリメンタル・バリアを予測して先に立ち位置を変える。アルティメットは撃破狙いだけでなく、敵の救助スキル使用後の再配置を崩す目的で使う。,高耐久の前線スキルを削って後衛へ切り替えるタンク,シグマだけを倒す設計にせず、回復線・防御スキル・後衛の露出を同時に見る。,シグマが前へ出た瞬間は削り、防御・救助・移動スキルを使った直後に後ろのサポートか横のダメージへトライ・ショットとフォーカス・ビームを移す。,正面で長く撃ち続けず、フライトで射線を変えて敵の回復と防御を分散させる。,試合後に「シグマの何を見てから撃ったか」「外した時にどこへ戻ったか」を1回だけ確認する。,エコー対シグマは、高耐久の前線スキルを削って後衛へ切り替えるタンクとして読む。最初に見る情報、撃つ瞬間、失敗時の戻り先を分けると、数値評価以上に安定する。,シグマへの説明は「撃つ」「追う」だけで終わらせない。ダイブ確認、倒し切りを狙う条件、撤退先、次の狙いを必ず1文ずつ分け、エコーのトライ・ショットとフォーカス・ビームとフライトの使い道を混同しない。,資源削り,シグマを倒し切るより、防御スキルを吐かせて後衛へ切り替える準備を作る。,この試合で「シグマだけを倒す設計にせず、回復線・防御スキル・後衛の露出を同時に見る。」を守れたか。守れなかった場合、次は撃つ前に何を1つだけ見るか。,シグマが前へ出た瞬間は削り、防御・救助・移動スキルを使った直後に後ろのサポートか横のダメージへトライ・ショットとフォーカス・ビームを移す。 次に正面で長く撃ち続けず、フライトで射線を変えて敵の回復と防御を分散させる。できていれば成功。,シグマだけに射撃時間を使い、後衛や横のダメージを見られなくなる。,次の試合ではシグマを削った後、防御・救助・移動スキルを使わせた時点で別の敵へ照準を移す。,シグマへ撃った時間と、後衛へ切り替えた瞬間を確認する。,次の試合ではシグマを倒すことより、確認、攻撃、退避の順番を崩さない。
Reinhardt,6.9,やや有利,ラインハルト相手は大きい体へスティッキー・ボムを当てやすいが、前線だけで終わらせない。体力半分以下を作ったら支援役へ圧を切り替える。,トライ・ショットは長く撃ち続けず、スティッキー・ボムの貼り付け確認を優先する。アースシャター・バリア・フィールドが残る間はビームで身をさらさない。,コピーはラインハルト本人だけでなく、敵構成で時間を作れるタンク・救助できるサポート候補も見る。アースシャター・バリア・フィールドが残る敵へ正面から使わない。,チャージ・バリア・フィールドの後か体力半分以下を確認した時だけフォーカス・ビームへ進む。,毎回、ラインハルトのチャージ・バリア・フィールド、アースシャター・バリア・フィールド、支援役との距離を確認する。,"[""体力半分以下の前線"", ""支援役"", ""ラインハルト""]",ラインハルトを倒し切るより、まず遮蔽から離れない。スティッキー・ボム命中後だけフォーカス・ビームへ進み、フライトで長追いしないことを1回だけ意識する。,アースシャター・バリア・フィールドを確認するまで決め技を急がない。チャージ・バリア・フィールドの後だけ前に出る。,ラインハルト単体ではなく、敵構成の起点役か支援役かを判断する。支援役なら回復先、起点役なら侵入後の硬直を狙う。,ラインハルトの次のチャージ・バリア・フィールドを予測して先に立ち位置を変える。アルティメットは撃破狙いだけでなく、敵の救助スキル使用後の再配置を崩す目的で使う。,高耐久の前線スキルを削って後衛へ切り替えるタンク,ラインハルトだけを倒す設計にせず、回復線・防御スキル・後衛の露出を同時に見る。,ラインハルトが前へ出た瞬間は削り、防御・救助・移動スキルを使った直後に後ろのサポートか横のダメージへトライ・ショットとフォーカス・ビームを移す。,正面で長く撃ち続けず、フライトで射線を変えて敵の回復と防御を分散させる。,試合後に「ラインハルトの何を見てから撃ったか」「外した時にどこへ戻ったか」を1回だけ確認する。,エコー対ラインハルトは、高耐久の前線スキルを削って後衛へ切り替えるタンクとして読む。最初に見る情報、撃つ瞬間、失敗時の戻り先を分けると、数値評価以上に安定する。,ラインハルトへの説明は「撃つ」「追う」だけで終わらせない。ダイブ確認、倒し切りを狙う条件、撤退先、次の狙いを必ず1文ずつ分け、エコーのトライ・ショットとフォーカス・ビームとフライトの使い道を混同しない。,資源削り,ラインハルトを倒し切るより、防御スキルを吐かせて後衛へ切り替える準備を作る。,この試合で「ラインハルトだけを倒す設計にせず、回復線・防御スキル・後衛の露出を同時に見る。」を守れたか。守れなかった場合、次は撃つ前に何を1つだけ見るか。,ラインハルトが前へ出た瞬間は削り、防御・救助・移動スキルを使った直後に後ろのサポートか横のダメージへトライ・ショットとフォーカス・ビームを移す。 次に正面で長く撃ち続けず、フライトで射線を変えて敵の回復と防御を分散させる。できていれば成功。,ラインハルトだけに射撃時間を使い、後衛や横のダメージを見られなくなる。,次の試合ではラインハルトを削った後、防御・救助・移動スキルを使わせた時点で別の敵へ照準を移す。,ラインハルトへ撃った時間と、後衛へ切り替えた瞬間を確認する。,次の試合ではラインハルトを倒すことより、確認、攻撃、退避の順番を崩さない。
Ashe,3.4,不利,アッシュ相手は空中で長く見合わない。壁・屋根・高台の縁からスティッキー・ボムを貼り、命中確認後だけフォーカス・ビームへ進む。,トライ・ショットは長く撃ち続けず、スティッキー・ボムの貼り付け確認を優先する。B.O.B・ダイナマイトが残る間はビームで身をさらさない。,コピーはアッシュ本人だけでなく、敵構成で時間を作れるタンク・救助できるサポート候補も見る。B.O.Bが残る敵へ正面から使わない。,コーチ・ガン・ダイナマイトの後、またはアッシュが別の味方を見ている時だけ追撃する。,毎回、アッシュのコーチ・ガン・ダイナマイト、B.O.B・ダイナマイト、支援役との距離を確認する。,"[""アッシュ"", ""体力半分以下の敵"", ""孤立したサポート""]",アッシュを倒し切るより、まず遮蔽から離れない。スティッキー・ボム命中後だけフォーカス・ビームへ進み、フライトで長追いしないことを1回だけ意識する。,B.O.B・ダイナマイトを確認するまで決め技を急がない。コーチ・ガン・ダイナマイトの後だけ前に出る。,アッシュ単体ではなく、敵構成の起点役か支援役かを判断する。支援役なら回復先、起点役なら侵入後の硬直を狙う。,アッシュの次のコーチ・ガン・ダイナマイトを予測して先に立ち位置を変える。アルティメットは撃破狙いだけでなく、敵の救助スキル使用後の再配置を崩す目的で使う。,長射線で先に体力差を作る敵,アッシュの正面射線へ体を置かず、味方が視線を引いた一拍だけ別射線を使う。,アッシュが照準を別方向へ向けた瞬間、または遮蔽移動中にトライ・ショットとフォーカス・ビームを差し込む。,一度撃った位置は読まれるため、フライトで次の遮蔽へ移り、同じ場所から再ピークしない。,試合後に「アッシュの何を見てから撃ったか」「外した時にどこへ戻ったか」を1回だけ確認する。,エコー対アッシュは、長射線で先に体力差を作る敵として読む。最初に見る情報、撃つ瞬間、失敗時の戻り先を分けると、数値評価以上に安定する。,アッシュへの説明は「撃つ」「追う」だけで終わらせない。ダイブ確認、倒し切りを狙う条件、撤退先、次の狙いを必ず1文ずつ分け、エコーのトライ・ショットとフォーカス・ビームとフライトの使い道を混同しない。,射線管理,アッシュの正面射線を避け、短い別射線で一度だけ体力差を作る。,この試合で「アッシュの正面射線へ体を置かず、味方が視線を引いた一拍だけ別射線を使う。」を守れたか。守れなかった場合、次は撃つ前に何を1つだけ見るか。,アッシュが照準を別方向へ向けた瞬間、または遮蔽移動中にトライ・ショットとフォーカス・ビームを差し込む。 次に一度撃った位置は読まれるため、フライトで次の遮蔽へ移り、同じ場所から再ピークしない。できていれば成功。,同じ場所から再ピークして、アッシュに照準を置かれたまま勝負する。,次の試合では1回撃ったらフライトで射線を変え、同じ位置を使わない。,アッシュに見られていた時間、再ピークした場所、射線変更できたかを確認する。,次の試合ではアッシュを倒すことより、確認、攻撃、退避の順番を崩さない。
Widowmaker,3.0,不利,ウィドウメイカー相手は空中で長く見合わない。壁・屋根・高台の縁からスティッキー・ボムを貼り、命中確認後だけフォーカス・ビームへ進む。,トライ・ショットは長く撃ち続けず、スティッキー・ボムの貼り付け確認を優先する。ウィドウズ・キス・ヴェノム・マインが残る間はビームで身をさらさない。,コピーはウィドウメイカー本人だけでなく、敵構成で時間を作れるタンク・救助できるサポート候補も見る。ウィドウズ・キスが残る敵へ正面から使わない。,グラップリング・フック・ヴェノム・マインの後、またはウィドウメイカーが別の味方を見ている時だけ追撃する。,毎回、ウィドウメイカーのグラップリング・フック・ヴェノム・マイン、ウィドウズ・キス・ヴェノム・マイン、支援役との距離を確認する。,"[""ウィドウメイカー"", ""体力半分以下の敵"", ""孤立したサポート""]",ウィドウメイカーを倒し切るより、まず遮蔽から離れない。スティッキー・ボム命中後だけフォーカス・ビームへ進み、フライトで長追いしないことを1回だけ意識する。,ウィドウズ・キス・ヴェノム・マインを確認するまで決め技を急がない。グラップリング・フック・ヴェノム・マインの後だけ前に出る。,ウィドウメイカー単体ではなく、敵構成の起点役か支援役かを判断する。支援役なら回復先、起点役なら侵入後の硬直を狙う。,ウィドウメイカーの次のグラップリング・フック・ヴェノム・マインを予測して先に立ち位置を変える。アルティメットは撃破狙いだけでなく、敵の救助スキル使用後の再配置を崩す目的で使う。,長射線で先に体力差を作る敵,ウィドウメイカーの正面射線へ体を置かず、味方が視線を引いた一拍だけ別射線を使う。,ウィドウメイカーが照準を別方向へ向けた瞬間、または遮蔽移動中にトライ・ショットとフォーカス・ビームを差し込む。,一度撃った位置は読まれるため、フライトで次の遮蔽へ移り、同じ場所から再ピークしない。,試合後に「ウィドウメイカーの何を見てから撃ったか」「外した時にどこへ戻ったか」を1回だけ確認する。,エコー対ウィドウメイカーは、長射線で先に体力差を作る敵として読む。最初に見る情報、撃つ瞬間、失敗時の戻り先を分けると、数値評価以上に安定する。,ウィドウメイカーへの説明は「撃つ」「追う」だけで終わらせない。ダイブ確認、倒し切りを狙う条件、撤退先、次の狙いを必ず1文ずつ分け、エコーのトライ・ショットとフォーカス・ビームとフライトの使い道を混同しない。,射線管理,ウィドウメイカーの正面射線を避け、短い別射線で一度だけ体力差を作る。,この試合で「ウィドウメイカーの正面射線へ体を置かず、味方が視線を引いた一拍だけ別射線を使う。」を守れたか。守れなかった場合、次は撃つ前に何を1つだけ見るか。,ウィドウメイカーが照準を別方向へ向けた瞬間、または遮蔽移動中にトライ・ショットとフォーカス・ビームを差し込む。 次に一度撃った位置は読まれるため、フライトで次の遮蔽へ移り、同じ場所から再ピークしない。できていれば成功。,同じ場所から再ピークして、ウィドウメイカーに照準を置かれたまま勝負する。,次の試合では1回撃ったらフライトで射線を変え、同じ位置を使わない。,ウィドウメイカーに見られていた時間、再ピークした場所、射線変更できたかを確認する。,次の試合ではウィドウメイカーを倒すことより、確認、攻撃、退避の順番を崩さない。
Emre,4.1,やや不利,エムレ相手は空中で長く見合わない。壁・屋根・高台の縁からスティッキー・ボムを貼り、命中確認後だけフォーカス・ビームへ進む。,トライ・ショットは長く撃ち続けず、スティッキー・ボムの貼り付け確認を優先する。シンセティック・バースト・ライフル・オーバーライド・プロトコルが残る間はビームで身をさらさない。,コピーはエムレ本人だけでなく、敵構成で時間を作れるタンク・救助できるサポート候補も見る。シンセティック・バースト・ライフル・オーバーライド・プロトコルが残る敵へ正面から使わない。,オルタード・バイタル・サイバー・フラグの後、またはエムレが別の味方を見ている時だけ追撃する。,毎回、エムレのオルタード・バイタル・サイバー・フラグ、シンセティック・バースト・ライフル・オーバーライド・プロトコル、支援役との距離を確認する。,"[""エムレ"", ""体力半分以下の敵"", ""孤立したサポート""]",エムレを倒し切るより、まず遮蔽から離れない。スティッキー・ボム命中後だけフォーカス・ビームへ進み、フライトで長追いしないことを1回だけ意識する。,シンセティック・バースト・ライフル・オーバーライド・プロトコルを確認するまで決め技を急がない。オルタード・バイタル・サイバー・フラグの後だけ前に出る。,エムレ単体ではなく、敵構成の起点役か支援役かを判断する。支援役なら回復先、起点役なら侵入後の硬直を狙う。,エムレの次のオルタード・バイタル・サイバー・フラグを予測して先に立ち位置を変える。アルティメットは撃破狙いだけでなく、敵の救助スキル使用後の再配置を崩す目的で使う。,長射線で先に体力差を作る敵,エムレの正面射線へ体を置かず、味方が視線を引いた一拍だけ別射線を使う。,エムレが照準を別方向へ向けた瞬間、または遮蔽移動中にトライ・ショットとフォーカス・ビームを差し込む。,一度撃った位置は読まれるため、フライトで次の遮蔽へ移り、同じ場所から再ピークしない。,試合後に「エムレの何を見てから撃ったか」「外した時にどこへ戻ったか」を1回だけ確認する。,エコー対エムレは、長射線で先に体力差を作る敵として読む。最初に見る情報、撃つ瞬間、失敗時の戻り先を分けると、数値評価以上に安定する。,エムレへの説明は「撃つ」「追う」だけで終わらせない。ダイブ確認、倒し切りを狙う条件、撤退先、次の狙いを必ず1文ずつ分け、エコーのトライ・ショットとフォーカス・ビームとフライトの使い道を混同しない。,射線管理,エムレの正面射線を避け、短い別射線で一度だけ体力差を作る。,この試合で「エムレの正面射線へ体を置かず、味方が視線を引いた一拍だけ別射線を使う。」を守れたか。守れなかった場合、次は撃つ前に何を1つだけ見るか。,エムレが照準を別方向へ向けた瞬間、または遮蔽移動中にトライ・ショットとフォーカス・ビームを差し込む。 次に一度撃った位置は読まれるため、フライトで次の遮蔽へ移り、同じ場所から再ピークしない。できていれば成功。,同じ場所から再ピークして、エムレに照準を置かれたまま勝負する。,次の試合では1回撃ったらフライトで射線を変え、同じ位置を使わない。,エムレに見られていた時間、再ピークした場所、射線変更できたかを確認する。,次の試合ではエムレを倒すことより、確認、攻撃、退避の順番を崩さない。
Cassidy,3.8,やや不利,キャスディ相手は空中で長く見合わない。壁・屋根・高台の縁からスティッキー・ボムを貼り、命中確認後だけフォーカス・ビームへ進む。,トライ・ショットは長く撃ち続けず、スティッキー・ボムの貼り付け確認を優先する。デッド・アイ・フラッシュバンが残る間はビームで身をさらさない。,コピーはキャスディ本人だけでなく、敵構成で時間を作れるタンク・救助できるサポート候補も見る。デッド・アイが残る敵へ正面から使わない。,コンバット・ロール・フラッシュバンの後、またはキャスディが別の味方を見ている時だけ追撃する。,毎回、キャスディのコンバット・ロール・フラッシュバン、デッド・アイ・フラッシュバン、支援役との距離を確認する。,"[""キャスディ"", ""体力半分以下の敵"", ""孤立したサポート""]",キャスディを倒し切るより、まず遮蔽から離れない。スティッキー・ボム命中後だけフォーカス・ビームへ進み、フライトで長追いしないことを1回だけ意識する。,デッド・アイ・フラッシュバンを確認するまで決め技を急がない。コンバット・ロール・フラッシュバンの後だけ前に出る。,キャスディ単体ではなく、敵構成の起点役か支援役かを判断する。支援役なら回復先、起点役なら侵入後の硬直を狙う。,キャスディの次のコンバット・ロール・フラッシュバンを予測して先に立ち位置を変える。アルティメットは撃破狙いだけでなく、敵の救助スキル使用後の再配置を崩す目的で使う。,長射線で先に体力差を作る敵,キャスディの正面射線へ体を置かず、味方が視線を引いた一拍だけ別射線を使う。,キャスディが照準を別方向へ向けた瞬間、または遮蔽移動中にトライ・ショットとフォーカス・ビームを差し込む。,一度撃った位置は読まれるため、フライトで次の遮蔽へ移り、同じ場所から再ピークしない。,試合後に「キャスディの何を見てから撃ったか」「外した時にどこへ戻ったか」を1回だけ確認する。,エコー対キャスディは、長射線で先に体力差を作る敵として読む。最初に見る情報、撃つ瞬間、失敗時の戻り先を分けると、数値評価以上に安定する。,キャスディへの説明は「撃つ」「追う」だけで終わらせない。ダイブ確認、倒し切りを狙う条件、撤退先、次の狙いを必ず1文ずつ分け、エコーのトライ・ショットとフォーカス・ビームとフライトの使い道を混同しない。,射線管理,キャスディの正面射線を避け、短い別射線で一度だけ体力差を作る。,この試合で「キャスディの正面射線へ体を置かず、味方が視線を引いた一拍だけ別射線を使う。」を守れたか。守れなかった場合、次は撃つ前に何を1つだけ見るか。,キャスディが照準を別方向へ向けた瞬間、または遮蔽移動中にトライ・ショットとフォーカス・ビームを差し込む。 次に一度撃った位置は読まれるため、フライトで次の遮蔽へ移り、同じ場所から再ピークしない。できていれば成功。,同じ場所から再ピークして、キャスディに照準を置かれたまま勝負する。,次の試合では1回撃ったらフライトで射線を変え、同じ位置を使わない。,キャスディに見られていた時間、再ピークした場所、射線変更できたかを確認する。,次の試合ではキャスディを倒すことより、確認、攻撃、退避の順番を崩さない。
Sojourn,3.6,やや不利,ソジョーン相手は空中で長く見合わない。壁・屋根・高台の縁からスティッキー・ボムを貼り、命中確認後だけフォーカス・ビームへ進む。,トライ・ショットは長く撃ち続けず、スティッキー・ボムの貼り付け確認を優先する。レールガン・オーバークロックが残る間はビームで身をさらさない。,コピーはソジョーン本人だけでなく、敵構成で時間を作れるタンク・救助できるサポート候補も見る。レールガン・オーバークロックが残る敵へ正面から使わない。,パワー・スライド・ディスラプター・ショットの後、またはソジョーンが別の味方を見ている時だけ追撃する。,毎回、ソジョーンのパワー・スライド・ディスラプター・ショット、レールガン・オーバークロック、支援役との距離を確認する。,"[""ソジョーン"", ""体力半分以下の敵"", ""孤立したサポート""]",ソジョーンを倒し切るより、まず遮蔽から離れない。スティッキー・ボム命中後だけフォーカス・ビームへ進み、フライトで長追いしないことを1回だけ意識する。,レールガン・オーバークロックを確認するまで決め技を急がない。パワー・スライド・ディスラプター・ショットの後だけ前に出る。,ソジョーン単体ではなく、敵構成の起点役か支援役かを判断する。支援役なら回復先、起点役なら侵入後の硬直を狙う。,ソジョーンの次のパワー・スライド・ディスラプター・ショットを予測して先に立ち位置を変える。アルティメットは撃破狙いだけでなく、敵の救助スキル使用後の再配置を崩す目的で使う。,長射線で先に体力差を作る敵,ソジョーンの正面射線へ体を置かず、味方が視線を引いた一拍だけ別射線を使う。,ソジョーンが照準を別方向へ向けた瞬間、または遮蔽移動中にトライ・ショットとフォーカス・ビームを差し込む。,一度撃った位置は読まれるため、フライトで次の遮蔽へ移り、同じ場所から再ピークしない。,試合後に「ソジョーンの何を見てから撃ったか」「外した時にどこへ戻ったか」を1回だけ確認する。,エコー対ソジョーンは、長射線で先に体力差を作る敵として読む。最初に見る情報、撃つ瞬間、失敗時の戻り先を分けると、数値評価以上に安定する。,ソジョーンへの説明は「撃つ」「追う」だけで終わらせない。ダイブ確認、倒し切りを狙う条件、撤退先、次の狙いを必ず1文ずつ分け、エコーのトライ・ショットとフォーカス・ビームとフライトの使い道を混同しない。,射線管理,ソジョーンの正面射線を避け、短い別射線で一度だけ体力差を作る。,この試合で「ソジョーンの正面射線へ体を置かず、味方が視線を引いた一拍だけ別射線を使う。」を守れたか。守れなかった場合、次は撃つ前に何を1つだけ見るか。,ソジョーンが照準を別方向へ向けた瞬間、または遮蔽移動中にトライ・ショットとフォーカス・ビームを差し込む。 次に一度撃った位置は読まれるため、フライトで次の遮蔽へ移り、同じ場所から再ピークしない。できていれば成功。,同じ場所から再ピークして、ソジョーンに照準を置かれたまま勝負する。,次の試合では1回撃ったらフライトで射線を変え、同じ位置を使わない。,ソジョーンに見られていた時間、再ピークした場所、射線変更できたかを確認する。,次の試合ではソジョーンを倒すことより、確認、攻撃、退避の順番を崩さない。
Soldier: 76,4.0,やや不利,ソルジャー76相手は空中で長く見合わない。壁・屋根・高台の縁からスティッキー・ボムを貼り、命中確認後だけフォーカス・ビームへ進む。,トライ・ショットは長く撃ち続けず、スティッキー・ボムの貼り付け確認を優先する。タクティカル・バイザー・バイオティック・フィールドが残る間はビームで身をさらさない。,コピーはソルジャー76本人だけでなく、敵構成で時間を作れるタンク・救助できるサポート候補も見る。タクティカル・バイザー・バイオティック・フィールドが残る敵へ正面から使わない。,スプリント・ヘリックス・ロケットの後、またはソルジャー76が別の味方を見ている時だけ追撃する。,毎回、ソルジャー76のスプリント・ヘリックス・ロケット、タクティカル・バイザー・バイオティック・フィールド、支援役との距離を確認する。,"[""ソルジャー76"", ""体力半分以下の敵"", ""孤立したサポート""]",ソルジャー76を倒し切るより、まず遮蔽から離れない。スティッキー・ボム命中後だけフォーカス・ビームへ進み、フライトで長追いしないことを1回だけ意識する。,タクティカル・バイザー・バイオティック・フィールドを確認するまで決め技を急がない。スプリント・ヘリックス・ロケットの後だけ前に出る。,ソルジャー76単体ではなく、敵構成の起点役か支援役かを判断する。支援役なら回復先、起点役なら侵入後の硬直を狙う。,ソルジャー76の次のスプリント・ヘリックス・ロケットを予測して先に立ち位置を変える。アルティメットは撃破狙いだけでなく、敵の救助スキル使用後の再配置を崩す目的で使う。,長射線で先に体力差を作る敵,ソルジャー76の正面射線へ体を置かず、味方が視線を引いた一拍だけ別射線を使う。,ソルジャー76が照準を別方向へ向けた瞬間、または遮蔽移動中にトライ・ショットとフォーカス・ビームを差し込む。,一度撃った位置は読まれるため、フライトで次の遮蔽へ移り、同じ場所から再ピークしない。,試合後に「ソルジャー76の何を見てから撃ったか」「外した時にどこへ戻ったか」を1回だけ確認する。,エコー対ソルジャー76は、長射線で先に体力差を作る敵として読む。最初に見る情報、撃つ瞬間、失敗時の戻り先を分けると、数値評価以上に安定する。,ソルジャー76への説明は「撃つ」「追う」だけで終わらせない。ダイブ確認、倒し切りを狙う条件、撤退先、次の狙いを必ず1文ずつ分け、エコーのトライ・ショットとフォーカス・ビームとフライトの使い道を混同しない。,射線管理,ソルジャー76の正面射線を避け、短い別射線で一度だけ体力差を作る。,この試合で「ソルジャー76の正面射線へ体を置かず、味方が視線を引いた一拍だけ別射線を使う。」を守れたか。守れなかった場合、次は撃つ前に何を1つだけ見るか。,ソルジャー76が照準を別方向へ向けた瞬間、または遮蔽移動中にトライ・ショットとフォーカス・ビームを差し込む。 次に一度撃った位置は読まれるため、フライトで次の遮蔽へ移り、同じ場所から再ピークしない。できていれば成功。,同じ場所から再ピークして、ソルジャー76に照準を置かれたまま勝負する。,次の試合では1回撃ったらフライトで射線を変え、同じ位置を使わない。,ソルジャー76に見られていた時間、再ピークした場所、射線変更できたかを確認する。,次の試合ではソルジャー76を倒すことより、確認、攻撃、退避の順番を崩さない。
Hanzo,3.9,やや不利,ハンゾー相手は空中で長く見合わない。壁・屋根・高台の縁からスティッキー・ボムを貼り、命中確認後だけフォーカス・ビームへ進む。,トライ・ショットは長く撃ち続けず、スティッキー・ボムの貼り付け確認を優先する。龍撃波・電光石火が残る間はビームで身をさらさない。,コピーはハンゾー本人だけでなく、敵構成で時間を作れるタンク・救助できるサポート候補も見る。龍撃波が残る敵へ正面から使わない。,体術・壁登りの後、またはハンゾーが別の味方を見ている時だけ追撃する。,毎回、ハンゾーの体術・壁登り、龍撃波・電光石火、支援役との距離を確認する。,"[""ハンゾー"", ""体力半分以下の敵"", ""孤立したサポート""]",ハンゾーを倒し切るより、まず遮蔽から離れない。スティッキー・ボム命中後だけフォーカス・ビームへ進み、フライトで長追いしないことを1回だけ意識する。,龍撃波・電光石火を確認するまで決め技を急がない。体術・壁登りの後だけ前に出る。,ハンゾー単体ではなく、敵構成の起点役か支援役かを判断する。支援役なら回復先、起点役なら侵入後の硬直を狙う。,ハンゾーの次の体術・壁登りを予測して先に立ち位置を変える。アルティメットは撃破狙いだけでなく、敵の救助スキル使用後の再配置を崩す目的で使う。,長射線で先に体力差を作る敵,ハンゾーの正面射線へ体を置かず、味方が視線を引いた一拍だけ別射線を使う。,ハンゾーが照準を別方向へ向けた瞬間、または遮蔽移動中にトライ・ショットとフォーカス・ビームを差し込む。,一度撃った位置は読まれるため、フライトで次の遮蔽へ移り、同じ場所から再ピークしない。,試合後に「ハンゾーの何を見てから撃ったか」「外した時にどこへ戻ったか」を1回だけ確認する。,エコー対ハンゾーは、長射線で先に体力差を作る敵として読む。最初に見る情報、撃つ瞬間、失敗時の戻り先を分けると、数値評価以上に安定する。,ハンゾーへの説明は「撃つ」「追う」だけで終わらせない。ダイブ確認、倒し切りを狙う条件、撤退先、次の狙いを必ず1文ずつ分け、エコーのトライ・ショットとフォーカス・ビームとフライトの使い道を混同しない。,射線管理,ハンゾーの正面射線を避け、短い別射線で一度だけ体力差を作る。,この試合で「ハンゾーの正面射線へ体を置かず、味方が視線を引いた一拍だけ別射線を使う。」を守れたか。守れなかった場合、次は撃つ前に何を1つだけ見るか。,ハンゾーが照準を別方向へ向けた瞬間、または遮蔽移動中にトライ・ショットとフォーカス・ビームを差し込む。 次に一度撃った位置は読まれるため、フライトで次の遮蔽へ移り、同じ場所から再ピークしない。できていれば成功。,同じ場所から再ピークして、ハンゾーに照準を置かれたまま勝負する。,次の試合では1回撃ったらフライトで射線を変え、同じ位置を使わない。,ハンゾーに見られていた時間、再ピークした場所、射線変更できたかを確認する。,次の試合ではハンゾーを倒すことより、確認、攻撃、退避の順番を崩さない。
Freja,4.0,やや不利,フレイヤ相手は空中で長く見合わない。壁・屋根・高台の縁からスティッキー・ボムを貼り、命中確認後だけフォーカス・ビームへ進む。,トライ・ショットは長く撃ち続けず、スティッキー・ボムの貼り付け確認を優先する。ボーラ・ショットが残る間はビームで身をさらさない。,コピーはフレイヤ本人だけでなく、敵構成で時間を作れるタンク・救助できるサポート候補も見る。ボーラ・ショットが残る敵へ正面から使わない。,クイック・ダッシュ・アップドラフトの後、またはフレイヤが別の味方を見ている時だけ追撃する。,毎回、フレイヤのクイック・ダッシュ・アップドラフト、ボーラ・ショット、支援役との距離を確認する。,"[""フレイヤ"", ""体力半分以下の敵"", ""孤立したサポート""]",フレイヤを倒し切るより、まず遮蔽から離れない。スティッキー・ボム命中後だけフォーカス・ビームへ進み、フライトで長追いしないことを1回だけ意識する。,ボーラ・ショットを確認するまで決め技を急がない。クイック・ダッシュ・アップドラフトの後だけ前に出る。,フレイヤ単体ではなく、敵構成の起点役か支援役かを判断する。支援役なら回復先、起点役なら侵入後の硬直を狙う。,フレイヤの次のクイック・ダッシュ・アップドラフトを予測して先に立ち位置を変える。アルティメットは撃破狙いだけでなく、敵の救助スキル使用後の再配置を崩す目的で使う。,長射線で先に体力差を作る敵,フレイヤの正面射線へ体を置かず、味方が視線を引いた一拍だけ別射線を使う。,フレイヤが照準を別方向へ向けた瞬間、または遮蔽移動中にトライ・ショットとフォーカス・ビームを差し込む。,一度撃った位置は読まれるため、フライトで次の遮蔽へ移り、同じ場所から再ピークしない。,試合後に「フレイヤの何を見てから撃ったか」「外した時にどこへ戻ったか」を1回だけ確認する。,エコー対フレイヤは、長射線で先に体力差を作る敵として読む。最初に見る情報、撃つ瞬間、失敗時の戻り先を分けると、数値評価以上に安定する。,フレイヤへの説明は「撃つ」「追う」だけで終わらせない。ダイブ確認、倒し切りを狙う条件、撤退先、次の狙いを必ず1文ずつ分け、エコーのトライ・ショットとフォーカス・ビームとフライトの使い道を混同しない。,射線管理,フレイヤの正面射線を避け、短い別射線で一度だけ体力差を作る。,この試合で「フレイヤの正面射線へ体を置かず、味方が視線を引いた一拍だけ別射線を使う。」を守れたか。守れなかった場合、次は撃つ前に何を1つだけ見るか。,フレイヤが照準を別方向へ向けた瞬間、または遮蔽移動中にトライ・ショットとフォーカス・ビームを差し込む。 次に一度撃った位置は読まれるため、フライトで次の遮蔽へ移り、同じ場所から再ピークしない。できていれば成功。,同じ場所から再ピークして、フレイヤに照準を置かれたまま勝負する。,次の試合では1回撃ったらフライトで射線を変え、同じ位置を使わない。,フレイヤに見られていた時間、再ピークした場所、射線変更できたかを確認する。,次の試合ではフレイヤを倒すことより、確認、攻撃、退避の順番を崩さない。
Anran,4.3,やや不利,アンラン相手は味方後衛への侵入を上から見て、入った瞬間にスティッキー・ボムを貼る。逃げる敵をフライトで追いすぎない。,トライ・ショットは長く撃ち続けず、スティッキー・ボムの貼り付け確認を優先する。焚身焔・怒炎衝が残る間はビームで身をさらさない。,コピーはアンラン本人だけでなく、敵構成で時間を作れるタンク・救助できるサポート候補も見る。焚身焔が残る敵へ正面から使わない。,熠閃舞・朱魂返の後、移動先が直線になった時だけビームで仕上げる。,毎回、アンランの熠閃舞・朱魂返、焚身焔・怒炎衝、支援役との距離を確認する。,"[""アンラン"", ""体力半分以下の敵"", ""孤立したサポート""]",アンランを倒し切るより、まず遮蔽から離れない。スティッキー・ボム命中後だけフォーカス・ビームへ進み、フライトで長追いしないことを1回だけ意識する。,焚身焔・怒炎衝を確認するまで決め技を急がない。熠閃舞・朱魂返の後だけ前に出る。,アンラン単体ではなく、敵構成の起点役か支援役かを判断する。支援役なら回復先、起点役なら侵入後の硬直を狙う。,アンランの次の熠閃舞・朱魂返を予測して先に立ち位置を変える。アルティメットは撃破狙いだけでなく、敵の救助スキル使用後の再配置を崩す目的で使う。,ダイブ経路・帰り道・再突入を分けるフランカー,アンランの初回接近だけを見ず、帰り道・再突入のダイブ経路・味方サポートへの距離を先に置き照準で管理する。,アンランが移動スキルを切った直後にトライ・ショットとフォーカス・ビームを硬直に合わせ、倒し切れない時は追わない。,追撃で味方から離れず、フライトで元の遮蔽へ戻る。倒し切れない時は次の再突入を待ち、同じ通路を追わない。,試合後に「アンランの何を見てから撃ったか」「外した時にどこへ戻ったか」を1回だけ確認する。,エコー対アンランは、ダイブ経路・帰り道・再突入を分けるフランカーとして読む。最初に見る情報、撃つ瞬間、失敗時の戻り先を分けると、数値評価以上に安定する。,アンランへの説明は「撃つ」「追う」だけで終わらせない。ダイブ確認、倒し切りを狙う条件、撤退先、次の狙いを必ず1文ずつ分け、エコーのトライ・ショットとフォーカス・ビームとフライトの使い道を混同しない。,再突入確認,アンランの初回接近ではなく、帰り道と再突入のダイブ経路を見て2回目を止める。,この試合で「アンランの初回接近だけを見ず、帰り道・再突入のダイブ経路・味方サポートへの距離を先に置き照準で管理する。」を守れたか。守れなかった場合、次は撃つ前に何を1つだけ見るか。,アンランが移動スキルを切った直後にトライ・ショットとフォーカス・ビームを硬直に合わせ、倒し切れない時は追わない。 次に追撃で味方から離れず、フライトで元の遮蔽へ戻る。倒し切れない時は次の再突入を待ち、同じ通路を追わない。できていれば成功。,アンランを深追いして味方から離れ、次の接近を味方サポートに通してしまう。,次の試合では初回接近を移動スキル使用直後の硬直を狙い、逃げ道へフォーカス・ビームを残す。,アンランを追った距離、味方サポートとの距離、再突入時に照準が置けていたかを確認する。,次の試合ではアンランを倒すことより、確認、攻撃、退避の順番を崩さない。
Genji,4.1,やや不利,ゲンジ相手は味方後衛への侵入を上から見て、入った瞬間にスティッキー・ボムを貼る。逃げる敵をフライトで追いすぎない。,トライ・ショットは長く撃ち続けず、スティッキー・ボムの貼り付け確認を優先する。龍撃剣・木の葉返しが残る間はビームで身をさらさない。,コピーはゲンジ本人だけでなく、敵構成で時間を作れるタンク・救助できるサポート候補も見る。龍撃剣・木の葉返しが残る敵へ正面から使わない。,風斬り・サイバー体術の後、移動先が直線になった時だけビームで仕上げる。,毎回、ゲンジの風斬り・サイバー体術、龍撃剣・木の葉返し、支援役との距離を確認する。,"[""ゲンジ"", ""体力半分以下の敵"", ""孤立したサポート""]",ゲンジを倒し切るより、まず遮蔽から離れない。スティッキー・ボム命中後だけフォーカス・ビームへ進み、フライトで長追いしないことを1回だけ意識する。,龍撃剣・木の葉返しを確認するまで決め技を急がない。風斬り・サイバー体術の後だけ前に出る。,ゲンジ単体ではなく、敵構成の起点役か支援役かを判断する。支援役なら回復先、起点役なら侵入後の硬直を狙う。,ゲンジの次の風斬り・サイバー体術を予測して先に立ち位置を変える。アルティメットは撃破狙いだけでなく、敵の救助スキル使用後の再配置を崩す目的で使う。,ダイブ経路・帰り道・再突入を分けるフランカー,ゲンジの初回接近だけを見ず、帰り道・再突入のダイブ経路・味方サポートへの距離を先に置き照準で管理する。,ゲンジが移動スキルを切った直後にトライ・ショットとフォーカス・ビームを硬直に合わせ、倒し切れない時は追わない。,追撃で味方から離れず、フライトで元の遮蔽へ戻る。倒し切れない時は次の再突入を待ち、同じ通路を追わない。,試合後に「ゲンジの何を見てから撃ったか」「外した時にどこへ戻ったか」を1回だけ確認する。,エコー対ゲンジは、ダイブ経路・帰り道・再突入を分けるフランカーとして読む。最初に見る情報、撃つ瞬間、失敗時の戻り先を分けると、数値評価以上に安定する。,ゲンジへの説明は「撃つ」「追う」だけで終わらせない。ダイブ確認、倒し切りを狙う条件、撤退先、次の狙いを必ず1文ずつ分け、エコーのトライ・ショットとフォーカス・ビームとフライトの使い道を混同しない。,再突入確認,ゲンジの初回接近ではなく、帰り道と再突入のダイブ経路を見て2回目を止める。,この試合で「ゲンジの初回接近だけを見ず、帰り道・再突入のダイブ経路・味方サポートへの距離を先に置き照準で管理する。」を守れたか。守れなかった場合、次は撃つ前に何を1つだけ見るか。,ゲンジが移動スキルを切った直後にトライ・ショットとフォーカス・ビームを硬直に合わせ、倒し切れない時は追わない。 次に追撃で味方から離れず、フライトで元の遮蔽へ戻る。倒し切れない時は次の再突入を待ち、同じ通路を追わない。できていれば成功。,ゲンジを深追いして味方から離れ、次の接近を味方サポートに通してしまう。,次の試合では初回接近を移動スキル使用直後の硬直を狙い、逃げ道へフォーカス・ビームを残す。,ゲンジを追った距離、味方サポートとの距離、再突入時に照準が置けていたかを確認する。,次の試合ではゲンジを倒すことより、確認、攻撃、退避の順番を崩さない。
Shion,4.0,やや不利,シオン相手は味方後衛への侵入を上から見て、入った瞬間にスティッキー・ボムを貼る。逃げる敵をフライトで追いすぎない。,トライ・ショットは長く撃ち続けず、スティッキー・ボムの貼り付け確認を優先する。罰・殺戮が残る間はビームで身をさらさない。,コピーはシオン本人だけでなく、敵構成で時間を作れるタンク・救助できるサポート候補も見る。罰・殺戮が残る敵へ正面から使わない。,回避・凶走の後、移動先が直線になった時だけビームで仕上げる。,毎回、シオンの回避・凶走、罰・殺戮、支援役との距離を確認する。,"[""シオン"", ""体力半分以下の敵"", ""孤立したサポート""]",シオンを倒し切るより、まず遮蔽から離れない。スティッキー・ボム命中後だけフォーカス・ビームへ進み、フライトで長追いしないことを1回だけ意識する。,罰・殺戮を確認するまで決め技を急がない。回避・凶走の後だけ前に出る。,シオン単体ではなく、敵構成の起点役か支援役かを判断する。支援役なら回復先、起点役なら侵入後の硬直を狙う。,シオンの次の回避・凶走を予測して先に立ち位置を変える。アルティメットは撃破狙いだけでなく、敵の救助スキル使用後の再配置を崩す目的で使う。,ダイブ経路・帰り道・再突入を分けるフランカー,シオンの初回接近だけを見ず、帰り道・再突入のダイブ経路・味方サポートへの距離を先に置き照準で管理する。,シオンが移動スキルを切った直後にトライ・ショットとフォーカス・ビームを硬直に合わせ、倒し切れない時は追わない。,追撃で味方から離れず、フライトで元の遮蔽へ戻る。倒し切れない時は次の再突入を待ち、同じ通路を追わない。,試合後に「シオンの何を見てから撃ったか」「外した時にどこへ戻ったか」を1回だけ確認する。,エコー対シオンは、ダイブ経路・帰り道・再突入を分けるフランカーとして読む。最初に見る情報、撃つ瞬間、失敗時の戻り先を分けると、数値評価以上に安定する。,シオンへの説明は「撃つ」「追う」だけで終わらせない。ダイブ確認、倒し切りを狙う条件、撤退先、次の狙いを必ず1文ずつ分け、エコーのトライ・ショットとフォーカス・ビームとフライトの使い道を混同しない。,再突入確認,シオンの初回接近ではなく、帰り道と再突入のダイブ経路を見て2回目を止める。,この試合で「シオンの初回接近だけを見ず、帰り道・再突入のダイブ経路・味方サポートへの距離を先に置き照準で管理する。」を守れたか。守れなかった場合、次は撃つ前に何を1つだけ見るか。,シオンが移動スキルを切った直後にトライ・ショットとフォーカス・ビームを硬直に合わせ、倒し切れない時は追わない。 次に追撃で味方から離れず、フライトで元の遮蔽へ戻る。倒し切れない時は次の再突入を待ち、同じ通路を追わない。できていれば成功。,シオンを深追いして味方から離れ、次の接近を味方サポートに通してしまう。,次の試合では初回接近を移動スキル使用直後の硬直を狙い、逃げ道へフォーカス・ビームを残す。,シオンを追った距離、味方サポートとの距離、再突入時に照準が置けていたかを確認する。,次の試合ではシオンを倒すことより、確認、攻撃、退避の順番を崩さない。
Sombra,4.1,やや不利,ソンブラ相手は味方後衛への侵入を上から見て、入った瞬間にスティッキー・ボムを貼る。逃げる敵をフライトで追いすぎない。,トライ・ショットは長く撃ち続けず、スティッキー・ボムの貼り付け確認を優先する。EMP・ハックが残る間はビームで身をさらさない。,コピーはソンブラ本人だけでなく、敵構成で時間を作れるタンク・救助できるサポート候補も見る。EMP・ハックが残る敵へ正面から使わない。,トランズロケーター・ステルスの後、移動先が直線になった時だけビームで仕上げる。,毎回、ソンブラのトランズロケーター・ステルス、EMP・ハック、支援役との距離を確認する。,"[""ソンブラ"", ""体力半分以下の敵"", ""孤立したサポート""]",ソンブラを倒し切るより、まず遮蔽から離れない。スティッキー・ボム命中後だけフォーカス・ビームへ進み、フライトで長追いしないことを1回だけ意識する。,EMP・ハックを確認するまで決め技を急がない。トランズロケーター・ステルスの後だけ前に出る。,ソンブラ単体ではなく、敵構成の起点役か支援役かを判断する。支援役なら回復先、起点役なら侵入後の硬直を狙う。,ソンブラの次のトランズロケーター・ステルスを予測して先に立ち位置を変える。アルティメットは撃破狙いだけでなく、敵の救助スキル使用後の再配置を崩す目的で使う。,ダイブ経路・帰り道・再突入を分けるフランカー,ソンブラの初回接近だけを見ず、帰り道・再突入のダイブ経路・味方サポートへの距離を先に置き照準で管理する。,ソンブラが移動スキルを切った直後にトライ・ショットとフォーカス・ビームを硬直に合わせ、倒し切れない時は追わない。,追撃で味方から離れず、フライトで元の遮蔽へ戻る。倒し切れない時は次の再突入を待ち、同じ通路を追わない。,試合後に「ソンブラの何を見てから撃ったか」「外した時にどこへ戻ったか」を1回だけ確認する。,エコー対ソンブラは、ダイブ経路・帰り道・再突入を分けるフランカーとして読む。最初に見る情報、撃つ瞬間、失敗時の戻り先を分けると、数値評価以上に安定する。,ソンブラへの説明は「撃つ」「追う」だけで終わらせない。ダイブ確認、倒し切りを狙う条件、撤退先、次の狙いを必ず1文ずつ分け、エコーのトライ・ショットとフォーカス・ビームとフライトの使い道を混同しない。,再突入確認,ソンブラの初回接近ではなく、帰り道と再突入のダイブ経路を見て2回目を止める。,この試合で「ソンブラの初回接近だけを見ず、帰り道・再突入のダイブ経路・味方サポートへの距離を先に置き照準で管理する。」を守れたか。守れなかった場合、次は撃つ前に何を1つだけ見るか。,ソンブラが移動スキルを切った直後にトライ・ショットとフォーカス・ビームを硬直に合わせ、倒し切れない時は追わない。 次に追撃で味方から離れず、フライトで元の遮蔽へ戻る。倒し切れない時は次の再突入を待ち、同じ通路を追わない。できていれば成功。,ソンブラを深追いして味方から離れ、次の接近を味方サポートに通してしまう。,次の試合では初回接近を移動スキル使用直後の硬直を狙い、逃げ道へフォーカス・ビームを残す。,ソンブラを追った距離、味方サポートとの距離、再突入時に照準が置けていたかを確認する。,次の試合ではソンブラを倒すことより、確認、攻撃、退避の順番を崩さない。
Tracer,4.0,やや不利,トレーサー相手は味方後衛への侵入を上から見て、入った瞬間にスティッキー・ボムを貼る。逃げる敵をフライトで追いすぎない。,トライ・ショットは長く撃ち続けず、スティッキー・ボムの貼り付け確認を優先する。パルス・ボム・リコールが残る間はビームで身をさらさない。,コピーはトレーサー本人だけでなく、敵構成で時間を作れるタンク・救助できるサポート候補も見る。パルス・ボム・リコールが残る敵へ正面から使わない。,ブリンク・リコールの後、移動先が直線になった時だけビームで仕上げる。,毎回、トレーサーのブリンク・リコール、パルス・ボム・リコール、支援役との距離を確認する。,"[""トレーサー"", ""体力半分以下の敵"", ""孤立したサポート""]",トレーサーを倒し切るより、まず遮蔽から離れない。スティッキー・ボム命中後だけフォーカス・ビームへ進み、フライトで長追いしないことを1回だけ意識する。,パルス・ボム・リコールを確認するまで決め技を急がない。ブリンク・リコールの後だけ前に出る。,トレーサー単体ではなく、敵構成の起点役か支援役かを判断する。支援役なら回復先、起点役なら侵入後の硬直を狙う。,トレーサーの次のブリンク・リコールを予測して先に立ち位置を変える。アルティメットは撃破狙いだけでなく、敵の救助スキル使用後の再配置を崩す目的で使う。,ダイブ経路・帰り道・再突入を分けるフランカー,トレーサーの初回接近だけを見ず、帰り道・再突入のダイブ経路・味方サポートへの距離を先に置き照準で管理する。,トレーサーが移動スキルを切った直後にトライ・ショットとフォーカス・ビームを硬直に合わせ、倒し切れない時は追わない。,追撃で味方から離れず、フライトで元の遮蔽へ戻る。倒し切れない時は次の再突入を待ち、同じ通路を追わない。,試合後に「トレーサーの何を見てから撃ったか」「外した時にどこへ戻ったか」を1回だけ確認する。,エコー対トレーサーは、ダイブ経路・帰り道・再突入を分けるフランカーとして読む。最初に見る情報、撃つ瞬間、失敗時の戻り先を分けると、数値評価以上に安定する。,トレーサーへの説明は「撃つ」「追う」だけで終わらせない。ダイブ確認、倒し切りを狙う条件、撤退先、次の狙いを必ず1文ずつ分け、エコーのトライ・ショットとフォーカス・ビームとフライトの使い道を混同しない。,再突入確認,トレーサーの初回接近ではなく、帰り道と再突入のダイブ経路を見て2回目を止める。,この試合で「トレーサーの初回接近だけを見ず、帰り道・再突入のダイブ経路・味方サポートへの距離を先に置き照準で管理する。」を守れたか。守れなかった場合、次は撃つ前に何を1つだけ見るか。,トレーサーが移動スキルを切った直後にトライ・ショットとフォーカス・ビームを硬直に合わせ、倒し切れない時は追わない。 次に追撃で味方から離れず、フライトで元の遮蔽へ戻る。倒し切れない時は次の再突入を待ち、同じ通路を追わない。できていれば成功。,トレーサーを深追いして味方から離れ、次の接近を味方サポートに通してしまう。,次の試合では初回接近を移動スキル使用直後の硬直を狙い、逃げ道へフォーカス・ビームを残す。,トレーサーを追った距離、味方サポートとの距離、再突入時に照準が置けていたかを確認する。,次の試合ではトレーサーを倒すことより、確認、攻撃、退避の順番を崩さない。
Venture,4.6,やや不利,ベンチャー相手は味方後衛への侵入を上から見て、入った瞬間にスティッキー・ボムを貼る。逃げる敵をフライトで追いすぎない。,トライ・ショットは長く撃ち続けず、スティッキー・ボムの貼り付け確認を優先する。テクトニック・ショック・バローが残る間はビームで身をさらさない。,コピーはベンチャー本人だけでなく、敵構成で時間を作れるタンク・救助できるサポート候補も見る。テクトニック・ショック・バローが残る敵へ正面から使わない。,バロー・ドリル・ダッシュの後、移動先が直線になった時だけビームで仕上げる。,毎回、ベンチャーのバロー・ドリル・ダッシュ、テクトニック・ショック・バロー、支援役との距離を確認する。,"[""ベンチャー"", ""体力半分以下の敵"", ""孤立したサポート""]",ベンチャーを倒し切るより、まず遮蔽から離れない。スティッキー・ボム命中後だけフォーカス・ビームへ進み、フライトで長追いしないことを1回だけ意識する。,テクトニック・ショック・バローを確認するまで決め技を急がない。バロー・ドリル・ダッシュの後だけ前に出る。,ベンチャー単体ではなく、敵構成の起点役か支援役かを判断する。支援役なら回復先、起点役なら侵入後の硬直を狙う。,ベンチャーの次のバロー・ドリル・ダッシュを予測して先に立ち位置を変える。アルティメットは撃破狙いだけでなく、敵の救助スキル使用後の再配置を崩す目的で使う。,ダイブ経路・帰り道・再突入を分けるフランカー,ベンチャーの初回接近だけを見ず、帰り道・再突入のダイブ経路・味方サポートへの距離を先に置き照準で管理する。,ベンチャーが移動スキルを切った直後にトライ・ショットとフォーカス・ビームを硬直に合わせ、倒し切れない時は追わない。,追撃で味方から離れず、フライトで元の遮蔽へ戻る。倒し切れない時は次の再突入を待ち、同じ通路を追わない。,試合後に「ベンチャーの何を見てから撃ったか」「外した時にどこへ戻ったか」を1回だけ確認する。,エコー対ベンチャーは、ダイブ経路・帰り道・再突入を分けるフランカーとして読む。最初に見る情報、撃つ瞬間、失敗時の戻り先を分けると、数値評価以上に安定する。,ベンチャーへの説明は「撃つ」「追う」だけで終わらせない。ダイブ確認、倒し切りを狙う条件、撤退先、次の狙いを必ず1文ずつ分け、エコーのトライ・ショットとフォーカス・ビームとフライトの使い道を混同しない。,再突入確認,ベンチャーの初回接近ではなく、帰り道と再突入のダイブ経路を見て2回目を止める。,この試合で「ベンチャーの初回接近だけを見ず、帰り道・再突入のダイブ経路・味方サポートへの距離を先に置き照準で管理する。」を守れたか。守れなかった場合、次は撃つ前に何を1つだけ見るか。,ベンチャーが移動スキルを切った直後にトライ・ショットとフォーカス・ビームを硬直に合わせ、倒し切れない時は追わない。 次に追撃で味方から離れず、フライトで元の遮蔽へ戻る。倒し切れない時は次の再突入を待ち、同じ通路を追わない。できていれば成功。,ベンチャーを深追いして味方から離れ、次の接近を味方サポートに通してしまう。,次の試合では初回接近を移動スキル使用直後の硬直を狙い、逃げ道へフォーカス・ビームを残す。,ベンチャーを追った距離、味方サポートとの距離、再突入時に照準が置けていたかを確認する。,次の試合ではベンチャーを倒すことより、確認、攻撃、退避の順番を崩さない。
Reaper,6.4,五分,リーパー相手は味方後衛への侵入を上から見て、入った瞬間にスティッキー・ボムを貼る。逃げる敵をフライトで追いすぎない。,トライ・ショットは長く撃ち続けず、スティッキー・ボムの貼り付け確認を優先する。デス・ブロッサム・レイス・フォームが残る間はビームで身をさらさない。,コピーはリーパー本人だけでなく、敵構成で時間を作れるタンク・救助できるサポート候補も見る。デス・ブロッサム・レイス・フォームが残る敵へ正面から使わない。,レイス・フォーム・シャドウ・ステップの後、移動先が直線になった時だけビームで仕上げる。,毎回、リーパーのレイス・フォーム・シャドウ・ステップ、デス・ブロッサム・レイス・フォーム、支援役との距離を確認する。,"[""リーパー"", ""体力半分以下の敵"", ""孤立したサポート""]",リーパーを倒し切るより、まず遮蔽から離れない。スティッキー・ボム命中後だけフォーカス・ビームへ進み、フライトで長追いしないことを1回だけ意識する。,デス・ブロッサム・レイス・フォームを確認するまで決め技を急がない。レイス・フォーム・シャドウ・ステップの後だけ前に出る。,リーパー単体ではなく、敵構成の起点役か支援役かを判断する。支援役なら回復先、起点役なら侵入後の硬直を狙う。,リーパーの次のレイス・フォーム・シャドウ・ステップを予測して先に立ち位置を変える。アルティメットは撃破狙いだけでなく、敵の救助スキル使用後の再配置を崩す目的で使う。,ダイブ経路・帰り道・再突入を分けるフランカー,リーパーの初回接近だけを見ず、帰り道・再突入のダイブ経路・味方サポートへの距離を先に置き照準で管理する。,リーパーが移動スキルを切った直後にトライ・ショットとフォーカス・ビームを硬直に合わせ、倒し切れない時は追わない。,追撃で味方から離れず、フライトで元の遮蔽へ戻る。倒し切れない時は次の再突入を待ち、同じ通路を追わない。,試合後に「リーパーの何を見てから撃ったか」「外した時にどこへ戻ったか」を1回だけ確認する。,エコー対リーパーは、ダイブ経路・帰り道・再突入を分けるフランカーとして読む。最初に見る情報、撃つ瞬間、失敗時の戻り先を分けると、数値評価以上に安定する。,リーパーへの説明は「撃つ」「追う」だけで終わらせない。ダイブ確認、倒し切りを狙う条件、撤退先、次の狙いを必ず1文ずつ分け、エコーのトライ・ショットとフォーカス・ビームとフライトの使い道を混同しない。,再突入確認,リーパーの初回接近ではなく、帰り道と再突入のダイブ経路を見て2回目を止める。,この試合で「リーパーの初回接近だけを見ず、帰り道・再突入のダイブ経路・味方サポートへの距離を先に置き照準で管理する。」を守れたか。守れなかった場合、次は撃つ前に何を1つだけ見るか。,リーパーが移動スキルを切った直後にトライ・ショットとフォーカス・ビームを硬直に合わせ、倒し切れない時は追わない。 次に追撃で味方から離れず、フライトで元の遮蔽へ戻る。倒し切れない時は次の再突入を待ち、同じ通路を追わない。できていれば成功。,リーパーを深追いして味方から離れ、次の接近を味方サポートに通してしまう。,次の試合では初回接近を移動スキル使用直後の硬直を狙い、逃げ道へフォーカス・ビームを残す。,リーパーを追った距離、味方サポートとの距離、再突入時に照準が置けていたかを確認する。,次の試合ではリーパーを倒すことより、確認、攻撃、退避の順番を崩さない。
Vendetta,4.6,やや不利,ヴェンデッタ相手は味方後衛への侵入を上から見て、入った瞬間にスティッキー・ボムを貼る。逃げる敵をフライトで追いすぎない。,トライ・ショットは長く撃ち続けず、スティッキー・ボムの貼り付け確認を優先する。サンダリング・ブレード・ウォーディング・スタンスが残る間はビームで身をさらさない。,コピーはヴェンデッタ本人だけでなく、敵構成で時間を作れるタンク・救助できるサポート候補も見る。サンダリング・ブレード・ウォーディング・スタンスが残る敵へ正面から使わない。,ソアリング・スライス・ワールウィンドの後、移動先が直線になった時だけビームで仕上げる。,毎回、ヴェンデッタのソアリング・スライス・ワールウィンド、サンダリング・ブレード・ウォーディング・スタンス、支援役との距離を確認する。,"[""ヴェンデッタ"", ""体力半分以下の敵"", ""孤立したサポート""]",ヴェンデッタを倒し切るより、まず遮蔽から離れない。スティッキー・ボム命中後だけフォーカス・ビームへ進み、フライトで長追いしないことを1回だけ意識する。,サンダリング・ブレード・ウォーディング・スタンスを確認するまで決め技を急がない。ソアリング・スライス・ワールウィンドの後だけ前に出る。,ヴェンデッタ単体ではなく、敵構成の起点役か支援役かを判断する。支援役なら回復先、起点役なら侵入後の硬直を狙う。,ヴェンデッタの次のソアリング・スライス・ワールウィンドを予測して先に立ち位置を変える。アルティメットは撃破狙いだけでなく、敵の救助スキル使用後の再配置を崩す目的で使う。,ダイブ経路・帰り道・再突入を分けるフランカー,ヴェンデッタの初回接近だけを見ず、帰り道・再突入のダイブ経路・味方サポートへの距離を先に置き照準で管理する。,ヴェンデッタが移動スキルを切った直後にトライ・ショットとフォーカス・ビームを硬直に合わせ、倒し切れない時は追わない。,追撃で味方から離れず、フライトで元の遮蔽へ戻る。倒し切れない時は次の再突入を待ち、同じ通路を追わない。,試合後に「ヴェンデッタの何を見てから撃ったか」「外した時にどこへ戻ったか」を1回だけ確認する。,エコー対ヴェンデッタは、ダイブ経路・帰り道・再突入を分けるフランカーとして読む。最初に見る情報、撃つ瞬間、失敗時の戻り先を分けると、数値評価以上に安定する。,ヴェンデッタへの説明は「撃つ」「追う」だけで終わらせない。ダイブ確認、倒し切りを狙う条件、撤退先、次の狙いを必ず1文ずつ分け、エコーのトライ・ショットとフォーカス・ビームとフライトの使い道を混同しない。,再突入確認,ヴェンデッタの初回接近ではなく、帰り道と再突入のダイブ経路を見て2回目を止める。,この試合で「ヴェンデッタの初回接近だけを見ず、帰り道・再突入のダイブ経路・味方サポートへの距離を先に置き照準で管理する。」を守れたか。守れなかった場合、次は撃つ前に何を1つだけ見るか。,ヴェンデッタが移動スキルを切った直後にトライ・ショットとフォーカス・ビームを硬直に合わせ、倒し切れない時は追わない。 次に追撃で味方から離れず、フライトで元の遮蔽へ戻る。倒し切れない時は次の再突入を待ち、同じ通路を追わない。できていれば成功。,ヴェンデッタを深追いして味方から離れ、次の接近を味方サポートに通してしまう。,次の試合では初回接近を移動スキル使用直後の硬直を狙い、逃げ道へフォーカス・ビームを残す。,ヴェンデッタを追った距離、味方サポートとの距離、再突入時に照準が置けていたかを確認する。,次の試合ではヴェンデッタを倒すことより、確認、攻撃、退避の順番を崩さない。
Echo,5.0,五分,エコー相手はスティッキー・ボムで体力半分以下を作り、フォーカス・ビームは倒し切れる時だけ使う。,トライ・ショットは長く撃ち続けず、スティッキー・ボムの貼り付け確認を優先する。コピー・スティッキー・ボムが残る間はビームで身をさらさない。,コピーはエコー本人だけでなく、敵構成で時間を作れるタンク・救助できるサポート候補も見る。コピーが残る敵へ正面から使わない。,フライト・スティッキー・ボムの後か、支援から離れた瞬間だけ入る。,毎回、エコーのフライト・スティッキー・ボム、コピー・スティッキー・ボム、支援役との距離を確認する。,"[""エコー"", ""体力半分以下の敵"", ""孤立したサポート""]",エコーを倒し切るより、まず遮蔽から離れない。スティッキー・ボム命中後だけフォーカス・ビームへ進み、フライトで長追いしないことを1回だけ意識する。,コピー・スティッキー・ボムを確認するまで決め技を急がない。フライト・スティッキー・ボムの後だけ前に出る。,エコー単体ではなく、敵構成の起点役か支援役かを判断する。支援役なら回復先、起点役なら侵入後の硬直を狙う。,エコーの次のフライト・スティッキー・ボムを予測して先に立ち位置を変える。アルティメットは撃破狙いだけでなく、敵の救助スキル使用後の再配置を崩す目的で使う。,高度・着地・支援線を分ける空中敵,エコーを空中で長く追い続けず、高度が落ちる地点・着地先・支援線を先に決める。,エコーがブーストや高度維持を使った直後、着地先が限定された瞬間へトライ・ショットとフォーカス・ビームを集中する。,見上げ続けて地上の圧を失わず、フライトで遮蔽へ戻って次の着地だけを見る。,試合後に「エコーの何を見てから撃ったか」「外した時にどこへ戻ったか」を1回だけ確認する。,エコー対エコーは、高度・着地・支援線を分ける空中敵として読む。最初に見る情報、撃つ瞬間、失敗時の戻り先を分けると、数値評価以上に安定する。,エコーへの説明は「撃つ」「追う」だけで終わらせない。ダイブ確認、倒し切りを狙う条件、撤退先、次の狙いを必ず1文ずつ分け、エコーのトライ・ショットとフォーカス・ビームとフライトの使い道を混同しない。,空中圧確認,エコーを空中で追い続けず、着地・高度低下・支援線の切れ目だけを撃つ。,この試合で「エコーを空中で長く追い続けず、高度が落ちる地点・着地先・支援線を先に決める。」を守れたか。守れなかった場合、次は撃つ前に何を1つだけ見るか。,エコーがブーストや高度維持を使った直後、着地先が限定された瞬間へトライ・ショットとフォーカス・ビームを集中する。 次に見上げ続けて地上の圧を失わず、フライトで遮蔽へ戻って次の着地だけを見る。できていれば成功。,見上げ続けて地上のダイブ経路や味方後衛への圧を見落とす。,次の試合ではエコーの着地先を先に決め、落ちる瞬間だけフォーカス・ビームを合わせる。,エコーを撃った時の高度、着地先、自分が地上を見失った秒数を確認する。,次の試合ではエコーを倒すことより、確認、攻撃、退避の順番を崩さない。
Pharah,5.7,五分,ファラ相手はスティッキー・ボムで体力半分以下を作り、フォーカス・ビームは倒し切れる時だけ使う。,トライ・ショットは長く撃ち続けず、スティッキー・ボムの貼り付け確認を優先する。バレッジ・コンカッシブ・ブラストが残る間はビームで身をさらさない。,コピーはファラ本人だけでなく、敵構成で時間を作れるタンク・救助できるサポート候補も見る。バレッジが残る敵へ正面から使わない。,ジャンプ・ジェット・ダッシュの後か、支援から離れた瞬間だけ入る。,毎回、ファラのジャンプ・ジェット・ダッシュ、バレッジ・コンカッシブ・ブラスト、支援役との距離を確認する。,"[""ファラ"", ""体力半分以下の敵"", ""孤立したサポート""]",ファラを倒し切るより、まず遮蔽から離れない。スティッキー・ボム命中後だけフォーカス・ビームへ進み、フライトで長追いしないことを1回だけ意識する。,バレッジ・コンカッシブ・ブラストを確認するまで決め技を急がない。ジャンプ・ジェット・ダッシュの後だけ前に出る。,ファラ単体ではなく、敵構成の起点役か支援役かを判断する。支援役なら回復先、起点役なら侵入後の硬直を狙う。,ファラの次のジャンプ・ジェット・ダッシュを予測して先に立ち位置を変える。アルティメットは撃破狙いだけでなく、敵の救助スキル使用後の再配置を崩す目的で使う。,高度・着地・支援線を分ける空中敵,ファラを空中で長く追い続けず、高度が落ちる地点・着地先・支援線を先に決める。,ファラがブーストや高度維持を使った直後、着地先が限定された瞬間へトライ・ショットとフォーカス・ビームを集中する。,見上げ続けて地上の圧を失わず、フライトで遮蔽へ戻って次の着地だけを見る。,試合後に「ファラの何を見てから撃ったか」「外した時にどこへ戻ったか」を1回だけ確認する。,エコー対ファラは、高度・着地・支援線を分ける空中敵として読む。最初に見る情報、撃つ瞬間、失敗時の戻り先を分けると、数値評価以上に安定する。,ファラへの説明は「撃つ」「追う」だけで終わらせない。ダイブ確認、倒し切りを狙う条件、撤退先、次の狙いを必ず1文ずつ分け、エコーのトライ・ショットとフォーカス・ビームとフライトの使い道を混同しない。,空中圧確認,ファラを空中で追い続けず、着地・高度低下・支援線の切れ目だけを撃つ。,この試合で「ファラを空中で長く追い続けず、高度が落ちる地点・着地先・支援線を先に決める。」を守れたか。守れなかった場合、次は撃つ前に何を1つだけ見るか。,ファラがブーストや高度維持を使った直後、着地先が限定された瞬間へトライ・ショットとフォーカス・ビームを集中する。 次に見上げ続けて地上の圧を失わず、フライトで遮蔽へ戻って次の着地だけを見る。できていれば成功。,見上げ続けて地上のダイブ経路や味方後衛への圧を見落とす。,次の試合ではファラの着地先を先に決め、落ちる瞬間だけフォーカス・ビームを合わせる。,ファラを撃った時の高度、着地先、自分が地上を見失った秒数を確認する。,次の試合ではファラを倒すことより、確認、攻撃、退避の順番を崩さない。
Symmetra,6.0,五分,シンメトラ相手はスティッキー・ボムで体力半分以下を作り、フォーカス・ビームは倒し切れる時だけ使う。,トライ・ショットは長く撃ち続けず、スティッキー・ボムの貼り付け確認を優先する。フォトン・バリアが残る間はビームで身をさらさない。,コピーはシンメトラ本人だけでなく、敵構成で時間を作れるタンク・救助できるサポート候補も見る。フォトン・バリアが残る敵へ正面から使わない。,テレポーター・セントリー・タレットの後か、支援から離れた瞬間だけ入る。,毎回、シンメトラのテレポーター・セントリー・タレット、フォトン・バリア、支援役との距離を確認する。,"[""シンメトラ"", ""体力半分以下の敵"", ""孤立したサポート""]",シンメトラを倒し切るより、まず遮蔽から離れない。スティッキー・ボム命中後だけフォーカス・ビームへ進み、フライトで長追いしないことを1回だけ意識する。,フォトン・バリアを確認するまで決め技を急がない。テレポーター・セントリー・タレットの後だけ前に出る。,シンメトラ単体ではなく、敵構成の起点役か支援役かを判断する。支援役なら回復先、起点役なら侵入後の硬直を狙う。,シンメトラの次のテレポーター・セントリー・タレットを予測して先に立ち位置を変える。アルティメットは撃破狙いだけでなく、敵の救助スキル使用後の再配置を崩す目的で使う。,通路と設置物で退路を制限する敵,シンメトラの得意な通路を通る前に、設置物・範囲圧・逃げ道・味方が見ている射線を順番に処理する。,設置物や範囲圧を無視して本体へ行かず、通路が空いた瞬間だけトライ・ショットとフォーカス・ビームを使う。,範囲内で粘らず、フライトで通路を変えてから次の射線を作る。戻る場所を決めてから本体を撃つ。,試合後に「シンメトラの何を見てから撃ったか」「外した時にどこへ戻ったか」を1回だけ確認する。,エコー対シンメトラは、通路と設置物で退路を制限する敵として読む。最初に見る情報、撃つ瞬間、失敗時の戻り先を分けると、数値評価以上に安定する。,シンメトラへの説明は「撃つ」「追う」だけで終わらせない。ダイブ確認、倒し切りを狙う条件、撤退先、次の狙いを必ず1文ずつ分け、エコーのトライ・ショットとフォーカス・ビームとフライトの使い道を混同しない。,通路整理,シンメトラの範囲圧や設置物を整理してから、通路ではなく安全な撃ち場所を作る。,この試合で「シンメトラの得意な通路を通る前に、設置物・範囲圧・逃げ道・味方が見ている射線を順番に処理する。」を守れたか。守れなかった場合、次は撃つ前に何を1つだけ見るか。,設置物や範囲圧を無視して本体へ行かず、通路が空いた瞬間だけトライ・ショットとフォーカス・ビームを使う。 次に範囲内で粘らず、フライトで通路を変えてから次の射線を作る。戻る場所を決めてから本体を撃つ。できていれば成功。,設置物・範囲圧を無視して本体だけを追い、退路を狭められる。,次の試合では通路の危険物を先に処理し、空いた瞬間だけフォーカス・ビームを使う。,シンメトラの設置物や範囲圧を処理した順番、踏み込んだ通路、戻れた遮蔽を確認する。,次の試合ではシンメトラを倒すことより、確認、攻撃、退避の順番を崩さない。
Junkrat,6.6,やや有利,ジャンクラット相手はスティッキー・ボムで体力半分以下を作り、フォーカス・ビームは倒し切れる時だけ使う。,トライ・ショットは長く撃ち続けず、スティッキー・ボムの貼り付け確認を優先する。RIPタイヤ・スティール・トラップが残る間はビームで身をさらさない。,コピーはジャンクラット本人だけでなく、敵構成で時間を作れるタンク・救助できるサポート候補も見る。RIPタイヤが残る敵へ正面から使わない。,コンカッション・マイン・スティール・トラップの後か、支援から離れた瞬間だけ入る。,毎回、ジャンクラットのコンカッション・マイン・スティール・トラップ、RIPタイヤ・スティール・トラップ、支援役との距離を確認する。,"[""ジャンクラット"", ""体力半分以下の敵"", ""孤立したサポート""]",ジャンクラットを倒し切るより、まず遮蔽から離れない。スティッキー・ボム命中後だけフォーカス・ビームへ進み、フライトで長追いしないことを1回だけ意識する。,RIPタイヤ・スティール・トラップを確認するまで決め技を急がない。コンカッション・マイン・スティール・トラップの後だけ前に出る。,ジャンクラット単体ではなく、敵構成の起点役か支援役かを判断する。支援役なら回復先、起点役なら侵入後の硬直を狙う。,ジャンクラットの次のコンカッション・マイン・スティール・トラップを予測して先に立ち位置を変える。アルティメットは撃破狙いだけでなく、敵の救助スキル使用後の再配置を崩す目的で使う。,通路と設置物で退路を制限する敵,ジャンクラットの得意な通路を通る前に、設置物・範囲圧・逃げ道・味方が見ている射線を順番に処理する。,設置物や範囲圧を無視して本体へ行かず、通路が空いた瞬間だけトライ・ショットとフォーカス・ビームを使う。,範囲内で粘らず、フライトで通路を変えてから次の射線を作る。戻る場所を決めてから本体を撃つ。,試合後に「ジャンクラットの何を見てから撃ったか」「外した時にどこへ戻ったか」を1回だけ確認する。,エコー対ジャンクラットは、通路と設置物で退路を制限する敵として読む。最初に見る情報、撃つ瞬間、失敗時の戻り先を分けると、数値評価以上に安定する。,ジャンクラットへの説明は「撃つ」「追う」だけで終わらせない。ダイブ確認、倒し切りを狙う条件、撤退先、次の狙いを必ず1文ずつ分け、エコーのトライ・ショットとフォーカス・ビームとフライトの使い道を混同しない。,通路整理,ジャンクラットの範囲圧や設置物を整理してから、通路ではなく安全な撃ち場所を作る。,この試合で「ジャンクラットの得意な通路を通る前に、設置物・範囲圧・逃げ道・味方が見ている射線を順番に処理する。」を守れたか。守れなかった場合、次は撃つ前に何を1つだけ見るか。,設置物や範囲圧を無視して本体へ行かず、通路が空いた瞬間だけトライ・ショットとフォーカス・ビームを使う。 次に範囲内で粘らず、フライトで通路を変えてから次の射線を作る。戻る場所を決めてから本体を撃つ。できていれば成功。,設置物・範囲圧を無視して本体だけを追い、退路を狭められる。,次の試合では通路の危険物を先に処理し、空いた瞬間だけフォーカス・ビームを使う。,ジャンクラットの設置物や範囲圧を処理した順番、踏み込んだ通路、戻れた遮蔽を確認する。,次の試合ではジャンクラットを倒すことより、確認、攻撃、退避の順番を崩さない。
Torbjörn,5.7,五分,トールビョーン相手はスティッキー・ボムで体力半分以下を作り、フォーカス・ビームは倒し切れる時だけ使う。,トライ・ショットは長く撃ち続けず、スティッキー・ボムの貼り付け確認を優先する。モルテン・コア・オーバーロードが残る間はビームで身をさらさない。,コピーはトールビョーン本人だけでなく、敵構成で時間を作れるタンク・救助できるサポート候補も見る。モルテン・コア・オーバーロードが残る敵へ正面から使わない。,タレット・オーバーロードの後か、支援から離れた瞬間だけ入る。,毎回、トールビョーンのタレット・オーバーロード、モルテン・コア・オーバーロード、支援役との距離を確認する。,"[""トールビョーン"", ""体力半分以下の敵"", ""孤立したサポート""]",トールビョーンを倒し切るより、まず遮蔽から離れない。スティッキー・ボム命中後だけフォーカス・ビームへ進み、フライトで長追いしないことを1回だけ意識する。,モルテン・コア・オーバーロードを確認するまで決め技を急がない。タレット・オーバーロードの後だけ前に出る。,トールビョーン単体ではなく、敵構成の起点役か支援役かを判断する。支援役なら回復先、起点役なら侵入後の硬直を狙う。,トールビョーンの次のタレット・オーバーロードを予測して先に立ち位置を変える。アルティメットは撃破狙いだけでなく、敵の救助スキル使用後の再配置を崩す目的で使う。,通路と設置物で退路を制限する敵,トールビョーンの得意な通路を通る前に、設置物・範囲圧・逃げ道・味方が見ている射線を順番に処理する。,設置物や範囲圧を無視して本体へ行かず、通路が空いた瞬間だけトライ・ショットとフォーカス・ビームを使う。,範囲内で粘らず、フライトで通路を変えてから次の射線を作る。戻る場所を決めてから本体を撃つ。,試合後に「トールビョーンの何を見てから撃ったか」「外した時にどこへ戻ったか」を1回だけ確認する。,エコー対トールビョーンは、通路と設置物で退路を制限する敵として読む。最初に見る情報、撃つ瞬間、失敗時の戻り先を分けると、数値評価以上に安定する。,トールビョーンへの説明は「撃つ」「追う」だけで終わらせない。ダイブ確認、倒し切りを狙う条件、撤退先、次の狙いを必ず1文ずつ分け、エコーのトライ・ショットとフォーカス・ビームとフライトの使い道を混同しない。,通路整理,トールビョーンの範囲圧や設置物を整理してから、通路ではなく安全な撃ち場所を作る。,この試合で「トールビョーンの得意な通路を通る前に、設置物・範囲圧・逃げ道・味方が見ている射線を順番に処理する。」を守れたか。守れなかった場合、次は撃つ前に何を1つだけ見るか。,設置物や範囲圧を無視して本体へ行かず、通路が空いた瞬間だけトライ・ショットとフォーカス・ビームを使う。 次に範囲内で粘らず、フライトで通路を変えてから次の射線を作る。戻る場所を決めてから本体を撃つ。できていれば成功。,設置物・範囲圧を無視して本体だけを追い、退路を狭められる。,次の試合では通路の危険物を先に処理し、空いた瞬間だけフォーカス・ビームを使う。,トールビョーンの設置物や範囲圧を処理した順番、踏み込んだ通路、戻れた遮蔽を確認する。,次の試合ではトールビョーンを倒すことより、確認、攻撃、退避の順番を崩さない。
Bastion,5.3,五分,バスティオン相手は空中で長く見合わない。壁・屋根・高台の縁からスティッキー・ボムを貼り、命中確認後だけフォーカス・ビームへ進む。,トライ・ショットは長く撃ち続けず、スティッキー・ボムの貼り付け確認を優先する。砲台モード・強襲モードが残る間はビームで身をさらさない。,コピーはバスティオン本人だけでなく、敵構成で時間を作れるタンク・救助できるサポート候補も見る。砲台モードが残る敵へ正面から使わない。,強襲モード・A-36タクティカル・グレネードの後、またはバスティオンが別の味方を見ている時だけ追撃する。,毎回、バスティオンの強襲モード・A-36タクティカル・グレネード、砲台モード・強襲モード、支援役との距離を確認する。,"[""バスティオン"", ""体力半分以下の敵"", ""孤立したサポート""]",バスティオンを倒し切るより、まず遮蔽から離れない。スティッキー・ボム命中後だけフォーカス・ビームへ進み、フライトで長追いしないことを1回だけ意識する。,砲台モード・強襲モードを確認するまで決め技を急がない。強襲モード・A-36タクティカル・グレネードの後だけ前に出る。,バスティオン単体ではなく、敵構成の起点役か支援役かを判断する。支援役なら回復先、起点役なら侵入後の硬直を狙う。,バスティオンの次の強襲モード・A-36タクティカル・グレネードを予測して先に立ち位置を変える。アルティメットは撃破狙いだけでなく、敵の救助スキル使用後の再配置を崩す目的で使う。,通路と設置物で退路を制限する敵,バスティオンの得意な通路を通る前に、設置物・範囲圧・逃げ道・味方が見ている射線を順番に処理する。,設置物や範囲圧を無視して本体へ行かず、通路が空いた瞬間だけトライ・ショットとフォーカス・ビームを使う。,範囲内で粘らず、フライトで通路を変えてから次の射線を作る。戻る場所を決めてから本体を撃つ。,試合後に「バスティオンの何を見てから撃ったか」「外した時にどこへ戻ったか」を1回だけ確認する。,エコー対バスティオンは、通路と設置物で退路を制限する敵として読む。最初に見る情報、撃つ瞬間、失敗時の戻り先を分けると、数値評価以上に安定する。,バスティオンへの説明は「撃つ」「追う」だけで終わらせない。ダイブ確認、倒し切りを狙う条件、撤退先、次の狙いを必ず1文ずつ分け、エコーのトライ・ショットとフォーカス・ビームとフライトの使い道を混同しない。,通路整理,バスティオンの範囲圧や設置物を整理してから、通路ではなく安全な撃ち場所を作る。,この試合で「バスティオンの得意な通路を通る前に、設置物・範囲圧・逃げ道・味方が見ている射線を順番に処理する。」を守れたか。守れなかった場合、次は撃つ前に何を1つだけ見るか。,設置物や範囲圧を無視して本体へ行かず、通路が空いた瞬間だけトライ・ショットとフォーカス・ビームを使う。 次に範囲内で粘らず、フライトで通路を変えてから次の射線を作る。戻る場所を決めてから本体を撃つ。できていれば成功。,設置物・範囲圧を無視して本体だけを追い、退路を狭められる。,次の試合では通路の危険物を先に処理し、空いた瞬間だけフォーカス・ビームを使う。,バスティオンの設置物や範囲圧を処理した順番、踏み込んだ通路、戻れた遮蔽を確認する。,次の試合ではバスティオンを倒すことより、確認、攻撃、退避の順番を崩さない。
Mei,5.5,五分,メイ相手はスティッキー・ボムで体力半分以下を作り、フォーカス・ビームは倒し切れる時だけ使う。,トライ・ショットは長く撃ち続けず、スティッキー・ボムの貼り付け確認を優先する。ブリザード・クリオフリーズが残る間はビームで身をさらさない。,コピーはメイ本人だけでなく、敵構成で時間を作れるタンク・救助できるサポート候補も見る。ブリザード・アイス・ウォールが残る敵へ正面から使わない。,アイス・ウォール・クリオフリーズの後か、支援から離れた瞬間だけ入る。,毎回、メイのアイス・ウォール・クリオフリーズ、ブリザード・クリオフリーズ、支援役との距離を確認する。,"[""メイ"", ""体力半分以下の敵"", ""孤立したサポート""]",メイを倒し切るより、まず遮蔽から離れない。スティッキー・ボム命中後だけフォーカス・ビームへ進み、フライトで長追いしないことを1回だけ意識する。,ブリザード・クリオフリーズを確認するまで決め技を急がない。アイス・ウォール・クリオフリーズの後だけ前に出る。,メイ単体ではなく、敵構成の起点役か支援役かを判断する。支援役なら回復先、起点役なら侵入後の硬直を狙う。,メイの次のアイス・ウォール・クリオフリーズを予測して先に立ち位置を変える。アルティメットは撃破狙いだけでなく、敵の救助スキル使用後の再配置を崩す目的で使う。,通路と設置物で退路を制限する敵,メイの得意な通路を通る前に、設置物・範囲圧・逃げ道・味方が見ている射線を順番に処理する。,設置物や範囲圧を無視して本体へ行かず、通路が空いた瞬間だけトライ・ショットとフォーカス・ビームを使う。,範囲内で粘らず、フライトで通路を変えてから次の射線を作る。戻る場所を決めてから本体を撃つ。,試合後に「メイの何を見てから撃ったか」「外した時にどこへ戻ったか」を1回だけ確認する。,エコー対メイは、通路と設置物で退路を制限する敵として読む。最初に見る情報、撃つ瞬間、失敗時の戻り先を分けると、数値評価以上に安定する。,メイへの説明は「撃つ」「追う」だけで終わらせない。ダイブ確認、倒し切りを狙う条件、撤退先、次の狙いを必ず1文ずつ分け、エコーのトライ・ショットとフォーカス・ビームとフライトの使い道を混同しない。,通路整理,メイの範囲圧や設置物を整理してから、通路ではなく安全な撃ち場所を作る。,この試合で「メイの得意な通路を通る前に、設置物・範囲圧・逃げ道・味方が見ている射線を順番に処理する。」を守れたか。守れなかった場合、次は撃つ前に何を1つだけ見るか。,設置物や範囲圧を無視して本体へ行かず、通路が空いた瞬間だけトライ・ショットとフォーカス・ビームを使う。 次に範囲内で粘らず、フライトで通路を変えてから次の射線を作る。戻る場所を決めてから本体を撃つ。できていれば成功。,設置物・範囲圧を無視して本体だけを追い、退路を狭められる。,次の試合では通路の危険物を先に処理し、空いた瞬間だけフォーカス・ビームを使う。,メイの設置物や範囲圧を処理した順番、踏み込んだ通路、戻れた遮蔽を確認する。,次の試合ではメイを倒すことより、確認、攻撃、退避の順番を崩さない。
Illari,4.4,やや不利,イラリー相手は空中で長く見合わない。壁・屋根・高台の縁からスティッキー・ボムを貼り、命中確認後だけフォーカス・ビームへ進む。,トライ・ショットは長く撃ち続けず、スティッキー・ボムの貼り付け確認を優先する。キャプティブ・サン・ヒーリング・パイロンが残る間はビームで身をさらさない。,コピーはイラリー本人だけでなく、敵構成で時間を作れるタンク・救助できるサポート候補も見る。キャプティブ・サン・ヒーリング・パイロンが残る敵へ正面から使わない。,アウトバーストの後、またはイラリーが別の味方を見ている時だけ追撃する。,毎回、イラリーのアウトバースト、キャプティブ・サン・ヒーリング・パイロン、支援役との距離を確認する。,"[""イラリー"", ""体力半分以下の敵"", ""孤立したサポート""]",イラリーを倒し切るより、まず遮蔽から離れない。スティッキー・ボム命中後だけフォーカス・ビームへ進み、フライトで長追いしないことを1回だけ意識する。,キャプティブ・サン・ヒーリング・パイロンを確認するまで決め技を急がない。アウトバーストの後だけ前に出る。,イラリー単体ではなく、敵構成の起点役か支援役かを判断する。支援役なら回復先、起点役なら侵入後の硬直を狙う。,イラリーの次のアウトバーストを予測して先に立ち位置を変える。アルティメットは撃破狙いだけでなく、敵の救助スキル使用後の再配置を崩す目的で使う。,救助・回復スキルでキルタイミングを遅らせるサポート,イラリー本人だけでなく、誰を救助・回復しているかを見て撃破対象を分ける。,イラリーの救助・回復スキルを先に使わせ、直後に守られていない敵へトライ・ショットとフォーカス・ビームを合わせる。,救助を吐かせた後に深追いせず、フライトで味方射線へ戻って次のキルを狙うタイミングを待つ。,試合後に「イラリーの何を見てから撃ったか」「外した時にどこへ戻ったか」を1回だけ確認する。,エコー対イラリーは、救助・回復スキルでキルタイミングを遅らせるサポートとして読む。最初に見る情報、撃つ瞬間、失敗時の戻り先を分けると、数値評価以上に安定する。,イラリーへの説明は「撃つ」「追う」だけで終わらせない。ダイブ確認、倒し切りを狙う条件、撤退先、次の狙いを必ず1文ずつ分け、エコーのトライ・ショットとフォーカス・ビームとフライトの使い道を混同しない。,救助確認,イラリー本人の撃破より、救助・回復の向きと守られていない敵を見つける。,この試合で「イラリー本人だけでなく、誰を救助・回復しているかを見て撃破対象を分ける。」を守れたか。守れなかった場合、次は撃つ前に何を1つだけ見るか。,イラリーの救助・回復スキルを先に使わせ、直後に守られていない敵へトライ・ショットとフォーカス・ビームを合わせる。 次は救助スキル使用後に深追いせず、フライトで味方射線へ戻って次のキルを狙うタイミングを待つ。できていれば成功。,イラリーだけを追い、救助スキルを吐かせた後の本命対象を見失う。,次の試合ではイラリーの救助を確認した直後、守られていない敵へフォーカス・ビームを使う。,イラリーが誰を助けたか、助けた後に誰が孤立したかを確認する。,次の試合ではイラリーを倒すことより、確認、攻撃、退避の順番を崩さない。
Jetpack Cat,4.4,やや不利,ジェットパック・キャット相手はスティッキー・ボムで体力半分以下を作り、フォーカス・ビームは倒し切れる時だけ使う。,トライ・ショットは長く撃ち続けず、スティッキー・ボムの貼り付け確認を優先する。キャットナッパー・ゴロゴロが残る間はビームで身をさらさない。,コピーはジェットパック・キャット本人だけでなく、敵構成で時間を作れるタンク・救助できるサポート候補も見る。キャットナッパー・ゴロゴロが残る敵へ正面から使わない。,ワイルド・フライト・キャットナッパーの後か、支援から離れた瞬間だけ入る。,毎回、ジェットパック・キャットのワイルド・フライト・キャットナッパー、キャットナッパー・ゴロゴロ、支援役との距離を確認する。,"[""ジェットパック・キャット"", ""体力半分以下の敵"", ""孤立したサポート""]",ジェットパック・キャットを倒し切るより、まず遮蔽から離れない。スティッキー・ボム命中後だけフォーカス・ビームへ進み、フライトで長追いしないことを1回だけ意識する。,キャットナッパー・ゴロゴロを確認するまで決め技を急がない。ワイルド・フライト・キャットナッパーの後だけ前に出る。,ジェットパック・キャット単体ではなく、敵構成の起点役か支援役かを判断する。支援役なら回復先、起点役なら侵入後の硬直を狙う。,ジェットパック・キャットの次のワイルド・フライト・キャットナッパーを予測して先に立ち位置を変える。アルティメットは撃破狙いだけでなく、敵の救助スキル使用後の再配置を崩す目的で使う。,支援線を切ると崩れるサポート,ジェットパック・キャット本人だけでなく、誰を救助・回復しているかを見て撃破対象を分ける。,ジェットパック・キャットの救助・回復スキルを先に使わせ、直後に守られていない敵へトライ・ショットとフォーカス・ビームを合わせる。,救助を吐かせた後に深追いせず、フライトで味方射線へ戻って次のキルを狙うタイミングを待つ。,試合後に「ジェットパック・キャットの何を見てから撃ったか」「外した時にどこへ戻ったか」を1回だけ確認する。,エコー対ジェットパック・キャットは、支援線を切ると崩れるサポートとして読む。最初に見る情報、撃つ瞬間、失敗時の戻り先を分けると、数値評価以上に安定する。,ジェットパック・キャットへの説明は「撃つ」「追う」だけで終わらせない。ダイブ確認、倒し切りを狙う条件、撤退先、次の狙いを必ず1文ずつ分け、エコーのトライ・ショットとフォーカス・ビームとフライトの使い道を混同しない。,支援線管理,ジェットパック・キャット本人の撃破より、救助・回復の向きと守られていない敵を見つける。,この試合で「ジェットパック・キャット本人だけでなく、誰を救助・回復しているかを見て撃破対象を分ける。」を守れたか。守れなかった場合、次は撃つ前に何を1つだけ見るか。,ジェットパック・キャットの救助・回復スキルを先に使わせ、直後に守られていない敵へトライ・ショットとフォーカス・ビームを合わせる。 次は救助スキル使用後に深追いせず、フライトで味方射線へ戻って次のキルを狙うタイミングを待つ。できていれば成功。,ジェットパック・キャットだけを追い、救助スキルを吐かせた後の本命対象を見失う。,次の試合ではジェットパック・キャットの救助を確認した直後、守られていない敵へフォーカス・ビームを使う。,ジェットパック・キャットが誰を助けたか、助けた後に誰が孤立したかを確認する。,次の試合ではジェットパック・キャットを倒すことより、確認、攻撃、退避の順番を崩さない。
Juno,4.5,やや不利,ジュノ相手はスティッキー・ボムで体力半分以下を作り、フォーカス・ビームは倒し切れる時だけ使う。,トライ・ショットは長く撃ち続けず、スティッキー・ボムの貼り付け確認を優先する。オービタル・レイ・ハイパーリングが残る間はビームで身をさらさない。,コピーはジュノ本人だけでなく、敵構成で時間を作れるタンク・救助できるサポート候補も見る。オービタル・レイ・ハイパーリングが残る敵へ正面から使わない。,グライド・ブースト・パルサー・トーピードの後か、支援から離れた瞬間だけ入る。,毎回、ジュノのグライド・ブースト・パルサー・トーピード、オービタル・レイ・ハイパーリング、支援役との距離を確認する。,"[""ジュノ"", ""体力半分以下の敵"", ""孤立したサポート""]",ジュノを倒し切るより、まず遮蔽から離れない。スティッキー・ボム命中後だけフォーカス・ビームへ進み、フライトで長追いしないことを1回だけ意識する。,オービタル・レイ・ハイパーリングを確認するまで決め技を急がない。グライド・ブースト・パルサー・トーピードの後だけ前に出る。,ジュノ単体ではなく、敵構成の起点役か支援役かを判断する。支援役なら回復先、起点役なら侵入後の硬直を狙う。,ジュノの次のグライド・ブースト・パルサー・トーピードを予測して先に立ち位置を変える。アルティメットは撃破狙いだけでなく、敵の救助スキル使用後の再配置を崩す目的で使う。,支援線を切ると崩れるサポート,ジュノ本人だけでなく、誰を救助・回復しているかを見て撃破対象を分ける。,ジュノの救助・回復スキルを先に使わせ、直後に守られていない敵へトライ・ショットとフォーカス・ビームを合わせる。,救助を吐かせた後に深追いせず、フライトで味方射線へ戻って次のキルを狙うタイミングを待つ。,試合後に「ジュノの何を見てから撃ったか」「外した時にどこへ戻ったか」を1回だけ確認する。,エコー対ジュノは、支援線を切ると崩れるサポートとして読む。最初に見る情報、撃つ瞬間、失敗時の戻り先を分けると、数値評価以上に安定する。,ジュノへの説明は「撃つ」「追う」だけで終わらせない。ダイブ確認、倒し切りを狙う条件、撤退先、次の狙いを必ず1文ずつ分け、エコーのトライ・ショットとフォーカス・ビームとフライトの使い道を混同しない。,支援線管理,ジュノ本人の撃破より、救助・回復の向きと守られていない敵を見つける。,この試合で「ジュノ本人だけでなく、誰を救助・回復しているかを見て撃破対象を分ける。」を守れたか。守れなかった場合、次は撃つ前に何を1つだけ見るか。,ジュノの救助・回復スキルを先に使わせ、直後に守られていない敵へトライ・ショットとフォーカス・ビームを合わせる。 次は救助スキル使用後に深追いせず、フライトで味方射線へ戻って次のキルを狙うタイミングを待つ。できていれば成功。,ジュノだけを追い、救助スキルを吐かせた後の本命対象を見失う。,次の試合ではジュノの救助を確認した直後、守られていない敵へフォーカス・ビームを使う。,ジュノが誰を助けたか、助けた後に誰が孤立したかを確認する。,次の試合ではジュノを倒すことより、確認、攻撃、退避の順番を崩さない。
Baptiste,4.2,やや不利,バティスト相手は空中で長く見合わない。壁・屋根・高台の縁からスティッキー・ボムを貼り、命中確認後だけフォーカス・ビームへ進む。,トライ・ショットは長く撃ち続けず、スティッキー・ボムの貼り付け確認を優先する。アンプリフィケーション・マトリックス・イモータリティ・フィールドが残る間はビームで身をさらさない。,コピーはバティスト本人だけでなく、敵構成で時間を作れるタンク・救助できるサポート候補も見る。アンプリフィケーション・マトリックス・イモータリティ・フィールドが残る敵へ正面から使わない。,イモータリティ・フィールドの後、またはバティストが別の味方を見ている時だけ追撃する。,毎回、バティストのイモータリティ・フィールド、アンプリフィケーション・マトリックス・イモータリティ・フィールド、支援役との距離を確認する。,"[""バティスト"", ""体力半分以下の敵"", ""孤立したサポート""]",バティストを倒し切るより、まず遮蔽から離れない。スティッキー・ボム命中後だけフォーカス・ビームへ進み、フライトで長追いしないことを1回だけ意識する。,アンプリフィケーション・マトリックス・イモータリティ・フィールドを確認するまで決め技を急がない。イモータリティ・フィールドの後だけ前に出る。,バティスト単体ではなく、敵構成の起点役か支援役かを判断する。支援役なら回復先、起点役なら侵入後の硬直を狙う。,バティストの次のイモータリティ・フィールドを予測して先に立ち位置を変える。アルティメットは撃破狙いだけでなく、敵の救助スキル使用後の再配置を崩す目的で使う。,救助・回復スキルでキルタイミングを遅らせるサポート,バティスト本人だけでなく、誰を救助・回復しているかを見て撃破対象を分ける。,バティストの救助・回復スキルを先に使わせ、直後に守られていない敵へトライ・ショットとフォーカス・ビームを合わせる。,救助を吐かせた後に深追いせず、フライトで味方射線へ戻って次のキルを狙うタイミングを待つ。,試合後に「バティストの何を見てから撃ったか」「外した時にどこへ戻ったか」を1回だけ確認する。,エコー対バティストは、救助・回復スキルでキルタイミングを遅らせるサポートとして読む。最初に見る情報、撃つ瞬間、失敗時の戻り先を分けると、数値評価以上に安定する。,バティストへの説明は「撃つ」「追う」だけで終わらせない。ダイブ確認、倒し切りを狙う条件、撤退先、次の狙いを必ず1文ずつ分け、エコーのトライ・ショットとフォーカス・ビームとフライトの使い道を混同しない。,救助確認,バティスト本人の撃破より、救助・回復の向きと守られていない敵を見つける。,この試合で「バティスト本人だけでなく、誰を救助・回復しているかを見て撃破対象を分ける。」を守れたか。守れなかった場合、次は撃つ前に何を1つだけ見るか。,バティストの救助・回復スキルを先に使わせ、直後に守られていない敵へトライ・ショットとフォーカス・ビームを合わせる。 次は救助スキル使用後に深追いせず、フライトで味方射線へ戻って次のキルを狙うタイミングを待つ。できていれば成功。,バティストだけを追い、救助スキルを吐かせた後の本命対象を見失う。,次の試合ではバティストの救助を確認した直後、守られていない敵へフォーカス・ビームを使う。,バティストが誰を助けたか、助けた後に誰が孤立したかを確認する。,次の試合ではバティストを倒すことより、確認、攻撃、退避の順番を崩さない。
Mercy,5.0,五分,マーシー相手はスティッキー・ボムで体力半分以下を作り、フォーカス・ビームは倒し切れる時だけ使う。,トライ・ショットは長く撃ち続けず、スティッキー・ボムの貼り付け確認を優先する。ヴァルキリー・蘇生が残る間はビームで身をさらさない。,コピーはマーシー本人だけでなく、敵構成で時間を作れるタンク・救助できるサポート候補も見る。ヴァルキリー・蘇生が残る敵へ正面から使わない。,ガーディアン・エンジェル・蘇生の後か、支援から離れた瞬間だけ入る。,毎回、マーシーのガーディアン・エンジェル・蘇生、ヴァルキリー・蘇生、支援役との距離を確認する。,"[""マーシー"", ""体力半分以下の敵"", ""孤立したサポート""]",マーシーを倒し切るより、まず遮蔽から離れない。スティッキー・ボム命中後だけフォーカス・ビームへ進み、フライトで長追いしないことを1回だけ意識する。,ヴァルキリー・蘇生を確認するまで決め技を急がない。ガーディアン・エンジェル・蘇生の後だけ前に出る。,マーシー単体ではなく、敵構成の起点役か支援役かを判断する。支援役なら回復先、起点役なら侵入後の硬直を狙う。,マーシーの次のガーディアン・エンジェル・蘇生を予測して先に立ち位置を変える。アルティメットは撃破狙いだけでなく、敵の救助スキル使用後の再配置を崩す目的で使う。,救助・回復スキルでキルタイミングを遅らせるサポート,マーシー本人だけでなく、誰を救助・回復しているかを見て撃破対象を分ける。,マーシーの救助・回復スキルを先に使わせ、直後に守られていない敵へトライ・ショットとフォーカス・ビームを合わせる。,救助を吐かせた後に深追いせず、フライトで味方射線へ戻って次のキルを狙うタイミングを待つ。,試合後に「マーシーの何を見てから撃ったか」「外した時にどこへ戻ったか」を1回だけ確認する。,エコー対マーシーは、救助・回復スキルでキルタイミングを遅らせるサポートとして読む。最初に見る情報、撃つ瞬間、失敗時の戻り先を分けると、数値評価以上に安定する。,マーシーへの説明は「撃つ」「追う」だけで終わらせない。ダイブ確認、倒し切りを狙う条件、撤退先、次の狙いを必ず1文ずつ分け、エコーのトライ・ショットとフォーカス・ビームとフライトの使い道を混同しない。,救助確認,マーシー本人の撃破より、救助・回復の向きと守られていない敵を見つける。,この試合で「マーシー本人だけでなく、誰を救助・回復しているかを見て撃破対象を分ける。」を守れたか。守れなかった場合、次は撃つ前に何を1つだけ見るか。,マーシーの救助・回復スキルを先に使わせ、直後に守られていない敵へトライ・ショットとフォーカス・ビームを合わせる。 次は救助スキル使用後に深追いせず、フライトで味方射線へ戻って次のキルを狙うタイミングを待つ。できていれば成功。,マーシーだけを追い、救助スキルを吐かせた後の本命対象を見失う。,次の試合ではマーシーの救助を確認した直後、守られていない敵へフォーカス・ビームを使う。,マーシーが誰を助けたか、助けた後に誰が孤立したかを確認する。,次の試合ではマーシーを倒すことより、確認、攻撃、退避の順番を崩さない。
Lifeweaver,5.3,五分,ライフウィーバー相手はスティッキー・ボムで体力半分以下を作り、フォーカス・ビームは倒し切れる時だけ使う。,トライ・ショットは長く撃ち続けず、スティッキー・ボムの貼り付け確認を優先する。命の樹・ライフグリップが残る間はビームで身をさらさない。,コピーはライフウィーバー本人だけでなく、敵構成で時間を作れるタンク・救助できるサポート候補も見る。命の樹・ライフグリップが残る敵へ正面から使わない。,ペタル・プラットフォーム・若返りの風の後か、支援から離れた瞬間だけ入る。,毎回、ライフウィーバーのペタル・プラットフォーム・若返りの風、命の樹・ライフグリップ、支援役との距離を確認する。,"[""ライフウィーバー"", ""体力半分以下の敵"", ""孤立したサポート""]",ライフウィーバーを倒し切るより、まず遮蔽から離れない。スティッキー・ボム命中後だけフォーカス・ビームへ進み、フライトで長追いしないことを1回だけ意識する。,命の樹・ライフグリップを確認するまで決め技を急がない。ペタル・プラットフォーム・若返りの風の後だけ前に出る。,ライフウィーバー単体ではなく、敵構成の起点役か支援役かを判断する。支援役なら回復先、起点役なら侵入後の硬直を狙う。,ライフウィーバーの次のペタル・プラットフォーム・若返りの風を予測して先に立ち位置を変える。アルティメットは撃破狙いだけでなく、敵の救助スキル使用後の再配置を崩す目的で使う。,救助・回復スキルでキルタイミングを遅らせるサポート,ライフウィーバー本人だけでなく、誰を救助・回復しているかを見て撃破対象を分ける。,ライフウィーバーの救助・回復スキルを先に使わせ、直後に守られていない敵へトライ・ショットとフォーカス・ビームを合わせる。,救助を吐かせた後に深追いせず、フライトで味方射線へ戻って次のキルを狙うタイミングを待つ。,試合後に「ライフウィーバーの何を見てから撃ったか」「外した時にどこへ戻ったか」を1回だけ確認する。,エコー対ライフウィーバーは、救助・回復スキルでキルタイミングを遅らせるサポートとして読む。最初に見る情報、撃つ瞬間、失敗時の戻り先を分けると、数値評価以上に安定する。,ライフウィーバーへの説明は「撃つ」「追う」だけで終わらせない。ダイブ確認、倒し切りを狙う条件、撤退先、次の狙いを必ず1文ずつ分け、エコーのトライ・ショットとフォーカス・ビームとフライトの使い道を混同しない。,救助確認,ライフウィーバー本人の撃破より、救助・回復の向きと守られていない敵を見つける。,この試合で「ライフウィーバー本人だけでなく、誰を救助・回復しているかを見て撃破対象を分ける。」を守れたか。守れなかった場合、次は撃つ前に何を1つだけ見るか。,ライフウィーバーの救助・回復スキルを先に使わせ、直後に守られていない敵へトライ・ショットとフォーカス・ビームを合わせる。 次は救助スキル使用後に深追いせず、フライトで味方射線へ戻って次のキルを狙うタイミングを待つ。できていれば成功。,ライフウィーバーだけを追い、救助スキルを吐かせた後の本命対象を見失う。,次の試合ではライフウィーバーの救助を確認した直後、守られていない敵へフォーカス・ビームを使う。,ライフウィーバーが誰を助けたか、助けた後に誰が孤立したかを確認する。,次の試合ではライフウィーバーを倒すことより、確認、攻撃、退避の順番を崩さない。
Kiriko,4.5,やや不利,キリコ相手はスティッキー・ボムで体力半分以下を作り、フォーカス・ビームは倒し切れる時だけ使う。,トライ・ショットは長く撃ち続けず、スティッキー・ボムの貼り付け確認を優先する。狐走り・鈴のご加護が残る間はビームで身をさらさない。,コピーはキリコ本人だけでなく、敵構成で時間を作れるタンク・救助できるサポート候補も見る。狐走り・鈴のご加護が残る敵へ正面から使わない。,神出鬼没・鈴のご加護の後か、支援から離れた瞬間だけ入る。,毎回、キリコの神出鬼没・鈴のご加護、狐走り・鈴のご加護、支援役との距離を確認する。,"[""キリコ"", ""体力半分以下の敵"", ""孤立したサポート""]",キリコを倒し切るより、まず遮蔽から離れない。スティッキー・ボム命中後だけフォーカス・ビームへ進み、フライトで長追いしないことを1回だけ意識する。,狐走り・鈴のご加護を確認するまで決め技を急がない。神出鬼没・鈴のご加護の後だけ前に出る。,キリコ単体ではなく、敵構成の起点役か支援役かを判断する。支援役なら回復先、起点役なら侵入後の硬直を狙う。,キリコの次の神出鬼没・鈴のご加護を予測して先に立ち位置を変える。アルティメットは撃破狙いだけでなく、敵の救助スキル使用後の再配置を崩す目的で使う。,救助・回復スキルでキルタイミングを遅らせるサポート,キリコ本人だけでなく、誰を救助・回復しているかを見て撃破対象を分ける。,キリコの救助・回復スキルを先に使わせ、直後に守られていない敵へトライ・ショットとフォーカス・ビームを合わせる。,救助を吐かせた後に深追いせず、フライトで味方射線へ戻って次のキルを狙うタイミングを待つ。,試合後に「キリコの何を見てから撃ったか」「外した時にどこへ戻ったか」を1回だけ確認する。,エコー対キリコは、救助・回復スキルでキルタイミングを遅らせるサポートとして読む。最初に見る情報、撃つ瞬間、失敗時の戻り先を分けると、数値評価以上に安定する。,キリコへの説明は「撃つ」「追う」だけで終わらせない。ダイブ確認、倒し切りを狙う条件、撤退先、次の狙いを必ず1文ずつ分け、エコーのトライ・ショットとフォーカス・ビームとフライトの使い道を混同しない。,救助確認,キリコ本人の撃破より、救助・回復の向きと守られていない敵を見つける。,この試合で「キリコ本人だけでなく、誰を救助・回復しているかを見て撃破対象を分ける。」を守れたか。守れなかった場合、次は撃つ前に何を1つだけ見るか。,キリコの救助・回復スキルを先に使わせ、直後に守られていない敵へトライ・ショットとフォーカス・ビームを合わせる。 次は救助スキル使用後に深追いせず、フライトで味方射線へ戻って次のキルを狙うタイミングを待つ。できていれば成功。,キリコだけを追い、救助スキルを吐かせた後の本命対象を見失う。,次の試合ではキリコの救助を確認した直後、守られていない敵へフォーカス・ビームを使う。,キリコが誰を助けたか、助けた後に誰が孤立したかを確認する。,次の試合ではキリコを倒すことより、確認、攻撃、退避の順番を崩さない。
Brigitte,5.8,五分,ブリギッテ相手はスティッキー・ボムで体力半分以下を作り、フォーカス・ビームは倒し切れる時だけ使う。,トライ・ショットは長く撃ち続けず、スティッキー・ボムの貼り付け確認を優先する。ラリー・バリア・シールドが残る間はビームで身をさらさない。,コピーはブリギッテ本人だけでなく、敵構成で時間を作れるタンク・救助できるサポート候補も見る。ラリー・リペア・パックが残る敵へ正面から使わない。,シールド・バッシュ・ウィップ・ショットの後か、支援から離れた瞬間だけ入る。,毎回、ブリギッテのシールド・バッシュ・ウィップ・ショット、ラリー・バリア・シールド、支援役との距離を確認する。,"[""ブリギッテ"", ""体力半分以下の敵"", ""孤立したサポート""]",ブリギッテを倒し切るより、まず遮蔽から離れない。スティッキー・ボム命中後だけフォーカス・ビームへ進み、フライトで長追いしないことを1回だけ意識する。,ラリー・バリア・シールドを確認するまで決め技を急がない。シールド・バッシュ・ウィップ・ショットの後だけ前に出る。,ブリギッテ単体ではなく、敵構成の起点役か支援役かを判断する。支援役なら回復先、起点役なら侵入後の硬直を狙う。,ブリギッテの次のシールド・バッシュ・ウィップ・ショットを予測して先に立ち位置を変える。アルティメットは撃破狙いだけでなく、敵の救助スキル使用後の再配置を崩す目的で使う。,救助・回復スキルでキルタイミングを遅らせるサポート,ブリギッテ本人だけでなく、誰を救助・回復しているかを見て撃破対象を分ける。,ブリギッテの救助・回復スキルを先に使わせ、直後に守られていない敵へトライ・ショットとフォーカス・ビームを合わせる。,救助を吐かせた後に深追いせず、フライトで味方射線へ戻って次のキルを狙うタイミングを待つ。,試合後に「ブリギッテの何を見てから撃ったか」「外した時にどこへ戻ったか」を1回だけ確認する。,エコー対ブリギッテは、救助・回復スキルでキルタイミングを遅らせるサポートとして読む。最初に見る情報、撃つ瞬間、失敗時の戻り先を分けると、数値評価以上に安定する。,ブリギッテへの説明は「撃つ」「追う」だけで終わらせない。ダイブ確認、倒し切りを狙う条件、撤退先、次の狙いを必ず1文ずつ分け、エコーのトライ・ショットとフォーカス・ビームとフライトの使い道を混同しない。,救助確認,ブリギッテ本人の撃破より、救助・回復の向きと守られていない敵を見つける。,この試合で「ブリギッテ本人だけでなく、誰を救助・回復しているかを見て撃破対象を分ける。」を守れたか。守れなかった場合、次は撃つ前に何を1つだけ見るか。,ブリギッテの救助・回復スキルを先に使わせ、直後に守られていない敵へトライ・ショットとフォーカス・ビームを合わせる。 次は救助スキル使用後に深追いせず、フライトで味方射線へ戻って次のキルを狙うタイミングを待つ。できていれば成功。,ブリギッテだけを追い、救助スキルを吐かせた後の本命対象を見失う。,次の試合ではブリギッテの救助を確認した直後、守られていない敵へフォーカス・ビームを使う。,ブリギッテが誰を助けたか、助けた後に誰が孤立したかを確認する。,次の試合ではブリギッテを倒すことより、確認、攻撃、退避の順番を崩さない。
Moira,4.7,やや不利,モイラ相手はスティッキー・ボムで体力半分以下を作り、フォーカス・ビームは倒し切れる時だけ使う。,トライ・ショットは長く撃ち続けず、スティッキー・ボムの貼り付け確認を優先する。コアレッセンス・フェードが残る間はビームで身をさらさない。,コピーはモイラ本人だけでなく、敵構成で時間を作れるタンク・救助できるサポート候補も見る。コアレッセンス・フェードが残る敵へ正面から使わない。,フェード・バイオティック・オーブの後か、支援から離れた瞬間だけ入る。,毎回、モイラのフェード・バイオティック・オーブ、コアレッセンス・フェード、支援役との距離を確認する。,"[""モイラ"", ""体力半分以下の敵"", ""孤立したサポート""]",モイラを倒し切るより、まず遮蔽から離れない。スティッキー・ボム命中後だけフォーカス・ビームへ進み、フライトで長追いしないことを1回だけ意識する。,コアレッセンス・フェードを確認するまで決め技を急がない。フェード・バイオティック・オーブの後だけ前に出る。,モイラ単体ではなく、敵構成の起点役か支援役かを判断する。支援役なら回復先、起点役なら侵入後の硬直を狙う。,モイラの次のフェード・バイオティック・オーブを予測して先に立ち位置を変える。アルティメットは撃破狙いだけでなく、敵の救助スキル使用後の再配置を崩す目的で使う。,救助・回復スキルでキルタイミングを遅らせるサポート,モイラ本人だけでなく、誰を救助・回復しているかを見て撃破対象を分ける。,モイラの救助・回復スキルを先に使わせ、直後に守られていない敵へトライ・ショットとフォーカス・ビームを合わせる。,救助を吐かせた後に深追いせず、フライトで味方射線へ戻って次のキルを狙うタイミングを待つ。,試合後に「モイラの何を見てから撃ったか」「外した時にどこへ戻ったか」を1回だけ確認する。,エコー対モイラは、救助・回復スキルでキルタイミングを遅らせるサポートとして読む。最初に見る情報、撃つ瞬間、失敗時の戻り先を分けると、数値評価以上に安定する。,モイラへの説明は「撃つ」「追う」だけで終わらせない。ダイブ確認、倒し切りを狙う条件、撤退先、次の狙いを必ず1文ずつ分け、エコーのトライ・ショットとフォーカス・ビームとフライトの使い道を混同しない。,救助確認,モイラ本人の撃破より、救助・回復の向きと守られていない敵を見つける。,この試合で「モイラ本人だけでなく、誰を救助・回復しているかを見て撃破対象を分ける。」を守れたか。守れなかった場合、次は撃つ前に何を1つだけ見るか。,モイラの救助・回復スキルを先に使わせ、直後に守られていない敵へトライ・ショットとフォーカス・ビームを合わせる。 次は救助スキル使用後に深追いせず、フライトで味方射線へ戻って次のキルを狙うタイミングを待つ。できていれば成功。,モイラだけを追い、救助スキルを吐かせた後の本命対象を見失う。,次の試合ではモイラの救助を確認した直後、守られていない敵へフォーカス・ビームを使う。,モイラが誰を助けたか、助けた後に誰が孤立したかを確認する。,次の試合ではモイラを倒すことより、確認、攻撃、退避の順番を崩さない。
Lúcio,4.5,やや不利,ルシオ相手はスティッキー・ボムで体力半分以下を作り、フォーカス・ビームは倒し切れる時だけ使う。,トライ・ショットは長く撃ち続けず、スティッキー・ボムの貼り付け確認を優先する。サウンド・バリアが残る間はビームで身をさらさない。,コピーはルシオ本人だけでなく、敵構成で時間を作れるタンク・救助できるサポート候補も見る。サウンド・バリアが残る敵へ正面から使わない。,ウォール・ライド・サウンドウェーブの後か、支援から離れた瞬間だけ入る。,毎回、ルシオのウォール・ライド・サウンドウェーブ、サウンド・バリア、支援役との距離を確認する。,"[""ルシオ"", ""体力半分以下の敵"", ""孤立したサポート""]",ルシオを倒し切るより、まず遮蔽から離れない。スティッキー・ボム命中後だけフォーカス・ビームへ進み、フライトで長追いしないことを1回だけ意識する。,サウンド・バリアを確認するまで決め技を急がない。ウォール・ライド・サウンドウェーブの後だけ前に出る。,ルシオ単体ではなく、敵構成の起点役か支援役かを判断する。支援役なら回復先、起点役なら侵入後の硬直を狙う。,ルシオの次のウォール・ライド・サウンドウェーブを予測して先に立ち位置を変える。アルティメットは撃破狙いだけでなく、敵の救助スキル使用後の再配置を崩す目的で使う。,支援線を切ると崩れるサポート,ルシオ本人だけでなく、誰を救助・回復しているかを見て撃破対象を分ける。,ルシオの救助・回復スキルを先に使わせ、直後に守られていない敵へトライ・ショットとフォーカス・ビームを合わせる。,救助を吐かせた後に深追いせず、フライトで味方射線へ戻って次のキルを狙うタイミングを待つ。,試合後に「ルシオの何を見てから撃ったか」「外した時にどこへ戻ったか」を1回だけ確認する。,エコー対ルシオは、支援線を切ると崩れるサポートとして読む。最初に見る情報、撃つ瞬間、失敗時の戻り先を分けると、数値評価以上に安定する。,ルシオへの説明は「撃つ」「追う」だけで終わらせない。ダイブ確認、倒し切りを狙う条件、撤退先、次の狙いを必ず1文ずつ分け、エコーのトライ・ショットとフォーカス・ビームとフライトの使い道を混同しない。,支援線管理,ルシオ本人の撃破より、救助・回復の向きと守られていない敵を見つける。,この試合で「ルシオ本人だけでなく、誰を救助・回復しているかを見て撃破対象を分ける。」を守れたか。守れなかった場合、次は撃つ前に何を1つだけ見るか。,ルシオの救助・回復スキルを先に使わせ、直後に守られていない敵へトライ・ショットとフォーカス・ビームを合わせる。 次は救助スキル使用後に深追いせず、フライトで味方射線へ戻って次のキルを狙うタイミングを待つ。できていれば成功。,ルシオだけを追い、救助スキルを吐かせた後の本命対象を見失う。,次の試合ではルシオの救助を確認した直後、守られていない敵へフォーカス・ビームを使う。,ルシオが誰を助けたか、助けた後に誰が孤立したかを確認する。,次の試合ではルシオを倒すことより、確認、攻撃、退避の順番を崩さない。
Ana,4.6,やや不利,アナ相手は空中で長く見合わない。壁・屋根・高台の縁からスティッキー・ボムを貼り、命中確認後だけフォーカス・ビームへ進む。,トライ・ショットは長く撃ち続けず、スティッキー・ボムの貼り付け確認を優先する。ナノ・ブースト・スリープ・ダーツが残る間はビームで身をさらさない。,コピーはアナ本人だけでなく、敵構成で時間を作れるタンク・救助できるサポート候補も見る。ナノ・ブースト・スリープ・ダーツが残る敵へ正面から使わない。,スリープ・ダーツ・バイオティック・グレネードの後、またはアナが別の味方を見ている時だけ追撃する。,毎回、アナのスリープ・ダーツ・バイオティック・グレネード、ナノ・ブースト・スリープ・ダーツ、支援役との距離を確認する。,"[""アナ"", ""体力半分以下の敵"", ""孤立したサポート""]",アナを倒し切るより、まず遮蔽から離れない。スティッキー・ボム命中後だけフォーカス・ビームへ進み、フライトで長追いしないことを1回だけ意識する。,ナノ・ブースト・スリープ・ダーツを確認するまで決め技を急がない。スリープ・ダーツ・バイオティック・グレネードの後だけ前に出る。,アナ単体ではなく、敵構成の起点役か支援役かを判断する。支援役なら回復先、起点役なら侵入後の硬直を狙う。,アナの次のスリープ・ダーツ・バイオティック・グレネードを予測して先に立ち位置を変える。アルティメットは撃破狙いだけでなく、敵の救助スキル使用後の再配置を崩す目的で使う。,救助・回復スキルでキルタイミングを遅らせるサポート,アナ本人だけでなく、誰を救助・回復しているかを見て撃破対象を分ける。,アナの救助・回復スキルを先に使わせ、直後に守られていない敵へトライ・ショットとフォーカス・ビームを合わせる。,救助を吐かせた後に深追いせず、フライトで味方射線へ戻って次のキルを狙うタイミングを待つ。,試合後に「アナの何を見てから撃ったか」「外した時にどこへ戻ったか」を1回だけ確認する。,エコー対アナは、救助・回復スキルでキルタイミングを遅らせるサポートとして読む。最初に見る情報、撃つ瞬間、失敗時の戻り先を分けると、数値評価以上に安定する。,アナへの説明は「撃つ」「追う」だけで終わらせない。ダイブ確認、倒し切りを狙う条件、撤退先、次の狙いを必ず1文ずつ分け、エコーのトライ・ショットとフォーカス・ビームとフライトの使い道を混同しない。,救助確認,アナ本人の撃破より、救助・回復の向きと守られていない敵を見つける。,この試合で「アナ本人だけでなく、誰を救助・回復しているかを見て撃破対象を分ける。」を守れたか。守れなかった場合、次は撃つ前に何を1つだけ見るか。,アナの救助・回復スキルを先に使わせ、直後に守られていない敵へトライ・ショットとフォーカス・ビームを合わせる。 次は救助スキル使用後に深追いせず、フライトで味方射線へ戻って次のキルを狙うタイミングを待つ。できていれば成功。,アナだけを追い、救助スキルを吐かせた後の本命対象を見失う。,次の試合ではアナの救助を確認した直後、守られていない敵へフォーカス・ビームを使う。,アナが誰を助けたか、助けた後に誰が孤立したかを確認する。,次の試合ではアナを倒すことより、確認、攻撃、退避の順番を崩さない。
Wuyang,5.1,五分,ウーヤン相手はスティッキー・ボムで体力半分以下を作り、フォーカス・ビームは倒し切れる時だけ使う。,トライ・ショットは長く撃ち続けず、スティッキー・ボムの貼り付け確認を優先する。守衛波浪・養神泉が残る間はビームで身をさらさない。,コピーはウーヤン本人だけでなく、敵構成で時間を作れるタンク・救助できるサポート候補も見る。守衛波浪・養神泉が残る敵へ正面から使わない。,飛流歩・玄武之杖の後か、支援から離れた瞬間だけ入る。,毎回、ウーヤンの飛流歩・玄武之杖、守衛波浪・養神泉、支援役との距離を確認する。,"[""ウーヤン"", ""体力半分以下の敵"", ""孤立したサポート""]",ウーヤンを倒し切るより、まず遮蔽から離れない。スティッキー・ボム命中後だけフォーカス・ビームへ進み、フライトで長追いしないことを1回だけ意識する。,守衛波浪・養神泉を確認するまで決め技を急がない。飛流歩・玄武之杖の後だけ前に出る。,ウーヤン単体ではなく、敵構成の起点役か支援役かを判断する。支援役なら回復先、起点役なら侵入後の硬直を狙う。,ウーヤンの次の飛流歩・玄武之杖を予測して先に立ち位置を変える。アルティメットは撃破狙いだけでなく、敵の救助スキル使用後の再配置を崩す目的で使う。,救助・回復スキルでキルタイミングを遅らせるサポート,ウーヤン本人だけでなく、誰を救助・回復しているかを見て撃破対象を分ける。,ウーヤンの救助・回復スキルを先に使わせ、直後に守られていない敵へトライ・ショットとフォーカス・ビームを合わせる。,救助を吐かせた後に深追いせず、フライトで味方射線へ戻って次のキルを狙うタイミングを待つ。,試合後に「ウーヤンの何を見てから撃ったか」「外した時にどこへ戻ったか」を1回だけ確認する。,エコー対ウーヤンは、救助・回復スキルでキルタイミングを遅らせるサポートとして読む。最初に見る情報、撃つ瞬間、失敗時の戻り先を分けると、数値評価以上に安定する。,ウーヤンへの説明は「撃つ」「追う」だけで終わらせない。ダイブ確認、倒し切りを狙う条件、撤退先、次の狙いを必ず1文ずつ分け、エコーのトライ・ショットとフォーカス・ビームとフライトの使い道を混同しない。,救助確認,ウーヤン本人の撃破より、救助・回復の向きと守られていない敵を見つける。,この試合で「ウーヤン本人だけでなく、誰を救助・回復しているかを見て撃破対象を分ける。」を守れたか。守れなかった場合、次は撃つ前に何を1つだけ見るか。,ウーヤンの救助・回復スキルを先に使わせ、直後に守られていない敵へトライ・ショットとフォーカス・ビームを合わせる。 次は救助スキル使用後に深追いせず、フライトで味方射線へ戻って次のキルを狙うタイミングを待つ。できていれば成功。,ウーヤンだけを追い、救助スキルを吐かせた後の本命対象を見失う。,次の試合ではウーヤンの救助を確認した直後、守られていない敵へフォーカス・ビームを使う。,ウーヤンが誰を助けたか、助けた後に誰が孤立したかを確認する。,次の試合ではウーヤンを倒すことより、確認、攻撃、退避の順番を崩さない。
Zenyatta,6.2,五分,ゼニヤッタ相手は空中で長く見合わない。壁・屋根・高台の縁からスティッキー・ボムを貼り、命中確認後だけフォーカス・ビームへ進む。,トライ・ショットは長く撃ち続けず、スティッキー・ボムの貼り付け確認を優先する。不和のオーブ・心頭滅却が残る間はビームで身をさらさない。,コピーはゼニヤッタ本人だけでなく、敵構成で時間を作れるタンク・救助できるサポート候補も見る。不和のオーブ・心頭滅却が残る敵へ正面から使わない。,不和のオーブ・心頭滅却の後、またはゼニヤッタが別の味方を見ている時だけ追撃する。,毎回、ゼニヤッタの不和のオーブ・心頭滅却、不和のオーブ・心頭滅却、支援役との距離を確認する。,"[""ゼニヤッタ"", ""体力半分以下の敵"", ""孤立したサポート""]",ゼニヤッタを倒し切るより、まず遮蔽から離れない。スティッキー・ボム命中後だけフォーカス・ビームへ進み、フライトで長追いしないことを1回だけ意識する。,不和のオーブ・心頭滅却を確認するまで決め技を急がない。不和のオーブ・心頭滅却の後だけ前に出る。,ゼニヤッタ単体ではなく、敵構成の起点役か支援役かを判断する。支援役なら回復先、起点役なら侵入後の硬直を狙う。,ゼニヤッタの次の不和のオーブ・心頭滅却を予測して先に立ち位置を変える。アルティメットは撃破狙いだけでなく、敵の救助スキル使用後の再配置を崩す目的で使う。,支援線を切ると崩れるサポート,ゼニヤッタ本人だけでなく、誰を救助・回復しているかを見て撃破対象を分ける。,ゼニヤッタの救助・回復スキルを先に使わせ、直後に守られていない敵へトライ・ショットとフォーカス・ビームを合わせる。,救助を吐かせた後に深追いせず、フライトで味方射線へ戻って次のキルを狙うタイミングを待つ。,試合後に「ゼニヤッタの何を見てから撃ったか」「外した時にどこへ戻ったか」を1回だけ確認する。,エコー対ゼニヤッタは、支援線を切ると崩れるサポートとして読む。最初に見る情報、撃つ瞬間、失敗時の戻り先を分けると、数値評価以上に安定する。,ゼニヤッタへの説明は「撃つ」「追う」だけで終わらせない。ダイブ確認、倒し切りを狙う条件、撤退先、次の狙いを必ず1文ずつ分け、エコーのトライ・ショットとフォーカス・ビームとフライトの使い道を混同しない。,支援線管理,ゼニヤッタ本人の撃破より、救助・回復の向きと守られていない敵を見つける。,この試合で「ゼニヤッタ本人だけでなく、誰を救助・回復しているかを見て撃破対象を分ける。」を守れたか。守れなかった場合、次は撃つ前に何を1つだけ見るか。,ゼニヤッタの救助・回復スキルを先に使わせ、直後に守られていない敵へトライ・ショットとフォーカス・ビームを合わせる。 次は救助スキル使用後に深追いせず、フライトで味方射線へ戻って次のキルを狙うタイミングを待つ。できていれば成功。,ゼニヤッタだけを追い、救助スキルを吐かせた後の本命対象を見失う。,次の試合ではゼニヤッタの救助を確認した直後、守られていない敵へフォーカス・ビームを使う。,ゼニヤッタが誰を助けたか、助けた後に誰が孤立したかを確認する。,次の試合ではゼニヤッタを倒すことより、確認、攻撃、退避の順番を崩さない。
Mizuki,5.1,五分,ミズキ相手はスティッキー・ボムで体力半分以下を作り、フォーカス・ビームは倒し切れる時だけ使う。,トライ・ショットは長く撃ち続けず、スティッキー・ボムの貼り付け確認を優先する。癒しの波動・霊域結界が残る間はビームで身をさらさない。,コピーはミズキ本人だけでなく、敵構成で時間を作れるタンク・救助できるサポート候補も見る。癒しの波動・霊域結界が残る敵へ正面から使わない。,形代・呪縛の後か、支援から離れた瞬間だけ入る。,毎回、ミズキの形代・呪縛、癒しの波動・霊域結界、支援役との距離を確認する。,"[""ミズキ"", ""体力半分以下の敵"", ""孤立したサポート""]",ミズキを倒し切るより、まず遮蔽から離れない。スティッキー・ボム命中後だけフォーカス・ビームへ進み、フライトで長追いしないことを1回だけ意識する。,癒しの波動・霊域結界を確認するまで決め技を急がない。形代・呪縛の後だけ前に出る。,ミズキ単体ではなく、敵構成の起点役か支援役かを判断する。支援役なら回復先、起点役なら侵入後の硬直を狙う。,ミズキの次の形代・呪縛を予測して先に立ち位置を変える。アルティメットは撃破狙いだけでなく、敵の救助スキル使用後の再配置を崩す目的で使う。,救助・回復スキルでキルタイミングを遅らせるサポート,ミズキ本人だけでなく、誰を救助・回復しているかを見て撃破対象を分ける。,ミズキの救助・回復スキルを先に使わせ、直後に守られていない敵へトライ・ショットとフォーカス・ビームを合わせる。,救助を吐かせた後に深追いせず、フライトで味方射線へ戻って次のキルを狙うタイミングを待つ。,試合後に「ミズキの何を見てから撃ったか」「外した時にどこへ戻ったか」を1回だけ確認する。,エコー対ミズキは、救助・回復スキルでキルタイミングを遅らせるサポートとして読む。最初に見る情報、撃つ瞬間、失敗時の戻り先を分けると、数値評価以上に安定する。,ミズキへの説明は「撃つ」「追う」だけで終わらせない。ダイブ確認、倒し切りを狙う条件、撤退先、次の狙いを必ず1文ずつ分け、エコーのトライ・ショットとフォーカス・ビームとフライトの使い道を混同しない。,救助確認,ミズキ本人の撃破より、救助・回復の向きと守られていない敵を見つける。,この試合で「ミズキ本人だけでなく、誰を救助・回復しているかを見て撃破対象を分ける。」を守れたか。守れなかった場合、次は撃つ前に何を1つだけ見るか。,ミズキの救助・回復スキルを先に使わせ、直後に守られていない敵へトライ・ショットとフォーカス・ビームを合わせる。 次は救助スキル使用後に深追いせず、フライトで味方射線へ戻って次のキルを狙うタイミングを待つ。できていれば成功。,ミズキだけを追い、救助スキルを吐かせた後の本命対象を見失う。,次の試合ではミズキの救助を確認した直後、守られていない敵へフォーカス・ビームを使う。,ミズキが誰を助けたか、助けた後に誰が孤立したかを確認する。,次の試合ではミズキを倒すことより、確認、攻撃、退避の順番を崩さない。
