hero_id,matchup_rating,matchup_type,gameplan,positioning,key_enemy_skills.respect,key_enemy_skills.punish_after,key_enemy_skills.blizzard_check,key_enemy_skills.wall_timing,source_comp_stats.wall_value,source_comp_stats.blaster_value,source_comp_stats.cryo_value,source_comp_stats.blizzard_value,source_comp_stats.priority_score,main,move,ultimate,targets,forbidden,depth_archetype,depth_first_check,depth_commit_window,depth_reset_rule,depth_practice_question,depth_summary,duplication_guardrail,review_pattern,wave_goal,review_question,success_signal,mistake_signal,next_adjustment,vod_marker,micro_drill
D.Va,4.4,射線と生存管理注意,D.Vaはメイのクリオフリーズ後を狙いやすい。アイス・ウォールで接近経路か退路を分断し、近距離スプレーは味方火力と合わせる。,味方サポートが見える遮蔽を基準にする。側面から入る敵を見たら、壁で合流を遅らせて人数差を作る。,"[""ブースター"", ""ブースター"", ""ディフェンス・マトリックス""]","[""ブースター"", ""ブースター"", ""ディフェンス・マトリックス""]","[""ブースター"", ""ディフェンス・マトリックス"", ""自爆""]","[""ブースター"", ""ブースター""]",10,6,10,10,9,凍結ブラスターはD.Vaの位置確認と足止めに使う。遠い時はつらら、近い時はスプレーで移動を遅らせる。,アイス・ウォールはD.Vaの退路、回復射線、味方から離れた位置を狙って置く。味方の射線を消さない。,ブリザードはD.Vaの移動・防御スキルを確認してから、逃げ道と回復射線を塞ぐ位置へ使う。,"[""D.Va"", ""壁で孤立した敵"", ""回復射線から離れた敵""]","[""クリオフリーズを早く使い、次の接近に耐えられないこと。"", ""壁を自分の前だけに置き、敵の合流を止めないこと。"", ""ブリザードを移動・防御スキル確認前に使うこと。""]",接近時のダイブ経路と帰り道を管理するタンク,D.Vaのダイブ経路を撃つ前に、着地点・帰り道・味方サポートへの距離を先に確認する。,D.Vaが防御スキルを見せた直後に倒し切ろうとせず、戻る向きが決まった瞬間へ凍結ブラスターとアイス・ウォールを合わせる。,削った後はクリオフリーズで同じ場所から離れ、敵サポートか孤立ダメージへ視線を切り替える。,試合後に「D.Vaの何を見てから撃ったか」「外した時にどこへ戻ったか」を1回だけ確認する。,メイ対D.Vaは、接近時のダイブ経路と帰り道を管理するタンクとして読む。最初に見る情報、撃つ瞬間、失敗時の戻り先を分けると、数値評価以上に安定する。,D.Vaへの説明は「撃つ」「追う」だけで終わらせない。ダイブ確認、倒し切りを狙う条件、撤退先、次の狙いを必ず1文ずつ分け、メイの凍結ブラスターとアイス・ウォールとクリオフリーズの使い道を混同しない。,接近管理,D.Vaのダイブ経路を止めるより、帰り道と味方サポートへの距離を見て被害を小さくする。,この試合で「D.Vaのダイブ経路を撃つ前に、着地点・帰り道・味方サポートへの距離を先に確認する。」を守れたか。守れなかった場合、次は撃つ前に何を1つだけ見るか。,D.Vaが防御スキルを見せた直後に倒し切ろうとせず、戻る向きが決まった瞬間へ凍結ブラスターとアイス・ウォールを合わせる。 次に削った後はクリオフリーズで同じ場所から離れ、敵サポートか孤立ダメージへ視線を切り替える。できていれば成功。,D.Vaを正面で追い続け、敵サポートの回復線まで自分から入ってしまう。,次の試合ではダイブ後の着地を1秒だけ撃ち、戻る向きが決まった瞬間へアイス・ウォールを残す。,D.Vaが入った瞬間、味方サポートの体力、クリオフリーズを使った位置を停止して確認する。,次の試合ではD.Vaを倒すことより、確認、攻撃、退避の順番を崩さない。
Winston,4.1,射線と生存管理注意,ウィンストンはメイのクリオフリーズ後を狙いやすい。アイス・ウォールで接近経路か退路を分断し、近距離スプレーは味方火力と合わせる。,味方サポートが見える遮蔽を基準にする。側面から入る敵を見たら、壁で合流を遅らせて人数差を作る。,"[""ジャンプ・パック"", ""テスラ・キャノン"", ""バリア・プロジェクター""]","[""ジャンプ・パック"", ""ジャンプ・パック"", ""バリア・プロジェクター""]","[""ジャンプ・パック"", ""バリア・プロジェクター""]","[""ジャンプ・パック"", ""ジャンプ・パック""]",10,7,10,10,9,凍結ブラスターはウィンストンの位置確認と足止めに使う。遠い時はつらら、近い時はスプレーで移動を遅らせる。,アイス・ウォールはウィンストンの退路、回復射線、味方から離れた位置を狙って置く。味方の射線を消さない。,ブリザードはウィンストンの移動・防御スキルを確認してから、逃げ道と回復射線を塞ぐ位置へ使う。,"[""ウィンストン"", ""壁で孤立した敵"", ""回復射線から離れた敵""]","[""クリオフリーズを早く使い、次の接近に耐えられないこと。"", ""壁を自分の前だけに置き、敵の合流を止めないこと。"", ""ブリザードを移動・防御スキル確認前に使うこと。""]",接近時のダイブ経路と帰り道を管理するタンク,ウィンストンのダイブ経路を撃つ前に、着地点・帰り道・味方サポートへの距離を先に確認する。,ウィンストンが防御スキルを見せた直後に倒し切ろうとせず、戻る向きが決まった瞬間へ凍結ブラスターとアイス・ウォールを合わせる。,削った後はクリオフリーズで同じ場所から離れ、敵サポートか孤立ダメージへ視線を切り替える。,試合後に「ウィンストンの何を見てから撃ったか」「外した時にどこへ戻ったか」を1回だけ確認する。,メイ対ウィンストンは、接近時のダイブ経路と帰り道を管理するタンクとして読む。最初に見る情報、撃つ瞬間、失敗時の戻り先を分けると、数値評価以上に安定する。,ウィンストンへの説明は「撃つ」「追う」だけで終わらせない。ダイブ確認、倒し切りを狙う条件、撤退先、次の狙いを必ず1文ずつ分け、メイの凍結ブラスターとアイス・ウォールとクリオフリーズの使い道を混同しない。,接近管理,ウィンストンのダイブ経路を止めるより、帰り道と味方サポートへの距離を見て被害を小さくする。,この試合で「ウィンストンのダイブ経路を撃つ前に、着地点・帰り道・味方サポートへの距離を先に確認する。」を守れたか。守れなかった場合、次は撃つ前に何を1つだけ見るか。,ウィンストンが防御スキルを見せた直後に倒し切ろうとせず、戻る向きが決まった瞬間へ凍結ブラスターとアイス・ウォールを合わせる。 次に削った後はクリオフリーズで同じ場所から離れ、敵サポートか孤立ダメージへ視線を切り替える。できていれば成功。,ウィンストンを正面で追い続け、敵サポートの回復線まで自分から入ってしまう。,次の試合ではダイブ後の着地を1秒だけ撃ち、戻る向きが決まった瞬間へアイス・ウォールを残す。,ウィンストンが入った瞬間、味方サポートの体力、クリオフリーズを使った位置を停止して確認する。,次の試合ではウィンストンを倒すことより、確認、攻撃、退避の順番を崩さない。
Doomfist,3.6,射線と生存管理注意,ドゥームフィストはメイのクリオフリーズ後を狙いやすい。アイス・ウォールで接近経路か退路を分断し、近距離スプレーは味方火力と合わせる。,味方サポートが見える遮蔽を基準にする。側面から入る敵を見たら、壁で合流を遅らせて人数差を作る。,"[""ロケット・パンチ"", ""サイズミック・スラム"", ""ロケット・パンチ""]","[""サイズミック・スラム"", ""ロケット・パンチ"", ""サイズミック・スラム""]","[""サイズミック・スラム"", ""パワー・ブロック""]","[""ロケット・パンチ"", ""サイズミック・スラム"", ""サイズミック・スラム""]",9,7,10,9,9,凍結ブラスターはドゥームフィストの位置確認と足止めに使う。遠い時はつらら、近い時はスプレーで移動を遅らせる。,アイス・ウォールはドゥームフィストの退路、回復射線、味方から離れた位置を狙って置く。味方の射線を消さない。,ブリザードはドゥームフィストの移動・防御スキルを確認してから、逃げ道と回復射線を塞ぐ位置へ使う。,"[""ドゥームフィスト"", ""壁で孤立した敵"", ""回復射線から離れた敵""]","[""クリオフリーズを早く使い、次の接近に耐えられないこと。"", ""壁を自分の前だけに置き、敵の合流を止めないこと。"", ""ブリザードを移動・防御スキル確認前に使うこと。""]",接近時のダイブ経路と帰り道を管理するタンク,ドゥームフィストのダイブ経路を撃つ前に、着地点・帰り道・味方サポートへの距離を先に確認する。,ドゥームフィストが防御スキルを見せた直後に倒し切ろうとせず、戻る向きが決まった瞬間へ凍結ブラスターとアイス・ウォールを合わせる。,削った後はクリオフリーズで同じ場所から離れ、敵サポートか孤立ダメージへ視線を切り替える。,試合後に「ドゥームフィストの何を見てから撃ったか」「外した時にどこへ戻ったか」を1回だけ確認する。,メイ対ドゥームフィストは、接近時のダイブ経路と帰り道を管理するタンクとして読む。最初に見る情報、撃つ瞬間、失敗時の戻り先を分けると、数値評価以上に安定する。,ドゥームフィストへの説明は「撃つ」「追う」だけで終わらせない。ダイブ確認、倒し切りを狙う条件、撤退先、次の狙いを必ず1文ずつ分け、メイの凍結ブラスターとアイス・ウォールとクリオフリーズの使い道を混同しない。,接近管理,ドゥームフィストのダイブ経路を止めるより、帰り道と味方サポートへの距離を見て被害を小さくする。,この試合で「ドゥームフィストのダイブ経路を撃つ前に、着地点・帰り道・味方サポートへの距離を先に確認する。」を守れたか。守れなかった場合、次は撃つ前に何を1つだけ見るか。,ドゥームフィストが防御スキルを見せた直後に倒し切ろうとせず、戻る向きが決まった瞬間へ凍結ブラスターとアイス・ウォールを合わせる。 次に削った後はクリオフリーズで同じ場所から離れ、敵サポートか孤立ダメージへ視線を切り替える。できていれば成功。,ドゥームフィストを正面で追い続け、敵サポートの回復線まで自分から入ってしまう。,次の試合ではダイブ後の着地を1秒だけ撃ち、戻る向きが決まった瞬間へアイス・ウォールを残す。,ドゥームフィストが入った瞬間、味方サポートの体力、クリオフリーズを使った位置を停止して確認する。,次の試合ではドゥームフィストを倒すことより、確認、攻撃、退避の順番を崩さない。
Hazard,4.9,分断と体力差管理,ハザードはメイのクリオフリーズ後を狙いやすい。アイス・ウォールで接近経路か退路を分断し、近距離スプレーは味方火力と合わせる。,味方サポートが見える遮蔽を基準にする。側面から入る敵を見たら、壁で合流を遅らせて人数差を作る。,"[""ヴァイオレント・リープ"", ""ジャギー・ウォール"", ""ジャギー・ウォール""]","[""ヴァイオレント・リープ"", ""ヴァイオレント・リープ"", ""ジャギー・ウォール""]","[""ヴァイオレント・リープ"", ""スパイク・ガード""]","[""ヴァイオレント・リープ"", ""ジャギー・ウォール"", ""ヴァイオレント・リープ""]",10,8,10,9,9,凍結ブラスターはハザードの位置確認と足止めに使う。遠い時はつらら、近い時はスプレーで移動を遅らせる。,アイス・ウォールはハザードの退路、回復射線、味方から離れた位置を狙って置く。味方の射線を消さない。,ブリザードはハザードの移動・防御スキルを確認してから、逃げ道と回復射線を塞ぐ位置へ使う。,"[""ハザード"", ""壁で孤立した敵"", ""回復射線から離れた敵""]","[""クリオフリーズを早く使い、次の接近に耐えられないこと。"", ""壁を自分の前だけに置き、敵の合流を止めないこと。"", ""ブリザードを移動・防御スキル確認前に使うこと。""]",接近時のダイブ経路と帰り道を管理するタンク,ハザードのダイブ経路を撃つ前に、着地点・帰り道・味方サポートへの距離を先に確認する。,ハザードが防御スキルを見せた直後に倒し切ろうとせず、戻る向きが決まった瞬間へ凍結ブラスターとアイス・ウォールを合わせる。,削った後はクリオフリーズで同じ場所から離れ、敵サポートか孤立ダメージへ視線を切り替える。,試合後に「ハザードの何を見てから撃ったか」「外した時にどこへ戻ったか」を1回だけ確認する。,メイ対ハザードは、接近時のダイブ経路と帰り道を管理するタンクとして読む。最初に見る情報、撃つ瞬間、失敗時の戻り先を分けると、数値評価以上に安定する。,ハザードへの説明は「撃つ」「追う」だけで終わらせない。ダイブ確認、倒し切りを狙う条件、撤退先、次の狙いを必ず1文ずつ分け、メイの凍結ブラスターとアイス・ウォールとクリオフリーズの使い道を混同しない。,接近管理,ハザードのダイブ経路を止めるより、帰り道と味方サポートへの距離を見て被害を小さくする。,この試合で「ハザードのダイブ経路を撃つ前に、着地点・帰り道・味方サポートへの距離を先に確認する。」を守れたか。守れなかった場合、次は撃つ前に何を1つだけ見るか。,ハザードが防御スキルを見せた直後に倒し切ろうとせず、戻る向きが決まった瞬間へ凍結ブラスターとアイス・ウォールを合わせる。 次に削った後はクリオフリーズで同じ場所から離れ、敵サポートか孤立ダメージへ視線を切り替える。できていれば成功。,ハザードを正面で追い続け、敵サポートの回復線まで自分から入ってしまう。,次の試合ではダイブ後の着地を1秒だけ撃ち、戻る向きが決まった瞬間へアイス・ウォールを残す。,ハザードが入った瞬間、味方サポートの体力、クリオフリーズを使った位置を停止して確認する。,次の試合ではハザードを倒すことより、確認、攻撃、退避の順番を崩さない。
Wrecking Ball,2.9,射線と生存管理注意,レッキング・ボールはメイのクリオフリーズ後を狙いやすい。アイス・ウォールで接近経路か退路を分断し、近距離スプレーは味方火力と合わせる。,味方サポートが見える遮蔽を基準にする。側面から入る敵を見たら、壁で合流を遅らせて人数差を作る。,"[""グラップリング・クロー"", ""パイルドライバー"", ""パイルドライバー""]","[""グラップリング・クロー"", ""ロール"", ""グラップリング・クロー""]","[""グラップリング・クロー"", ""ロール"", ""アダプティブ・シールド""]","[""グラップリング・クロー"", ""パイルドライバー"", ""グラップリング・クロー""]",8,5,10,8,8,凍結ブラスターはレッキング・ボールの位置確認と足止めに使う。遠い時はつらら、近い時はスプレーで移動を遅らせる。,アイス・ウォールはレッキング・ボールの退路、回復射線、味方から離れた位置を狙って置く。味方の射線を消さない。,ブリザードはレッキング・ボールの移動・防御スキルを確認してから、逃げ道と回復射線を塞ぐ位置へ使う。,"[""レッキング・ボール"", ""壁で孤立した敵"", ""回復射線から離れた敵""]","[""クリオフリーズを早く使い、次の接近に耐えられないこと。"", ""壁を自分の前だけに置き、敵の合流を止めないこと。"", ""ブリザードを移動・防御スキル確認前に使うこと。""]",接近時のダイブ経路と帰り道を管理するタンク,レッキング・ボールのダイブ経路を撃つ前に、着地点・帰り道・味方サポートへの距離を先に確認する。,レッキング・ボールが防御スキルを見せた直後に倒し切ろうとせず、戻る向きが決まった瞬間へ凍結ブラスターとアイス・ウォールを合わせる。,削った後はクリオフリーズで同じ場所から離れ、敵サポートか孤立ダメージへ視線を切り替える。,試合後に「レッキング・ボールの何を見てから撃ったか」「外した時にどこへ戻ったか」を1回だけ確認する。,メイ対レッキング・ボールは、接近時のダイブ経路と帰り道を管理するタンクとして読む。最初に見る情報、撃つ瞬間、失敗時の戻り先を分けると、数値評価以上に安定する。,レッキング・ボールへの説明は「撃つ」「追う」だけで終わらせない。ダイブ確認、倒し切りを狙う条件、撤退先、次の狙いを必ず1文ずつ分け、メイの凍結ブラスターとアイス・ウォールとクリオフリーズの使い道を混同しない。,接近管理,レッキング・ボールのダイブ経路を止めるより、帰り道と味方サポートへの距離を見て被害を小さくする。,この試合で「レッキング・ボールのダイブ経路を撃つ前に、着地点・帰り道・味方サポートへの距離を先に確認する。」を守れたか。守れなかった場合、次は撃つ前に何を1つだけ見るか。,レッキング・ボールが防御スキルを見せた直後に倒し切ろうとせず、戻る向きが決まった瞬間へ凍結ブラスターとアイス・ウォールを合わせる。 次に削った後はクリオフリーズで同じ場所から離れ、敵サポートか孤立ダメージへ視線を切り替える。できていれば成功。,レッキング・ボールを正面で追い続け、敵サポートの回復線まで自分から入ってしまう。,次の試合ではダイブ後の着地を1秒だけ撃ち、戻る向きが決まった瞬間へアイス・ウォールを残す。,レッキング・ボールが入った瞬間、味方サポートの体力、クリオフリーズを使った位置を停止して確認する。,次の試合ではレッキング・ボールを倒すことより、確認、攻撃、退避の順番を崩さない。
Zarya,6.6,壁で孤立させやすい,ザリアはアイス・ウォールで孤立させやすい。タンクとサポートの間を切り、凍結ブラスターで動きを遅らせて味方火力へ合わせる。,正面で粘る時も、壁の解除後に戻る遮蔽を先に決める。クリオフリーズは再使用時間作りに使う。,"[""グラビトン・サージ"", ""グラビトン・サージ"", ""パーティクル・バリア""]","[""パーティクル・バリア"", ""バリア・ショット"", ""グラビトン・サージ""]","[""パーティクル・バリア"", ""バリア・ショット"", ""パーティクル・バリア""]","[""グラビトン・サージ"", ""パーティクル・バリア"", ""バリア・ショット""]",10,10,7,10,9,凍結ブラスターはザリアの位置確認と足止めに使う。遠い時はつらら、近い時はスプレーで移動を遅らせる。,アイス・ウォールはザリアの退路、回復射線、味方から離れた位置を狙って置く。味方の射線を消さない。,ブリザードはザリアの移動・防御スキルを確認してから、逃げ道と回復射線を塞ぐ位置へ使う。,"[""ザリア"", ""壁で孤立した敵"", ""回復射線から離れた敵""]","[""タンクだけを追い、敵サポートの回復射線を残すこと。"", ""味方の攻撃を止める壁を置くこと。"", ""ブリザードを移動・防御スキル確認前に使うこと。""]",高耐久の前線スキルを削って後衛へ切り替えるタンク,ザリアだけを倒す設計にせず、回復線・防御スキル・後衛の露出を同時に見る。,ザリアが前へ出た瞬間は削り、防御・救助・移動スキルを使った直後に後ろのサポートか横のダメージへ凍結ブラスターとアイス・ウォールを移す。,正面で長く撃ち続けず、クリオフリーズで射線を変えて敵の回復と防御を分散させる。,試合後に「ザリアの何を見てから撃ったか」「外した時にどこへ戻ったか」を1回だけ確認する。,メイ対ザリアは、高耐久の前線スキルを削って後衛へ切り替えるタンクとして読む。最初に見る情報、撃つ瞬間、失敗時の戻り先を分けると、数値評価以上に安定する。,ザリアへの説明は「撃つ」「追う」だけで終わらせない。ダイブ確認、倒し切りを狙う条件、撤退先、次の狙いを必ず1文ずつ分け、メイの凍結ブラスターとアイス・ウォールとクリオフリーズの使い道を混同しない。,資源削り,ザリアを倒し切るより、防御スキルを吐かせて後衛へ切り替える準備を作る。,この試合で「ザリアだけを倒す設計にせず、回復線・防御スキル・後衛の露出を同時に見る。」を守れたか。守れなかった場合、次は撃つ前に何を1つだけ見るか。,ザリアが前へ出た瞬間は削り、防御・救助・移動スキルを使った直後に後ろのサポートか横のダメージへ凍結ブラスターとアイス・ウォールを移す。 次に正面で長く撃ち続けず、クリオフリーズで射線を変えて敵の回復と防御を分散させる。できていれば成功。,ザリアだけに射撃時間を使い、後衛や横のダメージを見られなくなる。,次の試合ではザリアを削った後、防御・救助・移動スキルを使わせた時点で別の敵へ照準を移す。,ザリアへ撃った時間と、後衛へ切り替えた瞬間を確認する。,次の試合ではザリアを倒すことより、確認、攻撃、退避の順番を崩さない。
Junker Queen,6.4,分断と体力差管理,ジャンカー・クイーンはアイス・ウォールで孤立させやすい。タンクとサポートの間を切り、凍結ブラスターで動きを遅らせて味方火力へ合わせる。,正面で粘る時も、壁の解除後に戻る遮蔽を先に決める。クリオフリーズは再使用時間作りに使う。,"[""ギザギザブレード"", ""カーネイジ"", ""ランペイジ""]","[""コマンディング・シャウト"", ""ギザギザブレード"", ""カーネイジ""]","[""コマンディング・シャウト"", ""コマンディング・シャウト""]","[""ギザギザブレード"", ""カーネイジ"", ""コマンディング・シャウト""]",10,9,8,10,9,凍結ブラスターはジャンカー・クイーンの位置確認と足止めに使う。遠い時はつらら、近い時はスプレーで移動を遅らせる。,アイス・ウォールはジャンカー・クイーンの退路、回復射線、味方から離れた位置を狙って置く。味方の射線を消さない。,ブリザードはジャンカー・クイーンの移動・防御スキルを確認してから、逃げ道と回復射線を塞ぐ位置へ使う。,"[""ジャンカー・クイーン"", ""壁で孤立した敵"", ""回復射線から離れた敵""]","[""タンクだけを追い、敵サポートの回復射線を残すこと。"", ""味方の攻撃を止める壁を置くこと。"", ""ブリザードを移動・防御スキル確認前に使うこと。""]",高耐久の前線スキルを削って後衛へ切り替えるタンク,ジャンカー・クイーンだけを倒す設計にせず、回復線・防御スキル・後衛の露出を同時に見る。,ジャンカー・クイーンが前へ出た瞬間は削り、防御・救助・移動スキルを使った直後に後ろのサポートか横のダメージへ凍結ブラスターとアイス・ウォールを移す。,正面で長く撃ち続けず、クリオフリーズで射線を変えて敵の回復と防御を分散させる。,試合後に「ジャンカー・クイーンの何を見てから撃ったか」「外した時にどこへ戻ったか」を1回だけ確認する。,メイ対ジャンカー・クイーンは、高耐久の前線スキルを削って後衛へ切り替えるタンクとして読む。最初に見る情報、撃つ瞬間、失敗時の戻り先を分けると、数値評価以上に安定する。,ジャンカー・クイーンへの説明は「撃つ」「追う」だけで終わらせない。ダイブ確認、倒し切りを狙う条件、撤退先、次の狙いを必ず1文ずつ分け、メイの凍結ブラスターとアイス・ウォールとクリオフリーズの使い道を混同しない。,資源削り,ジャンカー・クイーンを倒し切るより、防御スキルを吐かせて後衛へ切り替える準備を作る。,この試合で「ジャンカー・クイーンだけを倒す設計にせず、回復線・防御スキル・後衛の露出を同時に見る。」を守れたか。守れなかった場合、次は撃つ前に何を1つだけ見るか。,ジャンカー・クイーンが前へ出た瞬間は削り、防御・救助・移動スキルを使った直後に後ろのサポートか横のダメージへ凍結ブラスターとアイス・ウォールを移す。 次に正面で長く撃ち続けず、クリオフリーズで射線を変えて敵の回復と防御を分散させる。できていれば成功。,ジャンカー・クイーンだけに射撃時間を使い、後衛や横のダメージを見られなくなる。,次の試合ではジャンカー・クイーンを削った後、防御・救助・移動スキルを使わせた時点で別の敵へ照準を移す。,ジャンカー・クイーンへ撃った時間と、後衛へ切り替えた瞬間を確認する。,次の試合ではジャンカー・クイーンを倒すことより、確認、攻撃、退避の順番を崩さない。
Domina,6.8,壁で孤立させやすい,ドミナはアイス・ウォールで孤立させやすい。タンクとサポートの間を切り、凍結ブラスターで動きを遅らせて味方火力へ合わせる。,正面で粘る時も、壁の解除後に戻る遮蔽を先に決める。クリオフリーズは再使用時間作りに使う。,"[""クリスタル・チャージ"", ""ソニック・リパルサー"", ""パノプティコン""]","[""バリア・アレイ"", ""クリスタル・チャージ"", ""ソニック・リパルサー""]","[""バリア・アレイ"", ""バリア・アレイ""]","[""クリスタル・チャージ"", ""ソニック・リパルサー"", ""バリア・アレイ""]",10,10,8,10,10,凍結ブラスターはドミナの位置確認と足止めに使う。遠い時はつらら、近い時はスプレーで移動を遅らせる。,アイス・ウォールはドミナの退路、回復射線、味方から離れた位置を狙って置く。味方の射線を消さない。,ブリザードはドミナの移動・防御スキルを確認してから、逃げ道と回復射線を塞ぐ位置へ使う。,"[""ドミナ"", ""壁で孤立した敵"", ""回復射線から離れた敵""]","[""タンクだけを追い、敵サポートの回復射線を残すこと。"", ""味方の攻撃を止める壁を置くこと。"", ""ブリザードを移動・防御スキル確認前に使うこと。""]",高耐久の前線スキルを削って後衛へ切り替えるタンク,ドミナだけを倒す設計にせず、回復線・防御スキル・後衛の露出を同時に見る。,ドミナが前へ出た瞬間は削り、防御・救助・移動スキルを使った直後に後ろのサポートか横のダメージへ凍結ブラスターとアイス・ウォールを移す。,正面で長く撃ち続けず、クリオフリーズで射線を変えて敵の回復と防御を分散させる。,試合後に「ドミナの何を見てから撃ったか」「外した時にどこへ戻ったか」を1回だけ確認する。,メイ対ドミナは、高耐久の前線スキルを削って後衛へ切り替えるタンクとして読む。最初に見る情報、撃つ瞬間、失敗時の戻り先を分けると、数値評価以上に安定する。,ドミナへの説明は「撃つ」「追う」だけで終わらせない。ダイブ確認、倒し切りを狙う条件、撤退先、次の狙いを必ず1文ずつ分け、メイの凍結ブラスターとアイス・ウォールとクリオフリーズの使い道を混同しない。,資源削り,ドミナを倒し切るより、防御スキルを吐かせて後衛へ切り替える準備を作る。,この試合で「ドミナだけを倒す設計にせず、回復線・防御スキル・後衛の露出を同時に見る。」を守れたか。守れなかった場合、次は撃つ前に何を1つだけ見るか。,ドミナが前へ出た瞬間は削り、防御・救助・移動スキルを使った直後に後ろのサポートか横のダメージへ凍結ブラスターとアイス・ウォールを移す。 次に正面で長く撃ち続けず、クリオフリーズで射線を変えて敵の回復と防御を分散させる。できていれば成功。,ドミナだけに射撃時間を使い、後衛や横のダメージを見られなくなる。,次の試合ではドミナを削った後、防御・救助・移動スキルを使わせた時点で別の敵へ照準を移す。,ドミナへ撃った時間と、後衛へ切り替えた瞬間を確認する。,次の試合ではドミナを倒すことより、確認、攻撃、退避の順番を崩さない。
Mauga,7.0,壁で孤立させやすい,マウガはアイス・ウォールで孤立させやすい。タンクとサポートの間を切り、凍結ブラスターで動きを遅らせて味方火力へ合わせる。,正面で粘る時も、壁の解除後に戻る遮蔽を先に決める。クリオフリーズは再使用時間作りに使う。,"[""オーバーラン"", ""ケージ・ファイト"", ""カーディアック・オーバードライブ""]","[""カーディアック・オーバードライブ"", ""オーバーラン"", ""カーディアック・オーバードライブ""]","[""カーディアック・オーバードライブ"", ""カーディアック・オーバードライブ""]","[""オーバーラン"", ""カーディアック・オーバードライブ""]",10,10,7,10,9,凍結ブラスターはマウガの位置確認と足止めに使う。遠い時はつらら、近い時はスプレーで移動を遅らせる。,アイス・ウォールはマウガの退路、回復射線、味方から離れた位置を狙って置く。味方の射線を消さない。,ブリザードはマウガの移動・防御スキルを確認してから、逃げ道と回復射線を塞ぐ位置へ使う。,"[""マウガ"", ""壁で孤立した敵"", ""回復射線から離れた敵""]","[""タンクだけを追い、敵サポートの回復射線を残すこと。"", ""味方の攻撃を止める壁を置くこと。"", ""ブリザードを移動・防御スキル確認前に使うこと。""]",高耐久の前線スキルを削って後衛へ切り替えるタンク,マウガだけを倒す設計にせず、回復線・防御スキル・後衛の露出を同時に見る。,マウガが前へ出た瞬間は削り、防御・救助・移動スキルを使った直後に後ろのサポートか横のダメージへ凍結ブラスターとアイス・ウォールを移す。,正面で長く撃ち続けず、クリオフリーズで射線を変えて敵の回復と防御を分散させる。,試合後に「マウガの何を見てから撃ったか」「外した時にどこへ戻ったか」を1回だけ確認する。,メイ対マウガは、高耐久の前線スキルを削って後衛へ切り替えるタンクとして読む。最初に見る情報、撃つ瞬間、失敗時の戻り先を分けると、数値評価以上に安定する。,マウガへの説明は「撃つ」「追う」だけで終わらせない。ダイブ確認、倒し切りを狙う条件、撤退先、次の狙いを必ず1文ずつ分け、メイの凍結ブラスターとアイス・ウォールとクリオフリーズの使い道を混同しない。,資源削り,マウガを倒し切るより、防御スキルを吐かせて後衛へ切り替える準備を作る。,この試合で「マウガだけを倒す設計にせず、回復線・防御スキル・後衛の露出を同時に見る。」を守れたか。守れなかった場合、次は撃つ前に何を1つだけ見るか。,マウガが前へ出た瞬間は削り、防御・救助・移動スキルを使った直後に後ろのサポートか横のダメージへ凍結ブラスターとアイス・ウォールを移す。 次に正面で長く撃ち続けず、クリオフリーズで射線を変えて敵の回復と防御を分散させる。できていれば成功。,マウガだけに射撃時間を使い、後衛や横のダメージを見られなくなる。,次の試合ではマウガを削った後、防御・救助・移動スキルを使わせた時点で別の敵へ照準を移す。,マウガへ撃った時間と、後衛へ切り替えた瞬間を確認する。,次の試合ではマウガを倒すことより、確認、攻撃、退避の順番を崩さない。
Ramattra,6.8,壁で孤立させやすい,ラマットラはアイス・ウォールで孤立させやすい。タンクとサポートの間を切り、凍結ブラスターで動きを遅らせて味方火力へ合わせる。,正面で粘る時も、壁の解除後に戻る遮蔽を先に決める。クリオフリーズは再使用時間作りに使う。,"[""ネメシス・フォーム"", ""貪欲な渦"", ""アナイアレーション""]","[""ヴォイド・バリア"", ""ブロック"", ""ネメシス・フォーム""]","[""ヴォイド・バリア"", ""ブロック"", ""ヴォイド・バリア""]","[""ネメシス・フォーム"", ""貪欲な渦"", ""ヴォイド・バリア""]",10,10,8,10,10,凍結ブラスターはラマットラの位置確認と足止めに使う。遠い時はつらら、近い時はスプレーで移動を遅らせる。,アイス・ウォールはラマットラの退路、回復射線、味方から離れた位置を狙って置く。味方の射線を消さない。,ブリザードはラマットラの移動・防御スキルを確認してから、逃げ道と回復射線を塞ぐ位置へ使う。,"[""ラマットラ"", ""壁で孤立した敵"", ""回復射線から離れた敵""]","[""タンクだけを追い、敵サポートの回復射線を残すこと。"", ""味方の攻撃を止める壁を置くこと。"", ""ブリザードを移動・防御スキル確認前に使うこと。""]",高耐久の前線スキルを削って後衛へ切り替えるタンク,ラマットラだけを倒す設計にせず、回復線・防御スキル・後衛の露出を同時に見る。,ラマットラが前へ出た瞬間は削り、防御・救助・移動スキルを使った直後に後ろのサポートか横のダメージへ凍結ブラスターとアイス・ウォールを移す。,正面で長く撃ち続けず、クリオフリーズで射線を変えて敵の回復と防御を分散させる。,試合後に「ラマットラの何を見てから撃ったか」「外した時にどこへ戻ったか」を1回だけ確認する。,メイ対ラマットラは、高耐久の前線スキルを削って後衛へ切り替えるタンクとして読む。最初に見る情報、撃つ瞬間、失敗時の戻り先を分けると、数値評価以上に安定する。,ラマットラへの説明は「撃つ」「追う」だけで終わらせない。ダイブ確認、倒し切りを狙う条件、撤退先、次の狙いを必ず1文ずつ分け、メイの凍結ブラスターとアイス・ウォールとクリオフリーズの使い道を混同しない。,資源削り,ラマットラを倒し切るより、防御スキルを吐かせて後衛へ切り替える準備を作る。,この試合で「ラマットラだけを倒す設計にせず、回復線・防御スキル・後衛の露出を同時に見る。」を守れたか。守れなかった場合、次は撃つ前に何を1つだけ見るか。,ラマットラが前へ出た瞬間は削り、防御・救助・移動スキルを使った直後に後ろのサポートか横のダメージへ凍結ブラスターとアイス・ウォールを移す。 次に正面で長く撃ち続けず、クリオフリーズで射線を変えて敵の回復と防御を分散させる。できていれば成功。,ラマットラだけに射撃時間を使い、後衛や横のダメージを見られなくなる。,次の試合ではラマットラを削った後、防御・救助・移動スキルを使わせた時点で別の敵へ照準を移す。,ラマットラへ撃った時間と、後衛へ切り替えた瞬間を確認する。,次の試合ではラマットラを倒すことより、確認、攻撃、退避の順番を崩さない。
Roadhog,6.6,壁で孤立させやすい,ロードホッグはアイス・ウォールで孤立させやすい。タンクとサポートの間を切り、凍結ブラスターで動きを遅らせて味方火力へ合わせる。,正面で粘る時も、壁の解除後に戻る遮蔽を先に決める。クリオフリーズは再使用時間作りに使う。,"[""チェイン・フック"", ""ピッグペン"", ""チェイン・フック""]","[""テイク・ア・ブリーザー"", ""チェイン・フック"", ""ピッグペン""]","[""テイク・ア・ブリーザー"", ""テイク・ア・ブリーザー""]","[""チェイン・フック"", ""ピッグペン"", ""テイク・ア・ブリーザー""]",10,10,8,10,10,凍結ブラスターはロードホッグの位置確認と足止めに使う。遠い時はつらら、近い時はスプレーで移動を遅らせる。,アイス・ウォールはロードホッグの退路、回復射線、味方から離れた位置を狙って置く。味方の射線を消さない。,ブリザードはロードホッグの移動・防御スキルを確認してから、逃げ道と回復射線を塞ぐ位置へ使う。,"[""ロードホッグ"", ""壁で孤立した敵"", ""回復射線から離れた敵""]","[""タンクだけを追い、敵サポートの回復射線を残すこと。"", ""味方の攻撃を止める壁を置くこと。"", ""ブリザードを移動・防御スキル確認前に使うこと。""]",高耐久の前線スキルを削って後衛へ切り替えるタンク,ロードホッグだけを倒す設計にせず、回復線・防御スキル・後衛の露出を同時に見る。,ロードホッグが前へ出た瞬間は削り、防御・救助・移動スキルを使った直後に後ろのサポートか横のダメージへ凍結ブラスターとアイス・ウォールを移す。,正面で長く撃ち続けず、クリオフリーズで射線を変えて敵の回復と防御を分散させる。,試合後に「ロードホッグの何を見てから撃ったか」「外した時にどこへ戻ったか」を1回だけ確認する。,メイ対ロードホッグは、高耐久の前線スキルを削って後衛へ切り替えるタンクとして読む。最初に見る情報、撃つ瞬間、失敗時の戻り先を分けると、数値評価以上に安定する。,ロードホッグへの説明は「撃つ」「追う」だけで終わらせない。ダイブ確認、倒し切りを狙う条件、撤退先、次の狙いを必ず1文ずつ分け、メイの凍結ブラスターとアイス・ウォールとクリオフリーズの使い道を混同しない。,資源削り,ロードホッグを倒し切るより、防御スキルを吐かせて後衛へ切り替える準備を作る。,この試合で「ロードホッグだけを倒す設計にせず、回復線・防御スキル・後衛の露出を同時に見る。」を守れたか。守れなかった場合、次は撃つ前に何を1つだけ見るか。,ロードホッグが前へ出た瞬間は削り、防御・救助・移動スキルを使った直後に後ろのサポートか横のダメージへ凍結ブラスターとアイス・ウォールを移す。 次に正面で長く撃ち続けず、クリオフリーズで射線を変えて敵の回復と防御を分散させる。できていれば成功。,ロードホッグだけに射撃時間を使い、後衛や横のダメージを見られなくなる。,次の試合ではロードホッグを削った後、防御・救助・移動スキルを使わせた時点で別の敵へ照準を移す。,ロードホッグへ撃った時間と、後衛へ切り替えた瞬間を確認する。,次の試合ではロードホッグを倒すことより、確認、攻撃、退避の順番を崩さない。
Orisa,6.8,壁で孤立させやすい,オリーサはアイス・ウォールで孤立させやすい。タンクとサポートの間を切り、凍結ブラスターで動きを遅らせて味方火力へ合わせる。,正面で粘る時も、壁の解除後に戻る遮蔽を先に決める。クリオフリーズは再使用時間作りに使う。,"[""エネルギー・ジャベリン"", ""エネルギー・ジャベリン"", ""フォーティファイ""]","[""フォーティファイ"", ""ジャベリン・スピン"", ""エネルギー・ジャベリン""]","[""フォーティファイ"", ""ジャベリン・スピン"", ""フォーティファイ""]","[""エネルギー・ジャベリン"", ""フォーティファイ"", ""ジャベリン・スピン""]",10,10,7,10,9,凍結ブラスターはオリーサの位置確認と足止めに使う。遠い時はつらら、近い時はスプレーで移動を遅らせる。,アイス・ウォールはオリーサの退路、回復射線、味方から離れた位置を狙って置く。味方の射線を消さない。,ブリザードはオリーサの移動・防御スキルを確認してから、逃げ道と回復射線を塞ぐ位置へ使う。,"[""オリーサ"", ""壁で孤立した敵"", ""回復射線から離れた敵""]","[""タンクだけを追い、敵サポートの回復射線を残すこと。"", ""味方の攻撃を止める壁を置くこと。"", ""ブリザードを移動・防御スキル確認前に使うこと。""]",高耐久の前線スキルを削って後衛へ切り替えるタンク,オリーサだけを倒す設計にせず、回復線・防御スキル・後衛の露出を同時に見る。,オリーサが前へ出た瞬間は削り、防御・救助・移動スキルを使った直後に後ろのサポートか横のダメージへ凍結ブラスターとアイス・ウォールを移す。,正面で長く撃ち続けず、クリオフリーズで射線を変えて敵の回復と防御を分散させる。,試合後に「オリーサの何を見てから撃ったか」「外した時にどこへ戻ったか」を1回だけ確認する。,メイ対オリーサは、高耐久の前線スキルを削って後衛へ切り替えるタンクとして読む。最初に見る情報、撃つ瞬間、失敗時の戻り先を分けると、数値評価以上に安定する。,オリーサへの説明は「撃つ」「追う」だけで終わらせない。ダイブ確認、倒し切りを狙う条件、撤退先、次の狙いを必ず1文ずつ分け、メイの凍結ブラスターとアイス・ウォールとクリオフリーズの使い道を混同しない。,資源削り,オリーサを倒し切るより、防御スキルを吐かせて後衛へ切り替える準備を作る。,この試合で「オリーサだけを倒す設計にせず、回復線・防御スキル・後衛の露出を同時に見る。」を守れたか。守れなかった場合、次は撃つ前に何を1つだけ見るか。,オリーサが前へ出た瞬間は削り、防御・救助・移動スキルを使った直後に後ろのサポートか横のダメージへ凍結ブラスターとアイス・ウォールを移す。 次に正面で長く撃ち続けず、クリオフリーズで射線を変えて敵の回復と防御を分散させる。できていれば成功。,オリーサだけに射撃時間を使い、後衛や横のダメージを見られなくなる。,次の試合ではオリーサを削った後、防御・救助・移動スキルを使わせた時点で別の敵へ照準を移す。,オリーサへ撃った時間と、後衛へ切り替えた瞬間を確認する。,次の試合ではオリーサを倒すことより、確認、攻撃、退避の順番を崩さない。
Sigma,6.6,壁で孤立させやすい,シグマはアイス・ウォールで孤立させやすい。タンクとサポートの間を切り、凍結ブラスターで動きを遅らせて味方火力へ合わせる。,正面で粘る時も、壁の解除後に戻る遮蔽を先に決める。クリオフリーズは再使用時間作りに使う。,"[""アクリーション"", ""アクリーション"", ""エクスペリメンタル・バリア""]","[""エクスペリメンタル・バリア"", ""キネティック・グラスプ"", ""アクリーション""]","[""エクスペリメンタル・バリア"", ""キネティック・グラスプ"", ""エクスペリメンタル・バリア""]","[""アクリーション"", ""エクスペリメンタル・バリア"", ""キネティック・グラスプ""]",10,10,7,10,9,凍結ブラスターはシグマの位置確認と足止めに使う。遠い時はつらら、近い時はスプレーで移動を遅らせる。,アイス・ウォールはシグマの退路、回復射線、味方から離れた位置を狙って置く。味方の射線を消さない。,ブリザードはシグマの移動・防御スキルを確認してから、逃げ道と回復射線を塞ぐ位置へ使う。,"[""シグマ"", ""壁で孤立した敵"", ""回復射線から離れた敵""]","[""タンクだけを追い、敵サポートの回復射線を残すこと。"", ""味方の攻撃を止める壁を置くこと。"", ""ブリザードを移動・防御スキル確認前に使うこと。""]",高耐久の前線スキルを削って後衛へ切り替えるタンク,シグマだけを倒す設計にせず、回復線・防御スキル・後衛の露出を同時に見る。,シグマが前へ出た瞬間は削り、防御・救助・移動スキルを使った直後に後ろのサポートか横のダメージへ凍結ブラスターとアイス・ウォールを移す。,正面で長く撃ち続けず、クリオフリーズで射線を変えて敵の回復と防御を分散させる。,試合後に「シグマの何を見てから撃ったか」「外した時にどこへ戻ったか」を1回だけ確認する。,メイ対シグマは、高耐久の前線スキルを削って後衛へ切り替えるタンクとして読む。最初に見る情報、撃つ瞬間、失敗時の戻り先を分けると、数値評価以上に安定する。,シグマへの説明は「撃つ」「追う」だけで終わらせない。ダイブ確認、倒し切りを狙う条件、撤退先、次の狙いを必ず1文ずつ分け、メイの凍結ブラスターとアイス・ウォールとクリオフリーズの使い道を混同しない。,資源削り,シグマを倒し切るより、防御スキルを吐かせて後衛へ切り替える準備を作る。,この試合で「シグマだけを倒す設計にせず、回復線・防御スキル・後衛の露出を同時に見る。」を守れたか。守れなかった場合、次は撃つ前に何を1つだけ見るか。,シグマが前へ出た瞬間は削り、防御・救助・移動スキルを使った直後に後ろのサポートか横のダメージへ凍結ブラスターとアイス・ウォールを移す。 次に正面で長く撃ち続けず、クリオフリーズで射線を変えて敵の回復と防御を分散させる。できていれば成功。,シグマだけに射撃時間を使い、後衛や横のダメージを見られなくなる。,次の試合ではシグマを削った後、防御・救助・移動スキルを使わせた時点で別の敵へ照準を移す。,シグマへ撃った時間と、後衛へ切り替えた瞬間を確認する。,次の試合ではシグマを倒すことより、確認、攻撃、退避の順番を崩さない。
Reinhardt,7.0,壁で孤立させやすい,ラインハルトはアイス・ウォールで孤立させやすい。タンクとサポートの間を切り、凍結ブラスターで動きを遅らせて味方火力へ合わせる。,正面で粘る時も、壁の解除後に戻る遮蔽を先に決める。クリオフリーズは再使用時間作りに使う。,"[""チャージ"", ""アースシャター"", ""バリア・フィールド""]","[""バリア・フィールド"", ""チャージ"", ""バリア・フィールド""]","[""バリア・フィールド"", ""バリア・フィールド""]","[""チャージ"", ""バリア・フィールド""]",10,10,7,10,9,凍結ブラスターはラインハルトの位置確認と足止めに使う。遠い時はつらら、近い時はスプレーで移動を遅らせる。,アイス・ウォールはラインハルトの退路、回復射線、味方から離れた位置を狙って置く。味方の射線を消さない。,ブリザードはラインハルトの移動・防御スキルを確認してから、逃げ道と回復射線を塞ぐ位置へ使う。,"[""ラインハルト"", ""壁で孤立した敵"", ""回復射線から離れた敵""]","[""タンクだけを追い、敵サポートの回復射線を残すこと。"", ""味方の攻撃を止める壁を置くこと。"", ""ブリザードを移動・防御スキル確認前に使うこと。""]",高耐久の前線スキルを削って後衛へ切り替えるタンク,ラインハルトだけを倒す設計にせず、回復線・防御スキル・後衛の露出を同時に見る。,ラインハルトが前へ出た瞬間は削り、防御・救助・移動スキルを使った直後に後ろのサポートか横のダメージへ凍結ブラスターとアイス・ウォールを移す。,正面で長く撃ち続けず、クリオフリーズで射線を変えて敵の回復と防御を分散させる。,試合後に「ラインハルトの何を見てから撃ったか」「外した時にどこへ戻ったか」を1回だけ確認する。,メイ対ラインハルトは、高耐久の前線スキルを削って後衛へ切り替えるタンクとして読む。最初に見る情報、撃つ瞬間、失敗時の戻り先を分けると、数値評価以上に安定する。,ラインハルトへの説明は「撃つ」「追う」だけで終わらせない。ダイブ確認、倒し切りを狙う条件、撤退先、次の狙いを必ず1文ずつ分け、メイの凍結ブラスターとアイス・ウォールとクリオフリーズの使い道を混同しない。,資源削り,ラインハルトを倒し切るより、防御スキルを吐かせて後衛へ切り替える準備を作る。,この試合で「ラインハルトだけを倒す設計にせず、回復線・防御スキル・後衛の露出を同時に見る。」を守れたか。守れなかった場合、次は撃つ前に何を1つだけ見るか。,ラインハルトが前へ出た瞬間は削り、防御・救助・移動スキルを使った直後に後ろのサポートか横のダメージへ凍結ブラスターとアイス・ウォールを移す。 次に正面で長く撃ち続けず、クリオフリーズで射線を変えて敵の回復と防御を分散させる。できていれば成功。,ラインハルトだけに射撃時間を使い、後衛や横のダメージを見られなくなる。,次の試合ではラインハルトを削った後、防御・救助・移動スキルを使わせた時点で別の敵へ照準を移す。,ラインハルトへ撃った時間と、後衛へ切り替えた瞬間を確認する。,次の試合ではラインハルトを倒すことより、確認、攻撃、退避の順番を崩さない。
Ashe,5.3,分断と体力差管理,アッシュ相手は開けた射線で長く見合わない。つららで短く体力差を作り、アイス・ウォールで危険射線か地上側の回復射線を止める。,同じ遮蔽で待ち続けない。壁で射線を切って、味方が進める位置まで一緒に移動する。,"[""ダイナマイト"", ""B.O.B""]","[""コーチ・ガン"", ""ダイナマイト""]","[""コーチ・ガン""]","[""ダイナマイト"", ""コーチ・ガン""]",8,7,8,8,8,凍結ブラスターはアッシュの位置確認と足止めに使う。遠い時はつらら、近い時はスプレーで移動を遅らせる。,アイス・ウォールはアッシュの退路、回復射線、味方から離れた位置を狙って置く。味方の射線を消さない。,ブリザードはアッシュの移動・防御スキルを確認してから、逃げ道と回復射線を塞ぐ位置へ使う。,"[""アッシュ"", ""壁で孤立した敵"", ""回復射線から離れた敵""]","[""長い射線の正面で歩き続けること。"", ""空中の敵だけを追い、地上の合流を止めないこと。"", ""ブリザードを移動・防御スキル確認前に使うこと。""]",長射線で先に体力差を作る敵,アッシュの正面射線へ体を置かず、味方が視線を引いた一拍だけ別射線を使う。,アッシュが照準を別方向へ向けた瞬間、または遮蔽移動中に凍結ブラスターとアイス・ウォールを差し込む。,一度撃った位置は読まれるため、クリオフリーズで次の遮蔽へ移り、同じ場所から再ピークしない。,試合後に「アッシュの何を見てから撃ったか」「外した時にどこへ戻ったか」を1回だけ確認する。,メイ対アッシュは、長射線で先に体力差を作る敵として読む。最初に見る情報、撃つ瞬間、失敗時の戻り先を分けると、数値評価以上に安定する。,アッシュへの説明は「撃つ」「追う」だけで終わらせない。ダイブ確認、倒し切りを狙う条件、撤退先、次の狙いを必ず1文ずつ分け、メイの凍結ブラスターとアイス・ウォールとクリオフリーズの使い道を混同しない。,射線管理,アッシュの正面射線を避け、短い別射線で一度だけ体力差を作る。,この試合で「アッシュの正面射線へ体を置かず、味方が視線を引いた一拍だけ別射線を使う。」を守れたか。守れなかった場合、次は撃つ前に何を1つだけ見るか。,アッシュが照準を別方向へ向けた瞬間、または遮蔽移動中に凍結ブラスターとアイス・ウォールを差し込む。 次に一度撃った位置は読まれるため、クリオフリーズで次の遮蔽へ移り、同じ場所から再ピークしない。できていれば成功。,同じ場所から再ピークして、アッシュに照準を置かれたまま勝負する。,次の試合では1回撃ったらクリオフリーズで射線を変え、同じ位置を使わない。,アッシュに見られていた時間、再ピークした場所、射線変更できたかを確認する。,次の試合ではアッシュを倒すことより、確認、攻撃、退避の順番を崩さない。
Widowmaker,4.8,分断と体力差管理,ウィドウメイカー相手は開けた射線で長く見合わない。つららで短く体力差を作り、アイス・ウォールで危険射線か地上側の回復射線を止める。,同じ遮蔽で待ち続けない。壁で射線を切って、味方が進める位置まで一緒に移動する。,"[""ヴェノム・マイン"", ""ウィドウズ・キス""]","[""グラップリング・フック"", ""ヴェノム・マイン""]","[""グラップリング・フック""]","[""ヴェノム・マイン"", ""グラップリング・フック""]",8,7,8,8,8,凍結ブラスターはウィドウメイカーの位置確認と足止めに使う。遠い時はつらら、近い時はスプレーで移動を遅らせる。,アイス・ウォールはウィドウメイカーの退路、回復射線、味方から離れた位置を狙って置く。味方の射線を消さない。,ブリザードはウィドウメイカーの移動・防御スキルを確認してから、逃げ道と回復射線を塞ぐ位置へ使う。,"[""ウィドウメイカー"", ""壁で孤立した敵"", ""回復射線から離れた敵""]","[""長い射線の正面で歩き続けること。"", ""空中の敵だけを追い、地上の合流を止めないこと。"", ""ブリザードを移動・防御スキル確認前に使うこと。""]",長射線で先に体力差を作る敵,ウィドウメイカーの正面射線へ体を置かず、味方が視線を引いた一拍だけ別射線を使う。,ウィドウメイカーが照準を別方向へ向けた瞬間、または遮蔽移動中に凍結ブラスターとアイス・ウォールを差し込む。,一度撃った位置は読まれるため、クリオフリーズで次の遮蔽へ移り、同じ場所から再ピークしない。,試合後に「ウィドウメイカーの何を見てから撃ったか」「外した時にどこへ戻ったか」を1回だけ確認する。,メイ対ウィドウメイカーは、長射線で先に体力差を作る敵として読む。最初に見る情報、撃つ瞬間、失敗時の戻り先を分けると、数値評価以上に安定する。,ウィドウメイカーへの説明は「撃つ」「追う」だけで終わらせない。ダイブ確認、倒し切りを狙う条件、撤退先、次の狙いを必ず1文ずつ分け、メイの凍結ブラスターとアイス・ウォールとクリオフリーズの使い道を混同しない。,射線管理,ウィドウメイカーの正面射線を避け、短い別射線で一度だけ体力差を作る。,この試合で「ウィドウメイカーの正面射線へ体を置かず、味方が視線を引いた一拍だけ別射線を使う。」を守れたか。守れなかった場合、次は撃つ前に何を1つだけ見るか。,ウィドウメイカーが照準を別方向へ向けた瞬間、または遮蔽移動中に凍結ブラスターとアイス・ウォールを差し込む。 次に一度撃った位置は読まれるため、クリオフリーズで次の遮蔽へ移り、同じ場所から再ピークしない。できていれば成功。,同じ場所から再ピークして、ウィドウメイカーに照準を置かれたまま勝負する。,次の試合では1回撃ったらクリオフリーズで射線を変え、同じ位置を使わない。,ウィドウメイカーに見られていた時間、再ピークした場所、射線変更できたかを確認する。,次の試合ではウィドウメイカーを倒すことより、確認、攻撃、退避の順番を崩さない。
Emre,5.0,分断と体力差管理,エムレ相手はつららで体力差を作り、アイス・ウォールで孤立した瞬間だけ近距離へ寄る。クリオフリーズは次の壁まで耐えるために使う。,遮蔽、味方の射線、壁の解除後に戻る場所を先に決める。,"[""サイバー・フラグ"", ""シンセティック・バースト・ライフル"", ""オーバーライド・プロトコル""]","[""オルタード・バイタル"", ""サイバー・フラグ""]","[""オルタード・バイタル""]","[""サイバー・フラグ"", ""オルタード・バイタル""]",8,7,8,9,8,凍結ブラスターはエムレの位置確認と足止めに使う。遠い時はつらら、近い時はスプレーで移動を遅らせる。,アイス・ウォールはエムレの退路、回復射線、味方から離れた位置を狙って置く。味方の射線を消さない。,ブリザードはエムレの移動・防御スキルを確認してから、逃げ道と回復射線を塞ぐ位置へ使う。,"[""エムレ"", ""壁で孤立した敵"", ""回復射線から離れた敵""]","[""壁を置いた後に孤立対象を確認しないこと。"", ""倒し切れない相手を追い続け、遮蔽から離れること。"", ""ブリザードを移動・防御スキル確認前に使うこと。""]",長射線で先に体力差を作る敵,エムレの正面射線へ体を置かず、味方が視線を引いた一拍だけ別射線を使う。,エムレが照準を別方向へ向けた瞬間、または遮蔽移動中に凍結ブラスターとアイス・ウォールを差し込む。,一度撃った位置は読まれるため、クリオフリーズで次の遮蔽へ移り、同じ場所から再ピークしない。,試合後に「エムレの何を見てから撃ったか」「外した時にどこへ戻ったか」を1回だけ確認する。,メイ対エムレは、長射線で先に体力差を作る敵として読む。最初に見る情報、撃つ瞬間、失敗時の戻り先を分けると、数値評価以上に安定する。,エムレへの説明は「撃つ」「追う」だけで終わらせない。ダイブ確認、倒し切りを狙う条件、撤退先、次の狙いを必ず1文ずつ分け、メイの凍結ブラスターとアイス・ウォールとクリオフリーズの使い道を混同しない。,射線管理,エムレの正面射線を避け、短い別射線で一度だけ体力差を作る。,この試合で「エムレの正面射線へ体を置かず、味方が視線を引いた一拍だけ別射線を使う。」を守れたか。守れなかった場合、次は撃つ前に何を1つだけ見るか。,エムレが照準を別方向へ向けた瞬間、または遮蔽移動中に凍結ブラスターとアイス・ウォールを差し込む。 次に一度撃った位置は読まれるため、クリオフリーズで次の遮蔽へ移り、同じ場所から再ピークしない。できていれば成功。,同じ場所から再ピークして、エムレに照準を置かれたまま勝負する。,次の試合では1回撃ったらクリオフリーズで射線を変え、同じ位置を使わない。,エムレに見られていた時間、再ピークした場所、射線変更できたかを確認する。,次の試合ではエムレを倒すことより、確認、攻撃、退避の順番を崩さない。
Cassidy,5.3,分断と体力差管理,キャスディ相手はつららで体力差を作り、アイス・ウォールで孤立した瞬間だけ近距離へ寄る。クリオフリーズは次の壁まで耐えるために使う。,遮蔽、味方の射線、壁の解除後に戻る場所を先に決める。,"[""フラッシュバン"", ""デッド・アイ""]","[""コンバット・ロール"", ""フラッシュバン""]","[""コンバット・ロール""]","[""フラッシュバン"", ""コンバット・ロール""]",8,7,8,9,8,凍結ブラスターはキャスディの位置確認と足止めに使う。遠い時はつらら、近い時はスプレーで移動を遅らせる。,アイス・ウォールはキャスディの退路、回復射線、味方から離れた位置を狙って置く。味方の射線を消さない。,ブリザードはキャスディの移動・防御スキルを確認してから、逃げ道と回復射線を塞ぐ位置へ使う。,"[""キャスディ"", ""壁で孤立した敵"", ""回復射線から離れた敵""]","[""壁を置いた後に孤立対象を確認しないこと。"", ""倒し切れない相手を追い続け、遮蔽から離れること。"", ""ブリザードを移動・防御スキル確認前に使うこと。""]",長射線で先に体力差を作る敵,キャスディの正面射線へ体を置かず、味方が視線を引いた一拍だけ別射線を使う。,キャスディが照準を別方向へ向けた瞬間、または遮蔽移動中に凍結ブラスターとアイス・ウォールを差し込む。,一度撃った位置は読まれるため、クリオフリーズで次の遮蔽へ移り、同じ場所から再ピークしない。,試合後に「キャスディの何を見てから撃ったか」「外した時にどこへ戻ったか」を1回だけ確認する。,メイ対キャスディは、長射線で先に体力差を作る敵として読む。最初に見る情報、撃つ瞬間、失敗時の戻り先を分けると、数値評価以上に安定する。,キャスディへの説明は「撃つ」「追う」だけで終わらせない。ダイブ確認、倒し切りを狙う条件、撤退先、次の狙いを必ず1文ずつ分け、メイの凍結ブラスターとアイス・ウォールとクリオフリーズの使い道を混同しない。,射線管理,キャスディの正面射線を避け、短い別射線で一度だけ体力差を作る。,この試合で「キャスディの正面射線へ体を置かず、味方が視線を引いた一拍だけ別射線を使う。」を守れたか。守れなかった場合、次は撃つ前に何を1つだけ見るか。,キャスディが照準を別方向へ向けた瞬間、または遮蔽移動中に凍結ブラスターとアイス・ウォールを差し込む。 次に一度撃った位置は読まれるため、クリオフリーズで次の遮蔽へ移り、同じ場所から再ピークしない。できていれば成功。,同じ場所から再ピークして、キャスディに照準を置かれたまま勝負する。,次の試合では1回撃ったらクリオフリーズで射線を変え、同じ位置を使わない。,キャスディに見られていた時間、再ピークした場所、射線変更できたかを確認する。,次の試合ではキャスディを倒すことより、確認、攻撃、退避の順番を崩さない。
Sojourn,4.3,射線と生存管理注意,ソジョーンはメイのクリオフリーズ後を狙いやすい。アイス・ウォールで接近経路か退路を分断し、近距離スプレーは味方火力と合わせる。,味方サポートが見える遮蔽を基準にする。側面から入る敵を見たら、壁で合流を遅らせて人数差を作る。,"[""ディスラプター・ショット"", ""レールガン"", ""オーバークロック""]","[""パワー・スライド"", ""ディスラプター・ショット""]","[""パワー・スライド""]","[""ディスラプター・ショット"", ""パワー・スライド""]",7,6,10,7,7,凍結ブラスターはソジョーンの位置確認と足止めに使う。遠い時はつらら、近い時はスプレーで移動を遅らせる。,アイス・ウォールはソジョーンの退路、回復射線、味方から離れた位置を狙って置く。味方の射線を消さない。,ブリザードはソジョーンの移動・防御スキルを確認してから、逃げ道と回復射線を塞ぐ位置へ使う。,"[""ソジョーン"", ""壁で孤立した敵"", ""回復射線から離れた敵""]","[""クリオフリーズを早く使い、次の接近に耐えられないこと。"", ""壁を自分の前だけに置き、敵の合流を止めないこと。"", ""ブリザードを移動・防御スキル確認前に使うこと。""]",長射線で先に体力差を作る敵,ソジョーンの正面射線へ体を置かず、味方が視線を引いた一拍だけ別射線を使う。,ソジョーンが照準を別方向へ向けた瞬間、または遮蔽移動中に凍結ブラスターとアイス・ウォールを差し込む。,一度撃った位置は読まれるため、クリオフリーズで次の遮蔽へ移り、同じ場所から再ピークしない。,試合後に「ソジョーンの何を見てから撃ったか」「外した時にどこへ戻ったか」を1回だけ確認する。,メイ対ソジョーンは、長射線で先に体力差を作る敵として読む。最初に見る情報、撃つ瞬間、失敗時の戻り先を分けると、数値評価以上に安定する。,ソジョーンへの説明は「撃つ」「追う」だけで終わらせない。ダイブ確認、倒し切りを狙う条件、撤退先、次の狙いを必ず1文ずつ分け、メイの凍結ブラスターとアイス・ウォールとクリオフリーズの使い道を混同しない。,射線管理,ソジョーンの正面射線を避け、短い別射線で一度だけ体力差を作る。,この試合で「ソジョーンの正面射線へ体を置かず、味方が視線を引いた一拍だけ別射線を使う。」を守れたか。守れなかった場合、次は撃つ前に何を1つだけ見るか。,ソジョーンが照準を別方向へ向けた瞬間、または遮蔽移動中に凍結ブラスターとアイス・ウォールを差し込む。 次に一度撃った位置は読まれるため、クリオフリーズで次の遮蔽へ移り、同じ場所から再ピークしない。できていれば成功。,同じ場所から再ピークして、ソジョーンに照準を置かれたまま勝負する。,次の試合では1回撃ったらクリオフリーズで射線を変え、同じ位置を使わない。,ソジョーンに見られていた時間、再ピークした場所、射線変更できたかを確認する。,次の試合ではソジョーンを倒すことより、確認、攻撃、退避の順番を崩さない。
Soldier: 76,5.3,分断と体力差管理,ソルジャー76相手は開けた射線で長く見合わない。つららで短く体力差を作り、アイス・ウォールで危険射線か地上側の回復射線を止める。,同じ遮蔽で待ち続けない。壁で射線を切って、味方が進める位置まで一緒に移動する。,"[""ヘリックス・ロケット"", ""タクティカル・バイザー"", ""バイオティック・フィールド""]","[""スプリント"", ""ヘリックス・ロケット"", ""バイオティック・フィールド""]","[""スプリント"", ""バイオティック・フィールド""]","[""ヘリックス・ロケット"", ""スプリント""]",7,6,8,8,7,凍結ブラスターはソルジャー76の位置確認と足止めに使う。遠い時はつらら、近い時はスプレーで移動を遅らせる。,アイス・ウォールはソルジャー76の退路、回復射線、味方から離れた位置を狙って置く。味方の射線を消さない。,ブリザードはソルジャー76の移動・防御スキルを確認してから、逃げ道と回復射線を塞ぐ位置へ使う。,"[""ソルジャー76"", ""壁で孤立した敵"", ""回復射線から離れた敵""]","[""長い射線の正面で歩き続けること。"", ""空中の敵だけを追い、地上の合流を止めないこと。"", ""ブリザードを移動・防御スキル確認前に使うこと。""]",長射線で先に体力差を作る敵,ソルジャー76の正面射線へ体を置かず、味方が視線を引いた一拍だけ別射線を使う。,ソルジャー76が照準を別方向へ向けた瞬間、または遮蔽移動中に凍結ブラスターとアイス・ウォールを差し込む。,一度撃った位置は読まれるため、クリオフリーズで次の遮蔽へ移り、同じ場所から再ピークしない。,試合後に「ソルジャー76の何を見てから撃ったか」「外した時にどこへ戻ったか」を1回だけ確認する。,メイ対ソルジャー76は、長射線で先に体力差を作る敵として読む。最初に見る情報、撃つ瞬間、失敗時の戻り先を分けると、数値評価以上に安定する。,ソルジャー76への説明は「撃つ」「追う」だけで終わらせない。ダイブ確認、倒し切りを狙う条件、撤退先、次の狙いを必ず1文ずつ分け、メイの凍結ブラスターとアイス・ウォールとクリオフリーズの使い道を混同しない。,射線管理,ソルジャー76の正面射線を避け、短い別射線で一度だけ体力差を作る。,この試合で「ソルジャー76の正面射線へ体を置かず、味方が視線を引いた一拍だけ別射線を使う。」を守れたか。守れなかった場合、次は撃つ前に何を1つだけ見るか。,ソルジャー76が照準を別方向へ向けた瞬間、または遮蔽移動中に凍結ブラスターとアイス・ウォールを差し込む。 次に一度撃った位置は読まれるため、クリオフリーズで次の遮蔽へ移り、同じ場所から再ピークしない。できていれば成功。,同じ場所から再ピークして、ソルジャー76に照準を置かれたまま勝負する。,次の試合では1回撃ったらクリオフリーズで射線を変え、同じ位置を使わない。,ソルジャー76に見られていた時間、再ピークした場所、射線変更できたかを確認する。,次の試合ではソルジャー76を倒すことより、確認、攻撃、退避の順番を崩さない。
Hanzo,4.8,分断と体力差管理,ハンゾー相手は開けた射線で長く見合わない。つららで短く体力差を作り、アイス・ウォールで危険射線か地上側の回復射線を止める。,同じ遮蔽で待ち続けない。壁で射線を切って、味方が進める位置まで一緒に移動する。,"[""電光石火"", ""鳴響矢水"", ""龍撃波""]","[""体術"", ""壁登り"", ""電光石火""]","[""体術"", ""壁登り""]","[""電光石火"", ""鳴響矢水"", ""体術""]",8,6,9,8,8,凍結ブラスターはハンゾーの位置確認と足止めに使う。遠い時はつらら、近い時はスプレーで移動を遅らせる。,アイス・ウォールはハンゾーの退路、回復射線、味方から離れた位置を狙って置く。味方の射線を消さない。,ブリザードはハンゾーの移動・防御スキルを確認してから、逃げ道と回復射線を塞ぐ位置へ使う。,"[""ハンゾー"", ""壁で孤立した敵"", ""回復射線から離れた敵""]","[""長い射線の正面で歩き続けること。"", ""空中の敵だけを追い、地上の合流を止めないこと。"", ""ブリザードを移動・防御スキル確認前に使うこと。""]",長射線で先に体力差を作る敵,ハンゾーの正面射線へ体を置かず、味方が視線を引いた一拍だけ別射線を使う。,ハンゾーが照準を別方向へ向けた瞬間、または遮蔽移動中に凍結ブラスターとアイス・ウォールを差し込む。,一度撃った位置は読まれるため、クリオフリーズで次の遮蔽へ移り、同じ場所から再ピークしない。,試合後に「ハンゾーの何を見てから撃ったか」「外した時にどこへ戻ったか」を1回だけ確認する。,メイ対ハンゾーは、長射線で先に体力差を作る敵として読む。最初に見る情報、撃つ瞬間、失敗時の戻り先を分けると、数値評価以上に安定する。,ハンゾーへの説明は「撃つ」「追う」だけで終わらせない。ダイブ確認、倒し切りを狙う条件、撤退先、次の狙いを必ず1文ずつ分け、メイの凍結ブラスターとアイス・ウォールとクリオフリーズの使い道を混同しない。,射線管理,ハンゾーの正面射線を避け、短い別射線で一度だけ体力差を作る。,この試合で「ハンゾーの正面射線へ体を置かず、味方が視線を引いた一拍だけ別射線を使う。」を守れたか。守れなかった場合、次は撃つ前に何を1つだけ見るか。,ハンゾーが照準を別方向へ向けた瞬間、または遮蔽移動中に凍結ブラスターとアイス・ウォールを差し込む。 次に一度撃った位置は読まれるため、クリオフリーズで次の遮蔽へ移り、同じ場所から再ピークしない。できていれば成功。,同じ場所から再ピークして、ハンゾーに照準を置かれたまま勝負する。,次の試合では1回撃ったらクリオフリーズで射線を変え、同じ位置を使わない。,ハンゾーに見られていた時間、再ピークした場所、射線変更できたかを確認する。,次の試合ではハンゾーを倒すことより、確認、攻撃、退避の順番を崩さない。
Freja,4.3,射線と生存管理注意,フレイヤはメイのクリオフリーズ後を狙いやすい。アイス・ウォールで接近経路か退路を分断し、近距離スプレーは味方火力と合わせる。,味方サポートが見える遮蔽を基準にする。側面から入る敵を見たら、壁で合流を遅らせて人数差を作る。,"[""ボーラ・ショット"", ""テイク・エイム"", ""ボーラ・ショット""]","[""クイック・ダッシュ"", ""アップドラフト"", ""ボーラ・ショット""]","[""クイック・ダッシュ"", ""アップドラフト""]","[""ボーラ・ショット"", ""テイク・エイム"", ""クイック・ダッシュ""]",7,6,10,7,7,凍結ブラスターはフレイヤの位置確認と足止めに使う。遠い時はつらら、近い時はスプレーで移動を遅らせる。,アイス・ウォールはフレイヤの退路、回復射線、味方から離れた位置を狙って置く。味方の射線を消さない。,ブリザードはフレイヤの移動・防御スキルを確認してから、逃げ道と回復射線を塞ぐ位置へ使う。,"[""フレイヤ"", ""壁で孤立した敵"", ""回復射線から離れた敵""]","[""クリオフリーズを早く使い、次の接近に耐えられないこと。"", ""壁を自分の前だけに置き、敵の合流を止めないこと。"", ""ブリザードを移動・防御スキル確認前に使うこと。""]",長射線で先に体力差を作る敵,フレイヤの正面射線へ体を置かず、味方が視線を引いた一拍だけ別射線を使う。,フレイヤが照準を別方向へ向けた瞬間、または遮蔽移動中に凍結ブラスターとアイス・ウォールを差し込む。,一度撃った位置は読まれるため、クリオフリーズで次の遮蔽へ移り、同じ場所から再ピークしない。,試合後に「フレイヤの何を見てから撃ったか」「外した時にどこへ戻ったか」を1回だけ確認する。,メイ対フレイヤは、長射線で先に体力差を作る敵として読む。最初に見る情報、撃つ瞬間、失敗時の戻り先を分けると、数値評価以上に安定する。,フレイヤへの説明は「撃つ」「追う」だけで終わらせない。ダイブ確認、倒し切りを狙う条件、撤退先、次の狙いを必ず1文ずつ分け、メイの凍結ブラスターとアイス・ウォールとクリオフリーズの使い道を混同しない。,射線管理,フレイヤの正面射線を避け、短い別射線で一度だけ体力差を作る。,この試合で「フレイヤの正面射線へ体を置かず、味方が視線を引いた一拍だけ別射線を使う。」を守れたか。守れなかった場合、次は撃つ前に何を1つだけ見るか。,フレイヤが照準を別方向へ向けた瞬間、または遮蔽移動中に凍結ブラスターとアイス・ウォールを差し込む。 次に一度撃った位置は読まれるため、クリオフリーズで次の遮蔽へ移り、同じ場所から再ピークしない。できていれば成功。,同じ場所から再ピークして、フレイヤに照準を置かれたまま勝負する。,次の試合では1回撃ったらクリオフリーズで射線を変え、同じ位置を使わない。,フレイヤに見られていた時間、再ピークした場所、射線変更できたかを確認する。,次の試合ではフレイヤを倒すことより、確認、攻撃、退避の順番を崩さない。
Anran,4.1,射線と生存管理注意,アンランはメイのクリオフリーズ後を狙いやすい。アイス・ウォールで接近経路か退路を分断し、近距離スプレーは味方火力と合わせる。,味方サポートが見える遮蔽を基準にする。側面から入る敵を見たら、壁で合流を遅らせて人数差を作る。,"[""怒炎衝"", ""朱羽焚"", ""焚身焔""]","[""熠閃舞"", ""朱魂返"", ""怒炎衝""]","[""熠閃舞"", ""朱魂返""]","[""怒炎衝"", ""朱羽焚"", ""熠閃舞""]",7,6,10,7,7,凍結ブラスターはアンランの位置確認と足止めに使う。遠い時はつらら、近い時はスプレーで移動を遅らせる。,アイス・ウォールはアンランの退路、回復射線、味方から離れた位置を狙って置く。味方の射線を消さない。,ブリザードはアンランの移動・防御スキルを確認してから、逃げ道と回復射線を塞ぐ位置へ使う。,"[""アンラン"", ""壁で孤立した敵"", ""回復射線から離れた敵""]","[""クリオフリーズを早く使い、次の接近に耐えられないこと。"", ""壁を自分の前だけに置き、敵の合流を止めないこと。"", ""ブリザードを移動・防御スキル確認前に使うこと。""]",ダイブ経路・帰り道・再突入を分けるフランカー,アンランの初回接近だけを見ず、帰り道・再突入のダイブ経路・味方サポートへの距離を先に置き照準で管理する。,アンランが移動スキルを切った直後に凍結ブラスターとアイス・ウォールを硬直に合わせ、倒し切れない時は追わない。,追撃で味方から離れず、クリオフリーズで元の遮蔽へ戻る。倒し切れない時は次の再突入を待ち、同じ通路を追わない。,試合後に「アンランの何を見てから撃ったか」「外した時にどこへ戻ったか」を1回だけ確認する。,メイ対アンランは、ダイブ経路・帰り道・再突入を分けるフランカーとして読む。最初に見る情報、撃つ瞬間、失敗時の戻り先を分けると、数値評価以上に安定する。,アンランへの説明は「撃つ」「追う」だけで終わらせない。ダイブ確認、倒し切りを狙う条件、撤退先、次の狙いを必ず1文ずつ分け、メイの凍結ブラスターとアイス・ウォールとクリオフリーズの使い道を混同しない。,再突入確認,アンランの初回接近ではなく、帰り道と再突入のダイブ経路を見て2回目を止める。,この試合で「アンランの初回接近だけを見ず、帰り道・再突入のダイブ経路・味方サポートへの距離を先に置き照準で管理する。」を守れたか。守れなかった場合、次は撃つ前に何を1つだけ見るか。,アンランが移動スキルを切った直後に凍結ブラスターとアイス・ウォールを硬直に合わせ、倒し切れない時は追わない。 次に追撃で味方から離れず、クリオフリーズで元の遮蔽へ戻る。倒し切れない時は次の再突入を待ち、同じ通路を追わない。できていれば成功。,アンランを深追いして味方から離れ、次の接近を味方サポートに通してしまう。,次の試合では初回接近を移動スキル使用直後の硬直を狙い、逃げ道へアイス・ウォールを残す。,アンランを追った距離、味方サポートとの距離、再突入時に照準が置けていたかを確認する。,次の試合ではアンランを倒すことより、確認、攻撃、退避の順番を崩さない。
Genji,3.5,射線と生存管理注意,ゲンジはメイのクリオフリーズ後を狙いやすい。アイス・ウォールで接近経路か退路を分断し、近距離スプレーは味方火力と合わせる。,味方サポートが見える遮蔽を基準にする。側面から入る敵を見たら、壁で合流を遅らせて人数差を作る。,"[""風斬り"", ""龍撃剣"", ""木の葉返し""]","[""風斬り"", ""サイバー体術"", ""風斬り""]","[""風斬り"", ""サイバー体術"", ""木の葉返し""]","[""風斬り"", ""風斬り"", ""サイバー体術""]",7,5,10,7,7,凍結ブラスターはゲンジの位置確認と足止めに使う。遠い時はつらら、近い時はスプレーで移動を遅らせる。,アイス・ウォールはゲンジの退路、回復射線、味方から離れた位置を狙って置く。味方の射線を消さない。,ブリザードはゲンジの移動・防御スキルを確認してから、逃げ道と回復射線を塞ぐ位置へ使う。,"[""ゲンジ"", ""壁で孤立した敵"", ""回復射線から離れた敵""]","[""クリオフリーズを早く使い、次の接近に耐えられないこと。"", ""壁を自分の前だけに置き、敵の合流を止めないこと。"", ""ブリザードを移動・防御スキル確認前に使うこと。""]",ダイブ経路・帰り道・再突入を分けるフランカー,ゲンジの初回接近だけを見ず、帰り道・再突入のダイブ経路・味方サポートへの距離を先に置き照準で管理する。,ゲンジが移動スキルを切った直後に凍結ブラスターとアイス・ウォールを硬直に合わせ、倒し切れない時は追わない。,追撃で味方から離れず、クリオフリーズで元の遮蔽へ戻る。倒し切れない時は次の再突入を待ち、同じ通路を追わない。,試合後に「ゲンジの何を見てから撃ったか」「外した時にどこへ戻ったか」を1回だけ確認する。,メイ対ゲンジは、ダイブ経路・帰り道・再突入を分けるフランカーとして読む。最初に見る情報、撃つ瞬間、失敗時の戻り先を分けると、数値評価以上に安定する。,ゲンジへの説明は「撃つ」「追う」だけで終わらせない。ダイブ確認、倒し切りを狙う条件、撤退先、次の狙いを必ず1文ずつ分け、メイの凍結ブラスターとアイス・ウォールとクリオフリーズの使い道を混同しない。,再突入確認,ゲンジの初回接近ではなく、帰り道と再突入のダイブ経路を見て2回目を止める。,この試合で「ゲンジの初回接近だけを見ず、帰り道・再突入のダイブ経路・味方サポートへの距離を先に置き照準で管理する。」を守れたか。守れなかった場合、次は撃つ前に何を1つだけ見るか。,ゲンジが移動スキルを切った直後に凍結ブラスターとアイス・ウォールを硬直に合わせ、倒し切れない時は追わない。 次に追撃で味方から離れず、クリオフリーズで元の遮蔽へ戻る。倒し切れない時は次の再突入を待ち、同じ通路を追わない。できていれば成功。,ゲンジを深追いして味方から離れ、次の接近を味方サポートに通してしまう。,次の試合では初回接近を移動スキル使用直後の硬直を狙い、逃げ道へアイス・ウォールを残す。,ゲンジを追った距離、味方サポートとの距離、再突入時に照準が置けていたかを確認する。,次の試合ではゲンジを倒すことより、確認、攻撃、退避の順番を崩さない。
Shion,3.5,射線と生存管理注意,シオンはメイのクリオフリーズ後を狙いやすい。アイス・ウォールで接近経路か退路を分断し、近距離スプレーは味方火力と合わせる。,味方サポートが見える遮蔽を基準にする。側面から入る敵を見たら、壁で合流を遅らせて人数差を作る。,"[""凶走"", ""回避"", ""罰""]","[""回避"", ""凶走"", ""凶走""]","[""回避"", ""凶走""]","[""凶走"", ""回避"", ""回避""]",6,4,10,6,6,凍結ブラスターはシオンの位置確認と足止めに使う。遠い時はつらら、近い時はスプレーで移動を遅らせる。,アイス・ウォールはシオンの退路、回復射線、味方から離れた位置を狙って置く。味方の射線を消さない。,ブリザードはシオンの移動・防御スキルを確認してから、逃げ道と回復射線を塞ぐ位置へ使う。,"[""シオン"", ""壁で孤立した敵"", ""回復射線から離れた敵""]","[""クリオフリーズを早く使い、次の接近に耐えられないこと。"", ""壁を自分の前だけに置き、敵の合流を止めないこと。"", ""ブリザードを移動・防御スキル確認前に使うこと。""]",ダイブ経路・帰り道・再突入を分けるフランカー,シオンの初回接近だけを見ず、帰り道・再突入のダイブ経路・味方サポートへの距離を先に置き照準で管理する。,シオンが移動スキルを切った直後に凍結ブラスターとアイス・ウォールを硬直に合わせ、倒し切れない時は追わない。,追撃で味方から離れず、クリオフリーズで元の遮蔽へ戻る。倒し切れない時は次の再突入を待ち、同じ通路を追わない。,試合後に「シオンの何を見てから撃ったか」「外した時にどこへ戻ったか」を1回だけ確認する。,メイ対シオンは、ダイブ経路・帰り道・再突入を分けるフランカーとして読む。最初に見る情報、撃つ瞬間、失敗時の戻り先を分けると、数値評価以上に安定する。,シオンへの説明は「撃つ」「追う」だけで終わらせない。ダイブ確認、倒し切りを狙う条件、撤退先、次の狙いを必ず1文ずつ分け、メイの凍結ブラスターとアイス・ウォールとクリオフリーズの使い道を混同しない。,再突入確認,シオンの初回接近ではなく、帰り道と再突入のダイブ経路を見て2回目を止める。,この試合で「シオンの初回接近だけを見ず、帰り道・再突入のダイブ経路・味方サポートへの距離を先に置き照準で管理する。」を守れたか。守れなかった場合、次は撃つ前に何を1つだけ見るか。,シオンが移動スキルを切った直後に凍結ブラスターとアイス・ウォールを硬直に合わせ、倒し切れない時は追わない。 次に追撃で味方から離れず、クリオフリーズで元の遮蔽へ戻る。倒し切れない時は次の再突入を待ち、同じ通路を追わない。できていれば成功。,シオンを深追いして味方から離れ、次の接近を味方サポートに通してしまう。,次の試合では初回接近を移動スキル使用直後の硬直を狙い、逃げ道へアイス・ウォールを残す。,シオンを追った距離、味方サポートとの距離、再突入時に照準が置けていたかを確認する。,次の試合ではシオンを倒すことより、確認、攻撃、退避の順番を崩さない。
Sombra,3.6,射線と生存管理注意,ソンブラはメイのクリオフリーズ後を狙いやすい。アイス・ウォールで接近経路か退路を分断し、近距離スプレーは味方火力と合わせる。,味方サポートが見える遮蔽を基準にする。側面から入る敵を見たら、壁で合流を遅らせて人数差を作る。,"[""ハック"", ""EMP"", ""ハック""]","[""トランズロケーター"", ""ステルス"", ""ハック""]","[""トランズロケーター"", ""ステルス"", ""ハック""]","[""ハック"", ""トランズロケーター"", ""ステルス""]",8,6,10,8,8,凍結ブラスターはソンブラの位置確認と足止めに使う。遠い時はつらら、近い時はスプレーで移動を遅らせる。,アイス・ウォールはソンブラの退路、回復射線、味方から離れた位置を狙って置く。味方の射線を消さない。,ブリザードはソンブラの移動・防御スキルを確認してから、逃げ道と回復射線を塞ぐ位置へ使う。,"[""ソンブラ"", ""壁で孤立した敵"", ""回復射線から離れた敵""]","[""クリオフリーズを早く使い、次の接近に耐えられないこと。"", ""壁を自分の前だけに置き、敵の合流を止めないこと。"", ""ブリザードを移動・防御スキル確認前に使うこと。""]",ダイブ経路・帰り道・再突入を分けるフランカー,ソンブラの初回接近だけを見ず、帰り道・再突入のダイブ経路・味方サポートへの距離を先に置き照準で管理する。,ソンブラが移動スキルを切った直後に凍結ブラスターとアイス・ウォールを硬直に合わせ、倒し切れない時は追わない。,追撃で味方から離れず、クリオフリーズで元の遮蔽へ戻る。倒し切れない時は次の再突入を待ち、同じ通路を追わない。,試合後に「ソンブラの何を見てから撃ったか」「外した時にどこへ戻ったか」を1回だけ確認する。,メイ対ソンブラは、ダイブ経路・帰り道・再突入を分けるフランカーとして読む。最初に見る情報、撃つ瞬間、失敗時の戻り先を分けると、数値評価以上に安定する。,ソンブラへの説明は「撃つ」「追う」だけで終わらせない。ダイブ確認、倒し切りを狙う条件、撤退先、次の狙いを必ず1文ずつ分け、メイの凍結ブラスターとアイス・ウォールとクリオフリーズの使い道を混同しない。,再突入確認,ソンブラの初回接近ではなく、帰り道と再突入のダイブ経路を見て2回目を止める。,この試合で「ソンブラの初回接近だけを見ず、帰り道・再突入のダイブ経路・味方サポートへの距離を先に置き照準で管理する。」を守れたか。守れなかった場合、次は撃つ前に何を1つだけ見るか。,ソンブラが移動スキルを切った直後に凍結ブラスターとアイス・ウォールを硬直に合わせ、倒し切れない時は追わない。 次に追撃で味方から離れず、クリオフリーズで元の遮蔽へ戻る。倒し切れない時は次の再突入を待ち、同じ通路を追わない。できていれば成功。,ソンブラを深追いして味方から離れ、次の接近を味方サポートに通してしまう。,次の試合では初回接近を移動スキル使用直後の硬直を狙い、逃げ道へアイス・ウォールを残す。,ソンブラを追った距離、味方サポートとの距離、再突入時に照準が置けていたかを確認する。,次の試合ではソンブラを倒すことより、確認、攻撃、退避の順番を崩さない。
Tracer,3.8,射線と生存管理注意,トレーサーはメイのクリオフリーズ後を狙いやすい。アイス・ウォールで接近経路か退路を分断し、近距離スプレーは味方火力と合わせる。,味方サポートが見える遮蔽を基準にする。側面から入る敵を見たら、壁で合流を遅らせて人数差を作る。,"[""ブリンク"", ""パルス・ボム"", ""リコール""]","[""ブリンク"", ""リコール"", ""ブリンク""]","[""ブリンク"", ""リコール"", ""リコール""]","[""ブリンク"", ""ブリンク"", ""リコール""]",6,5,10,6,7,凍結ブラスターはトレーサーの位置確認と足止めに使う。遠い時はつらら、近い時はスプレーで移動を遅らせる。,アイス・ウォールはトレーサーの退路、回復射線、味方から離れた位置を狙って置く。味方の射線を消さない。,ブリザードはトレーサーの移動・防御スキルを確認してから、逃げ道と回復射線を塞ぐ位置へ使う。,"[""トレーサー"", ""壁で孤立した敵"", ""回復射線から離れた敵""]","[""クリオフリーズを早く使い、次の接近に耐えられないこと。"", ""壁を自分の前だけに置き、敵の合流を止めないこと。"", ""ブリザードを移動・防御スキル確認前に使うこと。""]",ダイブ経路・帰り道・再突入を分けるフランカー,トレーサーの初回接近だけを見ず、帰り道・再突入のダイブ経路・味方サポートへの距離を先に置き照準で管理する。,トレーサーが移動スキルを切った直後に凍結ブラスターとアイス・ウォールを硬直に合わせ、倒し切れない時は追わない。,追撃で味方から離れず、クリオフリーズで元の遮蔽へ戻る。倒し切れない時は次の再突入を待ち、同じ通路を追わない。,試合後に「トレーサーの何を見てから撃ったか」「外した時にどこへ戻ったか」を1回だけ確認する。,メイ対トレーサーは、ダイブ経路・帰り道・再突入を分けるフランカーとして読む。最初に見る情報、撃つ瞬間、失敗時の戻り先を分けると、数値評価以上に安定する。,トレーサーへの説明は「撃つ」「追う」だけで終わらせない。ダイブ確認、倒し切りを狙う条件、撤退先、次の狙いを必ず1文ずつ分け、メイの凍結ブラスターとアイス・ウォールとクリオフリーズの使い道を混同しない。,再突入確認,トレーサーの初回接近ではなく、帰り道と再突入のダイブ経路を見て2回目を止める。,この試合で「トレーサーの初回接近だけを見ず、帰り道・再突入のダイブ経路・味方サポートへの距離を先に置き照準で管理する。」を守れたか。守れなかった場合、次は撃つ前に何を1つだけ見るか。,トレーサーが移動スキルを切った直後に凍結ブラスターとアイス・ウォールを硬直に合わせ、倒し切れない時は追わない。 次に追撃で味方から離れず、クリオフリーズで元の遮蔽へ戻る。倒し切れない時は次の再突入を待ち、同じ通路を追わない。できていれば成功。,トレーサーを深追いして味方から離れ、次の接近を味方サポートに通してしまう。,次の試合では初回接近を移動スキル使用直後の硬直を狙い、逃げ道へアイス・ウォールを残す。,トレーサーを追った距離、味方サポートとの距離、再突入時に照準が置けていたかを確認する。,次の試合ではトレーサーを倒すことより、確認、攻撃、退避の順番を崩さない。
Venture,3.8,射線と生存管理注意,ベンチャーはメイのクリオフリーズ後を狙いやすい。アイス・ウォールで接近経路か退路を分断し、近距離スプレーは味方火力と合わせる。,味方サポートが見える遮蔽を基準にする。側面から入る敵を見たら、壁で合流を遅らせて人数差を作る。,"[""ドリル・ダッシュ"", ""テクトニック・ショック"", ""バロー""]","[""バロー"", ""ドリル・ダッシュ"", ""ドリル・ダッシュ""]","[""バロー"", ""ドリル・ダッシュ"", ""バロー""]","[""ドリル・ダッシュ"", ""バロー"", ""ドリル・ダッシュ""]",7,6,10,7,7,凍結ブラスターはベンチャーの位置確認と足止めに使う。遠い時はつらら、近い時はスプレーで移動を遅らせる。,アイス・ウォールはベンチャーの退路、回復射線、味方から離れた位置を狙って置く。味方の射線を消さない。,ブリザードはベンチャーの移動・防御スキルを確認してから、逃げ道と回復射線を塞ぐ位置へ使う。,"[""ベンチャー"", ""壁で孤立した敵"", ""回復射線から離れた敵""]","[""クリオフリーズを早く使い、次の接近に耐えられないこと。"", ""壁を自分の前だけに置き、敵の合流を止めないこと。"", ""ブリザードを移動・防御スキル確認前に使うこと。""]",ダイブ経路・帰り道・再突入を分けるフランカー,ベンチャーの初回接近だけを見ず、帰り道・再突入のダイブ経路・味方サポートへの距離を先に置き照準で管理する。,ベンチャーが移動スキルを切った直後に凍結ブラスターとアイス・ウォールを硬直に合わせ、倒し切れない時は追わない。,追撃で味方から離れず、クリオフリーズで元の遮蔽へ戻る。倒し切れない時は次の再突入を待ち、同じ通路を追わない。,試合後に「ベンチャーの何を見てから撃ったか」「外した時にどこへ戻ったか」を1回だけ確認する。,メイ対ベンチャーは、ダイブ経路・帰り道・再突入を分けるフランカーとして読む。最初に見る情報、撃つ瞬間、失敗時の戻り先を分けると、数値評価以上に安定する。,ベンチャーへの説明は「撃つ」「追う」だけで終わらせない。ダイブ確認、倒し切りを狙う条件、撤退先、次の狙いを必ず1文ずつ分け、メイの凍結ブラスターとアイス・ウォールとクリオフリーズの使い道を混同しない。,再突入確認,ベンチャーの初回接近ではなく、帰り道と再突入のダイブ経路を見て2回目を止める。,この試合で「ベンチャーの初回接近だけを見ず、帰り道・再突入のダイブ経路・味方サポートへの距離を先に置き照準で管理する。」を守れたか。守れなかった場合、次は撃つ前に何を1つだけ見るか。,ベンチャーが移動スキルを切った直後に凍結ブラスターとアイス・ウォールを硬直に合わせ、倒し切れない時は追わない。 次に追撃で味方から離れず、クリオフリーズで元の遮蔽へ戻る。倒し切れない時は次の再突入を待ち、同じ通路を追わない。できていれば成功。,ベンチャーを深追いして味方から離れ、次の接近を味方サポートに通してしまう。,次の試合では初回接近を移動スキル使用直後の硬直を狙い、逃げ道へアイス・ウォールを残す。,ベンチャーを追った距離、味方サポートとの距離、再突入時に照準が置けていたかを確認する。,次の試合ではベンチャーを倒すことより、確認、攻撃、退避の順番を崩さない。
Reaper,4.6,分断と体力差管理,リーパーはメイのクリオフリーズ後を狙いやすい。アイス・ウォールで接近経路か退路を分断し、近距離スプレーは味方火力と合わせる。,味方サポートが見える遮蔽を基準にする。側面から入る敵を見たら、壁で合流を遅らせて人数差を作る。,"[""シャドウ・ステップ"", ""デス・ブロッサム"", ""レイス・フォーム""]","[""レイス・フォーム"", ""シャドウ・ステップ"", ""シャドウ・ステップ""]","[""レイス・フォーム"", ""シャドウ・ステップ"", ""レイス・フォーム""]","[""シャドウ・ステップ"", ""レイス・フォーム"", ""シャドウ・ステップ""]",8,7,10,9,8,凍結ブラスターはリーパーの位置確認と足止めに使う。遠い時はつらら、近い時はスプレーで移動を遅らせる。,アイス・ウォールはリーパーの退路、回復射線、味方から離れた位置を狙って置く。味方の射線を消さない。,ブリザードはリーパーの移動・防御スキルを確認してから、逃げ道と回復射線を塞ぐ位置へ使う。,"[""リーパー"", ""壁で孤立した敵"", ""回復射線から離れた敵""]","[""クリオフリーズを早く使い、次の接近に耐えられないこと。"", ""壁を自分の前だけに置き、敵の合流を止めないこと。"", ""ブリザードを移動・防御スキル確認前に使うこと。""]",ダイブ経路・帰り道・再突入を分けるフランカー,リーパーの初回接近だけを見ず、帰り道・再突入のダイブ経路・味方サポートへの距離を先に置き照準で管理する。,リーパーが移動スキルを切った直後に凍結ブラスターとアイス・ウォールを硬直に合わせ、倒し切れない時は追わない。,追撃で味方から離れず、クリオフリーズで元の遮蔽へ戻る。倒し切れない時は次の再突入を待ち、同じ通路を追わない。,試合後に「リーパーの何を見てから撃ったか」「外した時にどこへ戻ったか」を1回だけ確認する。,メイ対リーパーは、ダイブ経路・帰り道・再突入を分けるフランカーとして読む。最初に見る情報、撃つ瞬間、失敗時の戻り先を分けると、数値評価以上に安定する。,リーパーへの説明は「撃つ」「追う」だけで終わらせない。ダイブ確認、倒し切りを狙う条件、撤退先、次の狙いを必ず1文ずつ分け、メイの凍結ブラスターとアイス・ウォールとクリオフリーズの使い道を混同しない。,再突入確認,リーパーの初回接近ではなく、帰り道と再突入のダイブ経路を見て2回目を止める。,この試合で「リーパーの初回接近だけを見ず、帰り道・再突入のダイブ経路・味方サポートへの距離を先に置き照準で管理する。」を守れたか。守れなかった場合、次は撃つ前に何を1つだけ見るか。,リーパーが移動スキルを切った直後に凍結ブラスターとアイス・ウォールを硬直に合わせ、倒し切れない時は追わない。 次に追撃で味方から離れず、クリオフリーズで元の遮蔽へ戻る。倒し切れない時は次の再突入を待ち、同じ通路を追わない。できていれば成功。,リーパーを深追いして味方から離れ、次の接近を味方サポートに通してしまう。,次の試合では初回接近を移動スキル使用直後の硬直を狙い、逃げ道へアイス・ウォールを残す。,リーパーを追った距離、味方サポートとの距離、再突入時に照準が置けていたかを確認する。,次の試合ではリーパーを倒すことより、確認、攻撃、退避の順番を崩さない。
Vendetta,3.8,射線と生存管理注意,ヴェンデッタはメイのクリオフリーズ後を狙いやすい。アイス・ウォールで接近経路か退路を分断し、近距離スプレーは味方火力と合わせる。,味方サポートが見える遮蔽を基準にする。側面から入る敵を見たら、壁で合流を遅らせて人数差を作る。,"[""ワールウィンド"", ""ソアリング・スライス"", ""サンダリング・ブレード""]","[""ソアリング・スライス"", ""ワールウィンド"", ""ソアリング・スライス""]","[""ソアリング・スライス"", ""ウォーディング・スタンス""]","[""ワールウィンド"", ""ソアリング・スライス"", ""ソアリング・スライス""]",7,6,10,7,7,凍結ブラスターはヴェンデッタの位置確認と足止めに使う。遠い時はつらら、近い時はスプレーで移動を遅らせる。,アイス・ウォールはヴェンデッタの退路、回復射線、味方から離れた位置を狙って置く。味方の射線を消さない。,ブリザードはヴェンデッタの移動・防御スキルを確認してから、逃げ道と回復射線を塞ぐ位置へ使う。,"[""ヴェンデッタ"", ""壁で孤立した敵"", ""回復射線から離れた敵""]","[""クリオフリーズを早く使い、次の接近に耐えられないこと。"", ""壁を自分の前だけに置き、敵の合流を止めないこと。"", ""ブリザードを移動・防御スキル確認前に使うこと。""]",ダイブ経路・帰り道・再突入を分けるフランカー,ヴェンデッタの初回接近だけを見ず、帰り道・再突入のダイブ経路・味方サポートへの距離を先に置き照準で管理する。,ヴェンデッタが移動スキルを切った直後に凍結ブラスターとアイス・ウォールを硬直に合わせ、倒し切れない時は追わない。,追撃で味方から離れず、クリオフリーズで元の遮蔽へ戻る。倒し切れない時は次の再突入を待ち、同じ通路を追わない。,試合後に「ヴェンデッタの何を見てから撃ったか」「外した時にどこへ戻ったか」を1回だけ確認する。,メイ対ヴェンデッタは、ダイブ経路・帰り道・再突入を分けるフランカーとして読む。最初に見る情報、撃つ瞬間、失敗時の戻り先を分けると、数値評価以上に安定する。,ヴェンデッタへの説明は「撃つ」「追う」だけで終わらせない。ダイブ確認、倒し切りを狙う条件、撤退先、次の狙いを必ず1文ずつ分け、メイの凍結ブラスターとアイス・ウォールとクリオフリーズの使い道を混同しない。,再突入確認,ヴェンデッタの初回接近ではなく、帰り道と再突入のダイブ経路を見て2回目を止める。,この試合で「ヴェンデッタの初回接近だけを見ず、帰り道・再突入のダイブ経路・味方サポートへの距離を先に置き照準で管理する。」を守れたか。守れなかった場合、次は撃つ前に何を1つだけ見るか。,ヴェンデッタが移動スキルを切った直後に凍結ブラスターとアイス・ウォールを硬直に合わせ、倒し切れない時は追わない。 次に追撃で味方から離れず、クリオフリーズで元の遮蔽へ戻る。倒し切れない時は次の再突入を待ち、同じ通路を追わない。できていれば成功。,ヴェンデッタを深追いして味方から離れ、次の接近を味方サポートに通してしまう。,次の試合では初回接近を移動スキル使用直後の硬直を狙い、逃げ道へアイス・ウォールを残す。,ヴェンデッタを追った距離、味方サポートとの距離、再突入時に照準が置けていたかを確認する。,次の試合ではヴェンデッタを倒すことより、確認、攻撃、退避の順番を崩さない。
Echo,2.8,射線と生存管理注意,エコーはメイのクリオフリーズ後を狙いやすい。アイス・ウォールで接近経路か退路を分断し、近距離スプレーは味方火力と合わせる。,味方サポートが見える遮蔽を基準にする。側面から入る敵を見たら、壁で合流を遅らせて人数差を作る。,"[""スティッキー・ボム"", ""フォーカス・ビーム"", ""コピー""]","[""フライト"", ""スティッキー・ボム"", ""フォーカス・ビーム""]","[""フライト""]","[""スティッキー・ボム"", ""フォーカス・ビーム"", ""フライト""]",6,4,10,6,6,凍結ブラスターはエコーの位置確認と足止めに使う。遠い時はつらら、近い時はスプレーで移動を遅らせる。,アイス・ウォールはエコーの退路、回復射線、味方から離れた位置を狙って置く。味方の射線を消さない。,ブリザードはエコーの移動・防御スキルを確認してから、逃げ道と回復射線を塞ぐ位置へ使う。,"[""エコー"", ""壁で孤立した敵"", ""回復射線から離れた敵""]","[""クリオフリーズを早く使い、次の接近に耐えられないこと。"", ""壁を自分の前だけに置き、敵の合流を止めないこと。"", ""ブリザードを移動・防御スキル確認前に使うこと。""]",高度・着地・支援線を分ける空中敵,エコーを空中で長く追い続けず、高度が落ちる地点・着地先・支援線を先に決める。,エコーがブーストや高度維持を使った直後、着地先が限定された瞬間へ凍結ブラスターとアイス・ウォールを集中する。,見上げ続けて地上の圧を失わず、クリオフリーズで遮蔽へ戻って次の着地だけを見る。,試合後に「エコーの何を見てから撃ったか」「外した時にどこへ戻ったか」を1回だけ確認する。,メイ対エコーは、高度・着地・支援線を分ける空中敵として読む。最初に見る情報、撃つ瞬間、失敗時の戻り先を分けると、数値評価以上に安定する。,エコーへの説明は「撃つ」「追う」だけで終わらせない。ダイブ確認、倒し切りを狙う条件、撤退先、次の狙いを必ず1文ずつ分け、メイの凍結ブラスターとアイス・ウォールとクリオフリーズの使い道を混同しない。,空中圧確認,エコーを空中で追い続けず、着地・高度低下・支援線の切れ目だけを撃つ。,この試合で「エコーを空中で長く追い続けず、高度が落ちる地点・着地先・支援線を先に決める。」を守れたか。守れなかった場合、次は撃つ前に何を1つだけ見るか。,エコーがブーストや高度維持を使った直後、着地先が限定された瞬間へ凍結ブラスターとアイス・ウォールを集中する。 次に見上げ続けて地上の圧を失わず、クリオフリーズで遮蔽へ戻って次の着地だけを見る。できていれば成功。,見上げ続けて地上のダイブ経路や味方後衛への圧を見落とす。,次の試合ではエコーの着地先を先に決め、落ちる瞬間だけアイス・ウォールを合わせる。,エコーを撃った時の高度、着地先、自分が地上を見失った秒数を確認する。,次の試合ではエコーを倒すことより、確認、攻撃、退避の順番を崩さない。
Pharah,3.0,射線と生存管理注意,ファラはメイのクリオフリーズ後を狙いやすい。アイス・ウォールで接近経路か退路を分断し、近距離スプレーは味方火力と合わせる。,味方サポートが見える遮蔽を基準にする。側面から入る敵を見たら、壁で合流を遅らせて人数差を作る。,"[""コンカッシブ・ブラスト"", ""バレッジ""]","[""ジャンプ・ジェット"", ""ジェット・ダッシュ"", ""コンカッシブ・ブラスト""]","[""ジャンプ・ジェット"", ""ジェット・ダッシュ""]","[""コンカッシブ・ブラスト"", ""ジャンプ・ジェット"", ""ジェット・ダッシュ""]",7,4,10,7,7,凍結ブラスターはファラの位置確認と足止めに使う。遠い時はつらら、近い時はスプレーで移動を遅らせる。,アイス・ウォールはファラの退路、回復射線、味方から離れた位置を狙って置く。味方の射線を消さない。,ブリザードはファラの移動・防御スキルを確認してから、逃げ道と回復射線を塞ぐ位置へ使う。,"[""ファラ"", ""壁で孤立した敵"", ""回復射線から離れた敵""]","[""クリオフリーズを早く使い、次の接近に耐えられないこと。"", ""壁を自分の前だけに置き、敵の合流を止めないこと。"", ""ブリザードを移動・防御スキル確認前に使うこと。""]",高度・着地・支援線を分ける空中敵,ファラを空中で長く追い続けず、高度が落ちる地点・着地先・支援線を先に決める。,ファラがブーストや高度維持を使った直後、着地先が限定された瞬間へ凍結ブラスターとアイス・ウォールを集中する。,見上げ続けて地上の圧を失わず、クリオフリーズで遮蔽へ戻って次の着地だけを見る。,試合後に「ファラの何を見てから撃ったか」「外した時にどこへ戻ったか」を1回だけ確認する。,メイ対ファラは、高度・着地・支援線を分ける空中敵として読む。最初に見る情報、撃つ瞬間、失敗時の戻り先を分けると、数値評価以上に安定する。,ファラへの説明は「撃つ」「追う」だけで終わらせない。ダイブ確認、倒し切りを狙う条件、撤退先、次の狙いを必ず1文ずつ分け、メイの凍結ブラスターとアイス・ウォールとクリオフリーズの使い道を混同しない。,空中圧確認,ファラを空中で追い続けず、着地・高度低下・支援線の切れ目だけを撃つ。,この試合で「ファラを空中で長く追い続けず、高度が落ちる地点・着地先・支援線を先に決める。」を守れたか。守れなかった場合、次は撃つ前に何を1つだけ見るか。,ファラがブーストや高度維持を使った直後、着地先が限定された瞬間へ凍結ブラスターとアイス・ウォールを集中する。 次に見上げ続けて地上の圧を失わず、クリオフリーズで遮蔽へ戻って次の着地だけを見る。できていれば成功。,見上げ続けて地上のダイブ経路や味方後衛への圧を見落とす。,次の試合ではファラの着地先を先に決め、落ちる瞬間だけアイス・ウォールを合わせる。,ファラを撃った時の高度、着地先、自分が地上を見失った秒数を確認する。,次の試合ではファラを倒すことより、確認、攻撃、退避の順番を崩さない。
Symmetra,5.2,分断と体力差管理,シンメトラの守りで倒し切りをずらされやすい。アイス・ウォールで救助先と回復射線を止め、ブリザードは移動・防御スキル確認後に使う。,救助スキル使用後の退路、回復を受ける射線、目標周辺を見て壁を置く。撃破だけに寄せすぎない。,"[""セントリー・タレット"", ""テレポーター"", ""フォトン・バリア""]","[""テレポーター"", ""セントリー・タレット"", ""テレポーター""]","[""テレポーター"", ""フォトン・バリア""]","[""セントリー・タレット"", ""テレポーター"", ""テレポーター""]",10,8,7,10,9,凍結ブラスターはシンメトラの位置確認と足止めに使う。遠い時はつらら、近い時はスプレーで移動を遅らせる。,アイス・ウォールはシンメトラの退路、回復射線、味方から離れた位置を狙って置く。味方の射線を消さない。,ブリザードはシンメトラの移動・防御スキルを確認してから、逃げ道と回復射線を塞ぐ位置へ使う。,"[""シンメトラ"", ""壁で孤立した敵"", ""回復射線から離れた敵""]","[""防御・救助・移動スキルが残っている相手へブリザードを先に使うこと。"", ""壁で味方の追撃射線を消すこと。"", ""ブリザードを移動・防御スキル確認前に使うこと。""]",通路と設置物で退路を制限する敵,シンメトラの得意な通路を通る前に、設置物・範囲圧・逃げ道・味方が見ている射線を順番に処理する。,設置物や範囲圧を無視して本体へ行かず、通路が空いた瞬間だけ凍結ブラスターとアイス・ウォールを使う。,範囲内で粘らず、クリオフリーズで通路を変えてから次の射線を作る。戻る場所を決めてから本体を撃つ。,試合後に「シンメトラの何を見てから撃ったか」「外した時にどこへ戻ったか」を1回だけ確認する。,メイ対シンメトラは、通路と設置物で退路を制限する敵として読む。最初に見る情報、撃つ瞬間、失敗時の戻り先を分けると、数値評価以上に安定する。,シンメトラへの説明は「撃つ」「追う」だけで終わらせない。ダイブ確認、倒し切りを狙う条件、撤退先、次の狙いを必ず1文ずつ分け、メイの凍結ブラスターとアイス・ウォールとクリオフリーズの使い道を混同しない。,通路整理,シンメトラの範囲圧や設置物を整理してから、通路ではなく安全な撃ち場所を作る。,この試合で「シンメトラの得意な通路を通る前に、設置物・範囲圧・逃げ道・味方が見ている射線を順番に処理する。」を守れたか。守れなかった場合、次は撃つ前に何を1つだけ見るか。,設置物や範囲圧を無視して本体へ行かず、通路が空いた瞬間だけ凍結ブラスターとアイス・ウォールを使う。 次に範囲内で粘らず、クリオフリーズで通路を変えてから次の射線を作る。戻る場所を決めてから本体を撃つ。できていれば成功。,設置物・範囲圧を無視して本体だけを追い、退路を狭められる。,次の試合では通路の危険物を先に処理し、空いた瞬間だけアイス・ウォールを使う。,シンメトラの設置物や範囲圧を処理した順番、踏み込んだ通路、戻れた遮蔽を確認する。,次の試合ではシンメトラを倒すことより、確認、攻撃、退避の順番を崩さない。
Junkrat,5.0,分断と体力差管理,ジャンクラットの守りで倒し切りをずらされやすい。アイス・ウォールで救助先と回復射線を止め、ブリザードは移動・防御スキル確認後に使う。,救助スキル使用後の退路、回復を受ける射線、目標周辺を見て壁を置く。撃破だけに寄せすぎない。,"[""スティール・トラップ"", ""コンカッション・マイン"", ""RIPタイヤ""]","[""コンカッション・マイン"", ""スティール・トラップ"", ""コンカッション・マイン""]","[""コンカッション・マイン""]","[""スティール・トラップ"", ""コンカッション・マイン"", ""コンカッション・マイン""]",9,7,9,9,9,凍結ブラスターはジャンクラットの位置確認と足止めに使う。遠い時はつらら、近い時はスプレーで移動を遅らせる。,アイス・ウォールはジャンクラットの退路、回復射線、味方から離れた位置を狙って置く。味方の射線を消さない。,ブリザードはジャンクラットの移動・防御スキルを確認してから、逃げ道と回復射線を塞ぐ位置へ使う。,"[""ジャンクラット"", ""壁で孤立した敵"", ""回復射線から離れた敵""]","[""防御・救助・移動スキルが残っている相手へブリザードを先に使うこと。"", ""壁で味方の追撃射線を消すこと。"", ""ブリザードを移動・防御スキル確認前に使うこと。""]",通路と設置物で退路を制限する敵,ジャンクラットの得意な通路を通る前に、設置物・範囲圧・逃げ道・味方が見ている射線を順番に処理する。,設置物や範囲圧を無視して本体へ行かず、通路が空いた瞬間だけ凍結ブラスターとアイス・ウォールを使う。,範囲内で粘らず、クリオフリーズで通路を変えてから次の射線を作る。戻る場所を決めてから本体を撃つ。,試合後に「ジャンクラットの何を見てから撃ったか」「外した時にどこへ戻ったか」を1回だけ確認する。,メイ対ジャンクラットは、通路と設置物で退路を制限する敵として読む。最初に見る情報、撃つ瞬間、失敗時の戻り先を分けると、数値評価以上に安定する。,ジャンクラットへの説明は「撃つ」「追う」だけで終わらせない。ダイブ確認、倒し切りを狙う条件、撤退先、次の狙いを必ず1文ずつ分け、メイの凍結ブラスターとアイス・ウォールとクリオフリーズの使い道を混同しない。,通路整理,ジャンクラットの範囲圧や設置物を整理してから、通路ではなく安全な撃ち場所を作る。,この試合で「ジャンクラットの得意な通路を通る前に、設置物・範囲圧・逃げ道・味方が見ている射線を順番に処理する。」を守れたか。守れなかった場合、次は撃つ前に何を1つだけ見るか。,設置物や範囲圧を無視して本体へ行かず、通路が空いた瞬間だけ凍結ブラスターとアイス・ウォールを使う。 次に範囲内で粘らず、クリオフリーズで通路を変えてから次の射線を作る。戻る場所を決めてから本体を撃つ。できていれば成功。,設置物・範囲圧を無視して本体だけを追い、退路を狭められる。,次の試合では通路の危険物を先に処理し、空いた瞬間だけアイス・ウォールを使う。,ジャンクラットの設置物や範囲圧を処理した順番、踏み込んだ通路、戻れた遮蔽を確認する。,次の試合ではジャンクラットを倒すことより、確認、攻撃、退避の順番を崩さない。
Torbjörn,5.0,分断と体力差管理,トールビョーンの守りで倒し切りをずらされやすい。アイス・ウォールで救助先と回復射線を止め、ブリザードは移動・防御スキル確認後に使う。,救助スキル使用後の退路、回復を受ける射線、目標周辺を見て壁を置く。撃破だけに寄せすぎない。,"[""タレット"", ""モルテン・コア"", ""オーバーロード""]","[""オーバーロード"", ""タレット"", ""オーバーロード""]","[""オーバーロード"", ""オーバーロード""]","[""タレット"", ""オーバーロード""]",10,8,7,10,9,凍結ブラスターはトールビョーンの位置確認と足止めに使う。遠い時はつらら、近い時はスプレーで移動を遅らせる。,アイス・ウォールはトールビョーンの退路、回復射線、味方から離れた位置を狙って置く。味方の射線を消さない。,ブリザードはトールビョーンの移動・防御スキルを確認してから、逃げ道と回復射線を塞ぐ位置へ使う。,"[""トールビョーン"", ""壁で孤立した敵"", ""回復射線から離れた敵""]","[""防御・救助・移動スキルが残っている相手へブリザードを先に使うこと。"", ""壁で味方の追撃射線を消すこと。"", ""ブリザードを移動・防御スキル確認前に使うこと。""]",通路と設置物で退路を制限する敵,トールビョーンの得意な通路を通る前に、設置物・範囲圧・逃げ道・味方が見ている射線を順番に処理する。,設置物や範囲圧を無視して本体へ行かず、通路が空いた瞬間だけ凍結ブラスターとアイス・ウォールを使う。,範囲内で粘らず、クリオフリーズで通路を変えてから次の射線を作る。戻る場所を決めてから本体を撃つ。,試合後に「トールビョーンの何を見てから撃ったか」「外した時にどこへ戻ったか」を1回だけ確認する。,メイ対トールビョーンは、通路と設置物で退路を制限する敵として読む。最初に見る情報、撃つ瞬間、失敗時の戻り先を分けると、数値評価以上に安定する。,トールビョーンへの説明は「撃つ」「追う」だけで終わらせない。ダイブ確認、倒し切りを狙う条件、撤退先、次の狙いを必ず1文ずつ分け、メイの凍結ブラスターとアイス・ウォールとクリオフリーズの使い道を混同しない。,通路整理,トールビョーンの範囲圧や設置物を整理してから、通路ではなく安全な撃ち場所を作る。,この試合で「トールビョーンの得意な通路を通る前に、設置物・範囲圧・逃げ道・味方が見ている射線を順番に処理する。」を守れたか。守れなかった場合、次は撃つ前に何を1つだけ見るか。,設置物や範囲圧を無視して本体へ行かず、通路が空いた瞬間だけ凍結ブラスターとアイス・ウォールを使う。 次に範囲内で粘らず、クリオフリーズで通路を変えてから次の射線を作る。戻る場所を決めてから本体を撃つ。できていれば成功。,設置物・範囲圧を無視して本体だけを追い、退路を狭められる。,次の試合では通路の危険物を先に処理し、空いた瞬間だけアイス・ウォールを使う。,トールビョーンの設置物や範囲圧を処理した順番、踏み込んだ通路、戻れた遮蔽を確認する。,次の試合ではトールビョーンを倒すことより、確認、攻撃、退避の順番を崩さない。
Bastion,5.2,分断と体力差管理,バスティオン相手はつららで体力差を作り、アイス・ウォールで孤立した瞬間だけ近距離へ寄る。クリオフリーズは次の壁まで耐えるために使う。,遮蔽、味方の射線、壁の解除後に戻る場所を先に決める。,"[""強襲モード"", ""A-36タクティカル・グレネード"", ""砲台モード""]","[""強襲モード"", ""A-36タクティカル・グレネード""]","[""移動・防御スキル""]","[""強襲モード"", ""A-36タクティカル・グレネード""]",9,8,8,10,9,凍結ブラスターはバスティオンの位置確認と足止めに使う。遠い時はつらら、近い時はスプレーで移動を遅らせる。,アイス・ウォールはバスティオンの退路、回復射線、味方から離れた位置を狙って置く。味方の射線を消さない。,ブリザードはバスティオンの移動・防御スキルを確認してから、逃げ道と回復射線を塞ぐ位置へ使う。,"[""バスティオン"", ""壁で孤立した敵"", ""回復射線から離れた敵""]","[""壁を置いた後に孤立対象を確認しないこと。"", ""倒し切れない相手を追い続け、遮蔽から離れること。"", ""ブリザードを移動・防御スキル確認前に使うこと。""]",通路と設置物で退路を制限する敵,バスティオンの得意な通路を通る前に、設置物・範囲圧・逃げ道・味方が見ている射線を順番に処理する。,設置物や範囲圧を無視して本体へ行かず、通路が空いた瞬間だけ凍結ブラスターとアイス・ウォールを使う。,範囲内で粘らず、クリオフリーズで通路を変えてから次の射線を作る。戻る場所を決めてから本体を撃つ。,試合後に「バスティオンの何を見てから撃ったか」「外した時にどこへ戻ったか」を1回だけ確認する。,メイ対バスティオンは、通路と設置物で退路を制限する敵として読む。最初に見る情報、撃つ瞬間、失敗時の戻り先を分けると、数値評価以上に安定する。,バスティオンへの説明は「撃つ」「追う」だけで終わらせない。ダイブ確認、倒し切りを狙う条件、撤退先、次の狙いを必ず1文ずつ分け、メイの凍結ブラスターとアイス・ウォールとクリオフリーズの使い道を混同しない。,通路整理,バスティオンの範囲圧や設置物を整理してから、通路ではなく安全な撃ち場所を作る。,この試合で「バスティオンの得意な通路を通る前に、設置物・範囲圧・逃げ道・味方が見ている射線を順番に処理する。」を守れたか。守れなかった場合、次は撃つ前に何を1つだけ見るか。,設置物や範囲圧を無視して本体へ行かず、通路が空いた瞬間だけ凍結ブラスターとアイス・ウォールを使う。 次に範囲内で粘らず、クリオフリーズで通路を変えてから次の射線を作る。戻る場所を決めてから本体を撃つ。できていれば成功。,設置物・範囲圧を無視して本体だけを追い、退路を狭められる。,次の試合では通路の危険物を先に処理し、空いた瞬間だけアイス・ウォールを使う。,バスティオンの設置物や範囲圧を処理した順番、踏み込んだ通路、戻れた遮蔽を確認する。,次の試合ではバスティオンを倒すことより、確認、攻撃、退避の順番を崩さない。
Mei,5.2,分断と体力差管理,メイの守りで倒し切りをずらされやすい。アイス・ウォールで救助先と回復射線を止め、ブリザードは移動・防御スキル確認後に使う。,救助スキル使用後の退路、回復を受ける射線、目標周辺を見て壁を置く。撃破だけに寄せすぎない。,"[""アイス・ウォール"", ""ブリザード"", ""クリオフリーズ""]","[""クリオフリーズ"", ""アイス・ウォール"", ""アイス・ウォール""]","[""クリオフリーズ"", ""アイス・ウォール"", ""クリオフリーズ""]","[""アイス・ウォール"", ""クリオフリーズ"", ""アイス・ウォール""]",10,8,7,10,9,凍結ブラスターはメイの位置確認と足止めに使う。遠い時はつらら、近い時はスプレーで移動を遅らせる。,アイス・ウォールはメイの退路、回復射線、味方から離れた位置を狙って置く。味方の射線を消さない。,ブリザードはメイの移動・防御スキルを確認してから、逃げ道と回復射線を塞ぐ位置へ使う。,"[""メイ"", ""壁で孤立した敵"", ""回復射線から離れた敵""]","[""防御・救助・移動スキルが残っている相手へブリザードを先に使うこと。"", ""壁で味方の追撃射線を消すこと。"", ""ブリザードを移動・防御スキル確認前に使うこと。""]",通路と設置物で退路を制限する敵,メイの得意な通路を通る前に、設置物・範囲圧・逃げ道・味方が見ている射線を順番に処理する。,設置物や範囲圧を無視して本体へ行かず、通路が空いた瞬間だけ凍結ブラスターとアイス・ウォールを使う。,範囲内で粘らず、クリオフリーズで通路を変えてから次の射線を作る。戻る場所を決めてから本体を撃つ。,試合後に「メイの何を見てから撃ったか」「外した時にどこへ戻ったか」を1回だけ確認する。,メイ対メイは、通路と設置物で退路を制限する敵として読む。最初に見る情報、撃つ瞬間、失敗時の戻り先を分けると、数値評価以上に安定する。,メイへの説明は「撃つ」「追う」だけで終わらせない。ダイブ確認、倒し切りを狙う条件、撤退先、次の狙いを必ず1文ずつ分け、メイの凍結ブラスターとアイス・ウォールとクリオフリーズの使い道を混同しない。,通路整理,メイの範囲圧や設置物を整理してから、通路ではなく安全な撃ち場所を作る。,この試合で「メイの得意な通路を通る前に、設置物・範囲圧・逃げ道・味方が見ている射線を順番に処理する。」を守れたか。守れなかった場合、次は撃つ前に何を1つだけ見るか。,設置物や範囲圧を無視して本体へ行かず、通路が空いた瞬間だけ凍結ブラスターとアイス・ウォールを使う。 次に範囲内で粘らず、クリオフリーズで通路を変えてから次の射線を作る。戻る場所を決めてから本体を撃つ。できていれば成功。,設置物・範囲圧を無視して本体だけを追い、退路を狭められる。,次の試合では通路の危険物を先に処理し、空いた瞬間だけアイス・ウォールを使う。,メイの設置物や範囲圧を処理した順番、踏み込んだ通路、戻れた遮蔽を確認する。,次の試合ではメイを倒すことより、確認、攻撃、退避の順番を崩さない。
Illari,5.6,分断と体力差管理,イラリー相手は開けた射線で長く見合わない。つららで短く体力差を作り、アイス・ウォールで危険射線か地上側の回復射線を止める。,同じ遮蔽で待ち続けない。壁で射線を切って、味方が進める位置まで一緒に移動する。,"[""アウトバースト"", ""キャプティブ・サン"", ""ヒーリング・パイロン""]","[""アウトバースト"", ""アウトバースト"", ""ヒーリング・パイロン""]","[""アウトバースト"", ""ヒーリング・パイロン""]","[""アウトバースト"", ""アウトバースト""]",9,7,7,9,8,凍結ブラスターはイラリーの位置確認と足止めに使う。遠い時はつらら、近い時はスプレーで移動を遅らせる。,アイス・ウォールはイラリーの退路、回復射線、味方から離れた位置を狙って置く。味方の射線を消さない。,ブリザードはイラリーの移動・防御スキルを確認してから、逃げ道と回復射線を塞ぐ位置へ使う。,"[""イラリー"", ""壁で孤立した敵"", ""回復射線から離れた敵""]","[""長い射線の正面で歩き続けること。"", ""空中の敵だけを追い、地上の合流を止めないこと。"", ""ブリザードを移動・防御スキル確認前に使うこと。""]",救助・回復スキルでキルタイミングを遅らせるサポート,イラリー本人だけでなく、誰を救助・回復しているかを見て撃破対象を分ける。,イラリーの救助・回復スキルを先に使わせ、直後に守られていない敵へ凍結ブラスターとアイス・ウォールを合わせる。,救助を吐かせた後に深追いせず、クリオフリーズで味方射線へ戻って次のキルを狙うタイミングを待つ。,試合後に「イラリーの何を見てから撃ったか」「外した時にどこへ戻ったか」を1回だけ確認する。,メイ対イラリーは、救助・回復スキルでキルタイミングを遅らせるサポートとして読む。最初に見る情報、撃つ瞬間、失敗時の戻り先を分けると、数値評価以上に安定する。,イラリーへの説明は「撃つ」「追う」だけで終わらせない。ダイブ確認、倒し切りを狙う条件、撤退先、次の狙いを必ず1文ずつ分け、メイの凍結ブラスターとアイス・ウォールとクリオフリーズの使い道を混同しない。,救助確認,イラリー本人の撃破より、救助・回復の向きと守られていない敵を見つける。,この試合で「イラリー本人だけでなく、誰を救助・回復しているかを見て撃破対象を分ける。」を守れたか。守れなかった場合、次は撃つ前に何を1つだけ見るか。,イラリーの救助・回復スキルを先に使わせ、直後に守られていない敵へ凍結ブラスターとアイス・ウォールを合わせる。 次は救助スキル使用後に深追いせず、クリオフリーズで味方射線へ戻って次のキルを狙うタイミングを待つ。できていれば成功。,イラリーだけを追い、救助スキルを吐かせた後の本命対象を見失う。,次の試合ではイラリーの救助を確認した直後、守られていない敵へアイス・ウォールを使う。,イラリーが誰を助けたか、助けた後に誰が孤立したかを確認する。,次の試合ではイラリーを倒すことより、確認、攻撃、退避の順番を崩さない。
Jetpack Cat,3.0,射線と生存管理注意,ジェットパック・キャットはメイのクリオフリーズ後を狙いやすい。アイス・ウォールで接近経路か退路を分断し、近距離スプレーは味方火力と合わせる。,味方サポートが見える遮蔽を基準にする。側面から入る敵を見たら、壁で合流を遅らせて人数差を作る。,"[""キャットナッパー"", ""ワイルド・フライト"", ""キャットナッパー""]","[""ワイルド・フライト"", ""キャットナッパー"", ""ワイルド・フライト""]","[""ワイルド・フライト"", """", ""ゴロゴロ""]","[""キャットナッパー"", ""ワイルド・フライト"", ""ワイルド・フライト""]",8,4,9,8,7,凍結ブラスターはジェットパック・キャットの位置確認と足止めに使う。遠い時はつらら、近い時はスプレーで移動を遅らせる。,アイス・ウォールはジェットパック・キャットの退路、回復射線、味方から離れた位置を狙って置く。味方の射線を消さない。,ブリザードはジェットパック・キャットの移動・防御スキルを確認してから、逃げ道と回復射線を塞ぐ位置へ使う。,"[""ジェットパック・キャット"", ""壁で孤立した敵"", ""回復射線から離れた敵""]","[""クリオフリーズを早く使い、次の接近に耐えられないこと。"", ""壁を自分の前だけに置き、敵の合流を止めないこと。"", ""ブリザードを移動・防御スキル確認前に使うこと。""]",支援線を切ると崩れるサポート,ジェットパック・キャット本人だけでなく、誰を救助・回復しているかを見て撃破対象を分ける。,ジェットパック・キャットの救助・回復スキルを先に使わせ、直後に守られていない敵へ凍結ブラスターとアイス・ウォールを合わせる。,救助を吐かせた後に深追いせず、クリオフリーズで味方射線へ戻って次のキルを狙うタイミングを待つ。,試合後に「ジェットパック・キャットの何を見てから撃ったか」「外した時にどこへ戻ったか」を1回だけ確認する。,メイ対ジェットパック・キャットは、支援線を切ると崩れるサポートとして読む。最初に見る情報、撃つ瞬間、失敗時の戻り先を分けると、数値評価以上に安定する。,ジェットパック・キャットへの説明は「撃つ」「追う」だけで終わらせない。ダイブ確認、倒し切りを狙う条件、撤退先、次の狙いを必ず1文ずつ分け、メイの凍結ブラスターとアイス・ウォールとクリオフリーズの使い道を混同しない。,支援線管理,ジェットパック・キャット本人の撃破より、救助・回復の向きと守られていない敵を見つける。,この試合で「ジェットパック・キャット本人だけでなく、誰を救助・回復しているかを見て撃破対象を分ける。」を守れたか。守れなかった場合、次は撃つ前に何を1つだけ見るか。,ジェットパック・キャットの救助・回復スキルを先に使わせ、直後に守られていない敵へ凍結ブラスターとアイス・ウォールを合わせる。 次は救助スキル使用後に深追いせず、クリオフリーズで味方射線へ戻って次のキルを狙うタイミングを待つ。できていれば成功。,ジェットパック・キャットだけを追い、救助スキルを吐かせた後の本命対象を見失う。,次の試合ではジェットパック・キャットの救助を確認した直後、守られていない敵へアイス・ウォールを使う。,ジェットパック・キャットが誰を助けたか、助けた後に誰が孤立したかを確認する。,次の試合ではジェットパック・キャットを倒すことより、確認、攻撃、退避の順番を崩さない。
Juno,3.0,射線と生存管理注意,ジュノはメイのクリオフリーズ後を狙いやすい。アイス・ウォールで接近経路か退路を分断し、近距離スプレーは味方火力と合わせる。,味方サポートが見える遮蔽を基準にする。側面から入る敵を見たら、壁で合流を遅らせて人数差を作る。,"[""パルサー・トーピード"", ""ハイパーリング"", ""オービタル・レイ""]","[""グライド・ブースト"", ""パルサー・トーピード"", ""ハイパーリング""]","[""グライド・ブースト"", ""ハイパーリング"", ""オービタル・レイ""]","[""パルサー・トーピード"", ""ハイパーリング"", ""グライド・ブースト""]",8,4,9,8,7,凍結ブラスターはジュノの位置確認と足止めに使う。遠い時はつらら、近い時はスプレーで移動を遅らせる。,アイス・ウォールはジュノの退路、回復射線、味方から離れた位置を狙って置く。味方の射線を消さない。,ブリザードはジュノの移動・防御スキルを確認してから、逃げ道と回復射線を塞ぐ位置へ使う。,"[""ジュノ"", ""壁で孤立した敵"", ""回復射線から離れた敵""]","[""クリオフリーズを早く使い、次の接近に耐えられないこと。"", ""壁を自分の前だけに置き、敵の合流を止めないこと。"", ""ブリザードを移動・防御スキル確認前に使うこと。""]",支援線を切ると崩れるサポート,ジュノ本人だけでなく、誰を救助・回復しているかを見て撃破対象を分ける。,ジュノの救助・回復スキルを先に使わせ、直後に守られていない敵へ凍結ブラスターとアイス・ウォールを合わせる。,救助を吐かせた後に深追いせず、クリオフリーズで味方射線へ戻って次のキルを狙うタイミングを待つ。,試合後に「ジュノの何を見てから撃ったか」「外した時にどこへ戻ったか」を1回だけ確認する。,メイ対ジュノは、支援線を切ると崩れるサポートとして読む。最初に見る情報、撃つ瞬間、失敗時の戻り先を分けると、数値評価以上に安定する。,ジュノへの説明は「撃つ」「追う」だけで終わらせない。ダイブ確認、倒し切りを狙う条件、撤退先、次の狙いを必ず1文ずつ分け、メイの凍結ブラスターとアイス・ウォールとクリオフリーズの使い道を混同しない。,支援線管理,ジュノ本人の撃破より、救助・回復の向きと守られていない敵を見つける。,この試合で「ジュノ本人だけでなく、誰を救助・回復しているかを見て撃破対象を分ける。」を守れたか。守れなかった場合、次は撃つ前に何を1つだけ見るか。,ジュノの救助・回復スキルを先に使わせ、直後に守られていない敵へ凍結ブラスターとアイス・ウォールを合わせる。 次は救助スキル使用後に深追いせず、クリオフリーズで味方射線へ戻って次のキルを狙うタイミングを待つ。できていれば成功。,ジュノだけを追い、救助スキルを吐かせた後の本命対象を見失う。,次の試合ではジュノの救助を確認した直後、守られていない敵へアイス・ウォールを使う。,ジュノが誰を助けたか、助けた後に誰が孤立したかを確認する。,次の試合ではジュノを倒すことより、確認、攻撃、退避の順番を崩さない。
Baptiste,5.2,分断と体力差管理,バティスト相手は開けた射線で長く見合わない。つららで短く体力差を作り、アイス・ウォールで危険射線か地上側の回復射線を止める。,同じ遮蔽で待ち続けない。壁で射線を切って、味方が進める位置まで一緒に移動する。,"[""アンプリフィケーション・マトリックス"", ""アンプリフィケーション・マトリックス"", ""イモータリティ・フィールド""]","["""", ""アンプリフィケーション・マトリックス"", ""イモータリティ・フィールド""]","["""", ""イモータリティ・フィールド""]","[""アンプリフィケーション・マトリックス"", """"]",9,6,8,10,8,凍結ブラスターはバティストの位置確認と足止めに使う。遠い時はつらら、近い時はスプレーで移動を遅らせる。,アイス・ウォールはバティストの退路、回復射線、味方から離れた位置を狙って置く。味方の射線を消さない。,ブリザードはバティストの移動・防御スキルを確認してから、逃げ道と回復射線を塞ぐ位置へ使う。,"[""バティスト"", ""壁で孤立した敵"", ""回復射線から離れた敵""]","[""長い射線の正面で歩き続けること。"", ""空中の敵だけを追い、地上の合流を止めないこと。"", ""ブリザードを移動・防御スキル確認前に使うこと。""]",救助・回復スキルでキルタイミングを遅らせるサポート,バティスト本人だけでなく、誰を救助・回復しているかを見て撃破対象を分ける。,バティストの救助・回復スキルを先に使わせ、直後に守られていない敵へ凍結ブラスターとアイス・ウォールを合わせる。,救助を吐かせた後に深追いせず、クリオフリーズで味方射線へ戻って次のキルを狙うタイミングを待つ。,試合後に「バティストの何を見てから撃ったか」「外した時にどこへ戻ったか」を1回だけ確認する。,メイ対バティストは、救助・回復スキルでキルタイミングを遅らせるサポートとして読む。最初に見る情報、撃つ瞬間、失敗時の戻り先を分けると、数値評価以上に安定する。,バティストへの説明は「撃つ」「追う」だけで終わらせない。ダイブ確認、倒し切りを狙う条件、撤退先、次の狙いを必ず1文ずつ分け、メイの凍結ブラスターとアイス・ウォールとクリオフリーズの使い道を混同しない。,救助確認,バティスト本人の撃破より、救助・回復の向きと守られていない敵を見つける。,この試合で「バティスト本人だけでなく、誰を救助・回復しているかを見て撃破対象を分ける。」を守れたか。守れなかった場合、次は撃つ前に何を1つだけ見るか。,バティストの救助・回復スキルを先に使わせ、直後に守られていない敵へ凍結ブラスターとアイス・ウォールを合わせる。 次は救助スキル使用後に深追いせず、クリオフリーズで味方射線へ戻って次のキルを狙うタイミングを待つ。できていれば成功。,バティストだけを追い、救助スキルを吐かせた後の本命対象を見失う。,次の試合ではバティストの救助を確認した直後、守られていない敵へアイス・ウォールを使う。,バティストが誰を助けたか、助けた後に誰が孤立したかを確認する。,次の試合ではバティストを倒すことより、確認、攻撃、退避の順番を崩さない。
Mercy,3.6,射線と生存管理注意,マーシーはメイのクリオフリーズ後を狙いやすい。アイス・ウォールで接近経路か退路を分断し、近距離スプレーは味方火力と合わせる。,味方サポートが見える遮蔽を基準にする。側面から入る敵を見たら、壁で合流を遅らせて人数差を作る。,"[""ヴァルキリー"", ""ヴァルキリー"", ""蘇生""]","[""ガーディアン・エンジェル"", ""ヴァルキリー"", ""蘇生""]","[""ガーディアン・エンジェル"", ""蘇生"", ""ガーディアン・エンジェル""]","[""ヴァルキリー"", ""ガーディアン・エンジェル""]",9,5,8,9,8,凍結ブラスターはマーシーの位置確認と足止めに使う。遠い時はつらら、近い時はスプレーで移動を遅らせる。,アイス・ウォールはマーシーの退路、回復射線、味方から離れた位置を狙って置く。味方の射線を消さない。,ブリザードはマーシーの移動・防御スキルを確認してから、逃げ道と回復射線を塞ぐ位置へ使う。,"[""マーシー"", ""壁で孤立した敵"", ""回復射線から離れた敵""]","[""クリオフリーズを早く使い、次の接近に耐えられないこと。"", ""壁を自分の前だけに置き、敵の合流を止めないこと。"", ""ブリザードを移動・防御スキル確認前に使うこと。""]",救助・回復スキルでキルタイミングを遅らせるサポート,マーシー本人だけでなく、誰を救助・回復しているかを見て撃破対象を分ける。,マーシーの救助・回復スキルを先に使わせ、直後に守られていない敵へ凍結ブラスターとアイス・ウォールを合わせる。,救助を吐かせた後に深追いせず、クリオフリーズで味方射線へ戻って次のキルを狙うタイミングを待つ。,試合後に「マーシーの何を見てから撃ったか」「外した時にどこへ戻ったか」を1回だけ確認する。,メイ対マーシーは、救助・回復スキルでキルタイミングを遅らせるサポートとして読む。最初に見る情報、撃つ瞬間、失敗時の戻り先を分けると、数値評価以上に安定する。,マーシーへの説明は「撃つ」「追う」だけで終わらせない。ダイブ確認、倒し切りを狙う条件、撤退先、次の狙いを必ず1文ずつ分け、メイの凍結ブラスターとアイス・ウォールとクリオフリーズの使い道を混同しない。,救助確認,マーシー本人の撃破より、救助・回復の向きと守られていない敵を見つける。,この試合で「マーシー本人だけでなく、誰を救助・回復しているかを見て撃破対象を分ける。」を守れたか。守れなかった場合、次は撃つ前に何を1つだけ見るか。,マーシーの救助・回復スキルを先に使わせ、直後に守られていない敵へ凍結ブラスターとアイス・ウォールを合わせる。 次は救助スキル使用後に深追いせず、クリオフリーズで味方射線へ戻って次のキルを狙うタイミングを待つ。できていれば成功。,マーシーだけを追い、救助スキルを吐かせた後の本命対象を見失う。,次の試合ではマーシーの救助を確認した直後、守られていない敵へアイス・ウォールを使う。,マーシーが誰を助けたか、助けた後に誰が孤立したかを確認する。,次の試合ではマーシーを倒すことより、確認、攻撃、退避の順番を崩さない。
Lifeweaver,5.1,分断と体力差管理,ライフウィーバーの守りで倒し切りをずらされやすい。アイス・ウォールで救助先と回復射線を止め、ブリザードは移動・防御スキル確認後に使う。,救助スキル使用後の退路、回復を受ける射線、目標周辺を見て壁を置く。撃破だけに寄せすぎない。,"[""命の樹"", ""命の樹"", ""ライフグリップ""]","[""ペタル・プラットフォーム"", ""若返りの風"", ""命の樹""]","[""ペタル・プラットフォーム"", ""若返りの風"", ""ライフグリップ""]","[""命の樹"", ""ペタル・プラットフォーム"", ""若返りの風""]",9,6,6,10,8,凍結ブラスターはライフウィーバーの位置確認と足止めに使う。遠い時はつらら、近い時はスプレーで移動を遅らせる。,アイス・ウォールはライフウィーバーの退路、回復射線、味方から離れた位置を狙って置く。味方の射線を消さない。,ブリザードはライフウィーバーの移動・防御スキルを確認してから、逃げ道と回復射線を塞ぐ位置へ使う。,"[""ライフウィーバー"", ""壁で孤立した敵"", ""回復射線から離れた敵""]","[""防御・救助・移動スキルが残っている相手へブリザードを先に使うこと。"", ""壁で味方の追撃射線を消すこと。"", ""ブリザードを移動・防御スキル確認前に使うこと。""]",救助・回復スキルでキルタイミングを遅らせるサポート,ライフウィーバー本人だけでなく、誰を救助・回復しているかを見て撃破対象を分ける。,ライフウィーバーの救助・回復スキルを先に使わせ、直後に守られていない敵へ凍結ブラスターとアイス・ウォールを合わせる。,救助を吐かせた後に深追いせず、クリオフリーズで味方射線へ戻って次のキルを狙うタイミングを待つ。,試合後に「ライフウィーバーの何を見てから撃ったか」「外した時にどこへ戻ったか」を1回だけ確認する。,メイ対ライフウィーバーは、救助・回復スキルでキルタイミングを遅らせるサポートとして読む。最初に見る情報、撃つ瞬間、失敗時の戻り先を分けると、数値評価以上に安定する。,ライフウィーバーへの説明は「撃つ」「追う」だけで終わらせない。ダイブ確認、倒し切りを狙う条件、撤退先、次の狙いを必ず1文ずつ分け、メイの凍結ブラスターとアイス・ウォールとクリオフリーズの使い道を混同しない。,救助確認,ライフウィーバー本人の撃破より、救助・回復の向きと守られていない敵を見つける。,この試合で「ライフウィーバー本人だけでなく、誰を救助・回復しているかを見て撃破対象を分ける。」を守れたか。守れなかった場合、次は撃つ前に何を1つだけ見るか。,ライフウィーバーの救助・回復スキルを先に使わせ、直後に守られていない敵へ凍結ブラスターとアイス・ウォールを合わせる。 次は救助スキル使用後に深追いせず、クリオフリーズで味方射線へ戻って次のキルを狙うタイミングを待つ。できていれば成功。,ライフウィーバーだけを追い、救助スキルを吐かせた後の本命対象を見失う。,次の試合ではライフウィーバーの救助を確認した直後、守られていない敵へアイス・ウォールを使う。,ライフウィーバーが誰を助けたか、助けた後に誰が孤立したかを確認する。,次の試合ではライフウィーバーを倒すことより、確認、攻撃、退避の順番を崩さない。
Kiriko,4.0,射線と生存管理注意,キリコはメイのクリオフリーズ後を狙いやすい。アイス・ウォールで接近経路か退路を分断し、近距離スプレーは味方火力と合わせる。,味方サポートが見える遮蔽を基準にする。側面から入る敵を見たら、壁で合流を遅らせて人数差を作る。,"[""狐走り"", ""狐走り"", ""鈴のご加護""]","[""神出鬼没"", ""狐走り"", ""鈴のご加護""]","[""神出鬼没"", ""鈴のご加護""]","[""狐走り"", ""神出鬼没""]",9,6,10,9,9,凍結ブラスターはキリコの位置確認と足止めに使う。遠い時はつらら、近い時はスプレーで移動を遅らせる。,アイス・ウォールはキリコの退路、回復射線、味方から離れた位置を狙って置く。味方の射線を消さない。,ブリザードはキリコの移動・防御スキルを確認してから、逃げ道と回復射線を塞ぐ位置へ使う。,"[""キリコ"", ""壁で孤立した敵"", ""回復射線から離れた敵""]","[""クリオフリーズを早く使い、次の接近に耐えられないこと。"", ""壁を自分の前だけに置き、敵の合流を止めないこと。"", ""ブリザードを移動・防御スキル確認前に使うこと。""]",救助・回復スキルでキルタイミングを遅らせるサポート,キリコ本人だけでなく、誰を救助・回復しているかを見て撃破対象を分ける。,キリコの救助・回復スキルを先に使わせ、直後に守られていない敵へ凍結ブラスターとアイス・ウォールを合わせる。,救助を吐かせた後に深追いせず、クリオフリーズで味方射線へ戻って次のキルを狙うタイミングを待つ。,試合後に「キリコの何を見てから撃ったか」「外した時にどこへ戻ったか」を1回だけ確認する。,メイ対キリコは、救助・回復スキルでキルタイミングを遅らせるサポートとして読む。最初に見る情報、撃つ瞬間、失敗時の戻り先を分けると、数値評価以上に安定する。,キリコへの説明は「撃つ」「追う」だけで終わらせない。ダイブ確認、倒し切りを狙う条件、撤退先、次の狙いを必ず1文ずつ分け、メイの凍結ブラスターとアイス・ウォールとクリオフリーズの使い道を混同しない。,救助確認,キリコ本人の撃破より、救助・回復の向きと守られていない敵を見つける。,この試合で「キリコ本人だけでなく、誰を救助・回復しているかを見て撃破対象を分ける。」を守れたか。守れなかった場合、次は撃つ前に何を1つだけ見るか。,キリコの救助・回復スキルを先に使わせ、直後に守られていない敵へ凍結ブラスターとアイス・ウォールを合わせる。 次は救助スキル使用後に深追いせず、クリオフリーズで味方射線へ戻って次のキルを狙うタイミングを待つ。できていれば成功。,キリコだけを追い、救助スキルを吐かせた後の本命対象を見失う。,次の試合ではキリコの救助を確認した直後、守られていない敵へアイス・ウォールを使う。,キリコが誰を助けたか、助けた後に誰が孤立したかを確認する。,次の試合ではキリコを倒すことより、確認、攻撃、退避の順番を崩さない。
Brigitte,5.4,分断と体力差管理,ブリギッテの守りで倒し切りをずらされやすい。アイス・ウォールで救助先と回復射線を止め、ブリザードは移動・防御スキル確認後に使う。,救助スキル使用後の退路、回復を受ける射線、目標周辺を見て壁を置く。撃破だけに寄せすぎない。,"[""シールド・バッシュ"", ""ウィップ・ショット"", ""ラリー""]","[""バリア・シールド"", ""ラリー"", ""シールド・バッシュ""]","[""バリア・シールド"", ""ラリー"", ""バリア・シールド""]","[""シールド・バッシュ"", ""ウィップ・ショット"", ""バリア・シールド""]",10,8,7,10,9,凍結ブラスターはブリギッテの位置確認と足止めに使う。遠い時はつらら、近い時はスプレーで移動を遅らせる。,アイス・ウォールはブリギッテの退路、回復射線、味方から離れた位置を狙って置く。味方の射線を消さない。,ブリザードはブリギッテの移動・防御スキルを確認してから、逃げ道と回復射線を塞ぐ位置へ使う。,"[""ブリギッテ"", ""壁で孤立した敵"", ""回復射線から離れた敵""]","[""防御・救助・移動スキルが残っている相手へブリザードを先に使うこと。"", ""壁で味方の追撃射線を消すこと。"", ""ブリザードを移動・防御スキル確認前に使うこと。""]",救助・回復スキルでキルタイミングを遅らせるサポート,ブリギッテ本人だけでなく、誰を救助・回復しているかを見て撃破対象を分ける。,ブリギッテの救助・回復スキルを先に使わせ、直後に守られていない敵へ凍結ブラスターとアイス・ウォールを合わせる。,救助を吐かせた後に深追いせず、クリオフリーズで味方射線へ戻って次のキルを狙うタイミングを待つ。,試合後に「ブリギッテの何を見てから撃ったか」「外した時にどこへ戻ったか」を1回だけ確認する。,メイ対ブリギッテは、救助・回復スキルでキルタイミングを遅らせるサポートとして読む。最初に見る情報、撃つ瞬間、失敗時の戻り先を分けると、数値評価以上に安定する。,ブリギッテへの説明は「撃つ」「追う」だけで終わらせない。ダイブ確認、倒し切りを狙う条件、撤退先、次の狙いを必ず1文ずつ分け、メイの凍結ブラスターとアイス・ウォールとクリオフリーズの使い道を混同しない。,救助確認,ブリギッテ本人の撃破より、救助・回復の向きと守られていない敵を見つける。,この試合で「ブリギッテ本人だけでなく、誰を救助・回復しているかを見て撃破対象を分ける。」を守れたか。守れなかった場合、次は撃つ前に何を1つだけ見るか。,ブリギッテの救助・回復スキルを先に使わせ、直後に守られていない敵へ凍結ブラスターとアイス・ウォールを合わせる。 次は救助スキル使用後に深追いせず、クリオフリーズで味方射線へ戻って次のキルを狙うタイミングを待つ。できていれば成功。,ブリギッテだけを追い、救助スキルを吐かせた後の本命対象を見失う。,次の試合ではブリギッテの救助を確認した直後、守られていない敵へアイス・ウォールを使う。,ブリギッテが誰を助けたか、助けた後に誰が孤立したかを確認する。,次の試合ではブリギッテを倒すことより、確認、攻撃、退避の順番を崩さない。
Moira,4.3,射線と生存管理注意,モイラはメイのクリオフリーズ後を狙いやすい。アイス・ウォールで接近経路か退路を分断し、近距離スプレーは味方火力と合わせる。,味方サポートが見える遮蔽を基準にする。側面から入る敵を見たら、壁で合流を遅らせて人数差を作る。,"[""バイオティック・オーブ"", ""コアレッセンス"", ""フェード""]","[""フェード"", ""バイオティック・オーブ"", ""フェード""]","[""フェード"", ""フェード""]","[""バイオティック・オーブ"", ""フェード""]",8,6,9,8,8,凍結ブラスターはモイラの位置確認と足止めに使う。遠い時はつらら、近い時はスプレーで移動を遅らせる。,アイス・ウォールはモイラの退路、回復射線、味方から離れた位置を狙って置く。味方の射線を消さない。,ブリザードはモイラの移動・防御スキルを確認してから、逃げ道と回復射線を塞ぐ位置へ使う。,"[""モイラ"", ""壁で孤立した敵"", ""回復射線から離れた敵""]","[""クリオフリーズを早く使い、次の接近に耐えられないこと。"", ""壁を自分の前だけに置き、敵の合流を止めないこと。"", ""ブリザードを移動・防御スキル確認前に使うこと。""]",救助・回復スキルでキルタイミングを遅らせるサポート,モイラ本人だけでなく、誰を救助・回復しているかを見て撃破対象を分ける。,モイラの救助・回復スキルを先に使わせ、直後に守られていない敵へ凍結ブラスターとアイス・ウォールを合わせる。,救助を吐かせた後に深追いせず、クリオフリーズで味方射線へ戻って次のキルを狙うタイミングを待つ。,試合後に「モイラの何を見てから撃ったか」「外した時にどこへ戻ったか」を1回だけ確認する。,メイ対モイラは、救助・回復スキルでキルタイミングを遅らせるサポートとして読む。最初に見る情報、撃つ瞬間、失敗時の戻り先を分けると、数値評価以上に安定する。,モイラへの説明は「撃つ」「追う」だけで終わらせない。ダイブ確認、倒し切りを狙う条件、撤退先、次の狙いを必ず1文ずつ分け、メイの凍結ブラスターとアイス・ウォールとクリオフリーズの使い道を混同しない。,救助確認,モイラ本人の撃破より、救助・回復の向きと守られていない敵を見つける。,この試合で「モイラ本人だけでなく、誰を救助・回復しているかを見て撃破対象を分ける。」を守れたか。守れなかった場合、次は撃つ前に何を1つだけ見るか。,モイラの救助・回復スキルを先に使わせ、直後に守られていない敵へ凍結ブラスターとアイス・ウォールを合わせる。 次は救助スキル使用後に深追いせず、クリオフリーズで味方射線へ戻って次のキルを狙うタイミングを待つ。できていれば成功。,モイラだけを追い、救助スキルを吐かせた後の本命対象を見失う。,次の試合ではモイラの救助を確認した直後、守られていない敵へアイス・ウォールを使う。,モイラが誰を助けたか、助けた後に誰が孤立したかを確認する。,次の試合ではモイラを倒すことより、確認、攻撃、退避の順番を崩さない。
Lúcio,4.3,射線と生存管理注意,ルシオはメイのクリオフリーズ後を狙いやすい。アイス・ウォールで接近経路か退路を分断し、近距離スプレーは味方火力と合わせる。,味方サポートが見える遮蔽を基準にする。側面から入る敵を見たら、壁で合流を遅らせて人数差を作る。,"[""サウンドウェーブ"", ""アンプ・イット・アップ"", ""サウンド・バリア""]","[""ウォール・ライド"", ""サウンドウェーブ"", ""アンプ・イット・アップ""]","[""ウォール・ライド"", ""サウンド・バリア""]","[""サウンドウェーブ"", ""アンプ・イット・アップ"", ""ウォール・ライド""]",8,6,10,8,8,凍結ブラスターはルシオの位置確認と足止めに使う。遠い時はつらら、近い時はスプレーで移動を遅らせる。,アイス・ウォールはルシオの退路、回復射線、味方から離れた位置を狙って置く。味方の射線を消さない。,ブリザードはルシオの移動・防御スキルを確認してから、逃げ道と回復射線を塞ぐ位置へ使う。,"[""ルシオ"", ""壁で孤立した敵"", ""回復射線から離れた敵""]","[""クリオフリーズを早く使い、次の接近に耐えられないこと。"", ""壁を自分の前だけに置き、敵の合流を止めないこと。"", ""ブリザードを移動・防御スキル確認前に使うこと。""]",支援線を切ると崩れるサポート,ルシオ本人だけでなく、誰を救助・回復しているかを見て撃破対象を分ける。,ルシオの救助・回復スキルを先に使わせ、直後に守られていない敵へ凍結ブラスターとアイス・ウォールを合わせる。,救助を吐かせた後に深追いせず、クリオフリーズで味方射線へ戻って次のキルを狙うタイミングを待つ。,試合後に「ルシオの何を見てから撃ったか」「外した時にどこへ戻ったか」を1回だけ確認する。,メイ対ルシオは、支援線を切ると崩れるサポートとして読む。最初に見る情報、撃つ瞬間、失敗時の戻り先を分けると、数値評価以上に安定する。,ルシオへの説明は「撃つ」「追う」だけで終わらせない。ダイブ確認、倒し切りを狙う条件、撤退先、次の狙いを必ず1文ずつ分け、メイの凍結ブラスターとアイス・ウォールとクリオフリーズの使い道を混同しない。,支援線管理,ルシオ本人の撃破より、救助・回復の向きと守られていない敵を見つける。,この試合で「ルシオ本人だけでなく、誰を救助・回復しているかを見て撃破対象を分ける。」を守れたか。守れなかった場合、次は撃つ前に何を1つだけ見るか。,ルシオの救助・回復スキルを先に使わせ、直後に守られていない敵へ凍結ブラスターとアイス・ウォールを合わせる。 次は救助スキル使用後に深追いせず、クリオフリーズで味方射線へ戻って次のキルを狙うタイミングを待つ。できていれば成功。,ルシオだけを追い、救助スキルを吐かせた後の本命対象を見失う。,次の試合ではルシオの救助を確認した直後、守られていない敵へアイス・ウォールを使う。,ルシオが誰を助けたか、助けた後に誰が孤立したかを確認する。,次の試合ではルシオを倒すことより、確認、攻撃、退避の順番を崩さない。
Ana,5.6,分断と体力差管理,アナ相手は開けた射線で長く見合わない。つららで短く体力差を作り、アイス・ウォールで危険射線か地上側の回復射線を止める。,同じ遮蔽で待ち続けない。壁で射線を切って、味方が進める位置まで一緒に移動する。,"[""スリープ・ダーツ"", ""バイオティック・グレネード"", ""ナノ・ブースト""]","[""スリープ・ダーツ"", ""スリープ・ダーツ"", ""バイオティック・グレネード""]","[""スリープ・ダーツ"", ""スリープ・ダーツ""]","[""スリープ・ダーツ"", ""バイオティック・グレネード"", ""スリープ・ダーツ""]",10,8,6,10,9,凍結ブラスターはアナの位置確認と足止めに使う。遠い時はつらら、近い時はスプレーで移動を遅らせる。,アイス・ウォールはアナの退路、回復射線、味方から離れた位置を狙って置く。味方の射線を消さない。,ブリザードはアナの移動・防御スキルを確認してから、逃げ道と回復射線を塞ぐ位置へ使う。,"[""アナ"", ""壁で孤立した敵"", ""回復射線から離れた敵""]","[""長い射線の正面で歩き続けること。"", ""空中の敵だけを追い、地上の合流を止めないこと。"", ""ブリザードを移動・防御スキル確認前に使うこと。""]",救助・回復スキルでキルタイミングを遅らせるサポート,アナ本人だけでなく、誰を救助・回復しているかを見て撃破対象を分ける。,アナの救助・回復スキルを先に使わせ、直後に守られていない敵へ凍結ブラスターとアイス・ウォールを合わせる。,救助を吐かせた後に深追いせず、クリオフリーズで味方射線へ戻って次のキルを狙うタイミングを待つ。,試合後に「アナの何を見てから撃ったか」「外した時にどこへ戻ったか」を1回だけ確認する。,メイ対アナは、救助・回復スキルでキルタイミングを遅らせるサポートとして読む。最初に見る情報、撃つ瞬間、失敗時の戻り先を分けると、数値評価以上に安定する。,アナへの説明は「撃つ」「追う」だけで終わらせない。ダイブ確認、倒し切りを狙う条件、撤退先、次の狙いを必ず1文ずつ分け、メイの凍結ブラスターとアイス・ウォールとクリオフリーズの使い道を混同しない。,救助確認,アナ本人の撃破より、救助・回復の向きと守られていない敵を見つける。,この試合で「アナ本人だけでなく、誰を救助・回復しているかを見て撃破対象を分ける。」を守れたか。守れなかった場合、次は撃つ前に何を1つだけ見るか。,アナの救助・回復スキルを先に使わせ、直後に守られていない敵へ凍結ブラスターとアイス・ウォールを合わせる。 次は救助スキル使用後に深追いせず、クリオフリーズで味方射線へ戻って次のキルを狙うタイミングを待つ。できていれば成功。,アナだけを追い、救助スキルを吐かせた後の本命対象を見失う。,次の試合ではアナの救助を確認した直後、守られていない敵へアイス・ウォールを使う。,アナが誰を助けたか、助けた後に誰が孤立したかを確認する。,次の試合ではアナを倒すことより、確認、攻撃、退避の順番を崩さない。
Wuyang,5.4,分断と体力差管理,ウーヤンの守りで倒し切りをずらされやすい。アイス・ウォールで救助先と回復射線を止め、ブリザードは移動・防御スキル確認後に使う。,救助スキル使用後の退路、回復を受ける射線、目標周辺を見て壁を置く。撃破だけに寄せすぎない。,"[""玄武之杖"", ""驚濤破"", ""守衛波浪""]","[""飛流歩"", ""玄武之杖"", ""驚濤破""]","[""飛流歩"", ""養神泉"", ""驚濤破""]","[""玄武之杖"", ""驚濤破"", ""飛流歩""]",9,7,7,10,8,凍結ブラスターはウーヤンの位置確認と足止めに使う。遠い時はつらら、近い時はスプレーで移動を遅らせる。,アイス・ウォールはウーヤンの退路、回復射線、味方から離れた位置を狙って置く。味方の射線を消さない。,ブリザードはウーヤンの移動・防御スキルを確認してから、逃げ道と回復射線を塞ぐ位置へ使う。,"[""ウーヤン"", ""壁で孤立した敵"", ""回復射線から離れた敵""]","[""防御・救助・移動スキルが残っている相手へブリザードを先に使うこと。"", ""壁で味方の追撃射線を消すこと。"", ""ブリザードを移動・防御スキル確認前に使うこと。""]",救助・回復スキルでキルタイミングを遅らせるサポート,ウーヤン本人だけでなく、誰を救助・回復しているかを見て撃破対象を分ける。,ウーヤンの救助・回復スキルを先に使わせ、直後に守られていない敵へ凍結ブラスターとアイス・ウォールを合わせる。,救助を吐かせた後に深追いせず、クリオフリーズで味方射線へ戻って次のキルを狙うタイミングを待つ。,試合後に「ウーヤンの何を見てから撃ったか」「外した時にどこへ戻ったか」を1回だけ確認する。,メイ対ウーヤンは、救助・回復スキルでキルタイミングを遅らせるサポートとして読む。最初に見る情報、撃つ瞬間、失敗時の戻り先を分けると、数値評価以上に安定する。,ウーヤンへの説明は「撃つ」「追う」だけで終わらせない。ダイブ確認、倒し切りを狙う条件、撤退先、次の狙いを必ず1文ずつ分け、メイの凍結ブラスターとアイス・ウォールとクリオフリーズの使い道を混同しない。,救助確認,ウーヤン本人の撃破より、救助・回復の向きと守られていない敵を見つける。,この試合で「ウーヤン本人だけでなく、誰を救助・回復しているかを見て撃破対象を分ける。」を守れたか。守れなかった場合、次は撃つ前に何を1つだけ見るか。,ウーヤンの救助・回復スキルを先に使わせ、直後に守られていない敵へ凍結ブラスターとアイス・ウォールを合わせる。 次は救助スキル使用後に深追いせず、クリオフリーズで味方射線へ戻って次のキルを狙うタイミングを待つ。できていれば成功。,ウーヤンだけを追い、救助スキルを吐かせた後の本命対象を見失う。,次の試合ではウーヤンの救助を確認した直後、守られていない敵へアイス・ウォールを使う。,ウーヤンが誰を助けたか、助けた後に誰が孤立したかを確認する。,次の試合ではウーヤンを倒すことより、確認、攻撃、退避の順番を崩さない。
Zenyatta,5.6,分断と体力差管理,ゼニヤッタ相手は開けた射線で長く見合わない。つららで短く体力差を作り、アイス・ウォールで危険射線か地上側の回復射線を止める。,同じ遮蔽で待ち続けない。壁で射線を切って、味方が進める位置まで一緒に移動する。,"[""不和のオーブ"", ""不和のオーブ"", ""心頭滅却""]","[""心頭滅却"", ""不和のオーブ"", ""心頭滅却""]","[""心頭滅却"", ""心頭滅却""]","[""不和のオーブ"", ""心頭滅却""]",10,8,7,10,9,凍結ブラスターはゼニヤッタの位置確認と足止めに使う。遠い時はつらら、近い時はスプレーで移動を遅らせる。,アイス・ウォールはゼニヤッタの退路、回復射線、味方から離れた位置を狙って置く。味方の射線を消さない。,ブリザードはゼニヤッタの移動・防御スキルを確認してから、逃げ道と回復射線を塞ぐ位置へ使う。,"[""ゼニヤッタ"", ""壁で孤立した敵"", ""回復射線から離れた敵""]","[""長い射線の正面で歩き続けること。"", ""空中の敵だけを追い、地上の合流を止めないこと。"", ""ブリザードを移動・防御スキル確認前に使うこと。""]",支援線を切ると崩れるサポート,ゼニヤッタ本人だけでなく、誰を救助・回復しているかを見て撃破対象を分ける。,ゼニヤッタの救助・回復スキルを先に使わせ、直後に守られていない敵へ凍結ブラスターとアイス・ウォールを合わせる。,救助を吐かせた後に深追いせず、クリオフリーズで味方射線へ戻って次のキルを狙うタイミングを待つ。,試合後に「ゼニヤッタの何を見てから撃ったか」「外した時にどこへ戻ったか」を1回だけ確認する。,メイ対ゼニヤッタは、支援線を切ると崩れるサポートとして読む。最初に見る情報、撃つ瞬間、失敗時の戻り先を分けると、数値評価以上に安定する。,ゼニヤッタへの説明は「撃つ」「追う」だけで終わらせない。ダイブ確認、倒し切りを狙う条件、撤退先、次の狙いを必ず1文ずつ分け、メイの凍結ブラスターとアイス・ウォールとクリオフリーズの使い道を混同しない。,支援線管理,ゼニヤッタ本人の撃破より、救助・回復の向きと守られていない敵を見つける。,この試合で「ゼニヤッタ本人だけでなく、誰を救助・回復しているかを見て撃破対象を分ける。」を守れたか。守れなかった場合、次は撃つ前に何を1つだけ見るか。,ゼニヤッタの救助・回復スキルを先に使わせ、直後に守られていない敵へ凍結ブラスターとアイス・ウォールを合わせる。 次は救助スキル使用後に深追いせず、クリオフリーズで味方射線へ戻って次のキルを狙うタイミングを待つ。できていれば成功。,ゼニヤッタだけを追い、救助スキルを吐かせた後の本命対象を見失う。,次の試合ではゼニヤッタの救助を確認した直後、守られていない敵へアイス・ウォールを使う。,ゼニヤッタが誰を助けたか、助けた後に誰が孤立したかを確認する。,次の試合ではゼニヤッタを倒すことより、確認、攻撃、退避の順番を崩さない。
Mizuki,5.4,分断と体力差管理,ミズキの守りで倒し切りをずらされやすい。アイス・ウォールで救助先と回復射線を止め、ブリザードは移動・防御スキル確認後に使う。,救助スキル使用後の退路、回復を受ける射線、目標周辺を見て壁を置く。撃破だけに寄せすぎない。,"[""呪縛"", ""形代"", ""癒しの波動""]","[""形代"", ""呪縛"", ""形代""]","[""形代"", ""霊域結界""]","[""呪縛"", ""形代"", ""形代""]",9,7,7,10,8,凍結ブラスターはミズキの位置確認と足止めに使う。遠い時はつらら、近い時はスプレーで移動を遅らせる。,アイス・ウォールはミズキの退路、回復射線、味方から離れた位置を狙って置く。味方の射線を消さない。,ブリザードはミズキの移動・防御スキルを確認してから、逃げ道と回復射線を塞ぐ位置へ使う。,"[""ミズキ"", ""壁で孤立した敵"", ""回復射線から離れた敵""]","[""防御・救助・移動スキルが残っている相手へブリザードを先に使うこと。"", ""壁で味方の追撃射線を消すこと。"", ""ブリザードを移動・防御スキル確認前に使うこと。""]",救助・回復スキルでキルタイミングを遅らせるサポート,ミズキ本人だけでなく、誰を救助・回復しているかを見て撃破対象を分ける。,ミズキの救助・回復スキルを先に使わせ、直後に守られていない敵へ凍結ブラスターとアイス・ウォールを合わせる。,救助を吐かせた後に深追いせず、クリオフリーズで味方射線へ戻って次のキルを狙うタイミングを待つ。,試合後に「ミズキの何を見てから撃ったか」「外した時にどこへ戻ったか」を1回だけ確認する。,メイ対ミズキは、救助・回復スキルでキルタイミングを遅らせるサポートとして読む。最初に見る情報、撃つ瞬間、失敗時の戻り先を分けると、数値評価以上に安定する。,ミズキへの説明は「撃つ」「追う」だけで終わらせない。ダイブ確認、倒し切りを狙う条件、撤退先、次の狙いを必ず1文ずつ分け、メイの凍結ブラスターとアイス・ウォールとクリオフリーズの使い道を混同しない。,救助確認,ミズキ本人の撃破より、救助・回復の向きと守られていない敵を見つける。,この試合で「ミズキ本人だけでなく、誰を救助・回復しているかを見て撃破対象を分ける。」を守れたか。守れなかった場合、次は撃つ前に何を1つだけ見るか。,ミズキの救助・回復スキルを先に使わせ、直後に守られていない敵へ凍結ブラスターとアイス・ウォールを合わせる。 次は救助スキル使用後に深追いせず、クリオフリーズで味方射線へ戻って次のキルを狙うタイミングを待つ。できていれば成功。,ミズキだけを追い、救助スキルを吐かせた後の本命対象を見失う。,次の試合ではミズキの救助を確認した直後、守られていない敵へアイス・ウォールを使う。,ミズキが誰を助けたか、助けた後に誰が孤立したかを確認する。,次の試合ではミズキを倒すことより、確認、攻撃、退避の順番を崩さない。
